2026-10-07T00:59:23.363199Z INFO  main Reading 'VOS' data for event '2024-05-10'
2026-10-07T00:59:23.388713Z INFO  main   Reading 'B/measured/INTERMAG' data for event '2024-05-10'
2026-10-07T00:59:23.510650Z INFO  main Using HAPI INTERMAG data
2026-10-07T00:59:23.510650Z INFO  main       Reading HAPI INTERMAG site information
2026-10-07T00:59:30.006469Z INFO  main     Remove baseline then Resample to 1m aves and NaN pad or trim to start/stop.
2026-10-07T00:59:30.092021Z INFO  main     Writing C:\Users\lwilker\Documents\GitHub\SWERVE-data\data_processed\2024-05-10\sites\vos\data\B_measured_INTERMAG.pkl
2026-10-07T00:59:30.110823Z INFO  main   Writing C:\Users\lwilker\Documents\GitHub\SWERVE-data\data_processed\2024-05-10\sites\vos\data\_all.pkl
2026-10-07T00:59:30.119776Z INFO  main Computing stats for 'VOS' data
2026-10-07T00:59:30.159659Z INFO  main   Uniq dts [ns] = [60000000000]
2026-10-07T00:59:30.159659Z INFO  main   Uniq dts [#]  = 1
2026-10-07T00:59:30.159659Z INFO  main   Stats for B/measured/INTERMAG:
2026-10-07T00:59:30.159659Z INFO  main 
    std: : [256.51436194296247, 250.90162562780645, 112.10773746074605, 173.71375447175518]
    ave: : [-27.174174174174173, -101.35778635778635, -155.01975945017182, 331.03868615375814]
    min: : [-622.0, -735.0, -737.0, 0.0]
    max: : [757.0, 625.0, 161.0, 802.2680350107438]
    n: 2341
    n_valid: : [2331, 2331, 2328, 2331]
    dt_original: : [60000000000]
2026-10-07T00:59:30.881342Z INFO  main Plotting 'VOS' data for event '2024-05-10'
2026-10-07T00:59:30.897233Z INFO  main   Plotting 'VOS/B/measured/INTERMAG' original vs. modified data for event '2024-05-10'
2026-10-07T00:59:41.521271Z INFO  main     Writing C:\Users\lwilker\Documents\GitHub\SWERVE-data\data_processed/2024-05-10/sites/vos/figures\original\B_measured_INTERMAG_Bx.png
2026-10-07T00:59:42.606068Z INFO  main     Writing C:\Users\lwilker\Documents\GitHub\SWERVE-data\data_processed/2024-05-10/sites/vos/figures\original\B_measured_INTERMAG_Bx.pdf
2026-10-07T00:59:46.332966Z INFO  main     Writing C:\Users\lwilker\Documents\GitHub\SWERVE-data\data_processed/2024-05-10/sites/vos/figures\original\B_measured_INTERMAG_By.png
2026-10-07T00:59:47.450564Z INFO  main     Writing C:\Users\lwilker\Documents\GitHub\SWERVE-data\data_processed/2024-05-10/sites/vos/figures\original\B_measured_INTERMAG_By.pdf
2026-10-07T00:59:47.925766Z INFO  main     Writing C:\Users\lwilker\Documents\GitHub\SWERVE-data\data_processed/2024-05-10/sites/vos/figures\original\B_measured_INTERMAG_Bz.png
2026-10-07T00:59:48.928360Z INFO  main     Writing C:\Users\lwilker\Documents\GitHub\SWERVE-data\data_processed/2024-05-10/sites/vos/figures\original\B_measured_INTERMAG_Bz.pdf
2026-10-07T00:59:49.629792Z INFO  main Reading 'SBA' data for event '2024-05-10'
2026-10-07T00:59:49.661510Z INFO  main   Reading 'B/measured/INTERMAG' data for event '2024-05-10'
2026-10-07T00:59:49.665728Z INFO  main Using HAPI INTERMAG data
2026-10-07T00:59:49.665728Z INFO  main       Reading HAPI INTERMAG site information
2026-10-07T00:59:55.208790Z INFO  main     Remove baseline then Resample to 1m aves and NaN pad or trim to start/stop.
2026-10-07T00:59:55.239081Z INFO  main     Writing C:\Users\lwilker\Documents\GitHub\SWERVE-data\data_processed\2024-05-10\sites\sba\data\B_measured_INTERMAG.pkl
2026-10-07T00:59:55.261120Z INFO  main   Writing C:\Users\lwilker\Documents\GitHub\SWERVE-data\data_processed\2024-05-10\sites\sba\data\_all.pkl
2026-10-07T00:59:55.272896Z INFO  main Computing stats for 'SBA' data
2026-10-07T00:59:55.283834Z INFO  main   Uniq dts [ns] = [60000000000]
2026-10-07T00:59:55.283834Z INFO  main   Uniq dts [#]  = 1
2026-10-07T00:59:55.283834Z INFO  main   Stats for B/measured/INTERMAG:
2026-10-07T00:59:55.287254Z INFO  main 
    std: : [242.4763514050286, 243.64231968262652, 189.66142004872563, 195.39646201040352]
    ave: : [-136.99061111111163, -160.57189743589737, -112.31956837606856, 352.8829059951796]
    min: : [-784.1000000000004, -1120.4699999999993, -1133.1100000000006, 0.0]
    max: : [823.9399999999987, 606.8299999999999, 274.9599999999991, 1284.6701077708622]
    n: 2341
    n_valid: : [2340, 2340, 2340, 2340]
    dt_original: : [60000000000]
2026-10-07T00:59:55.289676Z INFO  main Plotting 'SBA' data for event '2024-05-10'
2026-10-07T00:59:55.297043Z INFO  main   Plotting 'SBA/B/measured/INTERMAG' original vs. modified data for event '2024-05-10'
2026-10-07T01:00:04.998095Z INFO  main     Writing C:\Users\lwilker\Documents\GitHub\SWERVE-data\data_processed/2024-05-10/sites/sba/figures\original\B_measured_INTERMAG_Bx.png
2026-10-07T01:00:06.173497Z INFO  main     Writing C:\Users\lwilker\Documents\GitHub\SWERVE-data\data_processed/2024-05-10/sites/sba/figures\original\B_measured_INTERMAG_Bx.pdf
2026-10-07T01:00:06.687498Z INFO  main     Writing C:\Users\lwilker\Documents\GitHub\SWERVE-data\data_processed/2024-05-10/sites/sba/figures\original\B_measured_INTERMAG_By.png
2026-10-07T01:00:07.978642Z INFO  main     Writing C:\Users\lwilker\Documents\GitHub\SWERVE-data\data_processed/2024-05-10/sites/sba/figures\original\B_measured_INTERMAG_By.pdf
2026-10-07T01:00:08.486440Z INFO  main     Writing C:\Users\lwilker\Documents\GitHub\SWERVE-data\data_processed/2024-05-10/sites/sba/figures\original\B_measured_INTERMAG_Bz.png
2026-10-07T01:00:09.835215Z INFO  main     Writing C:\Users\lwilker\Documents\GitHub\SWERVE-data\data_processed/2024-05-10/sites/sba/figures\original\B_measured_INTERMAG_Bz.pdf
2026-10-07T01:00:10.945058Z INFO  main Reading 'VNA' data for event '2024-05-10'
2026-10-07T01:00:10.961035Z INFO  main   Reading 'B/measured/INTERMAG' data for event '2024-05-10'
2026-10-07T01:00:10.965034Z INFO  main Using HAPI INTERMAG data
2026-10-07T01:00:10.965034Z INFO  main       Reading HAPI INTERMAG site information
2026-10-07T01:00:17.313528Z INFO  main     Remove baseline then Resample to 1m aves and NaN pad or trim to start/stop.
2026-10-07T01:00:17.356774Z INFO  main     Writing C:\Users\lwilker\Documents\GitHub\SWERVE-data\data_processed\2024-05-10\sites\vna\data\B_measured_INTERMAG.pkl
2026-10-07T01:00:17.376158Z INFO  main   Writing C:\Users\lwilker\Documents\GitHub\SWERVE-data\data_processed\2024-05-10\sites\vna\data\_all.pkl
2026-10-07T01:00:17.388308Z INFO  main Computing stats for 'VNA' data
2026-10-07T01:00:17.408650Z INFO  main   Uniq dts [ns] = [60000000000]
2026-10-07T01:00:17.409278Z INFO  main   Uniq dts [#]  = 1
2026-10-07T01:00:17.409278Z INFO  main   Stats for B/measured/INTERMAG:
2026-10-07T01:00:17.409278Z INFO  main 
    std: : [420.6786075445543, 278.7911161249706, 400.57809316697, 432.87939157541706]
    ave: : [-316.58371750433173, 136.141174176776, 28.392924610053836, 431.3584114402114]
    min: : [-2571.8899999999994, -666.3500000000004, -1015.2799999999988, 0.0]
    max: : [413.1100000000006, 1518.9799999999996, 1544.2300000000032, 2856.312977196301]
    n: 2341
    n_valid: : [2308, 2308, 2308, 2308]
    dt_original: : [60000000000]
2026-10-07T01:00:17.412271Z INFO  main Plotting 'VNA' data for event '2024-05-10'
2026-10-07T01:00:17.421493Z INFO  main   Plotting 'VNA/B/measured/INTERMAG' original vs. modified data for event '2024-05-10'
2026-10-07T01:00:29.501230Z INFO  main     Writing C:\Users\lwilker\Documents\GitHub\SWERVE-data\data_processed/2024-05-10/sites/vna/figures\original\B_measured_INTERMAG_Bx.png
2026-10-07T01:00:30.531920Z INFO  main     Writing C:\Users\lwilker\Documents\GitHub\SWERVE-data\data_processed/2024-05-10/sites/vna/figures\original\B_measured_INTERMAG_Bx.pdf
2026-10-07T01:00:31.109840Z INFO  main     Writing C:\Users\lwilker\Documents\GitHub\SWERVE-data\data_processed/2024-05-10/sites/vna/figures\original\B_measured_INTERMAG_By.png
2026-10-07T01:00:32.309558Z INFO  main     Writing C:\Users\lwilker\Documents\GitHub\SWERVE-data\data_processed/2024-05-10/sites/vna/figures\original\B_measured_INTERMAG_By.pdf
2026-10-07T01:00:32.812422Z INFO  main     Writing C:\Users\lwilker\Documents\GitHub\SWERVE-data\data_processed/2024-05-10/sites/vna/figures\original\B_measured_INTERMAG_Bz.png
2026-10-07T01:00:33.932394Z INFO  main     Writing C:\Users\lwilker\Documents\GitHub\SWERVE-data\data_processed/2024-05-10/sites/vna/figures\original\B_measured_INTERMAG_Bz.pdf
2026-10-07T01:00:34.975637Z INFO  main Reading 'MAW' data for event '2024-05-10'
2026-10-07T01:00:35.005838Z INFO  main   Reading 'B/measured/INTERMAG' data for event '2024-05-10'
2026-10-07T01:00:35.011278Z INFO  main Using HAPI INTERMAG data
2026-10-07T01:00:35.011278Z INFO  main       Reading HAPI INTERMAG site information
2026-10-07T01:00:40.420431Z INFO  main     Remove baseline then Resample to 1m aves and NaN pad or trim to start/stop.
2026-10-07T01:00:40.466739Z INFO  main     Writing C:\Users\lwilker\Documents\GitHub\SWERVE-data\data_processed\2024-05-10\sites\maw\data\B_measured_INTERMAG.pkl
2026-10-07T01:00:40.487030Z INFO  main   Writing C:\Users\lwilker\Documents\GitHub\SWERVE-data\data_processed\2024-05-10\sites\maw\data\_all.pkl
2026-10-07T01:00:40.498347Z INFO  main Computing stats for 'MAW' data
2026-10-07T01:00:40.514572Z INFO  main   Uniq dts [ns] = [60000000000]
2026-10-07T01:00:40.517214Z INFO  main   Uniq dts [#]  = 1
2026-10-07T01:00:40.518117Z INFO  main   Stats for B/measured/INTERMAG:
2026-10-07T01:00:40.518117Z INFO  main 
    std: : [207.35528314902405, 274.7641183800419, 222.01702773819744, 248.76834650768555]
    ave: : [-295.0235470085468, 262.4193589743586, -151.4914102564101, 460.98661285207015]
    min: : [-1466.6000000000004, -287.0, -923.5999999999985, 0.0]
    max: : [393.89999999999964, 2039.2000000000007, 930.0, 2059.0334261492703]
    n: 2341
    n_valid: : [2340, 2340, 2340, 2340]
    dt_original: : [60000000000]
2026-10-07T01:00:40.521275Z INFO  main Plotting 'MAW' data for event '2024-05-10'
2026-10-07T01:00:40.529500Z INFO  main   Plotting 'MAW/B/measured/INTERMAG' original vs. modified data for event '2024-05-10'
2026-10-07T01:00:53.213526Z INFO  main     Writing C:\Users\lwilker\Documents\GitHub\SWERVE-data\data_processed/2024-05-10/sites/maw/figures\original\B_measured_INTERMAG_Bx.png
2026-10-07T01:00:54.413782Z INFO  main     Writing C:\Users\lwilker\Documents\GitHub\SWERVE-data\data_processed/2024-05-10/sites/maw/figures\original\B_measured_INTERMAG_Bx.pdf
2026-10-07T01:00:56.139263Z INFO  main     Writing C:\Users\lwilker\Documents\GitHub\SWERVE-data\data_processed/2024-05-10/sites/maw/figures\original\B_measured_INTERMAG_By.png
2026-10-07T01:00:57.546018Z INFO  main     Writing C:\Users\lwilker\Documents\GitHub\SWERVE-data\data_processed/2024-05-10/sites/maw/figures\original\B_measured_INTERMAG_By.pdf
2026-10-07T01:00:58.128594Z INFO  main     Writing C:\Users\lwilker\Documents\GitHub\SWERVE-data\data_processed/2024-05-10/sites/maw/figures\original\B_measured_INTERMAG_Bz.png
2026-10-07T01:00:59.444637Z INFO  main     Writing C:\Users\lwilker\Documents\GitHub\SWERVE-data\data_processed/2024-05-10/sites/maw/figures\original\B_measured_INTERMAG_Bz.pdf
2026-10-07T01:01:00.391580Z INFO  main Reading 'CSY' data for event '2024-05-10'
2026-10-07T01:01:00.415688Z INFO  main   Reading 'B/measured/INTERMAG' data for event '2024-05-10'
2026-10-07T01:01:00.423248Z INFO  main Using HAPI INTERMAG data
2026-10-07T01:01:00.423248Z INFO  main       Reading HAPI INTERMAG site information
2026-10-07T01:01:05.098319Z INFO  main     Remove baseline then Resample to 1m aves and NaN pad or trim to start/stop.
2026-10-07T01:01:05.144728Z INFO  main     Writing C:\Users\lwilker\Documents\GitHub\SWERVE-data\data_processed\2024-05-10\sites\csy\data\B_measured_INTERMAG.pkl
2026-10-07T01:01:05.169116Z INFO  main   Writing C:\Users\lwilker\Documents\GitHub\SWERVE-data\data_processed\2024-05-10\sites\csy\data\_all.pkl
2026-10-07T01:01:05.187218Z INFO  main Computing stats for 'CSY' data
2026-10-07T01:01:05.198770Z INFO  main   Uniq dts [ns] = [60000000000]
2026-10-07T01:01:05.200785Z INFO  main   Uniq dts [#]  = 1
2026-10-07T01:01:05.200785Z INFO  main   Stats for B/measured/INTERMAG:
2026-10-07T01:01:05.202797Z INFO  main 
    std: : [226.13205319901022, 248.60000826650915, 141.5098983728344, 177.26529590717493]
    ave: : [-124.88200854700858, -113.47038461538462, -125.08965811965993, 331.6409635502659]
    min: : [-639.6000000000001, -700.2000000000007, -685.8000000000029, 0.0]
    max: : [479.9, 541.0, 250.90000000000146, 753.5790933936523]
    n: 2341
    n_valid: : [2340, 2340, 2340, 2340]
    dt_original: : [60000000000]
2026-10-07T01:01:05.203387Z INFO  main Plotting 'CSY' data for event '2024-05-10'
2026-10-07T01:01:05.211786Z INFO  main   Plotting 'CSY/B/measured/INTERMAG' original vs. modified data for event '2024-05-10'
2026-10-07T01:01:16.275905Z INFO  main     Writing C:\Users\lwilker\Documents\GitHub\SWERVE-data\data_processed/2024-05-10/sites/csy/figures\original\B_measured_INTERMAG_Bx.png
2026-10-07T01:01:17.452453Z INFO  main     Writing C:\Users\lwilker\Documents\GitHub\SWERVE-data\data_processed/2024-05-10/sites/csy/figures\original\B_measured_INTERMAG_Bx.pdf
2026-10-07T01:01:17.985426Z INFO  main     Writing C:\Users\lwilker\Documents\GitHub\SWERVE-data\data_processed/2024-05-10/sites/csy/figures\original\B_measured_INTERMAG_By.png
2026-10-07T01:01:19.247623Z INFO  main     Writing C:\Users\lwilker\Documents\GitHub\SWERVE-data\data_processed/2024-05-10/sites/csy/figures\original\B_measured_INTERMAG_By.pdf
2026-10-07T01:01:19.814891Z INFO  main     Writing C:\Users\lwilker\Documents\GitHub\SWERVE-data\data_processed/2024-05-10/sites/csy/figures\original\B_measured_INTERMAG_Bz.png
2026-10-07T01:01:21.082690Z INFO  main     Writing C:\Users\lwilker\Documents\GitHub\SWERVE-data\data_processed/2024-05-10/sites/csy/figures\original\B_measured_INTERMAG_Bz.pdf
2026-10-07T01:01:21.903829Z INFO  main Reading 'AIA' data for event '2024-05-10'
2026-10-07T01:01:21.925181Z INFO  main   Reading 'B/measured/INTERMAG' data for event '2024-05-10'
2026-10-07T01:01:21.930956Z INFO  main Using HAPI INTERMAG data
2026-10-07T01:01:21.932966Z INFO  main       Reading HAPI INTERMAG site information
2026-10-07T01:01:26.913580Z INFO  main     Remove baseline then Resample to 1m aves and NaN pad or trim to start/stop.
2026-10-07T01:01:26.952924Z INFO  main     Writing C:\Users\lwilker\Documents\GitHub\SWERVE-data\data_processed\2024-05-10\sites\aia\data\B_measured_INTERMAG.pkl
2026-10-07T01:01:26.971780Z INFO  main   Writing C:\Users\lwilker\Documents\GitHub\SWERVE-data\data_processed\2024-05-10\sites\aia\data\_all.pkl
2026-10-07T01:01:26.985028Z INFO  main Computing stats for 'AIA' data
2026-10-07T01:01:26.999576Z INFO  main   Uniq dts [ns] = [60000000000]
2026-10-07T01:01:27.001588Z INFO  main   Uniq dts [#]  = 1
2026-10-07T01:01:27.001588Z INFO  main   Stats for B/measured/INTERMAG:
2026-10-07T01:01:27.001588Z INFO  main 
    std: : [365.49396076049254, 150.73889029680623, 241.52724308886818, 321.81009691761983]
    ave: : [-179.36760683760608, -17.977564102563726, 60.22410256410081, 291.9627392594625]
    min: : [-1771.5, -513.1999999999998, -502.40000000000146, 0.0]
    max: : [1070.4000000000015, 947.5, 1018.5999999999985, 1777.1901023807216]
    n: 2341
    n_valid: : [2340, 2340, 2340, 2340]
    dt_original: : [60000000000]
2026-10-07T01:01:27.001588Z INFO  main Plotting 'AIA' data for event '2024-05-10'
2026-10-07T01:01:27.009181Z INFO  main   Plotting 'AIA/B/measured/INTERMAG' original vs. modified data for event '2024-05-10'
2026-10-07T01:01:36.698671Z INFO  main     Writing C:\Users\lwilker\Documents\GitHub\SWERVE-data\data_processed/2024-05-10/sites/aia/figures\original\B_measured_INTERMAG_Bx.png
2026-10-07T01:01:37.731244Z INFO  main     Writing C:\Users\lwilker\Documents\GitHub\SWERVE-data\data_processed/2024-05-10/sites/aia/figures\original\B_measured_INTERMAG_Bx.pdf
2026-10-07T01:01:38.188482Z INFO  main     Writing C:\Users\lwilker\Documents\GitHub\SWERVE-data\data_processed/2024-05-10/sites/aia/figures\original\B_measured_INTERMAG_By.png
2026-10-07T01:01:39.283179Z INFO  main     Writing C:\Users\lwilker\Documents\GitHub\SWERVE-data\data_processed/2024-05-10/sites/aia/figures\original\B_measured_INTERMAG_By.pdf
2026-10-07T01:01:39.750430Z INFO  main     Writing C:\Users\lwilker\Documents\GitHub\SWERVE-data\data_processed/2024-05-10/sites/aia/figures\original\B_measured_INTERMAG_Bz.png
2026-10-07T01:01:40.823691Z INFO  main     Writing C:\Users\lwilker\Documents\GitHub\SWERVE-data\data_processed/2024-05-10/sites/aia/figures\original\B_measured_INTERMAG_Bz.pdf
2026-10-07T01:01:41.581382Z INFO  main Reading 'ORC' data for event '2024-05-10'
2026-10-07T01:01:41.602855Z INFO  main   Reading 'B/measured/INTERMAG' data for event '2024-05-10'
2026-10-07T01:01:41.611423Z INFO  main Using HAPI INTERMAG data
2026-10-07T01:01:41.611423Z INFO  main       Reading HAPI INTERMAG site information
2026-10-07T01:01:46.884848Z INFO  main     Remove baseline then Resample to 1m aves and NaN pad or trim to start/stop.
2026-10-07T01:01:46.931581Z INFO  main     Writing C:\Users\lwilker\Documents\GitHub\SWERVE-data\data_processed\2024-05-10\sites\orc\data\B_measured_INTERMAG.pkl
2026-10-07T01:01:46.950845Z INFO  main   Writing C:\Users\lwilker\Documents\GitHub\SWERVE-data\data_processed\2024-05-10\sites\orc\data\_all.pkl
2026-10-07T01:01:46.952973Z INFO  main Computing stats for 'ORC' data
2026-10-07T01:01:46.973890Z INFO  main   Uniq dts [ns] = [60000000000]
2026-10-07T01:01:46.975897Z INFO  main   Uniq dts [#]  = 1
2026-10-07T01:01:46.977908Z INFO  main   Stats for B/measured/INTERMAG:
2026-10-07T01:01:46.977908Z INFO  main 
    std: : [229.16789319093843, 158.38449994280842, 180.25686985096607, 201.51271337979608]
    ave: : [-117.54557224866443, -7.422851783901726, 18.262564102565133, 225.53992932935546]
    min: : [-863.7449956330165, -572.8305434590377, -556.2000000000007, 0.0]
    max: : [933.9670444233452, 808.4226163868074, 651.4000000000015, 1118.2712521555757]
    n: 2341
    n_valid: : [2340, 2340, 2340, 2340]
    dt_original: : [60000000000]
2026-10-07T01:01:46.981881Z INFO  main Plotting 'ORC' data for event '2024-05-10'
2026-10-07T01:01:46.989947Z INFO  main   Plotting 'ORC/B/measured/INTERMAG' original vs. modified data for event '2024-05-10'
2026-10-07T01:01:56.244449Z INFO  main     Writing C:\Users\lwilker\Documents\GitHub\SWERVE-data\data_processed/2024-05-10/sites/orc/figures\original\B_measured_INTERMAG_Bx.png
2026-10-07T01:01:57.580248Z INFO  main     Writing C:\Users\lwilker\Documents\GitHub\SWERVE-data\data_processed/2024-05-10/sites/orc/figures\original\B_measured_INTERMAG_Bx.pdf
2026-10-07T01:01:58.524454Z INFO  main     Writing C:\Users\lwilker\Documents\GitHub\SWERVE-data\data_processed/2024-05-10/sites/orc/figures\original\B_measured_INTERMAG_By.png
2026-10-07T01:01:59.661222Z INFO  main     Writing C:\Users\lwilker\Documents\GitHub\SWERVE-data\data_processed/2024-05-10/sites/orc/figures\original\B_measured_INTERMAG_By.pdf
2026-10-07T01:02:00.150181Z INFO  main     Writing C:\Users\lwilker\Documents\GitHub\SWERVE-data\data_processed/2024-05-10/sites/orc/figures\original\B_measured_INTERMAG_Bz.png
2026-10-07T01:02:01.215341Z INFO  main     Writing C:\Users\lwilker\Documents\GitHub\SWERVE-data\data_processed/2024-05-10/sites/orc/figures\original\B_measured_INTERMAG_Bz.pdf
2026-10-07T01:02:01.928174Z INFO  main Reading 'MCQ' data for event '2024-05-10'
2026-10-07T01:02:01.946693Z INFO  main   Reading 'B/measured/INTERMAG' data for event '2024-05-10'
2026-10-07T01:02:01.952078Z INFO  main Using HAPI INTERMAG data
2026-10-07T01:02:01.956133Z INFO  main       Reading HAPI INTERMAG site information
2026-10-07T01:02:06.944053Z INFO  main     Remove baseline then Resample to 1m aves and NaN pad or trim to start/stop.
2026-10-07T01:02:06.982243Z INFO  main     Writing C:\Users\lwilker\Documents\GitHub\SWERVE-data\data_processed\2024-05-10\sites\mcq\data\B_measured_INTERMAG.pkl
2026-10-07T01:02:07.001077Z INFO  main   Writing C:\Users\lwilker\Documents\GitHub\SWERVE-data\data_processed\2024-05-10\sites\mcq\data\_all.pkl
2026-10-07T01:02:07.008433Z INFO  main Computing stats for 'MCQ' data
2026-10-07T01:02:07.022281Z INFO  main   Uniq dts [ns] = [60000000000]
2026-10-07T01:02:07.022281Z INFO  main   Uniq dts [#]  = 1
2026-10-07T01:02:07.022281Z INFO  main   Stats for B/measured/INTERMAG:
2026-10-07T01:02:07.022281Z INFO  main 
    std: : [428.82373245152684, 199.29115057641062, 232.29464163785664, 395.0161766267583]
    ave: : [-222.34320512820534, -79.83952991452973, -99.04927350427539, 351.25464810954776]
    min: : [-2458.7, -926.9000000000005, -622.3000000000029, 0.0]
    max: : [583.1000000000004, 839.1999999999998, 1296.0999999999985, 2596.040818246123]
    n: 2341
    n_valid: : [2340, 2340, 2340, 2340]
    dt_original: : [60000000000]
2026-10-07T01:02:07.027325Z INFO  main Plotting 'MCQ' data for event '2024-05-10'
2026-10-07T01:02:07.033288Z INFO  main   Plotting 'MCQ/B/measured/INTERMAG' original vs. modified data for event '2024-05-10'
2026-10-07T01:02:16.181299Z INFO  main     Writing C:\Users\lwilker\Documents\GitHub\SWERVE-data\data_processed/2024-05-10/sites/mcq/figures\original\B_measured_INTERMAG_Bx.png
2026-10-07T01:02:17.267223Z INFO  main     Writing C:\Users\lwilker\Documents\GitHub\SWERVE-data\data_processed/2024-05-10/sites/mcq/figures\original\B_measured_INTERMAG_Bx.pdf
2026-10-07T01:02:17.730362Z INFO  main     Writing C:\Users\lwilker\Documents\GitHub\SWERVE-data\data_processed/2024-05-10/sites/mcq/figures\original\B_measured_INTERMAG_By.png
2026-10-07T01:02:18.848637Z INFO  main     Writing C:\Users\lwilker\Documents\GitHub\SWERVE-data\data_processed/2024-05-10/sites/mcq/figures\original\B_measured_INTERMAG_By.pdf
2026-10-07T01:02:19.487207Z INFO  main     Writing C:\Users\lwilker\Documents\GitHub\SWERVE-data\data_processed/2024-05-10/sites/mcq/figures\original\B_measured_INTERMAG_Bz.png
2026-10-07T01:02:20.518891Z INFO  main     Writing C:\Users\lwilker\Documents\GitHub\SWERVE-data\data_processed/2024-05-10/sites/mcq/figures\original\B_measured_INTERMAG_Bz.pdf
2026-10-07T01:02:21.209090Z INFO  main Reading 'KEP' data for event '2024-05-10'
2026-10-07T01:02:21.223632Z INFO  main   Reading 'B/measured/INTERMAG' data for event '2024-05-10'
2026-10-07T01:02:21.235159Z INFO  main Using HAPI INTERMAG data
2026-10-07T01:02:21.235159Z INFO  main       Reading HAPI INTERMAG site information
2026-10-07T01:02:26.647755Z INFO  main     Remove baseline then Resample to 1m aves and NaN pad or trim to start/stop.
2026-10-07T01:02:26.682632Z INFO  main     Writing C:\Users\lwilker\Documents\GitHub\SWERVE-data\data_processed\2024-05-10\sites\kep\data\B_measured_INTERMAG.pkl
2026-10-07T01:02:26.697671Z INFO  main   Writing C:\Users\lwilker\Documents\GitHub\SWERVE-data\data_processed\2024-05-10\sites\kep\data\_all.pkl
2026-10-07T01:02:26.716864Z INFO  main Computing stats for 'KEP' data
2026-10-07T01:02:26.731864Z INFO  main   Uniq dts [ns] = [60000000000]
2026-10-07T01:02:26.731864Z INFO  main   Uniq dts [#]  = 1
2026-10-07T01:02:26.731864Z INFO  main   Stats for B/measured/INTERMAG:
2026-10-07T01:02:26.731864Z INFO  main 
    std: : [169.34740197352104, 103.8802827363516, 110.02493837341301, 152.38111691284286]
    ave: : [-139.32658235908985, -2.32266467435839, -28.169829059830395, 188.85693587478826]
    min: : [-1116.20234912663, -316.1380087720804, -505.5, 0.0]
    max: : [620.4858867677103, 362.41080308450387, 172.29999999999927, 1120.665200421182]
    n: 2341
    n_valid: : [2340, 2340, 2340, 2340]
    dt_original: : [60000000000]
2026-10-07T01:02:26.731864Z INFO  main Plotting 'KEP' data for event '2024-05-10'
2026-10-07T01:02:26.741192Z INFO  main   Plotting 'KEP/B/measured/INTERMAG' original vs. modified data for event '2024-05-10'
2026-10-07T01:02:35.944105Z INFO  main     Writing C:\Users\lwilker\Documents\GitHub\SWERVE-data\data_processed/2024-05-10/sites/kep/figures\original\B_measured_INTERMAG_Bx.png
2026-10-07T01:02:37.009122Z INFO  main     Writing C:\Users\lwilker\Documents\GitHub\SWERVE-data\data_processed/2024-05-10/sites/kep/figures\original\B_measured_INTERMAG_Bx.pdf
2026-10-07T01:02:37.488470Z INFO  main     Writing C:\Users\lwilker\Documents\GitHub\SWERVE-data\data_processed/2024-05-10/sites/kep/figures\original\B_measured_INTERMAG_By.png
2026-10-07T01:02:38.553233Z INFO  main     Writing C:\Users\lwilker\Documents\GitHub\SWERVE-data\data_processed/2024-05-10/sites/kep/figures\original\B_measured_INTERMAG_By.pdf
2026-10-07T01:02:39.016098Z INFO  main     Writing C:\Users\lwilker\Documents\GitHub\SWERVE-data\data_processed/2024-05-10/sites/kep/figures\original\B_measured_INTERMAG_Bz.png
2026-10-07T01:02:40.075817Z INFO  main     Writing C:\Users\lwilker\Documents\GitHub\SWERVE-data\data_processed/2024-05-10/sites/kep/figures\original\B_measured_INTERMAG_Bz.pdf
2026-10-07T01:02:40.794961Z INFO  main Reading 'PST' data for event '2024-05-10'
2026-10-07T01:02:40.813886Z INFO  main   Reading 'B/measured/INTERMAG' data for event '2024-05-10'
2026-10-07T01:02:40.819054Z INFO  main Using HAPI INTERMAG data
2026-10-07T01:02:40.819054Z INFO  main       Reading HAPI INTERMAG site information
2026-10-07T01:02:46.749988Z INFO  main     Remove baseline then Resample to 1m aves and NaN pad or trim to start/stop.
2026-10-07T01:05:40.644550Z INFO  main Reading 'PST' data for event '2024-05-10'
2026-10-07T01:05:40.668877Z INFO  main   Reading 'B/measured/INTERMAG' data for event '2024-05-10'
2026-10-07T01:05:40.857651Z INFO  main       Using HAPI INTERMAG data
2026-10-07T01:05:40.857651Z INFO  main       Reading HAPI INTERMAG site information
2026-10-07T01:05:47.010947Z INFO  main     Remove baseline then Resample to 1m aves and NaN pad or trim to start/stop.
2026-10-07T01:06:26.191962Z INFO  main Reading 'PST' data for event '2024-05-10'
2026-10-07T01:06:26.208549Z INFO  main   Reading 'B/measured/INTERMAG' data for event '2024-05-10'
2026-10-07T01:06:26.319857Z INFO  main       Using HAPI INTERMAG data
2026-10-07T01:06:26.319857Z INFO  main       Reading HAPI INTERMAG site information
2026-10-07T01:06:32.465042Z INFO  main     Remove baseline then Resample to 1m aves and NaN pad or trim to start/stop.
2026-10-07T01:08:53.217674Z INFO  main Reading 'PST' data for event '2024-05-10'
2026-10-07T01:08:53.233436Z INFO  main   Reading 'B/measured/INTERMAG' data for event '2024-05-10'
2026-10-07T01:08:53.337951Z INFO  main       Using HAPI INTERMAG data
2026-10-07T01:08:53.337951Z INFO  main       Reading HAPI INTERMAG site information
2026-10-07T01:08:59.409964Z ERROR main     Not computing modified b/c all data values are NaN
2026-10-07T01:14:34.065896Z INFO  main Reading 'PST' data for event '2024-05-10'
2026-10-07T01:14:34.082222Z INFO  main   Reading 'B/measured/INTERMAG' data for event '2024-05-10'
2026-10-07T01:14:34.187936Z INFO  main       Using HAPI INTERMAG data
2026-10-07T01:14:34.187936Z INFO  main       Reading HAPI INTERMAG site information
2026-10-07T01:14:39.706757Z ERROR main     Not computing modified due to error: All data values are NaN
2026-10-07T01:14:39.720091Z INFO  main   Writing C:\Users\lwilker\Documents\GitHub\SWERVE-data\data_processed\2024-05-10\sites\pst\data\_all.pkl
2026-10-07T01:14:39.729786Z INFO  main Computing stats for 'PST' data
2026-10-07T01:14:40.667677Z INFO  main Plotting 'PST' data for event '2024-05-10'
2026-10-07T01:14:40.675457Z INFO  main   Plotting 'PST/B/measured/INTERMAG' original vs. modified data for event '2024-05-10'
2026-10-07T01:14:42.782226Z INFO  main     Writing C:\Users\lwilker\Documents\GitHub\SWERVE-data\data_processed/2024-05-10/sites/pst/figures\original\B_measured_INTERMAG.png
2026-10-07T01:14:43.620287Z INFO  main     Writing C:\Users\lwilker\Documents\GitHub\SWERVE-data\data_processed/2024-05-10/sites/pst/figures\original\B_measured_INTERMAG.pdf
2026-10-07T01:14:46.417901Z INFO  main Cached file C:\Users\lwilker\Documents\GitHub\SWERVE-data\data_original\imf_data\bcwind.pkl not found. Obtaining from HAPI server.
2026-10-07T01:22:59.428428Z INFO  main Reading 'VOS' data for event '2024-05-10'
2026-10-07T01:22:59.449233Z INFO  main   Reading 'B/measured/INTERMAG' data for event '2024-05-10'
2026-10-07T01:22:59.607611Z INFO  main       Using HAPI INTERMAG data
2026-10-07T01:22:59.607611Z INFO  main       Reading HAPI INTERMAG site information
2026-10-07T01:23:05.373832Z INFO  main     Remove baseline then Resample to 1m aves and NaN pad or trim to start/stop.
2026-10-07T01:23:05.421170Z INFO  main     Writing C:\Users\lwilker\Documents\GitHub\SWERVE-data\data_processed\2024-05-10\sites\vos\data\B_measured_INTERMAG.pkl
2026-10-07T01:23:05.440121Z INFO  main   Writing C:\Users\lwilker\Documents\GitHub\SWERVE-data\data_processed\2024-05-10\sites\vos\data\_all.pkl
2026-10-07T01:23:05.451366Z INFO  main Computing stats for 'VOS' data
2026-10-07T01:23:05.468015Z INFO  main   Uniq dts [ns] = [60000000000]
2026-10-07T01:23:05.468015Z INFO  main   Uniq dts [#]  = 1
2026-10-07T01:23:05.468015Z INFO  main   Stats for B/measured/INTERMAG:
2026-10-07T01:23:05.468015Z INFO  main 
    std: : [256.51436194296247, 250.90162562780645, 112.10773746074605, 173.71375447175518]
    ave: : [-27.174174174174173, -101.35778635778635, -155.01975945017182, 331.03868615375814]
    min: : [-622.0, -735.0, -737.0, 0.0]
    max: : [757.0, 625.0, 161.0, 802.2680350107438]
    n: 2341
    n_valid: : [2331, 2331, 2328, 2331]
    dt_original: : [60000000000]
2026-10-07T01:23:06.327235Z INFO  main Plotting 'VOS' data for event '2024-05-10'
2026-10-07T01:23:06.343284Z INFO  main   Plotting 'VOS/B/measured/INTERMAG' original vs. modified data for event '2024-05-10'
2026-10-07T01:23:16.018677Z INFO  main     Writing C:\Users\lwilker\Documents\GitHub\SWERVE-data\data_processed/2024-05-10/sites/vos/figures\original\B_measured_INTERMAG_Bx.png
2026-10-07T01:23:17.101574Z INFO  main     Writing C:\Users\lwilker\Documents\GitHub\SWERVE-data\data_processed/2024-05-10/sites/vos/figures\original\B_measured_INTERMAG_Bx.pdf
2026-10-07T01:23:17.942529Z INFO  main     Writing C:\Users\lwilker\Documents\GitHub\SWERVE-data\data_processed/2024-05-10/sites/vos/figures\original\B_measured_INTERMAG_By.png
2026-10-07T01:23:19.031623Z INFO  main     Writing C:\Users\lwilker\Documents\GitHub\SWERVE-data\data_processed/2024-05-10/sites/vos/figures\original\B_measured_INTERMAG_By.pdf
2026-10-07T01:23:19.476079Z INFO  main     Writing C:\Users\lwilker\Documents\GitHub\SWERVE-data\data_processed/2024-05-10/sites/vos/figures\original\B_measured_INTERMAG_Bz.png
2026-10-07T01:23:20.508772Z INFO  main     Writing C:\Users\lwilker\Documents\GitHub\SWERVE-data\data_processed/2024-05-10/sites/vos/figures\original\B_measured_INTERMAG_Bz.pdf
2026-10-07T01:23:21.260187Z INFO  main Reading 'SBA' data for event '2024-05-10'
2026-10-07T01:23:21.296773Z INFO  main   Reading 'B/measured/INTERMAG' data for event '2024-05-10'
2026-10-07T01:23:21.300799Z INFO  main       Using HAPI INTERMAG data
2026-10-07T01:23:21.300799Z INFO  main       Reading HAPI INTERMAG site information
2026-10-07T01:23:26.877776Z INFO  main     Remove baseline then Resample to 1m aves and NaN pad or trim to start/stop.
2026-10-07T01:23:26.894663Z INFO  main     Writing C:\Users\lwilker\Documents\GitHub\SWERVE-data\data_processed\2024-05-10\sites\sba\data\B_measured_INTERMAG.pkl
2026-10-07T01:23:26.904630Z INFO  main   Writing C:\Users\lwilker\Documents\GitHub\SWERVE-data\data_processed\2024-05-10\sites\sba\data\_all.pkl
2026-10-07T01:23:26.909826Z INFO  main Computing stats for 'SBA' data
2026-10-07T01:23:26.918131Z INFO  main   Uniq dts [ns] = [60000000000]
2026-10-07T01:23:26.918131Z INFO  main   Uniq dts [#]  = 1
2026-10-07T01:23:26.918131Z INFO  main   Stats for B/measured/INTERMAG:
2026-10-07T01:23:26.919622Z INFO  main 
    std: : [242.4763514050286, 243.64231968262652, 189.66142004872563, 195.39646201040352]
    ave: : [-136.99061111111163, -160.57189743589737, -112.31956837606856, 352.8829059951796]
    min: : [-784.1000000000004, -1120.4699999999993, -1133.1100000000006, 0.0]
    max: : [823.9399999999987, 606.8299999999999, 274.9599999999991, 1284.6701077708622]
    n: 2341
    n_valid: : [2340, 2340, 2340, 2340]
    dt_original: : [60000000000]
2026-10-07T01:23:26.920634Z INFO  main Plotting 'SBA' data for event '2024-05-10'
2026-10-07T01:23:26.923180Z INFO  main   Plotting 'SBA/B/measured/INTERMAG' original vs. modified data for event '2024-05-10'
2026-10-07T01:23:30.883380Z INFO  main     Writing C:\Users\lwilker\Documents\GitHub\SWERVE-data\data_processed/2024-05-10/sites/sba/figures\original\B_measured_INTERMAG_Bx.png
2026-10-07T01:23:31.326478Z INFO  main     Writing C:\Users\lwilker\Documents\GitHub\SWERVE-data\data_processed/2024-05-10/sites/sba/figures\original\B_measured_INTERMAG_Bx.pdf
2026-10-07T01:23:31.528612Z INFO  main     Writing C:\Users\lwilker\Documents\GitHub\SWERVE-data\data_processed/2024-05-10/sites/sba/figures\original\B_measured_INTERMAG_By.png
2026-10-07T01:23:32.034367Z INFO  main     Writing C:\Users\lwilker\Documents\GitHub\SWERVE-data\data_processed/2024-05-10/sites/sba/figures\original\B_measured_INTERMAG_By.pdf
2026-10-07T01:23:32.219219Z INFO  main     Writing C:\Users\lwilker\Documents\GitHub\SWERVE-data\data_processed/2024-05-10/sites/sba/figures\original\B_measured_INTERMAG_Bz.png
2026-10-07T01:23:32.658257Z INFO  main     Writing C:\Users\lwilker\Documents\GitHub\SWERVE-data\data_processed/2024-05-10/sites/sba/figures\original\B_measured_INTERMAG_Bz.pdf
2026-10-07T01:23:32.986374Z INFO  main Reading 'VNA' data for event '2024-05-10'
2026-10-07T01:23:32.994523Z INFO  main   Reading 'B/measured/INTERMAG' data for event '2024-05-10'
2026-10-07T01:23:32.997131Z INFO  main       Using HAPI INTERMAG data
2026-10-07T01:23:32.997131Z INFO  main       Reading HAPI INTERMAG site information
2026-10-07T01:23:37.812921Z INFO  main     Remove baseline then Resample to 1m aves and NaN pad or trim to start/stop.
2026-10-07T01:23:37.848260Z INFO  main     Writing C:\Users\lwilker\Documents\GitHub\SWERVE-data\data_processed\2024-05-10\sites\vna\data\B_measured_INTERMAG.pkl
2026-10-07T01:23:37.857861Z INFO  main   Writing C:\Users\lwilker\Documents\GitHub\SWERVE-data\data_processed\2024-05-10\sites\vna\data\_all.pkl
2026-10-07T01:23:37.866642Z INFO  main Computing stats for 'VNA' data
2026-10-07T01:23:37.870637Z INFO  main   Uniq dts [ns] = [60000000000]
2026-10-07T01:23:37.870637Z INFO  main   Uniq dts [#]  = 1
2026-10-07T01:23:37.870637Z INFO  main   Stats for B/measured/INTERMAG:
2026-10-07T01:23:37.873302Z INFO  main 
    std: : [420.6786075445543, 278.7911161249706, 400.57809316697, 432.87939157541706]
    ave: : [-316.58371750433173, 136.141174176776, 28.392924610053836, 431.3584114402114]
    min: : [-2571.8899999999994, -666.3500000000004, -1015.2799999999988, 0.0]
    max: : [413.1100000000006, 1518.9799999999996, 1544.2300000000032, 2856.312977196301]
    n: 2341
    n_valid: : [2308, 2308, 2308, 2308]
    dt_original: : [60000000000]
2026-10-07T01:23:37.873817Z INFO  main Plotting 'VNA' data for event '2024-05-10'
2026-10-07T01:23:37.880728Z INFO  main   Plotting 'VNA/B/measured/INTERMAG' original vs. modified data for event '2024-05-10'
2026-10-07T01:23:41.491796Z INFO  main     Writing C:\Users\lwilker\Documents\GitHub\SWERVE-data\data_processed/2024-05-10/sites/vna/figures\original\B_measured_INTERMAG_Bx.png
2026-10-07T01:23:41.981257Z INFO  main     Writing C:\Users\lwilker\Documents\GitHub\SWERVE-data\data_processed/2024-05-10/sites/vna/figures\original\B_measured_INTERMAG_Bx.pdf
2026-10-07T01:23:42.163230Z INFO  main     Writing C:\Users\lwilker\Documents\GitHub\SWERVE-data\data_processed/2024-05-10/sites/vna/figures\original\B_measured_INTERMAG_By.png
2026-10-07T01:23:42.606144Z INFO  main     Writing C:\Users\lwilker\Documents\GitHub\SWERVE-data\data_processed/2024-05-10/sites/vna/figures\original\B_measured_INTERMAG_By.pdf
2026-10-07T01:23:42.790391Z INFO  main     Writing C:\Users\lwilker\Documents\GitHub\SWERVE-data\data_processed/2024-05-10/sites/vna/figures\original\B_measured_INTERMAG_Bz.png
2026-10-07T01:23:43.248784Z INFO  main     Writing C:\Users\lwilker\Documents\GitHub\SWERVE-data\data_processed/2024-05-10/sites/vna/figures\original\B_measured_INTERMAG_Bz.pdf
2026-10-07T01:23:43.530490Z INFO  main Reading 'MAW' data for event '2024-05-10'
2026-10-07T01:23:43.539150Z INFO  main   Reading 'B/measured/INTERMAG' data for event '2024-05-10'
2026-10-07T01:23:43.543278Z INFO  main       Using HAPI INTERMAG data
2026-10-07T01:23:43.543278Z INFO  main       Reading HAPI INTERMAG site information
2026-10-07T01:23:48.342950Z INFO  main     Remove baseline then Resample to 1m aves and NaN pad or trim to start/stop.
2026-10-07T01:23:48.358998Z INFO  main     Writing C:\Users\lwilker\Documents\GitHub\SWERVE-data\data_processed\2024-05-10\sites\maw\data\B_measured_INTERMAG.pkl
2026-10-07T01:23:48.366339Z INFO  main   Writing C:\Users\lwilker\Documents\GitHub\SWERVE-data\data_processed\2024-05-10\sites\maw\data\_all.pkl
2026-10-07T01:23:48.372026Z INFO  main Computing stats for 'MAW' data
2026-10-07T01:23:48.377221Z INFO  main   Uniq dts [ns] = [60000000000]
2026-10-07T01:23:48.378222Z INFO  main   Uniq dts [#]  = 1
2026-10-07T01:23:48.378222Z INFO  main   Stats for B/measured/INTERMAG:
2026-10-07T01:23:48.378222Z INFO  main 
    std: : [207.35528314902405, 274.7641183800419, 222.01702773819744, 248.76834650768555]
    ave: : [-295.0235470085468, 262.4193589743586, -151.4914102564101, 460.98661285207015]
    min: : [-1466.6000000000004, -287.0, -923.5999999999985, 0.0]
    max: : [393.89999999999964, 2039.2000000000007, 930.0, 2059.0334261492703]
    n: 2341
    n_valid: : [2340, 2340, 2340, 2340]
    dt_original: : [60000000000]
2026-10-07T01:23:48.380394Z INFO  main Plotting 'MAW' data for event '2024-05-10'
2026-10-07T01:23:48.383786Z INFO  main   Plotting 'MAW/B/measured/INTERMAG' original vs. modified data for event '2024-05-10'
2026-10-07T01:23:52.248292Z INFO  main     Writing C:\Users\lwilker\Documents\GitHub\SWERVE-data\data_processed/2024-05-10/sites/maw/figures\original\B_measured_INTERMAG_Bx.png
2026-10-07T01:23:52.666998Z INFO  main     Writing C:\Users\lwilker\Documents\GitHub\SWERVE-data\data_processed/2024-05-10/sites/maw/figures\original\B_measured_INTERMAG_Bx.pdf
2026-10-07T01:23:52.864009Z INFO  main     Writing C:\Users\lwilker\Documents\GitHub\SWERVE-data\data_processed/2024-05-10/sites/maw/figures\original\B_measured_INTERMAG_By.png
2026-10-07T01:23:53.308139Z INFO  main     Writing C:\Users\lwilker\Documents\GitHub\SWERVE-data\data_processed/2024-05-10/sites/maw/figures\original\B_measured_INTERMAG_By.pdf
2026-10-07T01:23:53.499761Z INFO  main     Writing C:\Users\lwilker\Documents\GitHub\SWERVE-data\data_processed/2024-05-10/sites/maw/figures\original\B_measured_INTERMAG_Bz.png
2026-10-07T01:23:53.958146Z INFO  main     Writing C:\Users\lwilker\Documents\GitHub\SWERVE-data\data_processed/2024-05-10/sites/maw/figures\original\B_measured_INTERMAG_Bz.pdf
2026-10-07T01:23:54.275568Z INFO  main Reading 'CSY' data for event '2024-05-10'
2026-10-07T01:23:54.285353Z INFO  main   Reading 'B/measured/INTERMAG' data for event '2024-05-10'
2026-10-07T01:23:54.287358Z INFO  main       Using HAPI INTERMAG data
2026-10-07T01:23:54.287358Z INFO  main       Reading HAPI INTERMAG site information
2026-10-07T01:23:59.495981Z INFO  main     Remove baseline then Resample to 1m aves and NaN pad or trim to start/stop.
2026-10-07T01:23:59.516088Z INFO  main     Writing C:\Users\lwilker\Documents\GitHub\SWERVE-data\data_processed\2024-05-10\sites\csy\data\B_measured_INTERMAG.pkl
2026-10-07T01:23:59.524218Z INFO  main   Writing C:\Users\lwilker\Documents\GitHub\SWERVE-data\data_processed\2024-05-10\sites\csy\data\_all.pkl
2026-10-07T01:23:59.529799Z INFO  main Computing stats for 'CSY' data
2026-10-07T01:23:59.535806Z INFO  main   Uniq dts [ns] = [60000000000]
2026-10-07T01:23:59.535806Z INFO  main   Uniq dts [#]  = 1
2026-10-07T01:23:59.535806Z INFO  main   Stats for B/measured/INTERMAG:
2026-10-07T01:23:59.535806Z INFO  main 
    std: : [226.13205319901022, 248.60000826650915, 141.5098983728344, 177.26529590717493]
    ave: : [-124.88200854700858, -113.47038461538462, -125.08965811965993, 331.6409635502659]
    min: : [-639.6000000000001, -700.2000000000007, -685.8000000000029, 0.0]
    max: : [479.9, 541.0, 250.90000000000146, 753.5790933936523]
    n: 2341
    n_valid: : [2340, 2340, 2340, 2340]
    dt_original: : [60000000000]
2026-10-07T01:23:59.536806Z INFO  main Plotting 'CSY' data for event '2024-05-10'
2026-10-07T01:23:59.536806Z INFO  main   Plotting 'CSY/B/measured/INTERMAG' original vs. modified data for event '2024-05-10'
2026-10-07T01:24:03.372779Z INFO  main     Writing C:\Users\lwilker\Documents\GitHub\SWERVE-data\data_processed/2024-05-10/sites/csy/figures\original\B_measured_INTERMAG_Bx.png
2026-10-07T01:24:03.805949Z INFO  main     Writing C:\Users\lwilker\Documents\GitHub\SWERVE-data\data_processed/2024-05-10/sites/csy/figures\original\B_measured_INTERMAG_Bx.pdf
2026-10-07T01:24:03.979709Z INFO  main     Writing C:\Users\lwilker\Documents\GitHub\SWERVE-data\data_processed/2024-05-10/sites/csy/figures\original\B_measured_INTERMAG_By.png
2026-10-07T01:24:04.418061Z INFO  main     Writing C:\Users\lwilker\Documents\GitHub\SWERVE-data\data_processed/2024-05-10/sites/csy/figures\original\B_measured_INTERMAG_By.pdf
2026-10-07T01:24:04.618648Z INFO  main     Writing C:\Users\lwilker\Documents\GitHub\SWERVE-data\data_processed/2024-05-10/sites/csy/figures\original\B_measured_INTERMAG_Bz.png
2026-10-07T01:24:05.100943Z INFO  main     Writing C:\Users\lwilker\Documents\GitHub\SWERVE-data\data_processed/2024-05-10/sites/csy/figures\original\B_measured_INTERMAG_Bz.pdf
2026-10-07T01:24:05.379202Z INFO  main Reading 'AIA' data for event '2024-05-10'
2026-10-07T01:24:05.398446Z INFO  main   Reading 'B/measured/INTERMAG' data for event '2024-05-10'
2026-10-07T01:24:05.398446Z INFO  main       Using HAPI INTERMAG data
2026-10-07T01:24:05.398446Z INFO  main       Reading HAPI INTERMAG site information
2026-10-07T01:24:09.848354Z INFO  main     Remove baseline then Resample to 1m aves and NaN pad or trim to start/stop.
2026-10-07T01:24:09.875408Z INFO  main     Writing C:\Users\lwilker\Documents\GitHub\SWERVE-data\data_processed\2024-05-10\sites\aia\data\B_measured_INTERMAG.pkl
2026-10-07T01:24:09.885474Z INFO  main   Writing C:\Users\lwilker\Documents\GitHub\SWERVE-data\data_processed\2024-05-10\sites\aia\data\_all.pkl
2026-10-07T01:24:09.890017Z INFO  main Computing stats for 'AIA' data
2026-10-07T01:24:09.895117Z INFO  main   Uniq dts [ns] = [60000000000]
2026-10-07T01:24:09.895117Z INFO  main   Uniq dts [#]  = 1
2026-10-07T01:24:09.895117Z INFO  main   Stats for B/measured/INTERMAG:
2026-10-07T01:24:09.897122Z INFO  main 
    std: : [365.49396076049254, 150.73889029680623, 241.52724308886818, 321.81009691761983]
    ave: : [-179.36760683760608, -17.977564102563726, 60.22410256410081, 291.9627392594625]
    min: : [-1771.5, -513.1999999999998, -502.40000000000146, 0.0]
    max: : [1070.4000000000015, 947.5, 1018.5999999999985, 1777.1901023807216]
    n: 2341
    n_valid: : [2340, 2340, 2340, 2340]
    dt_original: : [60000000000]
2026-10-07T01:24:09.898078Z INFO  main Plotting 'AIA' data for event '2024-05-10'
2026-10-07T01:24:09.900083Z INFO  main   Plotting 'AIA/B/measured/INTERMAG' original vs. modified data for event '2024-05-10'
2026-10-07T01:24:13.696144Z INFO  main     Writing C:\Users\lwilker\Documents\GitHub\SWERVE-data\data_processed/2024-05-10/sites/aia/figures\original\B_measured_INTERMAG_Bx.png
2026-10-07T01:24:14.138432Z INFO  main     Writing C:\Users\lwilker\Documents\GitHub\SWERVE-data\data_processed/2024-05-10/sites/aia/figures\original\B_measured_INTERMAG_Bx.pdf
2026-10-07T01:24:14.334205Z INFO  main     Writing C:\Users\lwilker\Documents\GitHub\SWERVE-data\data_processed/2024-05-10/sites/aia/figures\original\B_measured_INTERMAG_By.png
2026-10-07T01:24:14.745454Z INFO  main     Writing C:\Users\lwilker\Documents\GitHub\SWERVE-data\data_processed/2024-05-10/sites/aia/figures\original\B_measured_INTERMAG_By.pdf
2026-10-07T01:24:14.934882Z INFO  main     Writing C:\Users\lwilker\Documents\GitHub\SWERVE-data\data_processed/2024-05-10/sites/aia/figures\original\B_measured_INTERMAG_Bz.png
2026-10-07T01:24:15.335048Z INFO  main     Writing C:\Users\lwilker\Documents\GitHub\SWERVE-data\data_processed/2024-05-10/sites/aia/figures\original\B_measured_INTERMAG_Bz.pdf
2026-10-07T01:24:15.620209Z INFO  main Reading 'ORC' data for event '2024-05-10'
2026-10-07T01:24:15.628499Z INFO  main   Reading 'B/measured/INTERMAG' data for event '2024-05-10'
2026-10-07T01:24:15.632031Z INFO  main       Using HAPI INTERMAG data
2026-10-07T01:24:15.632031Z INFO  main       Reading HAPI INTERMAG site information
2026-10-07T01:24:20.882130Z INFO  main     Remove baseline then Resample to 1m aves and NaN pad or trim to start/stop.
2026-10-07T01:24:20.899431Z INFO  main     Writing C:\Users\lwilker\Documents\GitHub\SWERVE-data\data_processed\2024-05-10\sites\orc\data\B_measured_INTERMAG.pkl
2026-10-07T01:24:20.907072Z INFO  main   Writing C:\Users\lwilker\Documents\GitHub\SWERVE-data\data_processed\2024-05-10\sites\orc\data\_all.pkl
2026-10-07T01:24:20.912427Z INFO  main Computing stats for 'ORC' data
2026-10-07T01:24:20.922261Z INFO  main   Uniq dts [ns] = [60000000000]
2026-10-07T01:24:20.922261Z INFO  main   Uniq dts [#]  = 1
2026-10-07T01:24:20.922261Z INFO  main   Stats for B/measured/INTERMAG:
2026-10-07T01:24:20.922261Z INFO  main 
    std: : [229.16789319093843, 158.38449994280842, 180.25686985096607, 201.51271337979608]
    ave: : [-117.54557224866443, -7.422851783901726, 18.262564102565133, 225.53992932935546]
    min: : [-863.7449956330165, -572.8305434590377, -556.2000000000007, 0.0]
    max: : [933.9670444233452, 808.4226163868074, 651.4000000000015, 1118.2712521555757]
    n: 2341
    n_valid: : [2340, 2340, 2340, 2340]
    dt_original: : [60000000000]
2026-10-07T01:24:20.924271Z INFO  main Plotting 'ORC' data for event '2024-05-10'
2026-10-07T01:24:20.931030Z INFO  main   Plotting 'ORC/B/measured/INTERMAG' original vs. modified data for event '2024-05-10'
2026-10-07T01:24:24.607970Z INFO  main     Writing C:\Users\lwilker\Documents\GitHub\SWERVE-data\data_processed/2024-05-10/sites/orc/figures\original\B_measured_INTERMAG_Bx.png
2026-10-07T01:24:25.037642Z INFO  main     Writing C:\Users\lwilker\Documents\GitHub\SWERVE-data\data_processed/2024-05-10/sites/orc/figures\original\B_measured_INTERMAG_Bx.pdf
2026-10-07T01:24:25.223627Z INFO  main     Writing C:\Users\lwilker\Documents\GitHub\SWERVE-data\data_processed/2024-05-10/sites/orc/figures\original\B_measured_INTERMAG_By.png
2026-10-07T01:24:25.649469Z INFO  main     Writing C:\Users\lwilker\Documents\GitHub\SWERVE-data\data_processed/2024-05-10/sites/orc/figures\original\B_measured_INTERMAG_By.pdf
2026-10-07T01:24:25.969692Z INFO  main     Writing C:\Users\lwilker\Documents\GitHub\SWERVE-data\data_processed/2024-05-10/sites/orc/figures\original\B_measured_INTERMAG_Bz.png
2026-10-07T01:24:26.405311Z INFO  main     Writing C:\Users\lwilker\Documents\GitHub\SWERVE-data\data_processed/2024-05-10/sites/orc/figures\original\B_measured_INTERMAG_Bz.pdf
2026-10-07T01:24:26.684018Z INFO  main Reading 'MCQ' data for event '2024-05-10'
2026-10-07T01:24:26.692338Z INFO  main   Reading 'B/measured/INTERMAG' data for event '2024-05-10'
2026-10-07T01:24:26.695348Z INFO  main       Using HAPI INTERMAG data
2026-10-07T01:24:26.695348Z INFO  main       Reading HAPI INTERMAG site information
2026-10-07T01:24:31.889461Z INFO  main     Remove baseline then Resample to 1m aves and NaN pad or trim to start/stop.
2026-10-07T01:24:31.911755Z INFO  main     Writing C:\Users\lwilker\Documents\GitHub\SWERVE-data\data_processed\2024-05-10\sites\mcq\data\B_measured_INTERMAG.pkl
2026-10-07T01:24:31.920804Z INFO  main   Writing C:\Users\lwilker\Documents\GitHub\SWERVE-data\data_processed\2024-05-10\sites\mcq\data\_all.pkl
2026-10-07T01:24:31.924320Z INFO  main Computing stats for 'MCQ' data
2026-10-07T01:24:31.925320Z INFO  main   Uniq dts [ns] = [60000000000]
2026-10-07T01:24:31.925320Z INFO  main   Uniq dts [#]  = 1
2026-10-07T01:24:31.925320Z INFO  main   Stats for B/measured/INTERMAG:
2026-10-07T01:24:31.925320Z INFO  main 
    std: : [428.82373245152684, 199.29115057641062, 232.29464163785664, 395.0161766267583]
    ave: : [-222.34320512820534, -79.83952991452973, -99.04927350427539, 351.25464810954776]
    min: : [-2458.7, -926.9000000000005, -622.3000000000029, 0.0]
    max: : [583.1000000000004, 839.1999999999998, 1296.0999999999985, 2596.040818246123]
    n: 2341
    n_valid: : [2340, 2340, 2340, 2340]
    dt_original: : [60000000000]
2026-10-07T01:24:31.932436Z INFO  main Plotting 'MCQ' data for event '2024-05-10'
2026-10-07T01:24:31.934942Z INFO  main   Plotting 'MCQ/B/measured/INTERMAG' original vs. modified data for event '2024-05-10'
2026-10-07T01:24:35.593498Z INFO  main     Writing C:\Users\lwilker\Documents\GitHub\SWERVE-data\data_processed/2024-05-10/sites/mcq/figures\original\B_measured_INTERMAG_Bx.png
2026-10-07T01:24:36.038218Z INFO  main     Writing C:\Users\lwilker\Documents\GitHub\SWERVE-data\data_processed/2024-05-10/sites/mcq/figures\original\B_measured_INTERMAG_Bx.pdf
2026-10-07T01:24:36.232292Z INFO  main     Writing C:\Users\lwilker\Documents\GitHub\SWERVE-data\data_processed/2024-05-10/sites/mcq/figures\original\B_measured_INTERMAG_By.png
2026-10-07T01:24:36.717079Z INFO  main     Writing C:\Users\lwilker\Documents\GitHub\SWERVE-data\data_processed/2024-05-10/sites/mcq/figures\original\B_measured_INTERMAG_By.pdf
2026-10-07T01:24:36.906442Z INFO  main     Writing C:\Users\lwilker\Documents\GitHub\SWERVE-data\data_processed/2024-05-10/sites/mcq/figures\original\B_measured_INTERMAG_Bz.png
2026-10-07T01:24:37.342611Z INFO  main     Writing C:\Users\lwilker\Documents\GitHub\SWERVE-data\data_processed/2024-05-10/sites/mcq/figures\original\B_measured_INTERMAG_Bz.pdf
2026-10-07T01:24:37.621627Z INFO  main Reading 'KEP' data for event '2024-05-10'
2026-10-07T01:24:37.631292Z INFO  main   Reading 'B/measured/INTERMAG' data for event '2024-05-10'
2026-10-07T01:24:37.634643Z INFO  main       Using HAPI INTERMAG data
2026-10-07T01:24:37.634643Z INFO  main       Reading HAPI INTERMAG site information
2026-10-07T01:24:43.008250Z INFO  main     Remove baseline then Resample to 1m aves and NaN pad or trim to start/stop.
2026-10-07T01:24:43.029714Z INFO  main     Writing C:\Users\lwilker\Documents\GitHub\SWERVE-data\data_processed\2024-05-10\sites\kep\data\B_measured_INTERMAG.pkl
2026-10-07T01:24:43.043919Z INFO  main   Writing C:\Users\lwilker\Documents\GitHub\SWERVE-data\data_processed\2024-05-10\sites\kep\data\_all.pkl
2026-10-07T01:24:43.050380Z INFO  main Computing stats for 'KEP' data
2026-10-07T01:24:43.052383Z INFO  main   Uniq dts [ns] = [60000000000]
2026-10-07T01:24:43.052383Z INFO  main   Uniq dts [#]  = 1
2026-10-07T01:24:43.057224Z INFO  main   Stats for B/measured/INTERMAG:
2026-10-07T01:24:43.058619Z INFO  main 
    std: : [169.34740197352104, 103.8802827363516, 110.02493837341301, 152.38111691284286]
    ave: : [-139.32658235908985, -2.32266467435839, -28.169829059830395, 188.85693587478826]
    min: : [-1116.20234912663, -316.1380087720804, -505.5, 0.0]
    max: : [620.4858867677103, 362.41080308450387, 172.29999999999927, 1120.665200421182]
    n: 2341
    n_valid: : [2340, 2340, 2340, 2340]
    dt_original: : [60000000000]
2026-10-07T01:24:43.061070Z INFO  main Plotting 'KEP' data for event '2024-05-10'
2026-10-07T01:24:43.063062Z INFO  main   Plotting 'KEP/B/measured/INTERMAG' original vs. modified data for event '2024-05-10'
2026-10-07T01:24:46.704309Z INFO  main     Writing C:\Users\lwilker\Documents\GitHub\SWERVE-data\data_processed/2024-05-10/sites/kep/figures\original\B_measured_INTERMAG_Bx.png
2026-10-07T01:24:47.142504Z INFO  main     Writing C:\Users\lwilker\Documents\GitHub\SWERVE-data\data_processed/2024-05-10/sites/kep/figures\original\B_measured_INTERMAG_Bx.pdf
2026-10-07T01:24:47.328240Z INFO  main     Writing C:\Users\lwilker\Documents\GitHub\SWERVE-data\data_processed/2024-05-10/sites/kep/figures\original\B_measured_INTERMAG_By.png
2026-10-07T01:24:47.754917Z INFO  main     Writing C:\Users\lwilker\Documents\GitHub\SWERVE-data\data_processed/2024-05-10/sites/kep/figures\original\B_measured_INTERMAG_By.pdf
2026-10-07T01:24:47.931638Z INFO  main     Writing C:\Users\lwilker\Documents\GitHub\SWERVE-data\data_processed/2024-05-10/sites/kep/figures\original\B_measured_INTERMAG_Bz.png
2026-10-07T01:24:48.357930Z INFO  main     Writing C:\Users\lwilker\Documents\GitHub\SWERVE-data\data_processed/2024-05-10/sites/kep/figures\original\B_measured_INTERMAG_Bz.pdf
2026-10-07T01:24:48.660095Z INFO  main Reading 'PST' data for event '2024-05-10'
2026-10-07T01:24:48.668597Z INFO  main   Reading 'B/measured/INTERMAG' data for event '2024-05-10'
2026-10-07T01:24:48.672515Z INFO  main       Using HAPI INTERMAG data
2026-10-07T01:24:48.672515Z INFO  main       Reading HAPI INTERMAG site information
2026-10-07T01:24:55.469819Z ERROR main     Not computing modified due to error: All data values are NaN
2026-10-07T01:24:55.472819Z INFO  main   Writing C:\Users\lwilker\Documents\GitHub\SWERVE-data\data_processed\2024-05-10\sites\pst\data\_all.pkl
2026-10-07T01:24:55.474814Z INFO  main Computing stats for 'PST' data
2026-10-07T01:24:55.474814Z INFO  main Plotting 'PST' data for event '2024-05-10'
2026-10-07T01:24:55.477817Z INFO  main   Plotting 'PST/B/measured/INTERMAG' original vs. modified data for event '2024-05-10'
2026-10-07T01:24:56.145888Z INFO  main     Writing C:\Users\lwilker\Documents\GitHub\SWERVE-data\data_processed/2024-05-10/sites/pst/figures\original\B_measured_INTERMAG.png
2026-10-07T01:24:56.438902Z INFO  main     Writing C:\Users\lwilker\Documents\GitHub\SWERVE-data\data_processed/2024-05-10/sites/pst/figures\original\B_measured_INTERMAG.pdf
2026-10-07T01:24:56.565849Z INFO  main Reading 'EYR' data for event '2024-05-10'
2026-10-07T01:24:56.577829Z INFO  main   Reading 'B/measured/INTERMAG' data for event '2024-05-10'
2026-10-07T01:24:56.581833Z INFO  main       Using HAPI INTERMAG data
2026-10-07T01:24:56.582341Z INFO  main       Reading HAPI INTERMAG site information
2026-10-07T01:25:01.577381Z INFO  main     Remove baseline then Resample to 1m aves and NaN pad or trim to start/stop.
2026-10-07T01:25:01.600673Z INFO  main     Writing C:\Users\lwilker\Documents\GitHub\SWERVE-data\data_processed\2024-05-10\sites\eyr\data\B_measured_INTERMAG.pkl
2026-10-07T01:25:01.612278Z INFO  main   Writing C:\Users\lwilker\Documents\GitHub\SWERVE-data\data_processed\2024-05-10\sites\eyr\data\_all.pkl
2026-10-07T01:25:01.616277Z INFO  main Computing stats for 'EYR' data
2026-10-07T01:25:01.626312Z INFO  main   Uniq dts [ns] = [60000000000]
2026-10-07T01:25:01.626312Z INFO  main   Uniq dts [#]  = 1
2026-10-07T01:25:01.626312Z INFO  main   Stats for B/measured/INTERMAG:
2026-10-07T01:25:01.626312Z INFO  main 
    std: : [114.66430975160156, 87.04729269011094, 113.12323369331665, 112.34786285269104]
    ave: : [-186.96816239316215, -52.06525641025668, -63.171153846156685, 213.94152818390234]
    min: : [-690.7999999999993, -366.89999999999964, -564.1000000000058, 0.0]
    max: : [632.3000000000029, 306.2999999999993, 192.6999999999971, 721.6618183054999]
    n: 2341
    n_valid: : [2340, 2340, 2340, 2340]
    dt_original: : [60000000000]
2026-10-07T01:25:01.627820Z INFO  main Plotting 'EYR' data for event '2024-05-10'
2026-10-07T01:25:01.629924Z INFO  main   Plotting 'EYR/B/measured/INTERMAG' original vs. modified data for event '2024-05-10'
2026-10-07T01:25:05.618096Z INFO  main     Writing C:\Users\lwilker\Documents\GitHub\SWERVE-data\data_processed/2024-05-10/sites/eyr/figures\original\B_measured_INTERMAG_Bx.png
2026-10-07T01:25:06.071445Z INFO  main     Writing C:\Users\lwilker\Documents\GitHub\SWERVE-data\data_processed/2024-05-10/sites/eyr/figures\original\B_measured_INTERMAG_Bx.pdf
2026-10-07T01:25:06.283163Z INFO  main     Writing C:\Users\lwilker\Documents\GitHub\SWERVE-data\data_processed/2024-05-10/sites/eyr/figures\original\B_measured_INTERMAG_By.png
2026-10-07T01:25:06.762111Z INFO  main     Writing C:\Users\lwilker\Documents\GitHub\SWERVE-data\data_processed/2024-05-10/sites/eyr/figures\original\B_measured_INTERMAG_By.pdf
2026-10-07T01:25:06.950279Z INFO  main     Writing C:\Users\lwilker\Documents\GitHub\SWERVE-data\data_processed/2024-05-10/sites/eyr/figures\original\B_measured_INTERMAG_Bz.png
2026-10-07T01:25:07.401872Z INFO  main     Writing C:\Users\lwilker\Documents\GitHub\SWERVE-data\data_processed/2024-05-10/sites/eyr/figures\original\B_measured_INTERMAG_Bz.pdf
2026-10-07T01:25:07.697798Z INFO  main Reading 'TDC' data for event '2024-05-10'
2026-10-07T01:25:07.722897Z INFO  main   Reading 'B/measured/INTERMAG' data for event '2024-05-10'
2026-10-07T01:25:07.723877Z INFO  main       Using HAPI INTERMAG data
2026-10-07T01:25:07.723877Z INFO  main       Reading HAPI INTERMAG site information
2026-10-07T01:25:15.123139Z INFO  main     Remove baseline then Resample to 1m aves and NaN pad or trim to start/stop.
2026-10-07T01:25:15.140041Z INFO  main     Writing C:\Users\lwilker\Documents\GitHub\SWERVE-data\data_processed\2024-05-10\sites\tdc\data\B_measured_INTERMAG.pkl
2026-10-07T01:25:15.151304Z INFO  main   Writing C:\Users\lwilker\Documents\GitHub\SWERVE-data\data_processed\2024-05-10\sites\tdc\data\_all.pkl
2026-10-07T01:25:15.158754Z INFO  main Computing stats for 'TDC' data
2026-10-07T01:25:15.165846Z INFO  main   Uniq dts [ns] = [60000000000]
2026-10-07T01:25:15.165846Z INFO  main   Uniq dts [#]  = 1
2026-10-07T01:25:15.166877Z INFO  main   Stats for B/measured/INTERMAG:
2026-10-07T01:25:15.166877Z INFO  main 
    std: : [106.89488788615363, 52.106498400571, 31.615108729752023, 99.66746381176267]
    ave: : [-171.60145797598608, 18.368481989708567, -33.289922813036064, 184.37044882296948]
    min: : [-425.0, -142.0, -116.20000000000073, 0.0]
    max: : [110.80000000000109, 210.9000000000001, 58.599999999998545, 431.1731554723694]
    n: 2341
    n_valid: : [2332, 2332, 2332, 2332]
    dt_original: : [60000000000]
2026-10-07T01:25:15.166877Z INFO  main Plotting 'TDC' data for event '2024-05-10'
2026-10-07T01:25:15.169895Z INFO  main   Plotting 'TDC/B/measured/INTERMAG' original vs. modified data for event '2024-05-10'
2026-10-07T01:25:18.895409Z INFO  main     Writing C:\Users\lwilker\Documents\GitHub\SWERVE-data\data_processed/2024-05-10/sites/tdc/figures\original\B_measured_INTERMAG_Bx.png
2026-10-07T01:25:19.325003Z INFO  main     Writing C:\Users\lwilker\Documents\GitHub\SWERVE-data\data_processed/2024-05-10/sites/tdc/figures\original\B_measured_INTERMAG_Bx.pdf
2026-10-07T01:25:19.520302Z INFO  main     Writing C:\Users\lwilker\Documents\GitHub\SWERVE-data\data_processed/2024-05-10/sites/tdc/figures\original\B_measured_INTERMAG_By.png
2026-10-07T01:25:19.945124Z INFO  main     Writing C:\Users\lwilker\Documents\GitHub\SWERVE-data\data_processed/2024-05-10/sites/tdc/figures\original\B_measured_INTERMAG_By.pdf
2026-10-07T01:25:20.126564Z INFO  main     Writing C:\Users\lwilker\Documents\GitHub\SWERVE-data\data_processed/2024-05-10/sites/tdc/figures\original\B_measured_INTERMAG_Bz.png
2026-10-07T01:25:20.551159Z INFO  main     Writing C:\Users\lwilker\Documents\GitHub\SWERVE-data\data_processed/2024-05-10/sites/tdc/figures\original\B_measured_INTERMAG_Bz.pdf
2026-10-07T01:25:20.843286Z INFO  main Reading 'CNB' data for event '2024-05-10'
2026-10-07T01:25:20.852822Z INFO  main   Reading 'B/measured/INTERMAG' data for event '2024-05-10'
2026-10-07T01:25:20.854819Z INFO  main       Using HAPI INTERMAG data
2026-10-07T01:25:20.854819Z INFO  main       Reading HAPI INTERMAG site information
2026-10-07T01:25:25.873225Z INFO  main     Remove baseline then Resample to 1m aves and NaN pad or trim to start/stop.
2026-10-07T01:25:25.894982Z INFO  main     Writing C:\Users\lwilker\Documents\GitHub\SWERVE-data\data_processed\2024-05-10\sites\cnb\data\B_measured_INTERMAG.pkl
2026-10-07T01:25:25.902985Z INFO  main   Writing C:\Users\lwilker\Documents\GitHub\SWERVE-data\data_processed\2024-05-10\sites\cnb\data\_all.pkl
2026-10-07T01:25:25.907601Z INFO  main Computing stats for 'CNB' data
2026-10-07T01:25:25.913828Z INFO  main   Uniq dts [ns] = [60000000000]
2026-10-07T01:25:25.913828Z INFO  main   Uniq dts [#]  = 1
2026-10-07T01:25:25.914830Z INFO  main   Stats for B/measured/INTERMAG:
2026-10-07T01:25:25.914830Z INFO  main 
    std: : [108.33011907788341, 72.897565536608, 53.50342361084633, 105.54523345833383]
    ave: : [-226.83670940170987, -27.32252136752119, -54.21111111110815, 241.06241175449307]
    min: : [-510.0, -367.89999999999964, -274.29999999999563, 0.0]
    max: : [69.39999999999782, 203.10000000000036, 45.10000000000582, 518.1371247073495]
    n: 2341
    n_valid: : [2340, 2340, 2340, 2340]
    dt_original: : [60000000000]
2026-10-07T01:25:25.916347Z INFO  main Plotting 'CNB' data for event '2024-05-10'
2026-10-07T01:25:25.920107Z INFO  main   Plotting 'CNB/B/measured/INTERMAG' original vs. modified data for event '2024-05-10'
2026-10-07T01:25:29.809096Z INFO  main     Writing C:\Users\lwilker\Documents\GitHub\SWERVE-data\data_processed/2024-05-10/sites/cnb/figures\original\B_measured_INTERMAG_Bx.png
2026-10-07T01:25:30.281621Z INFO  main     Writing C:\Users\lwilker\Documents\GitHub\SWERVE-data\data_processed/2024-05-10/sites/cnb/figures\original\B_measured_INTERMAG_Bx.pdf
2026-10-07T01:25:30.488841Z INFO  main     Writing C:\Users\lwilker\Documents\GitHub\SWERVE-data\data_processed/2024-05-10/sites/cnb/figures\original\B_measured_INTERMAG_By.png
2026-10-07T01:25:30.917809Z INFO  main     Writing C:\Users\lwilker\Documents\GitHub\SWERVE-data\data_processed/2024-05-10/sites/cnb/figures\original\B_measured_INTERMAG_By.pdf
2026-10-07T01:25:31.098762Z INFO  main     Writing C:\Users\lwilker\Documents\GitHub\SWERVE-data\data_processed/2024-05-10/sites/cnb/figures\original\B_measured_INTERMAG_Bz.png
2026-10-07T01:25:31.529450Z INFO  main     Writing C:\Users\lwilker\Documents\GitHub\SWERVE-data\data_processed/2024-05-10/sites/cnb/figures\original\B_measured_INTERMAG_Bz.pdf
2026-10-07T01:25:31.825117Z INFO  main Reading 'HER' data for event '2024-05-10'
2026-10-07T01:25:31.833738Z INFO  main   Reading 'B/measured/INTERMAG' data for event '2024-05-10'
2026-10-07T01:25:31.836931Z INFO  main       Using HAPI INTERMAG data
2026-10-07T01:25:31.836931Z INFO  main       Reading HAPI INTERMAG site information
2026-10-07T01:25:36.792806Z INFO  main     Remove baseline then Resample to 1m aves and NaN pad or trim to start/stop.
2026-10-07T01:25:36.811974Z INFO  main     Writing C:\Users\lwilker\Documents\GitHub\SWERVE-data\data_processed\2024-05-10\sites\her\data\B_measured_INTERMAG.pkl
2026-10-07T01:25:36.820510Z INFO  main   Writing C:\Users\lwilker\Documents\GitHub\SWERVE-data\data_processed\2024-05-10\sites\her\data\_all.pkl
2026-10-07T01:25:36.825383Z INFO  main Computing stats for 'HER' data
2026-10-07T01:25:36.830509Z INFO  main   Uniq dts [ns] = [60000000000]
2026-10-07T01:25:36.831081Z INFO  main   Uniq dts [#]  = 1
2026-10-07T01:25:36.831081Z INFO  main   Stats for B/measured/INTERMAG:
2026-10-07T01:25:36.831081Z INFO  main 
    std: : [106.04237725286325, 52.50378146398708, 81.09800162415752, 101.09952888861348]
    ave: : [-183.13692307692304, 29.880598290597995, -54.55970085470246, 195.48018019288847]
    min: : [-413.90000000000146, -94.30000000000018, -305.59999999999854, 0.0]
    max: : [93.29999999999927, 212.89999999999964, 82.40000000000146, 414.20913799673855]
    n: 2341
    n_valid: : [2340, 2340, 2340, 2340]
    dt_original: : [60000000000]
2026-10-07T01:25:36.833794Z INFO  main Plotting 'HER' data for event '2024-05-10'
2026-10-07T01:25:36.835815Z INFO  main   Plotting 'HER/B/measured/INTERMAG' original vs. modified data for event '2024-05-10'
2026-10-07T01:25:40.616492Z INFO  main     Writing C:\Users\lwilker\Documents\GitHub\SWERVE-data\data_processed/2024-05-10/sites/her/figures\original\B_measured_INTERMAG_Bx.png
2026-10-07T01:25:41.051542Z INFO  main     Writing C:\Users\lwilker\Documents\GitHub\SWERVE-data\data_processed/2024-05-10/sites/her/figures\original\B_measured_INTERMAG_Bx.pdf
2026-10-07T01:25:41.240641Z INFO  main     Writing C:\Users\lwilker\Documents\GitHub\SWERVE-data\data_processed/2024-05-10/sites/her/figures\original\B_measured_INTERMAG_By.png
2026-10-07T01:25:41.646400Z INFO  main     Writing C:\Users\lwilker\Documents\GitHub\SWERVE-data\data_processed/2024-05-10/sites/her/figures\original\B_measured_INTERMAG_By.pdf
2026-10-07T01:25:41.825601Z INFO  main     Writing C:\Users\lwilker\Documents\GitHub\SWERVE-data\data_processed/2024-05-10/sites/her/figures\original\B_measured_INTERMAG_Bz.png
2026-10-07T01:25:42.262466Z INFO  main     Writing C:\Users\lwilker\Documents\GitHub\SWERVE-data\data_processed/2024-05-10/sites/her/figures\original\B_measured_INTERMAG_Bz.pdf
2026-10-07T01:25:42.532438Z INFO  main Reading 'PIL' data for event '2024-05-10'
2026-10-07T01:25:42.542675Z INFO  main   Reading 'B/measured/INTERMAG' data for event '2024-05-10'
2026-10-07T01:25:42.544732Z INFO  main       Using HAPI INTERMAG data
2026-10-07T01:25:42.544732Z INFO  main       Reading HAPI INTERMAG site information
2026-10-07T01:25:47.895746Z INFO  main     Remove baseline then Resample to 1m aves and NaN pad or trim to start/stop.
2026-10-07T01:25:47.914163Z INFO  main     Writing C:\Users\lwilker\Documents\GitHub\SWERVE-data\data_processed\2024-05-10\sites\pil\data\B_measured_INTERMAG.pkl
2026-10-07T01:25:47.924763Z INFO  main   Writing C:\Users\lwilker\Documents\GitHub\SWERVE-data\data_processed\2024-05-10\sites\pil\data\_all.pkl
2026-10-07T01:25:47.928773Z INFO  main Computing stats for 'PIL' data
2026-10-07T01:25:47.928773Z INFO  main   Uniq dts [ns] = [60000000000]
2026-10-07T01:25:47.928773Z INFO  main   Uniq dts [#]  = 1
2026-10-07T01:25:47.928773Z INFO  main   Stats for B/measured/INTERMAG:
2026-10-07T01:25:47.928773Z INFO  main 
    std: : [139.38453556363396, 51.94244983573207, 26.276376874893028, 130.3509742869712]
    ave: : [-258.93935897435864, 19.924615384615304, -46.978888888888974, 269.40911691318433]
    min: : [-555.1000000000022, -137.5999999999999, -100.5, 0.0]
    max: : [114.79999999999927, 149.0, 22.299999999999272, 557.240926350535]
    n: 2341
    n_valid: : [2340, 2340, 2340, 2340]
    dt_original: : [60000000000]
2026-10-07T01:25:47.935585Z INFO  main Plotting 'PIL' data for event '2024-05-10'
2026-10-07T01:25:47.939947Z INFO  main   Plotting 'PIL/B/measured/INTERMAG' original vs. modified data for event '2024-05-10'
2026-10-07T01:25:51.532429Z INFO  main     Writing C:\Users\lwilker\Documents\GitHub\SWERVE-data\data_processed/2024-05-10/sites/pil/figures\original\B_measured_INTERMAG_Bx.png
2026-10-07T01:25:51.934215Z INFO  main     Writing C:\Users\lwilker\Documents\GitHub\SWERVE-data\data_processed/2024-05-10/sites/pil/figures\original\B_measured_INTERMAG_Bx.pdf
2026-10-07T01:25:52.125836Z INFO  main     Writing C:\Users\lwilker\Documents\GitHub\SWERVE-data\data_processed/2024-05-10/sites/pil/figures\original\B_measured_INTERMAG_By.png
2026-10-07T01:25:52.576906Z INFO  main     Writing C:\Users\lwilker\Documents\GitHub\SWERVE-data\data_processed/2024-05-10/sites/pil/figures\original\B_measured_INTERMAG_By.pdf
2026-10-07T01:25:52.879609Z INFO  main     Writing C:\Users\lwilker\Documents\GitHub\SWERVE-data\data_processed/2024-05-10/sites/pil/figures\original\B_measured_INTERMAG_Bz.png
2026-10-07T01:25:53.325687Z INFO  main     Writing C:\Users\lwilker\Documents\GitHub\SWERVE-data\data_processed/2024-05-10/sites/pil/figures\original\B_measured_INTERMAG_Bz.pdf
2026-10-07T01:25:53.607408Z INFO  main Reading 'GNG' data for event '2024-05-10'
2026-10-07T01:25:53.618791Z INFO  main   Reading 'B/measured/INTERMAG' data for event '2024-05-10'
2026-10-07T01:25:53.622623Z INFO  main       Using HAPI INTERMAG data
2026-10-07T01:25:53.622623Z INFO  main       Reading HAPI INTERMAG site information
2026-10-07T01:25:58.567301Z INFO  main     Remove baseline then Resample to 1m aves and NaN pad or trim to start/stop.
2026-10-07T01:25:58.586128Z INFO  main     Writing C:\Users\lwilker\Documents\GitHub\SWERVE-data\data_processed\2024-05-10\sites\gng\data\B_measured_INTERMAG.pkl
2026-10-07T01:25:58.596510Z INFO  main   Writing C:\Users\lwilker\Documents\GitHub\SWERVE-data\data_processed\2024-05-10\sites\gng\data\_all.pkl
2026-10-07T01:25:58.600464Z INFO  main Computing stats for 'GNG' data
2026-10-07T01:25:58.602592Z INFO  main   Uniq dts [ns] = [60000000000]
2026-10-07T01:25:58.602592Z INFO  main   Uniq dts [#]  = 1
2026-10-07T01:25:58.602592Z INFO  main   Stats for B/measured/INTERMAG:
2026-10-07T01:25:58.602592Z INFO  main 
    std: : [114.17407126725675, 56.21861691545129, 49.951412744948655, 110.19452024593188]
    ave: : [-225.04478632478546, 7.746282051282076, -29.304316239313312, 234.00551250554366]
    min: : [-513.5, -270.5, -213.59999999999854, 0.0]
    max: : [89.80000000000291, 185.60000000000008, 76.40000000000146, 518.5231431672072]
    n: 2341
    n_valid: : [2340, 2340, 2340, 2340]
    dt_original: : [60000000000]
2026-10-07T01:25:58.606520Z INFO  main Plotting 'GNG' data for event '2024-05-10'
2026-10-07T01:25:58.608959Z INFO  main   Plotting 'GNG/B/measured/INTERMAG' original vs. modified data for event '2024-05-10'
2026-10-07T01:26:02.279377Z INFO  main     Writing C:\Users\lwilker\Documents\GitHub\SWERVE-data\data_processed/2024-05-10/sites/gng/figures\original\B_measured_INTERMAG_Bx.png
2026-10-07T01:26:02.709544Z INFO  main     Writing C:\Users\lwilker\Documents\GitHub\SWERVE-data\data_processed/2024-05-10/sites/gng/figures\original\B_measured_INTERMAG_Bx.pdf
2026-10-07T01:26:02.902606Z INFO  main     Writing C:\Users\lwilker\Documents\GitHub\SWERVE-data\data_processed/2024-05-10/sites/gng/figures\original\B_measured_INTERMAG_By.png
2026-10-07T01:26:03.367470Z INFO  main     Writing C:\Users\lwilker\Documents\GitHub\SWERVE-data\data_processed/2024-05-10/sites/gng/figures\original\B_measured_INTERMAG_By.pdf
2026-10-07T01:26:03.557979Z INFO  main     Writing C:\Users\lwilker\Documents\GitHub\SWERVE-data\data_processed/2024-05-10/sites/gng/figures\original\B_measured_INTERMAG_Bz.png
2026-10-07T01:26:03.992357Z INFO  main     Writing C:\Users\lwilker\Documents\GitHub\SWERVE-data\data_processed/2024-05-10/sites/gng/figures\original\B_measured_INTERMAG_Bz.pdf
2026-10-07T01:26:04.280489Z INFO  main Reading 'IPM' data for event '2024-05-10'
2026-10-07T01:26:04.295514Z INFO  main   Reading 'B/measured/INTERMAG' data for event '2024-05-10'
2026-10-07T01:26:04.297513Z INFO  main       Using HAPI INTERMAG data
2026-10-07T01:26:04.297513Z INFO  main       Reading HAPI INTERMAG site information
2026-10-07T01:26:09.370401Z INFO  main     Remove baseline then Resample to 1m aves and NaN pad or trim to start/stop.
2026-10-07T01:26:09.390627Z INFO  main     Writing C:\Users\lwilker\Documents\GitHub\SWERVE-data\data_processed\2024-05-10\sites\ipm\data\B_measured_INTERMAG.pkl
2026-10-07T01:26:09.401210Z INFO  main   Writing C:\Users\lwilker\Documents\GitHub\SWERVE-data\data_processed\2024-05-10\sites\ipm\data\_all.pkl
2026-10-07T01:26:09.406366Z INFO  main Computing stats for 'IPM' data
2026-10-07T01:26:09.412818Z INFO  main   Uniq dts [ns] = [60000000000]
2026-10-07T01:26:09.412818Z INFO  main   Uniq dts [#]  = 1
2026-10-07T01:26:09.412818Z INFO  main   Stats for B/measured/INTERMAG:
2026-10-07T01:26:09.412818Z INFO  main 
    std: : [143.23541749890194, 37.54621839333895, 20.70858496944091, 133.84071986547787]
    ave: : [-254.9026923076919, -4.522393162393477, -7.223205128205885, 262.6948793433953]
    min: : [-556.2999999999993, -144.20000000000027, -50.29999999999927, 0.0]
    max: : [88.90000000000146, 75.19999999999982, 37.89999999999782, 556.4472391880466]
    n: 2341
    n_valid: : [2340, 2340, 2340, 2340]
    dt_original: : [60000000000]
2026-10-07T01:26:09.413820Z INFO  main Plotting 'IPM' data for event '2024-05-10'
2026-10-07T01:26:09.416382Z INFO  main   Plotting 'IPM/B/measured/INTERMAG' original vs. modified data for event '2024-05-10'
2026-10-07T01:26:13.005512Z INFO  main     Writing C:\Users\lwilker\Documents\GitHub\SWERVE-data\data_processed/2024-05-10/sites/ipm/figures\original\B_measured_INTERMAG_Bx.png
2026-10-07T01:26:13.396227Z INFO  main     Writing C:\Users\lwilker\Documents\GitHub\SWERVE-data\data_processed/2024-05-10/sites/ipm/figures\original\B_measured_INTERMAG_Bx.pdf
2026-10-07T01:26:13.575369Z INFO  main     Writing C:\Users\lwilker\Documents\GitHub\SWERVE-data\data_processed/2024-05-10/sites/ipm/figures\original\B_measured_INTERMAG_By.png
2026-10-07T01:26:13.996634Z INFO  main     Writing C:\Users\lwilker\Documents\GitHub\SWERVE-data\data_processed/2024-05-10/sites/ipm/figures\original\B_measured_INTERMAG_By.pdf
2026-10-07T01:26:14.165424Z INFO  main     Writing C:\Users\lwilker\Documents\GitHub\SWERVE-data\data_processed/2024-05-10/sites/ipm/figures\original\B_measured_INTERMAG_Bz.png
2026-10-07T01:26:14.580465Z INFO  main     Writing C:\Users\lwilker\Documents\GitHub\SWERVE-data\data_processed/2024-05-10/sites/ipm/figures\original\B_measured_INTERMAG_Bz.pdf
2026-10-07T01:26:14.843114Z INFO  main Reading 'KMH' data for event '2024-05-10'
2026-10-07T01:26:14.852034Z INFO  main   Reading 'B/measured/INTERMAG' data for event '2024-05-10'
2026-10-07T01:26:14.855076Z INFO  main       Using HAPI INTERMAG data
2026-10-07T01:26:14.855076Z INFO  main       Reading HAPI INTERMAG site information
2026-10-07T01:26:20.604843Z INFO  main     Remove baseline then Resample to 1m aves and NaN pad or trim to start/stop.
2026-10-07T01:26:20.619162Z INFO  main     Writing C:\Users\lwilker\Documents\GitHub\SWERVE-data\data_processed\2024-05-10\sites\kmh\data\B_measured_INTERMAG.pkl
2026-10-07T01:26:20.631911Z INFO  main   Writing C:\Users\lwilker\Documents\GitHub\SWERVE-data\data_processed\2024-05-10\sites\kmh\data\_all.pkl
2026-10-07T01:26:20.634911Z INFO  main Computing stats for 'KMH' data
2026-10-07T01:26:20.641279Z INFO  main   Uniq dts [ns] = [60000000000]
2026-10-07T01:26:20.641279Z INFO  main   Uniq dts [#]  = 1
2026-10-07T01:26:20.641279Z INFO  main   Stats for B/measured/INTERMAG:
2026-10-07T01:26:20.642282Z INFO  main 
    std: : [116.64195173099606, 45.990992376226956, 30.632245506329294, 110.9423381127761]
    ave: : [-208.8651282051283, 28.91589743589732, -36.89769230769296, 218.79918830312036]
    min: : [-455.59999999999854, -81.80000000000018, -140.90000000000146, 0.0]
    max: : [98.10000000000036, 174.5, 17.0, 455.63441485471515]
    n: 2341
    n_valid: : [2340, 2340, 2340, 2340]
    dt_original: : [60000000000]
2026-10-07T01:26:20.642918Z INFO  main Plotting 'KMH' data for event '2024-05-10'
2026-10-07T01:26:20.645228Z INFO  main   Plotting 'KMH/B/measured/INTERMAG' original vs. modified data for event '2024-05-10'
2026-10-07T01:26:24.362062Z INFO  main     Writing C:\Users\lwilker\Documents\GitHub\SWERVE-data\data_processed/2024-05-10/sites/kmh/figures\original\B_measured_INTERMAG_Bx.png
2026-10-07T01:26:24.813070Z INFO  main     Writing C:\Users\lwilker\Documents\GitHub\SWERVE-data\data_processed/2024-05-10/sites/kmh/figures\original\B_measured_INTERMAG_Bx.pdf
2026-10-07T01:26:25.009726Z INFO  main     Writing C:\Users\lwilker\Documents\GitHub\SWERVE-data\data_processed/2024-05-10/sites/kmh/figures\original\B_measured_INTERMAG_By.png
2026-10-07T01:26:25.498428Z INFO  main     Writing C:\Users\lwilker\Documents\GitHub\SWERVE-data\data_processed/2024-05-10/sites/kmh/figures\original\B_measured_INTERMAG_By.pdf
2026-10-07T01:26:25.670086Z INFO  main     Writing C:\Users\lwilker\Documents\GitHub\SWERVE-data\data_processed/2024-05-10/sites/kmh/figures\original\B_measured_INTERMAG_Bz.png
2026-10-07T01:26:26.103775Z INFO  main     Writing C:\Users\lwilker\Documents\GitHub\SWERVE-data\data_processed/2024-05-10/sites/kmh/figures\original\B_measured_INTERMAG_Bz.pdf
2026-10-07T01:26:26.431526Z INFO  main Reading 'HBK' data for event '2024-05-10'
2026-10-07T01:26:26.437751Z INFO  main   Reading 'B/measured/INTERMAG' data for event '2024-05-10'
2026-10-07T01:26:26.442075Z INFO  main       Using HAPI INTERMAG data
2026-10-07T01:26:26.442075Z INFO  main       Reading HAPI INTERMAG site information
2026-10-07T01:26:32.858597Z INFO  main     Remove baseline then Resample to 1m aves and NaN pad or trim to start/stop.
2026-10-07T01:26:32.884661Z INFO  main     Writing C:\Users\lwilker\Documents\GitHub\SWERVE-data\data_processed\2024-05-10\sites\hbk\data\B_measured_INTERMAG.pkl
2026-10-07T01:26:32.895562Z INFO  main   Writing C:\Users\lwilker\Documents\GitHub\SWERVE-data\data_processed\2024-05-10\sites\hbk\data\_all.pkl
2026-10-07T01:26:32.903593Z INFO  main Computing stats for 'HBK' data
2026-10-07T01:26:32.908598Z INFO  main   Uniq dts [ns] = [60000000000]
2026-10-07T01:26:32.908598Z INFO  main   Uniq dts [#]  = 1
2026-10-07T01:26:32.908598Z INFO  main   Stats for B/measured/INTERMAG:
2026-10-07T01:26:32.908598Z INFO  main 
    std: : [114.23592673035361, 47.46618478429117, 24.8053610973174, 109.06838869405594]
    ave: : [-206.66931623931632, 36.666495726495796, -24.327051282051745, 217.86144777194738]
    min: : [-436.89999999999964, -75.19999999999982, -113.5, 0.0]
    max: : [93.30000000000109, 177.69999999999982, 33.5, 437.7029357909308]
    n: 2341
    n_valid: : [2340, 2340, 2340, 2340]
    dt_original: : [60000000000]
2026-10-07T01:26:32.911483Z INFO  main Plotting 'HBK' data for event '2024-05-10'
2026-10-07T01:26:32.913489Z INFO  main   Plotting 'HBK/B/measured/INTERMAG' original vs. modified data for event '2024-05-10'
2026-10-07T01:26:36.630634Z INFO  main     Writing C:\Users\lwilker\Documents\GitHub\SWERVE-data\data_processed/2024-05-10/sites/hbk/figures\original\B_measured_INTERMAG_Bx.png
2026-10-07T01:26:37.064515Z INFO  main     Writing C:\Users\lwilker\Documents\GitHub\SWERVE-data\data_processed/2024-05-10/sites/hbk/figures\original\B_measured_INTERMAG_Bx.pdf
2026-10-07T01:26:37.418692Z INFO  main     Writing C:\Users\lwilker\Documents\GitHub\SWERVE-data\data_processed/2024-05-10/sites/hbk/figures\original\B_measured_INTERMAG_By.png
2026-10-07T01:26:37.853223Z INFO  main     Writing C:\Users\lwilker\Documents\GitHub\SWERVE-data\data_processed/2024-05-10/sites/hbk/figures\original\B_measured_INTERMAG_By.pdf
2026-10-07T01:26:38.026060Z INFO  main     Writing C:\Users\lwilker\Documents\GitHub\SWERVE-data\data_processed/2024-05-10/sites/hbk/figures\original\B_measured_INTERMAG_Bz.png
2026-10-07T01:26:38.457440Z INFO  main     Writing C:\Users\lwilker\Documents\GitHub\SWERVE-data\data_processed/2024-05-10/sites/hbk/figures\original\B_measured_INTERMAG_Bz.pdf
2026-10-07T01:26:38.762665Z INFO  main Reading 'ASP' data for event '2024-05-10'
2026-10-07T01:26:38.777112Z INFO  main   Reading 'B/measured/INTERMAG' data for event '2024-05-10'
2026-10-07T01:26:38.780335Z INFO  main       Using HAPI INTERMAG data
2026-10-07T01:26:38.780335Z INFO  main       Reading HAPI INTERMAG site information
2026-10-07T01:26:44.161751Z INFO  main     Remove baseline then Resample to 1m aves and NaN pad or trim to start/stop.
2026-10-07T01:26:44.178130Z INFO  main     Writing C:\Users\lwilker\Documents\GitHub\SWERVE-data\data_processed\2024-05-10\sites\asp\data\B_measured_INTERMAG.pkl
2026-10-07T01:26:44.193611Z INFO  main   Writing C:\Users\lwilker\Documents\GitHub\SWERVE-data\data_processed\2024-05-10\sites\asp\data\_all.pkl
2026-10-07T01:26:44.198743Z INFO  main Computing stats for 'ASP' data
2026-10-07T01:26:44.205855Z INFO  main   Uniq dts [ns] = [60000000000]
2026-10-07T01:26:44.205855Z INFO  main   Uniq dts [#]  = 1
2026-10-07T01:26:44.207807Z INFO  main   Stats for B/measured/INTERMAG:
2026-10-07T01:26:44.208750Z INFO  main 
    std: : [115.76074415862385, 43.129377913492284, 26.14813085208679, 112.10616569153947]
    ave: : [-238.09914529914624, -10.047905982906059, -29.18756410256701, 243.89560092000414]
    min: : [-460.5, -185.9000000000001, -92.20000000000437, 0.0]
    max: : [86.89999999999782, 121.09999999999991, 18.099999999998545, 461.0690403833248]
    n: 2341
    n_valid: : [2340, 2340, 2340, 2340]
    dt_original: : [60000000000]
2026-10-07T01:26:44.209900Z INFO  main Plotting 'ASP' data for event '2024-05-10'
2026-10-07T01:26:44.213907Z INFO  main   Plotting 'ASP/B/measured/INTERMAG' original vs. modified data for event '2024-05-10'
2026-10-07T01:26:47.912375Z INFO  main     Writing C:\Users\lwilker\Documents\GitHub\SWERVE-data\data_processed/2024-05-10/sites/asp/figures\original\B_measured_INTERMAG_Bx.png
2026-10-07T01:26:48.338686Z INFO  main     Writing C:\Users\lwilker\Documents\GitHub\SWERVE-data\data_processed/2024-05-10/sites/asp/figures\original\B_measured_INTERMAG_Bx.pdf
2026-10-07T01:26:48.522335Z INFO  main     Writing C:\Users\lwilker\Documents\GitHub\SWERVE-data\data_processed/2024-05-10/sites/asp/figures\original\B_measured_INTERMAG_By.png
2026-10-07T01:26:48.971419Z INFO  main     Writing C:\Users\lwilker\Documents\GitHub\SWERVE-data\data_processed/2024-05-10/sites/asp/figures\original\B_measured_INTERMAG_By.pdf
2026-10-07T01:26:49.172259Z INFO  main     Writing C:\Users\lwilker\Documents\GitHub\SWERVE-data\data_processed/2024-05-10/sites/asp/figures\original\B_measured_INTERMAG_Bz.png
2026-10-07T01:26:49.643673Z INFO  main     Writing C:\Users\lwilker\Documents\GitHub\SWERVE-data\data_processed/2024-05-10/sites/asp/figures\original\B_measured_INTERMAG_Bz.pdf
2026-10-07T01:26:49.928705Z INFO  main Reading 'VSS' data for event '2024-05-10'
2026-10-07T01:26:49.941057Z INFO  main   Reading 'B/measured/INTERMAG' data for event '2024-05-10'
2026-10-07T01:26:49.944327Z INFO  main       Using HAPI INTERMAG data
2026-10-07T01:26:49.944327Z INFO  main       Reading HAPI INTERMAG site information
2026-10-07T01:26:55.223955Z INFO  main     Remove baseline then Resample to 1m aves and NaN pad or trim to start/stop.
2026-10-07T01:26:55.243752Z INFO  main     Writing C:\Users\lwilker\Documents\GitHub\SWERVE-data\data_processed\2024-05-10\sites\vss\data\B_measured_INTERMAG.pkl
2026-10-07T01:26:55.250566Z INFO  main   Writing C:\Users\lwilker\Documents\GitHub\SWERVE-data\data_processed\2024-05-10\sites\vss\data\_all.pkl
2026-10-07T01:26:55.256609Z INFO  main Computing stats for 'VSS' data
2026-10-07T01:26:55.263974Z INFO  main   Uniq dts [ns] = [60000000000]
2026-10-07T01:26:55.264976Z INFO  main   Uniq dts [#]  = 1
2026-10-07T01:26:55.264976Z INFO  main   Stats for B/measured/INTERMAG:
2026-10-07T01:26:55.265346Z INFO  main 
    std: : [143.65871196858737, 33.53747616284315, 28.065046500304735, 137.20343786296266]
    ave: : [-281.8872863247858, 32.29447435897411, -45.52393589743633, 288.86186964725096]
    min: : [-611.039999999999, -63.86999999999989, -134.25, 0.0]
    max: : [104.65999999999985, 155.63999999999942, 32.73999999999978, 614.9876962183869]
    n: 2341
    n_valid: : [2340, 2340, 2340, 2340]
    dt_original: : [60000000000]
2026-10-07T01:26:55.265346Z INFO  main Plotting 'VSS' data for event '2024-05-10'
2026-10-07T01:26:55.265346Z INFO  main   Plotting 'VSS/B/measured/INTERMAG' original vs. modified data for event '2024-05-10'
2026-10-07T01:26:58.789750Z INFO  main     Writing C:\Users\lwilker\Documents\GitHub\SWERVE-data\data_processed/2024-05-10/sites/vss/figures\original\B_measured_INTERMAG_Bx.png
2026-10-07T01:26:59.213088Z INFO  main     Writing C:\Users\lwilker\Documents\GitHub\SWERVE-data\data_processed/2024-05-10/sites/vss/figures\original\B_measured_INTERMAG_Bx.pdf
2026-10-07T01:26:59.401390Z INFO  main     Writing C:\Users\lwilker\Documents\GitHub\SWERVE-data\data_processed/2024-05-10/sites/vss/figures\original\B_measured_INTERMAG_By.png
2026-10-07T01:26:59.813845Z INFO  main     Writing C:\Users\lwilker\Documents\GitHub\SWERVE-data\data_processed/2024-05-10/sites/vss/figures\original\B_measured_INTERMAG_By.pdf
2026-10-07T01:26:59.976884Z INFO  main     Writing C:\Users\lwilker\Documents\GitHub\SWERVE-data\data_processed/2024-05-10/sites/vss/figures\original\B_measured_INTERMAG_Bz.png
2026-10-07T01:27:00.411636Z INFO  main     Writing C:\Users\lwilker\Documents\GitHub\SWERVE-data\data_processed/2024-05-10/sites/vss/figures\original\B_measured_INTERMAG_Bz.pdf
2026-10-07T01:27:00.684605Z INFO  main Reading 'LRM' data for event '2024-05-10'
2026-10-07T01:27:00.696632Z INFO  main   Reading 'B/measured/INTERMAG' data for event '2024-05-10'
2026-10-07T01:27:00.699584Z INFO  main       Using HAPI INTERMAG data
2026-10-07T01:27:00.699584Z INFO  main       Reading HAPI INTERMAG site information
2026-10-07T01:27:05.618779Z INFO  main     Remove baseline then Resample to 1m aves and NaN pad or trim to start/stop.
2026-10-07T01:27:05.643649Z INFO  main     Writing C:\Users\lwilker\Documents\GitHub\SWERVE-data\data_processed\2024-05-10\sites\lrm\data\B_measured_INTERMAG.pkl
2026-10-07T01:27:05.654714Z INFO  main   Writing C:\Users\lwilker\Documents\GitHub\SWERVE-data\data_processed\2024-05-10\sites\lrm\data\_all.pkl
2026-10-07T01:27:05.662425Z INFO  main Computing stats for 'LRM' data
2026-10-07T01:27:05.669405Z INFO  main   Uniq dts [ns] = [60000000000]
2026-10-07T01:27:05.669405Z INFO  main   Uniq dts [#]  = 1
2026-10-07T01:27:05.669405Z INFO  main   Stats for B/measured/INTERMAG:
2026-10-07T01:27:05.670405Z INFO  main 
    std: : [117.08168266001586, 38.40202780347039, 54.75755359812869, 112.59295950182484]
    ave: : [-240.04982905982894, 13.924017094017097, -5.796538461537001, 245.60834739118263]
    min: : [-471.5, -167.20000000000002, -211.6999999999971, 0.0]
    max: : [100.79999999999927, 150.1, 135.8000000000029, 471.9184781294321]
    n: 2341
    n_valid: : [2340, 2340, 2340, 2340]
    dt_original: : [60000000000]
2026-10-07T01:27:05.671528Z INFO  main Plotting 'LRM' data for event '2024-05-10'
2026-10-07T01:27:05.674884Z INFO  main   Plotting 'LRM/B/measured/INTERMAG' original vs. modified data for event '2024-05-10'
2026-10-07T01:27:09.605404Z INFO  main     Writing C:\Users\lwilker\Documents\GitHub\SWERVE-data\data_processed/2024-05-10/sites/lrm/figures\original\B_measured_INTERMAG_Bx.png
2026-10-07T01:27:10.041132Z INFO  main     Writing C:\Users\lwilker\Documents\GitHub\SWERVE-data\data_processed/2024-05-10/sites/lrm/figures\original\B_measured_INTERMAG_Bx.pdf
2026-10-07T01:27:10.227024Z INFO  main     Writing C:\Users\lwilker\Documents\GitHub\SWERVE-data\data_processed/2024-05-10/sites/lrm/figures\original\B_measured_INTERMAG_By.png
2026-10-07T01:27:10.678521Z INFO  main     Writing C:\Users\lwilker\Documents\GitHub\SWERVE-data\data_processed/2024-05-10/sites/lrm/figures\original\B_measured_INTERMAG_By.pdf
2026-10-07T01:27:10.854090Z INFO  main     Writing C:\Users\lwilker\Documents\GitHub\SWERVE-data\data_processed/2024-05-10/sites/lrm/figures\original\B_measured_INTERMAG_Bz.png
2026-10-07T01:27:11.313173Z INFO  main     Writing C:\Users\lwilker\Documents\GitHub\SWERVE-data\data_processed/2024-05-10/sites/lrm/figures\original\B_measured_INTERMAG_Bz.pdf
2026-10-07T01:27:11.622355Z INFO  main Reading 'REU' data for event '2024-05-10'
2026-10-07T01:27:11.630501Z INFO  main   Reading 'B/measured/INTERMAG' data for event '2024-05-10'
2026-10-07T01:27:11.631985Z INFO  main       Using HAPI INTERMAG data
2026-10-07T01:27:11.632984Z INFO  main       Reading HAPI INTERMAG site information
2026-10-07T01:27:16.725131Z ERROR main     Not computing modified due to error: All data values are NaN
2026-10-07T01:27:16.736033Z INFO  main   Writing C:\Users\lwilker\Documents\GitHub\SWERVE-data\data_processed\2024-05-10\sites\reu\data\_all.pkl
2026-10-07T01:27:16.738032Z INFO  main Computing stats for 'REU' data
2026-10-07T01:27:16.741520Z INFO  main Plotting 'REU' data for event '2024-05-10'
2026-10-07T01:27:16.744530Z INFO  main   Plotting 'REU/B/measured/INTERMAG' original vs. modified data for event '2024-05-10'
2026-10-07T01:27:17.348860Z INFO  main     Writing C:\Users\lwilker\Documents\GitHub\SWERVE-data\data_processed/2024-05-10/sites/reu/figures\original\B_measured_INTERMAG.png
2026-10-07T01:27:17.624572Z INFO  main     Writing C:\Users\lwilker\Documents\GitHub\SWERVE-data\data_processed/2024-05-10/sites/reu/figures\original\B_measured_INTERMAG.pdf
2026-10-07T01:27:17.756280Z INFO  main Reading 'CTA' data for event '2024-05-10'
2026-10-07T01:27:17.764920Z INFO  main   Reading 'B/measured/INTERMAG' data for event '2024-05-10'
2026-10-07T01:27:17.768730Z INFO  main       Using HAPI INTERMAG data
2026-10-07T01:27:17.769744Z INFO  main       Reading HAPI INTERMAG site information
2026-10-07T01:27:23.017909Z INFO  main     Remove baseline then Resample to 1m aves and NaN pad or trim to start/stop.
2026-10-07T01:27:23.034259Z INFO  main     Writing C:\Users\lwilker\Documents\GitHub\SWERVE-data\data_processed\2024-05-10\sites\cta\data\B_measured_INTERMAG.pkl
2026-10-07T01:27:23.045803Z INFO  main   Writing C:\Users\lwilker\Documents\GitHub\SWERVE-data\data_processed\2024-05-10\sites\cta\data\_all.pkl
2026-10-07T01:27:23.048554Z INFO  main Computing stats for 'CTA' data
2026-10-07T01:27:23.052588Z INFO  main   Uniq dts [ns] = [60000000000]
2026-10-07T01:27:23.052588Z INFO  main   Uniq dts [#]  = 1
2026-10-07T01:27:23.054592Z INFO  main   Stats for B/measured/INTERMAG:
2026-10-07T01:27:23.054592Z INFO  main 
    std: : [115.96566052072025, 45.86900926855889, 25.29587275882481, 113.16222791263083]
    ave: : [-240.00175213675223, -20.34478632478631, -24.76995726495728, 246.49759017979903]
    min: : [-491.7999999999993, -179.69999999999982, -79.19999999999709, 0.0]
    max: : [83.70000000000073, 104.30000000000018, 31.599999999998545, 500.5869055418849]
    n: 2341
    n_valid: : [2340, 2340, 2340, 2340]
    dt_original: : [60000000000]
2026-10-07T01:27:23.054592Z INFO  main Plotting 'CTA' data for event '2024-05-10'
2026-10-07T01:27:23.058439Z INFO  main   Plotting 'CTA/B/measured/INTERMAG' original vs. modified data for event '2024-05-10'
2026-10-07T01:27:26.669469Z INFO  main     Writing C:\Users\lwilker\Documents\GitHub\SWERVE-data\data_processed/2024-05-10/sites/cta/figures\original\B_measured_INTERMAG_Bx.png
2026-10-07T01:27:27.119596Z INFO  main     Writing C:\Users\lwilker\Documents\GitHub\SWERVE-data\data_processed/2024-05-10/sites/cta/figures\original\B_measured_INTERMAG_Bx.pdf
2026-10-07T01:27:27.331963Z INFO  main     Writing C:\Users\lwilker\Documents\GitHub\SWERVE-data\data_processed/2024-05-10/sites/cta/figures\original\B_measured_INTERMAG_By.png
2026-10-07T01:27:27.764071Z INFO  main     Writing C:\Users\lwilker\Documents\GitHub\SWERVE-data\data_processed/2024-05-10/sites/cta/figures\original\B_measured_INTERMAG_By.pdf
2026-10-07T01:27:27.936075Z INFO  main     Writing C:\Users\lwilker\Documents\GitHub\SWERVE-data\data_processed/2024-05-10/sites/cta/figures\original\B_measured_INTERMAG_Bz.png
2026-10-07T01:27:28.388186Z INFO  main     Writing C:\Users\lwilker\Documents\GitHub\SWERVE-data\data_processed/2024-05-10/sites/cta/figures\original\B_measured_INTERMAG_Bz.pdf
2026-10-07T01:27:28.684628Z INFO  main Reading 'TSU' data for event '2024-05-10'
2026-10-07T01:27:28.694539Z INFO  main   Reading 'B/measured/INTERMAG' data for event '2024-05-10'
2026-10-07T01:27:28.697521Z INFO  main       Using HAPI INTERMAG data
2026-10-07T01:27:28.697521Z INFO  main       Reading HAPI INTERMAG site information
2026-10-07T01:27:35.394829Z INFO  main     Remove baseline then Resample to 1m aves and NaN pad or trim to start/stop.
2026-10-07T01:27:35.413822Z INFO  main     Writing C:\Users\lwilker\Documents\GitHub\SWERVE-data\data_processed\2024-05-10\sites\tsu\data\B_measured_INTERMAG.pkl
2026-10-07T01:27:35.420884Z INFO  main   Writing C:\Users\lwilker\Documents\GitHub\SWERVE-data\data_processed\2024-05-10\sites\tsu\data\_all.pkl
2026-10-07T01:27:35.424889Z INFO  main Computing stats for 'TSU' data
2026-10-07T01:27:35.431738Z INFO  main   Uniq dts [ns] = [60000000000]
2026-10-07T01:27:35.431738Z INFO  main   Uniq dts [#]  = 1
2026-10-07T01:27:35.431738Z INFO  main   Stats for B/measured/INTERMAG:
2026-10-07T01:27:35.431738Z INFO  main 
    std: : [126.1954099293838, 42.05844198425955, 21.09643632055778, 120.0311563007226]
    ave: : [-230.3479487179491, 25.084102564102643, -35.49833333333412, 238.69668038435978]
    min: : [-509.2000000000007, -75.40000000000009, -106.80000000000291, 0.0]
    max: : [103.09999999999854, 142.9000000000001, 14.0, 509.2509008337646]
    n: 2341
    n_valid: : [2340, 2340, 2340, 2340]
    dt_original: : [60000000000]
2026-10-07T01:27:35.433739Z INFO  main Plotting 'TSU' data for event '2024-05-10'
2026-10-07T01:27:35.434204Z INFO  main   Plotting 'TSU/B/measured/INTERMAG' original vs. modified data for event '2024-05-10'
2026-10-07T01:27:39.152059Z INFO  main     Writing C:\Users\lwilker\Documents\GitHub\SWERVE-data\data_processed/2024-05-10/sites/tsu/figures\original\B_measured_INTERMAG_Bx.png
2026-10-07T01:27:39.580053Z INFO  main     Writing C:\Users\lwilker\Documents\GitHub\SWERVE-data\data_processed/2024-05-10/sites/tsu/figures\original\B_measured_INTERMAG_Bx.pdf
2026-10-07T01:27:39.744651Z INFO  main     Writing C:\Users\lwilker\Documents\GitHub\SWERVE-data\data_processed/2024-05-10/sites/tsu/figures\original\B_measured_INTERMAG_By.png
2026-10-07T01:27:40.193995Z INFO  main     Writing C:\Users\lwilker\Documents\GitHub\SWERVE-data\data_processed/2024-05-10/sites/tsu/figures\original\B_measured_INTERMAG_By.pdf
2026-10-07T01:27:40.390784Z INFO  main     Writing C:\Users\lwilker\Documents\GitHub\SWERVE-data\data_processed/2024-05-10/sites/tsu/figures\original\B_measured_INTERMAG_Bz.png
2026-10-07T01:27:40.821609Z INFO  main     Writing C:\Users\lwilker\Documents\GitHub\SWERVE-data\data_processed/2024-05-10/sites/tsu/figures\original\B_measured_INTERMAG_Bz.pdf
2026-10-07T01:27:41.111119Z INFO  main Reading 'PPT' data for event '2024-05-10'
2026-10-07T01:27:41.120650Z INFO  main   Reading 'B/measured/INTERMAG' data for event '2024-05-10'
2026-10-07T01:27:41.124177Z INFO  main       Using HAPI INTERMAG data
2026-10-07T01:27:41.124177Z INFO  main       Reading HAPI INTERMAG site information
2026-10-07T01:27:46.187777Z INFO  main     Remove baseline then Resample to 1m aves and NaN pad or trim to start/stop.
2026-10-07T01:27:46.203125Z INFO  main     Writing C:\Users\lwilker\Documents\GitHub\SWERVE-data\data_processed\2024-05-10\sites\ppt\data\B_measured_INTERMAG.pkl
2026-10-07T01:27:46.211304Z INFO  main   Writing C:\Users\lwilker\Documents\GitHub\SWERVE-data\data_processed\2024-05-10\sites\ppt\data\_all.pkl
2026-10-07T01:27:46.215283Z INFO  main Computing stats for 'PPT' data
2026-10-07T01:27:46.215283Z INFO  main   Uniq dts [ns] = [60000000000]
2026-10-07T01:27:46.215283Z INFO  main   Uniq dts [#]  = 1
2026-10-07T01:27:46.215283Z INFO  main   Stats for B/measured/INTERMAG:
2026-10-07T01:27:46.215283Z INFO  main 
    std: : [141.4575532782682, 38.97102870217161, 25.919063701048138, 139.32637272017615]
    ave: : [-230.42129391602336, -55.414395886889636, -6.169880034277361, 241.41638362725402]
    min: : [-504.0, -172.30000000000018, -93.10000000000218, 0.0]
    max: : [73.60000000000218, 10.699999999999818, 72.79999999999927, 518.5301244865142]
    n: 2341
    n_valid: : [2334, 2334, 2334, 2334]
    dt_original: : [60000000000]
2026-10-07T01:27:46.221621Z INFO  main Plotting 'PPT' data for event '2024-05-10'
2026-10-07T01:27:46.223627Z INFO  main   Plotting 'PPT/B/measured/INTERMAG' original vs. modified data for event '2024-05-10'
2026-10-07T01:27:50.059079Z INFO  main     Writing C:\Users\lwilker\Documents\GitHub\SWERVE-data\data_processed/2024-05-10/sites/ppt/figures\original\B_measured_INTERMAG_Bx.png
2026-10-07T01:27:50.507853Z INFO  main     Writing C:\Users\lwilker\Documents\GitHub\SWERVE-data\data_processed/2024-05-10/sites/ppt/figures\original\B_measured_INTERMAG_Bx.pdf
2026-10-07T01:27:50.720506Z INFO  main     Writing C:\Users\lwilker\Documents\GitHub\SWERVE-data\data_processed/2024-05-10/sites/ppt/figures\original\B_measured_INTERMAG_By.png
2026-10-07T01:27:51.138360Z INFO  main     Writing C:\Users\lwilker\Documents\GitHub\SWERVE-data\data_processed/2024-05-10/sites/ppt/figures\original\B_measured_INTERMAG_By.pdf
2026-10-07T01:27:51.324669Z INFO  main     Writing C:\Users\lwilker\Documents\GitHub\SWERVE-data\data_processed/2024-05-10/sites/ppt/figures\original\B_measured_INTERMAG_Bz.png
2026-10-07T01:27:51.768754Z INFO  main     Writing C:\Users\lwilker\Documents\GitHub\SWERVE-data\data_processed/2024-05-10/sites/ppt/figures\original\B_measured_INTERMAG_Bz.pdf
2026-10-07T01:27:52.093677Z INFO  main Reading 'SHE' data for event '2024-05-10'
2026-10-07T01:27:52.103436Z INFO  main   Reading 'B/measured/INTERMAG' data for event '2024-05-10'
2026-10-07T01:27:52.106567Z INFO  main       Using HAPI INTERMAG data
2026-10-07T01:27:52.107571Z INFO  main       Reading HAPI INTERMAG site information
2026-10-07T01:27:56.729968Z INFO  main     Remove baseline then Resample to 1m aves and NaN pad or trim to start/stop.
2026-10-07T01:27:56.752613Z INFO  main     Writing C:\Users\lwilker\Documents\GitHub\SWERVE-data\data_processed\2024-05-10\sites\she\data\B_measured_INTERMAG.pkl
2026-10-07T01:27:56.764603Z INFO  main   Writing C:\Users\lwilker\Documents\GitHub\SWERVE-data\data_processed\2024-05-10\sites\she\data\_all.pkl
2026-10-07T01:27:56.769890Z INFO  main Computing stats for 'SHE' data
2026-10-07T01:27:56.776250Z INFO  main   Uniq dts [ns] = [60000000000]
2026-10-07T01:27:56.776250Z INFO  main   Uniq dts [#]  = 1
2026-10-07T01:27:56.776250Z INFO  main   Stats for B/measured/INTERMAG:
2026-10-07T01:27:56.776250Z INFO  main 
    std: : [139.95168997439302, 34.86636409704984, 12.922211134902813, 135.01091497915385]
    ave: : [-247.494746835443, 34.61133398247292, -27.41792112950199, 255.00154089674544]
    min: : [-566.3799999999992, -41.83000000000038, -52.93999999999869, 0.0]
    max: : [81.19000000000051, 144.04999999999973, 10.75, 570.934309093436]
    n: 2341
    n_valid: : [2054, 2054, 2054, 2054]
    dt_original: : [60000000000]
2026-10-07T01:27:56.778240Z INFO  main Plotting 'SHE' data for event '2024-05-10'
2026-10-07T01:27:56.782839Z INFO  main   Plotting 'SHE/B/measured/INTERMAG' original vs. modified data for event '2024-05-10'
2026-10-07T01:28:00.277776Z INFO  main     Writing C:\Users\lwilker\Documents\GitHub\SWERVE-data\data_processed/2024-05-10/sites/she/figures\original\B_measured_INTERMAG_Bx.png
2026-10-07T01:28:00.717054Z INFO  main     Writing C:\Users\lwilker\Documents\GitHub\SWERVE-data\data_processed/2024-05-10/sites/she/figures\original\B_measured_INTERMAG_Bx.pdf
2026-10-07T01:28:01.022338Z INFO  main     Writing C:\Users\lwilker\Documents\GitHub\SWERVE-data\data_processed/2024-05-10/sites/she/figures\original\B_measured_INTERMAG_By.png
2026-10-07T01:28:01.462043Z INFO  main     Writing C:\Users\lwilker\Documents\GitHub\SWERVE-data\data_processed/2024-05-10/sites/she/figures\original\B_measured_INTERMAG_By.pdf
2026-10-07T01:28:01.635217Z INFO  main     Writing C:\Users\lwilker\Documents\GitHub\SWERVE-data\data_processed/2024-05-10/sites/she/figures\original\B_measured_INTERMAG_Bz.png
2026-10-07T01:28:02.055083Z INFO  main     Writing C:\Users\lwilker\Documents\GitHub\SWERVE-data\data_processed/2024-05-10/sites/she/figures\original\B_measured_INTERMAG_Bz.pdf
2026-10-07T01:28:02.334449Z INFO  main Reading 'API' data for event '2024-05-10'
2026-10-07T01:28:02.346230Z INFO  main   Reading 'B/measured/INTERMAG' data for event '2024-05-10'
2026-10-07T01:28:02.349292Z INFO  main       Using HAPI INTERMAG data
2026-10-07T01:28:02.350297Z INFO  main       Reading HAPI INTERMAG site information
2026-10-07T01:28:07.327251Z ERROR main     Not computing modified due to error: All data values are NaN
2026-10-07T01:28:07.334826Z INFO  main   Writing C:\Users\lwilker\Documents\GitHub\SWERVE-data\data_processed\2024-05-10\sites\api\data\_all.pkl
2026-10-07T01:28:07.336848Z INFO  main Computing stats for 'API' data
2026-10-07T01:28:07.336848Z INFO  main Plotting 'API' data for event '2024-05-10'
2026-10-07T01:28:07.341706Z INFO  main   Plotting 'API/B/measured/INTERMAG' original vs. modified data for event '2024-05-10'
2026-10-07T01:28:07.940530Z INFO  main     Writing C:\Users\lwilker\Documents\GitHub\SWERVE-data\data_processed/2024-05-10/sites/api/figures\original\B_measured_INTERMAG.png
2026-10-07T01:28:08.253293Z INFO  main     Writing C:\Users\lwilker\Documents\GitHub\SWERVE-data\data_processed/2024-05-10/sites/api/figures\original\B_measured_INTERMAG.pdf
2026-10-07T01:28:08.381664Z INFO  main Reading 'KDU' data for event '2024-05-10'
2026-10-07T01:28:08.391919Z INFO  main   Reading 'B/measured/INTERMAG' data for event '2024-05-10'
2026-10-07T01:28:08.394139Z INFO  main       Using HAPI INTERMAG data
2026-10-07T01:28:08.395144Z INFO  main       Reading HAPI INTERMAG site information
2026-10-07T01:28:13.624287Z INFO  main     Remove baseline then Resample to 1m aves and NaN pad or trim to start/stop.
2026-10-07T01:28:13.640656Z INFO  main     Writing C:\Users\lwilker\Documents\GitHub\SWERVE-data\data_processed\2024-05-10\sites\kdu\data\B_measured_INTERMAG.pkl
2026-10-07T01:28:13.647542Z INFO  main   Writing C:\Users\lwilker\Documents\GitHub\SWERVE-data\data_processed\2024-05-10\sites\kdu\data\_all.pkl
2026-10-07T01:28:13.650542Z INFO  main Computing stats for 'KDU' data
2026-10-07T01:28:13.656550Z INFO  main   Uniq dts [ns] = [60000000000]
2026-10-07T01:28:13.656550Z INFO  main   Uniq dts [#]  = 1
2026-10-07T01:28:13.656550Z INFO  main   Stats for B/measured/INTERMAG:
2026-10-07T01:28:13.657551Z INFO  main 
    std: : [119.23584228715994, 31.794957013573654, 23.289999901158073, 115.73892386651835]
    ave: : [-239.12235042735384, -6.448162393162273, -14.533119658119631, 243.00963798128322]
    min: : [-477.90000000000146, -110.59999999999991, -84.5, 0.0]
    max: : [80.89999999999418, 85.5, 40.0, 477.9572888867806]
    n: 2341
    n_valid: : [2340, 2340, 2340, 2340]
    dt_original: : [60000000000]
2026-10-07T01:28:13.657551Z INFO  main Plotting 'KDU' data for event '2024-05-10'
2026-10-07T01:28:13.661080Z INFO  main   Plotting 'KDU/B/measured/INTERMAG' original vs. modified data for event '2024-05-10'
2026-10-07T01:28:17.555999Z INFO  main     Writing C:\Users\lwilker\Documents\GitHub\SWERVE-data\data_processed/2024-05-10/sites/kdu/figures\original\B_measured_INTERMAG_Bx.png
2026-10-07T01:28:17.987582Z INFO  main     Writing C:\Users\lwilker\Documents\GitHub\SWERVE-data\data_processed/2024-05-10/sites/kdu/figures\original\B_measured_INTERMAG_Bx.pdf
2026-10-07T01:28:18.153157Z INFO  main     Writing C:\Users\lwilker\Documents\GitHub\SWERVE-data\data_processed/2024-05-10/sites/kdu/figures\original\B_measured_INTERMAG_By.png
2026-10-07T01:28:18.607647Z INFO  main     Writing C:\Users\lwilker\Documents\GitHub\SWERVE-data\data_processed/2024-05-10/sites/kdu/figures\original\B_measured_INTERMAG_By.pdf
2026-10-07T01:28:18.790233Z INFO  main     Writing C:\Users\lwilker\Documents\GitHub\SWERVE-data\data_processed/2024-05-10/sites/kdu/figures\original\B_measured_INTERMAG_Bz.png
2026-10-07T01:28:19.237666Z INFO  main     Writing C:\Users\lwilker\Documents\GitHub\SWERVE-data\data_processed/2024-05-10/sites/kdu/figures\original\B_measured_INTERMAG_Bz.pdf
2026-10-07T01:28:19.562620Z INFO  main Reading 'CKI' data for event '2024-05-10'
2026-10-07T01:28:19.571218Z INFO  main   Reading 'B/measured/INTERMAG' data for event '2024-05-10'
2026-10-07T01:28:19.574222Z INFO  main       Using HAPI INTERMAG data
2026-10-07T01:28:19.574222Z INFO  main       Reading HAPI INTERMAG site information
2026-10-07T01:28:24.432695Z INFO  main     Remove baseline then Resample to 1m aves and NaN pad or trim to start/stop.
2026-10-07T01:28:24.450779Z INFO  main     Writing C:\Users\lwilker\Documents\GitHub\SWERVE-data\data_processed\2024-05-10\sites\cki\data\B_measured_INTERMAG.pkl
2026-10-07T01:28:24.457241Z INFO  main   Writing C:\Users\lwilker\Documents\GitHub\SWERVE-data\data_processed\2024-05-10\sites\cki\data\_all.pkl
2026-10-07T01:28:24.462814Z INFO  main Computing stats for 'CKI' data
2026-10-07T01:28:24.470225Z INFO  main   Uniq dts [ns] = [60000000000]
2026-10-07T01:28:24.470225Z INFO  main   Uniq dts [#]  = 1
2026-10-07T01:28:24.470225Z INFO  main   Stats for B/measured/INTERMAG:
2026-10-07T01:28:24.470225Z INFO  main 
    std: : [116.97110577250932, 23.183964238540796, 21.047727875425167, 112.80715877762125]
    ave: : [-236.20876068376174, 15.678846153846086, -26.5766666666676, 239.86388963837945]
    min: : [-464.70000000000437, -36.40000000000009, -87.10000000000218, 0.0]
    max: : [77.5, 94.89999999999986, 29.200000000000728, 465.82118886972506]
    n: 2341
    n_valid: : [2340, 2340, 2340, 2340]
    dt_original: : [60000000000]
2026-10-07T01:28:24.471332Z INFO  main Plotting 'CKI' data for event '2024-05-10'
2026-10-07T01:28:24.473587Z INFO  main   Plotting 'CKI/B/measured/INTERMAG' original vs. modified data for event '2024-05-10'
2026-10-07T01:28:28.175483Z INFO  main     Writing C:\Users\lwilker\Documents\GitHub\SWERVE-data\data_processed/2024-05-10/sites/cki/figures\original\B_measured_INTERMAG_Bx.png
2026-10-07T01:28:28.581863Z INFO  main     Writing C:\Users\lwilker\Documents\GitHub\SWERVE-data\data_processed/2024-05-10/sites/cki/figures\original\B_measured_INTERMAG_Bx.pdf
2026-10-07T01:28:28.799333Z INFO  main     Writing C:\Users\lwilker\Documents\GitHub\SWERVE-data\data_processed/2024-05-10/sites/cki/figures\original\B_measured_INTERMAG_By.png
2026-10-07T01:28:29.224305Z INFO  main     Writing C:\Users\lwilker\Documents\GitHub\SWERVE-data\data_processed/2024-05-10/sites/cki/figures\original\B_measured_INTERMAG_By.pdf
2026-10-07T01:28:29.568575Z INFO  main     Writing C:\Users\lwilker\Documents\GitHub\SWERVE-data\data_processed/2024-05-10/sites/cki/figures\original\B_measured_INTERMAG_Bz.png
2026-10-07T01:28:30.036160Z INFO  main     Writing C:\Users\lwilker\Documents\GitHub\SWERVE-data\data_processed/2024-05-10/sites/cki/figures\original\B_measured_INTERMAG_Bz.pdf
2026-10-07T01:28:30.342663Z INFO  main Reading 'HUA' data for event '2024-05-10'
2026-10-07T01:28:30.349350Z INFO  main   Reading 'B/measured/INTERMAG' data for event '2024-05-10'
2026-10-07T01:28:30.352414Z INFO  main       Using HAPI INTERMAG data
2026-10-07T01:28:30.352414Z INFO  main       Reading HAPI INTERMAG site information
2026-10-07T01:28:35.199242Z INFO  main     Remove baseline then Resample to 1m aves and NaN pad or trim to start/stop.
2026-10-07T01:28:35.224196Z INFO  main     Writing C:\Users\lwilker\Documents\GitHub\SWERVE-data\data_processed\2024-05-10\sites\hua\data\B_measured_INTERMAG.pkl
2026-10-07T01:28:35.234734Z INFO  main   Writing C:\Users\lwilker\Documents\GitHub\SWERVE-data\data_processed\2024-05-10\sites\hua\data\_all.pkl
2026-10-07T01:28:35.234734Z INFO  main Computing stats for 'HUA' data
2026-10-07T01:28:35.246520Z INFO  main   Uniq dts [ns] = [60000000000]
2026-10-07T01:28:35.247520Z INFO  main   Uniq dts [#]  = 1
2026-10-07T01:28:35.247520Z INFO  main   Stats for B/measured/INTERMAG:
2026-10-07T01:28:35.247520Z INFO  main 
    std: : [214.57938493710984, 45.54279233099478, 23.43878470727409, 173.71142124792604]
    ave: : [-385.54957264957363, 7.159829059829038, -36.60286324786319, 408.2187362478035]
    min: : [-762.1000000000022, -91.60000000000014, -103.10000000000002, 0.0]
    max: : [405.8999999999978, 120.0, 56.5, 764.2435802805302]
    n: 2341
    n_valid: : [2340, 2340, 2340, 2340]
    dt_original: : [60000000000]
2026-10-07T01:28:35.249532Z INFO  main Plotting 'HUA' data for event '2024-05-10'
2026-10-07T01:28:35.253485Z INFO  main   Plotting 'HUA/B/measured/INTERMAG' original vs. modified data for event '2024-05-10'
2026-10-07T01:28:38.964558Z INFO  main     Writing C:\Users\lwilker\Documents\GitHub\SWERVE-data\data_processed/2024-05-10/sites/hua/figures\original\B_measured_INTERMAG_Bx.png
2026-10-07T01:28:39.397512Z INFO  main     Writing C:\Users\lwilker\Documents\GitHub\SWERVE-data\data_processed/2024-05-10/sites/hua/figures\original\B_measured_INTERMAG_Bx.pdf
2026-10-07T01:28:39.604718Z INFO  main     Writing C:\Users\lwilker\Documents\GitHub\SWERVE-data\data_processed/2024-05-10/sites/hua/figures\original\B_measured_INTERMAG_By.png
2026-10-07T01:28:40.028964Z INFO  main     Writing C:\Users\lwilker\Documents\GitHub\SWERVE-data\data_processed/2024-05-10/sites/hua/figures\original\B_measured_INTERMAG_By.pdf
2026-10-07T01:28:40.210537Z INFO  main     Writing C:\Users\lwilker\Documents\GitHub\SWERVE-data\data_processed/2024-05-10/sites/hua/figures\original\B_measured_INTERMAG_Bz.png
2026-10-07T01:28:40.658092Z INFO  main     Writing C:\Users\lwilker\Documents\GitHub\SWERVE-data\data_processed/2024-05-10/sites/hua/figures\original\B_measured_INTERMAG_Bz.pdf
2026-10-07T01:28:40.967629Z INFO  main Reading 'ASC' data for event '2024-05-10'
2026-10-07T01:28:40.984405Z INFO  main   Reading 'B/measured/INTERMAG' data for event '2024-05-10'
2026-10-07T01:28:40.986329Z INFO  main       Using HAPI INTERMAG data
2026-10-07T01:28:40.986329Z INFO  main       Reading HAPI INTERMAG site information
2026-10-07T01:28:46.383936Z INFO  main     Remove baseline then Resample to 1m aves and NaN pad or trim to start/stop.
2026-10-07T01:28:46.403053Z INFO  main     Writing C:\Users\lwilker\Documents\GitHub\SWERVE-data\data_processed\2024-05-10\sites\asc\data\B_measured_INTERMAG.pkl
2026-10-07T01:28:46.411456Z INFO  main   Writing C:\Users\lwilker\Documents\GitHub\SWERVE-data\data_processed\2024-05-10\sites\asc\data\_all.pkl
2026-10-07T01:28:46.415089Z INFO  main Computing stats for 'ASC' data
2026-10-07T01:28:46.421382Z INFO  main   Uniq dts [ns] = [60000000000]
2026-10-07T01:28:46.421382Z INFO  main   Uniq dts [#]  = 1
2026-10-07T01:28:46.421382Z INFO  main   Stats for B/measured/INTERMAG:
2026-10-07T01:28:46.422392Z INFO  main 
    std: : [141.56729175383262, 36.79301806979525, 10.662360018789588, 138.23938161185097]
    ave: : [-296.0640769813752, 40.70119724609389, -21.75564102563955, 302.64735713511703]
    min: : [-610.3898336657949, -40.781554449739815, -45.89999999999782, 0.0]
    max: : [60.611643018073664, 152.65277871009948, 2.8000000000029104, 617.5926452928458]
    n: 2341
    n_valid: : [2340, 2340, 2340, 2340]
    dt_original: : [60000000000]
2026-10-07T01:28:46.423861Z INFO  main Plotting 'ASC' data for event '2024-05-10'
2026-10-07T01:28:46.426540Z INFO  main   Plotting 'ASC/B/measured/INTERMAG' original vs. modified data for event '2024-05-10'
2026-10-07T01:28:50.097674Z INFO  main     Writing C:\Users\lwilker\Documents\GitHub\SWERVE-data\data_processed/2024-05-10/sites/asc/figures\original\B_measured_INTERMAG_Bx.png
2026-10-07T01:28:50.536754Z INFO  main     Writing C:\Users\lwilker\Documents\GitHub\SWERVE-data\data_processed/2024-05-10/sites/asc/figures\original\B_measured_INTERMAG_Bx.pdf
2026-10-07T01:28:50.717958Z INFO  main     Writing C:\Users\lwilker\Documents\GitHub\SWERVE-data\data_processed/2024-05-10/sites/asc/figures\original\B_measured_INTERMAG_By.png
2026-10-07T01:28:51.169122Z INFO  main     Writing C:\Users\lwilker\Documents\GitHub\SWERVE-data\data_processed/2024-05-10/sites/asc/figures\original\B_measured_INTERMAG_By.pdf
2026-10-07T01:28:51.360834Z INFO  main     Writing C:\Users\lwilker\Documents\GitHub\SWERVE-data\data_processed/2024-05-10/sites/asc/figures\original\B_measured_INTERMAG_Bz.png
2026-10-07T01:28:51.781686Z INFO  main     Writing C:\Users\lwilker\Documents\GitHub\SWERVE-data\data_processed/2024-05-10/sites/asc/figures\original\B_measured_INTERMAG_Bz.pdf
2026-10-07T01:28:52.045011Z INFO  main Reading 'TTB' data for event '2024-05-10'
2026-10-07T01:28:52.061189Z INFO  main   Reading 'B/measured/INTERMAG' data for event '2024-05-10'
2026-10-07T01:28:52.065777Z INFO  main       Using HAPI INTERMAG data
2026-10-07T01:28:52.065777Z INFO  main       Reading HAPI INTERMAG site information
2026-10-07T01:28:57.120296Z INFO  main     Remove baseline then Resample to 1m aves and NaN pad or trim to start/stop.
2026-10-07T01:28:57.139575Z INFO  main     Writing C:\Users\lwilker\Documents\GitHub\SWERVE-data\data_processed\2024-05-10\sites\ttb\data\B_measured_INTERMAG.pkl
2026-10-07T01:28:57.150757Z INFO  main   Writing C:\Users\lwilker\Documents\GitHub\SWERVE-data\data_processed\2024-05-10\sites\ttb\data\_all.pkl
2026-10-07T01:28:57.155926Z INFO  main Computing stats for 'TTB' data
2026-10-07T01:28:57.161073Z INFO  main   Uniq dts [ns] = [60000000000]
2026-10-07T01:28:57.161073Z INFO  main   Uniq dts [#]  = 1
2026-10-07T01:28:57.161073Z INFO  main   Stats for B/measured/INTERMAG:
2026-10-07T01:28:57.163078Z INFO  main 
    std: : [166.67408463086468, 55.322066595459326, 47.41476876218148, 160.76379665330916]
    ave: : [-370.9920427350424, 92.42760683760649, -9.517777777777633, 388.8106756558901]
    min: : [-666.5900000000001, -87.27000000000044, -143.23000000000002, 0.0]
    max: : [138.08000000000175, 231.48999999999978, 125.32000000000016, 689.9686010971784]
    n: 2341
    n_valid: : [2340, 2340, 2340, 2340]
    dt_original: : [60000000000]
2026-10-07T01:28:57.163078Z INFO  main Plotting 'TTB' data for event '2024-05-10'
2026-10-07T01:28:57.165928Z INFO  main   Plotting 'TTB/B/measured/INTERMAG' original vs. modified data for event '2024-05-10'
2026-10-07T01:29:00.893240Z INFO  main     Writing C:\Users\lwilker\Documents\GitHub\SWERVE-data\data_processed/2024-05-10/sites/ttb/figures\original\B_measured_INTERMAG_Bx.png
2026-10-07T01:29:01.292746Z INFO  main     Writing C:\Users\lwilker\Documents\GitHub\SWERVE-data\data_processed/2024-05-10/sites/ttb/figures\original\B_measured_INTERMAG_Bx.pdf
2026-10-07T01:29:01.480306Z INFO  main     Writing C:\Users\lwilker\Documents\GitHub\SWERVE-data\data_processed/2024-05-10/sites/ttb/figures\original\B_measured_INTERMAG_By.png
2026-10-07T01:29:01.909959Z INFO  main     Writing C:\Users\lwilker\Documents\GitHub\SWERVE-data\data_processed/2024-05-10/sites/ttb/figures\original\B_measured_INTERMAG_By.pdf
2026-10-07T01:29:02.134027Z INFO  main     Writing C:\Users\lwilker\Documents\GitHub\SWERVE-data\data_processed/2024-05-10/sites/ttb/figures\original\B_measured_INTERMAG_Bz.png
2026-10-07T01:29:02.567580Z INFO  main     Writing C:\Users\lwilker\Documents\GitHub\SWERVE-data\data_processed/2024-05-10/sites/ttb/figures\original\B_measured_INTERMAG_Bz.pdf
2026-10-07T01:29:02.849972Z INFO  main Reading 'GAN' data for event '2024-05-10'
2026-10-07T01:29:02.860916Z INFO  main   Reading 'B/measured/INTERMAG' data for event '2024-05-10'
2026-10-07T01:29:02.863729Z INFO  main       Using HAPI INTERMAG data
2026-10-07T01:29:02.863729Z INFO  main       Reading HAPI INTERMAG site information
2026-10-07T01:29:07.981422Z INFO  main     Remove baseline then Resample to 1m aves and NaN pad or trim to start/stop.
2026-10-07T01:29:08.003761Z INFO  main     Writing C:\Users\lwilker\Documents\GitHub\SWERVE-data\data_processed\2024-05-10\sites\gan\data\B_measured_INTERMAG.pkl
2026-10-07T01:29:08.014524Z INFO  main   Writing C:\Users\lwilker\Documents\GitHub\SWERVE-data\data_processed\2024-05-10\sites\gan\data\_all.pkl
2026-10-07T01:29:08.014524Z INFO  main Computing stats for 'GAN' data
2026-10-07T01:29:08.024774Z INFO  main   Uniq dts [ns] = [60000000000]
2026-10-07T01:29:08.024774Z INFO  main   Uniq dts [#]  = 1
2026-10-07T01:29:08.024774Z INFO  main   Stats for B/measured/INTERMAG:
2026-10-07T01:29:08.025944Z INFO  main 
    std: : [126.28376630486034, 35.03537347905594, 34.059671737955355, 124.98258865301801]
    ave: : [-241.91727544910003, 51.447001710864, -14.671180496150495, 250.4499584873224]
    min: : [-462.54999999999563, -17.659999999999854, -118.54000000000087, 0.0]
    max: : [86.26000000000204, 164.84000000000015, 50.22999999999956, 473.04736940395117]
    n: 2341
    n_valid: : [2338, 2338, 2338, 2338]
    dt_original: : [60000000000]
2026-10-07T01:29:08.026946Z INFO  main Plotting 'GAN' data for event '2024-05-10'
2026-10-07T01:29:08.029183Z INFO  main   Plotting 'GAN/B/measured/INTERMAG' original vs. modified data for event '2024-05-10'
2026-10-07T01:29:11.999418Z INFO  main     Writing C:\Users\lwilker\Documents\GitHub\SWERVE-data\data_processed/2024-05-10/sites/gan/figures\original\B_measured_INTERMAG_Bx.png
2026-10-07T01:29:12.463382Z INFO  main     Writing C:\Users\lwilker\Documents\GitHub\SWERVE-data\data_processed/2024-05-10/sites/gan/figures\original\B_measured_INTERMAG_Bx.pdf
2026-10-07T01:29:12.645320Z INFO  main     Writing C:\Users\lwilker\Documents\GitHub\SWERVE-data\data_processed/2024-05-10/sites/gan/figures\original\B_measured_INTERMAG_By.png
2026-10-07T01:29:13.050580Z INFO  main     Writing C:\Users\lwilker\Documents\GitHub\SWERVE-data\data_processed/2024-05-10/sites/gan/figures\original\B_measured_INTERMAG_By.pdf
2026-10-07T01:29:13.230397Z INFO  main     Writing C:\Users\lwilker\Documents\GitHub\SWERVE-data\data_processed/2024-05-10/sites/gan/figures\original\B_measured_INTERMAG_Bz.png
2026-10-07T01:29:13.664492Z INFO  main     Writing C:\Users\lwilker\Documents\GitHub\SWERVE-data\data_processed/2024-05-10/sites/gan/figures\original\B_measured_INTERMAG_Bz.pdf
2026-10-07T01:29:13.975796Z INFO  main Reading 'KOU' data for event '2024-05-10'
2026-10-07T01:29:13.987274Z INFO  main   Reading 'B/measured/INTERMAG' data for event '2024-05-10'
2026-10-07T01:29:13.989275Z INFO  main       Using HAPI INTERMAG data
2026-10-07T01:29:13.990495Z INFO  main       Reading HAPI INTERMAG site information
2026-10-07T01:29:19.200108Z INFO  main     Remove baseline then Resample to 1m aves and NaN pad or trim to start/stop.
2026-10-07T01:29:19.234730Z INFO  main     Writing C:\Users\lwilker\Documents\GitHub\SWERVE-data\data_processed\2024-05-10\sites\kou\data\B_measured_INTERMAG.pkl
2026-10-07T01:29:19.244776Z INFO  main   Writing C:\Users\lwilker\Documents\GitHub\SWERVE-data\data_processed\2024-05-10\sites\kou\data\_all.pkl
2026-10-07T01:29:19.253269Z INFO  main Computing stats for 'KOU' data
2026-10-07T01:29:19.257562Z INFO  main   Uniq dts [ns] = [60000000000]
2026-10-07T01:29:19.257562Z INFO  main   Uniq dts [#]  = 1
2026-10-07T01:29:19.257562Z INFO  main   Stats for B/measured/INTERMAG:
2026-10-07T01:29:19.257562Z INFO  main 
    std: : [149.53322152636872, 42.16657257324013, 45.0109793644855, 141.9617536333448]
    ave: : [-326.5803418803413, 33.02136752136681, 80.2059829059829, 334.26066939386595]
    min: : [-611.0, -104.70000000000073, -10.200000000000728, 0.0]
    max: : [82.30000000000291, 127.69999999999891, 201.59999999999945, 617.9013594417773]
    n: 2341
    n_valid: : [2340, 2340, 2340, 2340]
    dt_original: : [60000000000]
2026-10-07T01:29:19.260408Z INFO  main Plotting 'KOU' data for event '2024-05-10'
2026-10-07T01:29:19.265684Z INFO  main   Plotting 'KOU/B/measured/INTERMAG' original vs. modified data for event '2024-05-10'
2026-10-07T01:29:22.795773Z INFO  main     Writing C:\Users\lwilker\Documents\GitHub\SWERVE-data\data_processed/2024-05-10/sites/kou/figures\original\B_measured_INTERMAG_Bx.png
2026-10-07T01:29:23.203258Z INFO  main     Writing C:\Users\lwilker\Documents\GitHub\SWERVE-data\data_processed/2024-05-10/sites/kou/figures\original\B_measured_INTERMAG_Bx.pdf
2026-10-07T01:29:23.413352Z INFO  main     Writing C:\Users\lwilker\Documents\GitHub\SWERVE-data\data_processed/2024-05-10/sites/kou/figures\original\B_measured_INTERMAG_By.png
2026-10-07T01:29:23.847300Z INFO  main     Writing C:\Users\lwilker\Documents\GitHub\SWERVE-data\data_processed/2024-05-10/sites/kou/figures\original\B_measured_INTERMAG_By.pdf
2026-10-07T01:29:24.023200Z INFO  main     Writing C:\Users\lwilker\Documents\GitHub\SWERVE-data\data_processed/2024-05-10/sites/kou/figures\original\B_measured_INTERMAG_Bz.png
2026-10-07T01:29:24.475121Z INFO  main     Writing C:\Users\lwilker\Documents\GitHub\SWERVE-data\data_processed/2024-05-10/sites/kou/figures\original\B_measured_INTERMAG_Bz.pdf
2026-10-07T01:29:24.767083Z INFO  main Reading 'DLT' data for event '2024-05-10'
2026-10-07T01:29:24.774077Z INFO  main   Reading 'B/measured/INTERMAG' data for event '2024-05-10'
2026-10-07T01:29:24.777159Z INFO  main       Using HAPI INTERMAG data
2026-10-07T01:29:24.777159Z INFO  main       Reading HAPI INTERMAG site information
2026-10-07T01:29:29.986478Z ERROR main     Not computing modified due to error: All data values are NaN
2026-10-07T01:29:30.006616Z INFO  main   Writing C:\Users\lwilker\Documents\GitHub\SWERVE-data\data_processed\2024-05-10\sites\dlt\data\_all.pkl
2026-10-07T01:29:30.010615Z INFO  main Computing stats for 'DLT' data
2026-10-07T01:29:30.012614Z INFO  main Plotting 'DLT' data for event '2024-05-10'
2026-10-07T01:29:30.015616Z INFO  main   Plotting 'DLT/B/measured/INTERMAG' original vs. modified data for event '2024-05-10'
2026-10-07T01:29:30.612963Z INFO  main     Writing C:\Users\lwilker\Documents\GitHub\SWERVE-data\data_processed/2024-05-10/sites/dlt/figures\original\B_measured_INTERMAG.png
2026-10-07T01:29:30.914672Z INFO  main     Writing C:\Users\lwilker\Documents\GitHub\SWERVE-data\data_processed/2024-05-10/sites/dlt/figures\original\B_measured_INTERMAG.pdf
2026-10-07T01:29:31.044896Z INFO  main Reading 'GUA' data for event '2024-05-10'
2026-10-07T01:29:31.050300Z INFO  main   Reading 'B/measured/INTERMAG' data for event '2024-05-10'
2026-10-07T01:29:31.054209Z INFO  main       Using HAPI INTERMAG data
2026-10-07T01:29:31.055399Z INFO  main       Reading HAPI INTERMAG site information
2026-10-07T01:29:35.964162Z INFO  main     Remove baseline then Resample to 1m aves and NaN pad or trim to start/stop.
2026-10-07T01:29:35.981152Z INFO  main     Writing C:\Users\lwilker\Documents\GitHub\SWERVE-data\data_processed\2024-05-10\sites\gua\data\B_measured_INTERMAG.pkl
2026-10-07T01:29:35.991120Z INFO  main   Writing C:\Users\lwilker\Documents\GitHub\SWERVE-data\data_processed\2024-05-10\sites\gua\data\_all.pkl
2026-10-07T01:29:35.994105Z INFO  main Computing stats for 'GUA' data
2026-10-07T01:29:35.997447Z INFO  main   Uniq dts [ns] = [60000000000]
2026-10-07T01:29:35.999451Z INFO  main   Uniq dts [#]  = 1
2026-10-07T01:29:35.999451Z INFO  main   Stats for B/measured/INTERMAG:
2026-10-07T01:29:36.001233Z INFO  main 
    std: : [128.06044560909686, 31.227568515520936, 13.310895037260439, 125.76523123494589]
    ave: : [-239.44572649572942, -25.421752136752115, 9.288461538461899, 244.00464502993069]
    min: : [-491.3000000000029, -109.60000000000002, -45.29999999999927, 0.0]
    max: : [77.59999999999854, 63.799999999999955, 42.0, 492.24581257741835]
    n: 2341
    n_valid: : [2340, 2340, 2340, 2340]
    dt_original: : [60000000000]
2026-10-07T01:29:36.002233Z INFO  main Plotting 'GUA' data for event '2024-05-10'
2026-10-07T01:29:36.004277Z INFO  main   Plotting 'GUA/B/measured/INTERMAG' original vs. modified data for event '2024-05-10'
2026-10-07T01:29:39.686311Z INFO  main     Writing C:\Users\lwilker\Documents\GitHub\SWERVE-data\data_processed/2024-05-10/sites/gua/figures\original\B_measured_INTERMAG_Bx.png
2026-10-07T01:29:40.137198Z INFO  main     Writing C:\Users\lwilker\Documents\GitHub\SWERVE-data\data_processed/2024-05-10/sites/gua/figures\original\B_measured_INTERMAG_Bx.pdf
2026-10-07T01:29:40.527582Z INFO  main     Writing C:\Users\lwilker\Documents\GitHub\SWERVE-data\data_processed/2024-05-10/sites/gua/figures\original\B_measured_INTERMAG_By.png
2026-10-07T01:29:40.973830Z INFO  main     Writing C:\Users\lwilker\Documents\GitHub\SWERVE-data\data_processed/2024-05-10/sites/gua/figures\original\B_measured_INTERMAG_By.pdf
2026-10-07T01:29:41.195271Z INFO  main     Writing C:\Users\lwilker\Documents\GitHub\SWERVE-data\data_processed/2024-05-10/sites/gua/figures\original\B_measured_INTERMAG_Bz.png
2026-10-07T01:29:41.658123Z INFO  main     Writing C:\Users\lwilker\Documents\GitHub\SWERVE-data\data_processed/2024-05-10/sites/gua/figures\original\B_measured_INTERMAG_Bz.pdf
2026-10-07T01:29:41.956128Z INFO  main Reading 'CPL' data for event '2024-05-10'
2026-10-07T01:29:41.964498Z INFO  main   Reading 'B/measured/INTERMAG' data for event '2024-05-10'
2026-10-07T01:29:41.966529Z INFO  main       Using HAPI INTERMAG data
2026-10-07T01:29:41.966529Z INFO  main       Reading HAPI INTERMAG site information
2026-10-07T01:29:48.255388Z INFO  main     Remove baseline then Resample to 1m aves and NaN pad or trim to start/stop.
2026-10-07T01:29:48.275116Z INFO  main     Writing C:\Users\lwilker\Documents\GitHub\SWERVE-data\data_processed\2024-05-10\sites\cpl\data\B_measured_INTERMAG.pkl
2026-10-07T01:29:48.283109Z INFO  main   Writing C:\Users\lwilker\Documents\GitHub\SWERVE-data\data_processed\2024-05-10\sites\cpl\data\_all.pkl
2026-10-07T01:29:48.286108Z INFO  main Computing stats for 'CPL' data
2026-10-07T01:29:48.292671Z INFO  main   Uniq dts [ns] = [60000000000]
2026-10-07T01:29:48.292671Z INFO  main   Uniq dts [#]  = 1
2026-10-07T01:29:48.292671Z INFO  main   Stats for B/measured/INTERMAG:
2026-10-07T01:29:48.292671Z INFO  main 
    std: : [129.3056033741569, 29.37722888406321, 10.727680310096599, 124.31954497243967]
    ave: : [-240.54705128204952, 33.366794871794816, 19.6391025641011, 247.19190573158434]
    min: : [-461.5, -18.599999999999966, -7.5, 0.0]
    max: : [101.80000000000291, 134.2, 40.89999999999782, 467.05191360276]
    n: 2341
    n_valid: : [2340, 2340, 2340, 2340]
    dt_original: : [60000000000]
2026-10-07T01:29:48.293684Z INFO  main Plotting 'CPL' data for event '2024-05-10'
2026-10-07T01:29:48.295984Z INFO  main   Plotting 'CPL/B/measured/INTERMAG' original vs. modified data for event '2024-05-10'
2026-10-07T01:29:51.918981Z INFO  main     Writing C:\Users\lwilker\Documents\GitHub\SWERVE-data\data_processed/2024-05-10/sites/cpl/figures\original\B_measured_INTERMAG_Bx.png
2026-10-07T01:29:52.370332Z INFO  main     Writing C:\Users\lwilker\Documents\GitHub\SWERVE-data\data_processed/2024-05-10/sites/cpl/figures\original\B_measured_INTERMAG_Bx.pdf
2026-10-07T01:29:52.554687Z INFO  main     Writing C:\Users\lwilker\Documents\GitHub\SWERVE-data\data_processed/2024-05-10/sites/cpl/figures\original\B_measured_INTERMAG_By.png
2026-10-07T01:29:52.972922Z INFO  main     Writing C:\Users\lwilker\Documents\GitHub\SWERVE-data\data_processed/2024-05-10/sites/cpl/figures\original\B_measured_INTERMAG_By.pdf
2026-10-07T01:29:53.198574Z INFO  main     Writing C:\Users\lwilker\Documents\GitHub\SWERVE-data\data_processed/2024-05-10/sites/cpl/figures\original\B_measured_INTERMAG_Bz.png
2026-10-07T01:29:53.643502Z INFO  main     Writing C:\Users\lwilker\Documents\GitHub\SWERVE-data\data_processed/2024-05-10/sites/cpl/figures\original\B_measured_INTERMAG_Bz.pdf
2026-10-07T01:29:53.963095Z INFO  main Reading 'HYB' data for event '2024-05-10'
2026-10-07T01:29:53.970833Z INFO  main   Reading 'B/measured/INTERMAG' data for event '2024-05-10'
2026-10-07T01:29:53.977665Z INFO  main       Using HAPI INTERMAG data
2026-10-07T01:29:53.977665Z INFO  main       Reading HAPI INTERMAG site information
2026-10-07T01:29:59.406590Z INFO  main     Remove baseline then Resample to 1m aves and NaN pad or trim to start/stop.
2026-10-07T01:29:59.429005Z INFO  main     Writing C:\Users\lwilker\Documents\GitHub\SWERVE-data\data_processed\2024-05-10\sites\hyb\data\B_measured_INTERMAG.pkl
2026-10-07T01:29:59.439543Z INFO  main   Writing C:\Users\lwilker\Documents\GitHub\SWERVE-data\data_processed\2024-05-10\sites\hyb\data\_all.pkl
2026-10-07T01:29:59.441925Z INFO  main Computing stats for 'HYB' data
2026-10-07T01:29:59.449150Z INFO  main   Uniq dts [ns] = [60000000000]
2026-10-07T01:29:59.450416Z INFO  main   Uniq dts [#]  = 1
2026-10-07T01:29:59.450416Z INFO  main   Stats for B/measured/INTERMAG:
2026-10-07T01:29:59.451016Z INFO  main 
    std: : [129.52942240065926, 29.247055466067685, 10.256544084864048, 124.49543238392154]
    ave: : [-240.96606837606848, 33.15269230769229, 13.810128205128901, 247.5841189420128]
    min: : [-462.70000000000437, -17.80000000000001, -13.299999999999272, 0.0]
    max: : [102.09999999999854, 133.29999999999998, 35.5, 468.1460562687718]
    n: 2341
    n_valid: : [2340, 2340, 2340, 2340]
    dt_original: : [60000000000]
2026-10-07T01:29:59.452117Z INFO  main Plotting 'HYB' data for event '2024-05-10'
2026-10-07T01:29:59.454396Z INFO  main   Plotting 'HYB/B/measured/INTERMAG' original vs. modified data for event '2024-05-10'
2026-10-07T01:30:03.268242Z INFO  main     Writing C:\Users\lwilker\Documents\GitHub\SWERVE-data\data_processed/2024-05-10/sites/hyb/figures\original\B_measured_INTERMAG_Bx.png
2026-10-07T01:30:03.707919Z INFO  main     Writing C:\Users\lwilker\Documents\GitHub\SWERVE-data\data_processed/2024-05-10/sites/hyb/figures\original\B_measured_INTERMAG_Bx.pdf
2026-10-07T01:30:03.904970Z INFO  main     Writing C:\Users\lwilker\Documents\GitHub\SWERVE-data\data_processed/2024-05-10/sites/hyb/figures\original\B_measured_INTERMAG_By.png
2026-10-07T01:30:04.353904Z INFO  main     Writing C:\Users\lwilker\Documents\GitHub\SWERVE-data\data_processed/2024-05-10/sites/hyb/figures\original\B_measured_INTERMAG_By.pdf
2026-10-07T01:30:04.542900Z INFO  main     Writing C:\Users\lwilker\Documents\GitHub\SWERVE-data\data_processed/2024-05-10/sites/hyb/figures\original\B_measured_INTERMAG_Bz.png
2026-10-07T01:30:04.957910Z INFO  main     Writing C:\Users\lwilker\Documents\GitHub\SWERVE-data\data_processed/2024-05-10/sites/hyb/figures\original\B_measured_INTERMAG_Bz.pdf
2026-10-07T01:30:05.254880Z INFO  main Reading 'SJG' data for event '2024-05-10'
2026-10-07T01:30:05.265734Z INFO  main   Reading 'B/measured/INTERMAG' data for event '2024-05-10'
2026-10-07T01:30:05.267733Z INFO  main       Using HAPI INTERMAG data
2026-10-07T01:30:05.268732Z INFO  main       Reading HAPI INTERMAG site information
2026-10-07T01:30:10.487016Z INFO  main     Remove baseline then Resample to 1m aves and NaN pad or trim to start/stop.
2026-10-07T01:30:10.503912Z INFO  main     Writing C:\Users\lwilker\Documents\GitHub\SWERVE-data\data_processed\2024-05-10\sites\sjg\data\B_measured_INTERMAG.pkl
2026-10-07T01:30:10.515200Z INFO  main   Writing C:\Users\lwilker\Documents\GitHub\SWERVE-data\data_processed\2024-05-10\sites\sjg\data\_all.pkl
2026-10-07T01:30:10.519197Z INFO  main Computing stats for 'SJG' data
2026-10-07T01:30:10.528791Z INFO  main   Uniq dts [ns] = [60000000000]
2026-10-07T01:30:10.528791Z INFO  main   Uniq dts [#]  = 1
2026-10-07T01:30:10.528791Z INFO  main   Stats for B/measured/INTERMAG:
2026-10-07T01:30:10.528791Z INFO  main 
    std: : [127.78849595860011, 41.14281588629349, 26.546948158256562, 111.0193030888867]
    ave: : [-261.1777920410784, -51.52062473256307, 45.0304236200247, 276.70482317509186]
    min: : [-496.2999999999993, -192.09999999999945, -17.400000000001455, 0.0]
    max: : [75.20000000000073, 43.69999999999982, 100.70000000000073, 502.8485756169552]
    n: 2341
    n_valid: : [2337, 2337, 2337, 2337]
    dt_original: : [60000000000]
2026-10-07T01:30:10.530725Z INFO  main Plotting 'SJG' data for event '2024-05-10'
2026-10-07T01:30:10.534744Z INFO  main   Plotting 'SJG/B/measured/INTERMAG' original vs. modified data for event '2024-05-10'
2026-10-07T01:30:14.094032Z INFO  main     Writing C:\Users\lwilker\Documents\GitHub\SWERVE-data\data_processed/2024-05-10/sites/sjg/figures\original\B_measured_INTERMAG_Bx.png
2026-10-07T01:30:14.495972Z INFO  main     Writing C:\Users\lwilker\Documents\GitHub\SWERVE-data\data_processed/2024-05-10/sites/sjg/figures\original\B_measured_INTERMAG_Bx.pdf
2026-10-07T01:30:14.676329Z INFO  main     Writing C:\Users\lwilker\Documents\GitHub\SWERVE-data\data_processed/2024-05-10/sites/sjg/figures\original\B_measured_INTERMAG_By.png
2026-10-07T01:30:15.117445Z INFO  main     Writing C:\Users\lwilker\Documents\GitHub\SWERVE-data\data_processed/2024-05-10/sites/sjg/figures\original\B_measured_INTERMAG_By.pdf
2026-10-07T01:30:15.311706Z INFO  main     Writing C:\Users\lwilker\Documents\GitHub\SWERVE-data\data_processed/2024-05-10/sites/sjg/figures\original\B_measured_INTERMAG_Bz.png
2026-10-07T01:30:15.739039Z INFO  main     Writing C:\Users\lwilker\Documents\GitHub\SWERVE-data\data_processed/2024-05-10/sites/sjg/figures\original\B_measured_INTERMAG_Bz.pdf
2026-10-07T01:30:16.037873Z INFO  main Reading 'ABG' data for event '2024-05-10'
2026-10-07T01:30:16.042876Z INFO  main   Reading 'B/measured/INTERMAG' data for event '2024-05-10'
2026-10-07T01:30:16.046026Z INFO  main       Using HAPI INTERMAG data
2026-10-07T01:30:16.046026Z INFO  main       Reading HAPI INTERMAG site information
2026-10-07T01:30:21.207023Z INFO  main     Remove baseline then Resample to 1m aves and NaN pad or trim to start/stop.
2026-10-07T01:30:21.223448Z INFO  main     Writing C:\Users\lwilker\Documents\GitHub\SWERVE-data\data_processed\2024-05-10\sites\abg\data\B_measured_INTERMAG.pkl
2026-10-07T01:30:21.236887Z INFO  main   Writing C:\Users\lwilker\Documents\GitHub\SWERVE-data\data_processed\2024-05-10\sites\abg\data\_all.pkl
2026-10-07T01:30:21.237889Z INFO  main Computing stats for 'ABG' data
2026-10-07T01:30:21.249271Z INFO  main   Uniq dts [ns] = [60000000000]
2026-10-07T01:30:21.249271Z INFO  main   Uniq dts [#]  = 1
2026-10-07T01:30:21.249271Z INFO  main   Stats for B/measured/INTERMAG:
2026-10-07T01:30:21.249271Z INFO  main 
    std: : [127.88892474353625, 31.706117054374825, 13.414754951579008, 122.79962224711446]
    ave: : [-240.11589743589707, 36.3394444444445, 25.809871794872674, 247.50213560829388]
    min: : [-461.59999999999854, -21.80000000000001, -15.299999999999272, 0.0]
    max: : [104.09999999999854, 145.10000000000002, 67.70000000000073, 467.81466415664937]
    n: 2341
    n_valid: : [2340, 2340, 2340, 2340]
    dt_original: : [60000000000]
2026-10-07T01:30:21.250630Z INFO  main Plotting 'ABG' data for event '2024-05-10'
2026-10-07T01:30:21.251747Z INFO  main   Plotting 'ABG/B/measured/INTERMAG' original vs. modified data for event '2024-05-10'
2026-10-07T01:30:25.107781Z INFO  main     Writing C:\Users\lwilker\Documents\GitHub\SWERVE-data\data_processed/2024-05-10/sites/abg/figures\original\B_measured_INTERMAG_Bx.png
2026-10-07T01:30:25.541739Z INFO  main     Writing C:\Users\lwilker\Documents\GitHub\SWERVE-data\data_processed/2024-05-10/sites/abg/figures\original\B_measured_INTERMAG_Bx.pdf
2026-10-07T01:30:25.726831Z INFO  main     Writing C:\Users\lwilker\Documents\GitHub\SWERVE-data\data_processed/2024-05-10/sites/abg/figures\original\B_measured_INTERMAG_By.png
2026-10-07T01:30:26.156455Z INFO  main     Writing C:\Users\lwilker\Documents\GitHub\SWERVE-data\data_processed/2024-05-10/sites/abg/figures\original\B_measured_INTERMAG_By.pdf
2026-10-07T01:30:26.337454Z INFO  main     Writing C:\Users\lwilker\Documents\GitHub\SWERVE-data\data_processed/2024-05-10/sites/abg/figures\original\B_measured_INTERMAG_Bz.png
2026-10-07T01:30:26.795713Z INFO  main     Writing C:\Users\lwilker\Documents\GitHub\SWERVE-data\data_processed/2024-05-10/sites/abg/figures\original\B_measured_INTERMAG_Bz.pdf
2026-10-07T01:30:27.058002Z INFO  main Reading 'PHU' data for event '2024-05-10'
2026-10-07T01:30:27.067006Z INFO  main   Reading 'B/measured/INTERMAG' data for event '2024-05-10'
2026-10-07T01:30:27.069008Z INFO  main       Using HAPI INTERMAG data
2026-10-07T01:30:27.069008Z INFO  main       Reading HAPI INTERMAG site information
2026-10-07T01:30:32.388518Z INFO  main     Remove baseline then Resample to 1m aves and NaN pad or trim to start/stop.
2026-10-07T01:30:32.403745Z INFO  main     Writing C:\Users\lwilker\Documents\GitHub\SWERVE-data\data_processed\2024-05-10\sites\phu\data\B_measured_INTERMAG.pkl
2026-10-07T01:30:32.418461Z INFO  main   Writing C:\Users\lwilker\Documents\GitHub\SWERVE-data\data_processed\2024-05-10\sites\phu\data\_all.pkl
2026-10-07T01:30:32.423961Z INFO  main Computing stats for 'PHU' data
2026-10-07T01:30:32.430368Z INFO  main   Uniq dts [ns] = [60000000000]
2026-10-07T01:30:32.430368Z INFO  main   Uniq dts [#]  = 1
2026-10-07T01:30:32.430368Z INFO  main   Stats for B/measured/INTERMAG:
2026-10-07T01:30:32.430368Z INFO  main 
    std: : [133.8158884494574, 33.20552796820679, 23.626198573323975, 128.15294859832716]
    ave: : [-243.33825213675533, 14.14649145299136, 3.995576923075868, 248.99748799560243]
    min: : [-499.47000000000116, -45.319999999999936, -79.17000000000189, 0.0]
    max: : [116.47999999999593, 138.2299999999999, 77.65999999999985, 499.7726413080264]
    n: 2341
    n_valid: : [2340, 2340, 2340, 2340]
    dt_original: : [60000000000]
2026-10-07T01:30:32.432963Z INFO  main Plotting 'PHU' data for event '2024-05-10'
2026-10-07T01:30:32.434968Z INFO  main   Plotting 'PHU/B/measured/INTERMAG' original vs. modified data for event '2024-05-10'
2026-10-07T01:30:36.045921Z INFO  main     Writing C:\Users\lwilker\Documents\GitHub\SWERVE-data\data_processed/2024-05-10/sites/phu/figures\original\B_measured_INTERMAG_Bx.png
2026-10-07T01:30:36.516899Z INFO  main     Writing C:\Users\lwilker\Documents\GitHub\SWERVE-data\data_processed/2024-05-10/sites/phu/figures\original\B_measured_INTERMAG_Bx.pdf
2026-10-07T01:30:36.891408Z INFO  main     Writing C:\Users\lwilker\Documents\GitHub\SWERVE-data\data_processed/2024-05-10/sites/phu/figures\original\B_measured_INTERMAG_By.png
2026-10-07T01:30:37.328972Z INFO  main     Writing C:\Users\lwilker\Documents\GitHub\SWERVE-data\data_processed/2024-05-10/sites/phu/figures\original\B_measured_INTERMAG_By.pdf
2026-10-07T01:30:37.511638Z INFO  main     Writing C:\Users\lwilker\Documents\GitHub\SWERVE-data\data_processed/2024-05-10/sites/phu/figures\original\B_measured_INTERMAG_Bz.png
2026-10-07T01:30:37.956496Z INFO  main     Writing C:\Users\lwilker\Documents\GitHub\SWERVE-data\data_processed/2024-05-10/sites/phu/figures\original\B_measured_INTERMAG_Bz.pdf
2026-10-07T01:30:38.287640Z INFO  main Reading 'HON' data for event '2024-05-10'
2026-10-07T01:30:38.295703Z INFO  main   Reading 'B/measured/INTERMAG' data for event '2024-05-10'
2026-10-07T01:30:38.297704Z INFO  main       Using HAPI INTERMAG data
2026-10-07T01:30:38.297704Z INFO  main       Reading HAPI INTERMAG site information
2026-10-07T01:30:43.240227Z INFO  main     Remove baseline then Resample to 1m aves and NaN pad or trim to start/stop.
2026-10-07T01:30:43.263458Z INFO  main     Writing C:\Users\lwilker\Documents\GitHub\SWERVE-data\data_processed\2024-05-10\sites\hon\data\B_measured_INTERMAG.pkl
2026-10-07T01:30:43.270725Z INFO  main   Writing C:\Users\lwilker\Documents\GitHub\SWERVE-data\data_processed\2024-05-10\sites\hon\data\_all.pkl
2026-10-07T01:30:43.273723Z INFO  main Computing stats for 'HON' data
2026-10-07T01:30:43.280364Z INFO  main   Uniq dts [ns] = [60000000000]
2026-10-07T01:30:43.280364Z INFO  main   Uniq dts [#]  = 1
2026-10-07T01:30:43.281585Z INFO  main   Stats for B/measured/INTERMAG:
2026-10-07T01:30:43.281585Z INFO  main 
    std: : [120.00496988463459, 52.010954694204635, 24.899625898281176, 112.53002446568992]
    ave: : [-234.13762990629752, -5.54873242062823, 17.04068376068429, 243.50471036220188]
    min: : [-498.57477832871155, -129.2622219729655, -76.30999999999767, 0.0]
    max: : [67.94930061615378, 180.96816511667907, 83.69000000000233, 498.7042647956787]
    n: 2341
    n_valid: : [2340, 2340, 2340, 2340]
    dt_original: : [60000000000]
2026-10-07T01:30:43.282098Z INFO  main Plotting 'HON' data for event '2024-05-10'
2026-10-07T01:30:43.285073Z INFO  main   Plotting 'HON/B/measured/INTERMAG' original vs. modified data for event '2024-05-10'
2026-10-07T01:30:46.834924Z INFO  main     Writing C:\Users\lwilker\Documents\GitHub\SWERVE-data\data_processed/2024-05-10/sites/hon/figures\original\B_measured_INTERMAG_Bx.png
2026-10-07T01:30:47.246439Z INFO  main     Writing C:\Users\lwilker\Documents\GitHub\SWERVE-data\data_processed/2024-05-10/sites/hon/figures\original\B_measured_INTERMAG_Bx.pdf
2026-10-07T01:30:47.435086Z INFO  main     Writing C:\Users\lwilker\Documents\GitHub\SWERVE-data\data_processed/2024-05-10/sites/hon/figures\original\B_measured_INTERMAG_By.png
2026-10-07T01:30:47.826878Z INFO  main     Writing C:\Users\lwilker\Documents\GitHub\SWERVE-data\data_processed/2024-05-10/sites/hon/figures\original\B_measured_INTERMAG_By.pdf
2026-10-07T01:30:48.020071Z INFO  main     Writing C:\Users\lwilker\Documents\GitHub\SWERVE-data\data_processed/2024-05-10/sites/hon/figures\original\B_measured_INTERMAG_Bz.png
2026-10-07T01:30:48.468649Z INFO  main     Writing C:\Users\lwilker\Documents\GitHub\SWERVE-data\data_processed/2024-05-10/sites/hon/figures\original\B_measured_INTERMAG_Bz.pdf
2026-10-07T01:30:48.747283Z INFO  main Reading 'TAM' data for event '2024-05-10'
2026-10-07T01:30:48.761444Z INFO  main   Reading 'B/measured/INTERMAG' data for event '2024-05-10'
2026-10-07T01:30:48.763443Z INFO  main       Using HAPI INTERMAG data
2026-10-07T01:30:48.763443Z INFO  main       Reading HAPI INTERMAG site information
2026-10-07T01:30:53.963926Z INFO  main     Remove baseline then Resample to 1m aves and NaN pad or trim to start/stop.
2026-10-07T01:30:53.977351Z INFO  main     Writing C:\Users\lwilker\Documents\GitHub\SWERVE-data\data_processed\2024-05-10\sites\tam\data\B_measured_INTERMAG.pkl
2026-10-07T01:30:53.989006Z INFO  main   Writing C:\Users\lwilker\Documents\GitHub\SWERVE-data\data_processed\2024-05-10\sites\tam\data\_all.pkl
2026-10-07T01:30:53.992011Z INFO  main Computing stats for 'TAM' data
2026-10-07T01:30:53.997364Z INFO  main   Uniq dts [ns] = [60000000000]
2026-10-07T01:30:53.997364Z INFO  main   Uniq dts [#]  = 1
2026-10-07T01:30:53.997364Z INFO  main   Stats for B/measured/INTERMAG:
2026-10-07T01:30:53.997364Z INFO  main 
    std: : [118.22943548195605, 57.22122069325188, 17.457045054217687, 118.48977585624853]
    ave: : [-247.05294871794862, 85.84222222222226, 34.56435897435899, 267.61294272853604]
    min: : [-514.1999999999971, -16.69999999999999, -12.5, 0.0]
    max: : [89.59999999999854, 233.7, 79.79999999999927, 537.6927375369663]
    n: 2341
    n_valid: : [2340, 2340, 2340, 2340]
    dt_original: : [60000000000]
2026-10-07T01:30:53.998277Z INFO  main Plotting 'TAM' data for event '2024-05-10'
2026-10-07T01:30:53.999554Z INFO  main   Plotting 'TAM/B/measured/INTERMAG' original vs. modified data for event '2024-05-10'
2026-10-07T01:30:57.667554Z INFO  main     Writing C:\Users\lwilker\Documents\GitHub\SWERVE-data\data_processed/2024-05-10/sites/tam/figures\original\B_measured_INTERMAG_Bx.png
2026-10-07T01:30:58.075772Z INFO  main     Writing C:\Users\lwilker\Documents\GitHub\SWERVE-data\data_processed/2024-05-10/sites/tam/figures\original\B_measured_INTERMAG_Bx.pdf
2026-10-07T01:30:58.264470Z INFO  main     Writing C:\Users\lwilker\Documents\GitHub\SWERVE-data\data_processed/2024-05-10/sites/tam/figures\original\B_measured_INTERMAG_By.png
2026-10-07T01:30:58.695147Z INFO  main     Writing C:\Users\lwilker\Documents\GitHub\SWERVE-data\data_processed/2024-05-10/sites/tam/figures\original\B_measured_INTERMAG_By.pdf
2026-10-07T01:30:58.878325Z INFO  main     Writing C:\Users\lwilker\Documents\GitHub\SWERVE-data\data_processed/2024-05-10/sites/tam/figures\original\B_measured_INTERMAG_Bz.png
2026-10-07T01:30:59.294273Z INFO  main     Writing C:\Users\lwilker\Documents\GitHub\SWERVE-data\data_processed/2024-05-10/sites/tam/figures\original\B_measured_INTERMAG_Bz.pdf
2026-10-07T01:30:59.577064Z INFO  main Reading 'JAI' data for event '2024-05-10'
2026-10-07T01:30:59.590407Z INFO  main   Reading 'B/measured/INTERMAG' data for event '2024-05-10'
2026-10-07T01:30:59.593559Z INFO  main       Using HAPI INTERMAG data
2026-10-07T01:30:59.593559Z INFO  main       Reading HAPI INTERMAG site information
2026-10-07T01:31:05.110682Z INFO  main     Remove baseline then Resample to 1m aves and NaN pad or trim to start/stop.
2026-10-07T01:31:05.136028Z INFO  main     Writing C:\Users\lwilker\Documents\GitHub\SWERVE-data\data_processed\2024-05-10\sites\jai\data\B_measured_INTERMAG.pkl
2026-10-07T01:31:05.139054Z INFO  main   Writing C:\Users\lwilker\Documents\GitHub\SWERVE-data\data_processed\2024-05-10\sites\jai\data\_all.pkl
2026-10-07T01:31:05.150750Z INFO  main Computing stats for 'JAI' data
2026-10-07T01:31:05.150750Z INFO  main   Uniq dts [ns] = [60000000000]
2026-10-07T01:31:05.150750Z INFO  main   Uniq dts [#]  = 1
2026-10-07T01:31:05.150750Z INFO  main   Stats for B/measured/INTERMAG:
2026-10-07T01:31:05.150750Z INFO  main 
    std: : [123.26216665714644, 35.663270711192155, 17.95773588149761, 117.15734729683032]
    ave: : [-231.04021367521352, 40.19739316239402, 23.862735042733394, 240.28107984888246]
    min: : [-441.5, -31.0, -22.5, 0.0]
    max: : [124.19999999999709, 167.5, 58.89999999999782, 446.28208568124694]
    n: 2341
    n_valid: : [2340, 2340, 2340, 2340]
    dt_original: : [60000000000]
2026-10-07T01:31:05.150750Z INFO  main Plotting 'JAI' data for event '2024-05-10'
2026-10-07T01:31:05.159120Z INFO  main   Plotting 'JAI/B/measured/INTERMAG' original vs. modified data for event '2024-05-10'
2026-10-07T01:31:08.809072Z INFO  main     Writing C:\Users\lwilker\Documents\GitHub\SWERVE-data\data_processed/2024-05-10/sites/jai/figures\original\B_measured_INTERMAG_Bx.png
2026-10-07T01:31:09.231111Z INFO  main     Writing C:\Users\lwilker\Documents\GitHub\SWERVE-data\data_processed/2024-05-10/sites/jai/figures\original\B_measured_INTERMAG_Bx.pdf
2026-10-07T01:31:09.417709Z INFO  main     Writing C:\Users\lwilker\Documents\GitHub\SWERVE-data\data_processed/2024-05-10/sites/jai/figures\original\B_measured_INTERMAG_By.png
2026-10-07T01:31:09.843397Z INFO  main     Writing C:\Users\lwilker\Documents\GitHub\SWERVE-data\data_processed/2024-05-10/sites/jai/figures\original\B_measured_INTERMAG_By.pdf
2026-10-07T01:31:10.022645Z INFO  main     Writing C:\Users\lwilker\Documents\GitHub\SWERVE-data\data_processed/2024-05-10/sites/jai/figures\original\B_measured_INTERMAG_Bz.png
2026-10-07T01:31:10.444172Z INFO  main     Writing C:\Users\lwilker\Documents\GitHub\SWERVE-data\data_processed/2024-05-10/sites/jai/figures\original\B_measured_INTERMAG_Bz.pdf
2026-10-07T01:31:10.738146Z INFO  main Reading 'GUI' data for event '2024-05-10'
2026-10-07T01:31:10.748650Z INFO  main   Reading 'B/measured/INTERMAG' data for event '2024-05-10'
2026-10-07T01:31:10.751724Z INFO  main       Using HAPI INTERMAG data
2026-10-07T01:31:10.752238Z INFO  main       Reading HAPI INTERMAG site information
2026-10-07T01:31:15.043172Z INFO  main     Remove baseline then Resample to 1m aves and NaN pad or trim to start/stop.
2026-10-07T01:31:15.074073Z INFO  main     Writing C:\Users\lwilker\Documents\GitHub\SWERVE-data\data_processed\2024-05-10\sites\gui\data\B_measured_INTERMAG.pkl
2026-10-07T01:31:15.078376Z INFO  main   Writing C:\Users\lwilker\Documents\GitHub\SWERVE-data\data_processed\2024-05-10\sites\gui\data\_all.pkl
2026-10-07T01:31:15.090320Z INFO  main Computing stats for 'GUI' data
2026-10-07T01:31:15.093770Z INFO  main   Uniq dts [ns] = [60000000000]
2026-10-07T01:31:15.093770Z INFO  main   Uniq dts [#]  = 1
2026-10-07T01:31:15.096471Z INFO  main   Stats for B/measured/INTERMAG:
2026-10-07T01:31:15.096471Z INFO  main 
    std: : [114.95187260587127, 58.42496620922164, 32.45270695093511, 115.46395394177596]
    ave: : [-235.59273504273474, 90.72636752136758, 70.80581196581034, 258.9028690470909]
    min: : [-463.7999999999993, -42.70000000000027, -3.600000000002183, 0.0]
    max: : [79.59999999999854, 232.19999999999982, 159.29999999999927, 493.28940795439684]
    n: 2341
    n_valid: : [2340, 2340, 2340, 2340]
    dt_original: : [60000000000]
2026-10-07T01:31:15.096471Z INFO  main Plotting 'GUI' data for event '2024-05-10'
2026-10-07T01:31:15.096471Z INFO  main   Plotting 'GUI/B/measured/INTERMAG' original vs. modified data for event '2024-05-10'
2026-10-07T01:31:18.814356Z INFO  main     Writing C:\Users\lwilker\Documents\GitHub\SWERVE-data\data_processed/2024-05-10/sites/gui/figures\original\B_measured_INTERMAG_Bx.png
2026-10-07T01:31:19.225995Z INFO  main     Writing C:\Users\lwilker\Documents\GitHub\SWERVE-data\data_processed/2024-05-10/sites/gui/figures\original\B_measured_INTERMAG_Bx.pdf
2026-10-07T01:31:19.458159Z INFO  main     Writing C:\Users\lwilker\Documents\GitHub\SWERVE-data\data_processed/2024-05-10/sites/gui/figures\original\B_measured_INTERMAG_By.png
2026-10-07T01:31:19.902917Z INFO  main     Writing C:\Users\lwilker\Documents\GitHub\SWERVE-data\data_processed/2024-05-10/sites/gui/figures\original\B_measured_INTERMAG_By.pdf
2026-10-07T01:31:20.076688Z INFO  main     Writing C:\Users\lwilker\Documents\GitHub\SWERVE-data\data_processed/2024-05-10/sites/gui/figures\original\B_measured_INTERMAG_Bz.png
2026-10-07T01:31:20.497921Z INFO  main     Writing C:\Users\lwilker\Documents\GitHub\SWERVE-data\data_processed/2024-05-10/sites/gui/figures\original\B_measured_INTERMAG_Bz.pdf
2026-10-07T01:31:20.776760Z INFO  main Reading 'BSL' data for event '2024-05-10'
2026-10-07T01:31:20.790932Z INFO  main   Reading 'B/measured/INTERMAG' data for event '2024-05-10'
2026-10-07T01:31:20.792931Z INFO  main       Using HAPI INTERMAG data
2026-10-07T01:31:20.792931Z INFO  main       Reading HAPI INTERMAG site information
2026-10-07T01:31:25.541288Z INFO  main     Remove baseline then Resample to 1m aves and NaN pad or trim to start/stop.
2026-10-07T01:31:25.568287Z INFO  main     Writing C:\Users\lwilker\Documents\GitHub\SWERVE-data\data_processed\2024-05-10\sites\bsl\data\B_measured_INTERMAG.pkl
2026-10-07T01:31:25.575772Z INFO  main   Writing C:\Users\lwilker\Documents\GitHub\SWERVE-data\data_processed\2024-05-10\sites\bsl\data\_all.pkl
2026-10-07T01:31:25.581516Z INFO  main Computing stats for 'BSL' data
2026-10-07T01:31:25.585926Z INFO  main   Uniq dts [ns] = [60000000000]
2026-10-07T01:31:25.586926Z INFO  main   Uniq dts [#]  = 1
2026-10-07T01:31:25.586926Z INFO  main   Stats for B/measured/INTERMAG:
2026-10-07T01:31:25.586926Z INFO  main 
    std: : [101.82844103568489, 64.3899363198709, 45.09300393762379, 90.36115651613993]
    ave: : [-176.13988860325583, -85.91323907454995, 35.69862896315177, 211.5568521734731]
    min: : [-416.3999999999978, -311.1, -84.40000000000146, 0.0]
    max: : [85.90000000000146, 100.99999999999994, 138.1999999999971, 425.78418242109257]
    n: 2341
    n_valid: : [2334, 2334, 2334, 2334]
    dt_original: : [60000000000]
2026-10-07T01:31:25.587924Z INFO  main Plotting 'BSL' data for event '2024-05-10'
2026-10-07T01:31:25.589929Z INFO  main   Plotting 'BSL/B/measured/INTERMAG' original vs. modified data for event '2024-05-10'
2026-10-07T01:31:29.080293Z INFO  main     Writing C:\Users\lwilker\Documents\GitHub\SWERVE-data\data_processed/2024-05-10/sites/bsl/figures\original\B_measured_INTERMAG_Bx.png
2026-10-07T01:31:29.532051Z INFO  main     Writing C:\Users\lwilker\Documents\GitHub\SWERVE-data\data_processed/2024-05-10/sites/bsl/figures\original\B_measured_INTERMAG_Bx.pdf
2026-10-07T01:31:29.712516Z INFO  main     Writing C:\Users\lwilker\Documents\GitHub\SWERVE-data\data_processed/2024-05-10/sites/bsl/figures\original\B_measured_INTERMAG_By.png
2026-10-07T01:31:30.124697Z INFO  main     Writing C:\Users\lwilker\Documents\GitHub\SWERVE-data\data_processed/2024-05-10/sites/bsl/figures\original\B_measured_INTERMAG_By.pdf
2026-10-07T01:31:30.482026Z INFO  main     Writing C:\Users\lwilker\Documents\GitHub\SWERVE-data\data_processed/2024-05-10/sites/bsl/figures\original\B_measured_INTERMAG_Bz.png
2026-10-07T01:31:30.884263Z INFO  main     Writing C:\Users\lwilker\Documents\GitHub\SWERVE-data\data_processed/2024-05-10/sites/bsl/figures\original\B_measured_INTERMAG_Bz.pdf
2026-10-07T01:31:31.173999Z INFO  main Reading 'KNY' data for event '2024-05-10'
2026-10-07T01:31:31.181668Z INFO  main   Reading 'B/measured/INTERMAG' data for event '2024-05-10'
2026-10-07T01:31:31.184657Z INFO  main       Using HAPI INTERMAG data
2026-10-07T01:31:31.184657Z INFO  main       Reading HAPI INTERMAG site information
2026-10-07T01:31:36.499854Z INFO  main     Remove baseline then Resample to 1m aves and NaN pad or trim to start/stop.
2026-10-07T01:31:36.537598Z INFO  main     Writing C:\Users\lwilker\Documents\GitHub\SWERVE-data\data_processed\2024-05-10\sites\kny\data\B_measured_INTERMAG.pkl
2026-10-07T01:31:36.545299Z INFO  main   Writing C:\Users\lwilker\Documents\GitHub\SWERVE-data\data_processed\2024-05-10\sites\kny\data\_all.pkl
2026-10-07T01:31:36.550153Z INFO  main Computing stats for 'KNY' data
2026-10-07T01:31:36.557045Z INFO  main   Uniq dts [ns] = [60000000000]
2026-10-07T01:31:36.557045Z INFO  main   Uniq dts [#]  = 1
2026-10-07T01:31:36.557045Z INFO  main   Stats for B/measured/INTERMAG:
2026-10-07T01:31:36.558046Z INFO  main 
    std: : [119.49589406218834, 44.17958259531598, 45.420025241793404, 114.9628928128709]
    ave: : [-232.2392179487179, -11.708525641025247, -2.274358974356055, 238.9284022845192]
    min: : [-456.0, -125.94999999999982, -143.79999999999563, 0.0]
    max: : [97.0, 117.77000000000044, 117.5, 458.5603472826668]
    n: 2341
    n_valid: : [2340, 2340, 2340, 2340]
    dt_original: : [60000000000]
2026-10-07T01:31:36.558046Z INFO  main Plotting 'KNY' data for event '2024-05-10'
2026-10-07T01:31:36.560048Z INFO  main   Plotting 'KNY/B/measured/INTERMAG' original vs. modified data for event '2024-05-10'
2026-10-07T01:31:40.230868Z INFO  main     Writing C:\Users\lwilker\Documents\GitHub\SWERVE-data\data_processed/2024-05-10/sites/kny/figures\original\B_measured_INTERMAG_Bx.png
2026-10-07T01:31:40.677273Z INFO  main     Writing C:\Users\lwilker\Documents\GitHub\SWERVE-data\data_processed/2024-05-10/sites/kny/figures\original\B_measured_INTERMAG_Bx.pdf
2026-10-07T01:31:40.863490Z INFO  main     Writing C:\Users\lwilker\Documents\GitHub\SWERVE-data\data_processed/2024-05-10/sites/kny/figures\original\B_measured_INTERMAG_By.png
2026-10-07T01:31:41.311211Z INFO  main     Writing C:\Users\lwilker\Documents\GitHub\SWERVE-data\data_processed/2024-05-10/sites/kny/figures\original\B_measured_INTERMAG_By.pdf
2026-10-07T01:31:41.486185Z INFO  main     Writing C:\Users\lwilker\Documents\GitHub\SWERVE-data\data_processed/2024-05-10/sites/kny/figures\original\B_measured_INTERMAG_Bz.png
2026-10-07T01:31:41.895646Z INFO  main     Writing C:\Users\lwilker\Documents\GitHub\SWERVE-data\data_processed/2024-05-10/sites/kny/figures\original\B_measured_INTERMAG_Bz.pdf
2026-10-07T01:31:42.153916Z INFO  main Reading 'TUC' data for event '2024-05-10'
2026-10-07T01:31:42.169132Z INFO  main   Reading 'B/measured/INTERMAG' data for event '2024-05-10'
2026-10-07T01:31:42.171824Z INFO  main       Using HAPI INTERMAG data
2026-10-07T01:31:42.171824Z INFO  main       Reading HAPI INTERMAG site information
2026-10-07T01:31:46.831571Z INFO  main     Remove baseline then Resample to 1m aves and NaN pad or trim to start/stop.
2026-10-07T01:31:46.857945Z INFO  main     Writing C:\Users\lwilker\Documents\GitHub\SWERVE-data\data_processed\2024-05-10\sites\tuc\data\B_measured_INTERMAG.pkl
2026-10-07T01:31:46.867623Z INFO  main   Writing C:\Users\lwilker\Documents\GitHub\SWERVE-data\data_processed\2024-05-10\sites\tuc\data\_all.pkl
2026-10-07T01:31:46.870702Z INFO  main Computing stats for 'TUC' data
2026-10-07T01:31:46.879069Z INFO  main   Uniq dts [ns] = [60000000000]
2026-10-07T01:31:46.879069Z INFO  main   Uniq dts [#]  = 1
2026-10-07T01:31:46.879069Z INFO  main   Stats for B/measured/INTERMAG:
2026-10-07T01:31:46.879069Z INFO  main 
    std: : [87.32466028806643, 62.04058757931322, 47.301175866077664, 88.31939580623252]
    ave: : [-188.4541880341881, -81.86175213675203, 24.072948717950176, 214.22101338701398]
    min: : [-394.7999999999993, -303.6999999999998, -71.69999999999709, 0.0]
    max: : [44.5, 120.30000000000018, 160.20000000000437, 418.05895517259216]
    n: 2341
    n_valid: : [2340, 2340, 2340, 2340]
    dt_original: : [60000000000]
2026-10-07T01:31:46.880563Z INFO  main Plotting 'TUC' data for event '2024-05-10'
2026-10-07T01:31:46.882567Z INFO  main   Plotting 'TUC/B/measured/INTERMAG' original vs. modified data for event '2024-05-10'
2026-10-07T01:31:50.573582Z INFO  main     Writing C:\Users\lwilker\Documents\GitHub\SWERVE-data\data_processed/2024-05-10/sites/tuc/figures\original\B_measured_INTERMAG_Bx.png
2026-10-07T01:31:51.015514Z INFO  main     Writing C:\Users\lwilker\Documents\GitHub\SWERVE-data\data_processed/2024-05-10/sites/tuc/figures\original\B_measured_INTERMAG_Bx.pdf
2026-10-07T01:31:51.190386Z INFO  main     Writing C:\Users\lwilker\Documents\GitHub\SWERVE-data\data_processed/2024-05-10/sites/tuc/figures\original\B_measured_INTERMAG_By.png
2026-10-07T01:31:51.623228Z INFO  main     Writing C:\Users\lwilker\Documents\GitHub\SWERVE-data\data_processed/2024-05-10/sites/tuc/figures\original\B_measured_INTERMAG_By.pdf
2026-10-07T01:31:51.794417Z INFO  main     Writing C:\Users\lwilker\Documents\GitHub\SWERVE-data\data_processed/2024-05-10/sites/tuc/figures\original\B_measured_INTERMAG_Bz.png
2026-10-07T01:31:52.222622Z INFO  main     Writing C:\Users\lwilker\Documents\GitHub\SWERVE-data\data_processed/2024-05-10/sites/tuc/figures\original\B_measured_INTERMAG_Bz.pdf
2026-10-07T01:31:52.504616Z INFO  main Reading 'KAK' data for event '2024-05-10'
2026-10-07T01:31:52.511552Z INFO  main   Reading 'B/measured/INTERMAG' data for event '2024-05-10'
2026-10-07T01:31:52.514540Z INFO  main       Using HAPI INTERMAG data
2026-10-07T01:31:52.514540Z INFO  main       Reading HAPI INTERMAG site information
2026-10-07T01:31:58.054337Z INFO  main     Remove baseline then Resample to 1m aves and NaN pad or trim to start/stop.
2026-10-07T01:31:58.081381Z INFO  main     Writing C:\Users\lwilker\Documents\GitHub\SWERVE-data\data_processed\2024-05-10\sites\kak\data\B_measured_INTERMAG.pkl
2026-10-07T01:31:58.094976Z INFO  main   Writing C:\Users\lwilker\Documents\GitHub\SWERVE-data\data_processed\2024-05-10\sites\kak\data\_all.pkl
2026-10-07T01:31:58.101484Z INFO  main Computing stats for 'KAK' data
2026-10-07T01:31:58.108503Z INFO  main   Uniq dts [ns] = [60000000000]
2026-10-07T01:31:58.108503Z INFO  main   Uniq dts [#]  = 1
2026-10-07T01:31:58.108503Z INFO  main   Stats for B/measured/INTERMAG:
2026-10-07T01:31:58.108503Z INFO  main 
    std: : [113.68505657225552, 49.468256790277884, 51.915292860635475, 110.61317652099738]
    ave: : [-223.3789743589749, -21.939786324786397, 1.3192735042734631, 231.33448966223244]
    min: : [-454.8000000000029, -158.69999999999982, -176.40000000000146, 0.0]
    max: : [87.09999999999854, 111.0, 140.1999999999971, 462.799449005725]
    n: 2341
    n_valid: : [2340, 2340, 2340, 2340]
    dt_original: : [60000000000]
2026-10-07T01:31:58.108503Z INFO  main Plotting 'KAK' data for event '2024-05-10'
2026-10-07T01:31:58.112404Z INFO  main   Plotting 'KAK/B/measured/INTERMAG' original vs. modified data for event '2024-05-10'
2026-10-07T01:32:01.930447Z INFO  main     Writing C:\Users\lwilker\Documents\GitHub\SWERVE-data\data_processed/2024-05-10/sites/kak/figures\original\B_measured_INTERMAG_Bx.png
2026-10-07T01:32:02.387391Z INFO  main     Writing C:\Users\lwilker\Documents\GitHub\SWERVE-data\data_processed/2024-05-10/sites/kak/figures\original\B_measured_INTERMAG_Bx.pdf
2026-10-07T01:32:02.579793Z INFO  main     Writing C:\Users\lwilker\Documents\GitHub\SWERVE-data\data_processed/2024-05-10/sites/kak/figures\original\B_measured_INTERMAG_By.png
2026-10-07T01:32:02.988001Z INFO  main     Writing C:\Users\lwilker\Documents\GitHub\SWERVE-data\data_processed/2024-05-10/sites/kak/figures\original\B_measured_INTERMAG_By.pdf
2026-10-07T01:32:03.162986Z INFO  main     Writing C:\Users\lwilker\Documents\GitHub\SWERVE-data\data_processed/2024-05-10/sites/kak/figures\original\B_measured_INTERMAG_Bz.png
2026-10-07T01:32:03.592613Z INFO  main     Writing C:\Users\lwilker\Documents\GitHub\SWERVE-data\data_processed/2024-05-10/sites/kak/figures\original\B_measured_INTERMAG_Bz.pdf
2026-10-07T01:32:03.868817Z INFO  main Reading 'CYG' data for event '2024-05-10'
2026-10-07T01:32:03.878620Z INFO  main   Reading 'B/measured/INTERMAG' data for event '2024-05-10'
2026-10-07T01:32:03.881995Z INFO  main       Using HAPI INTERMAG data
2026-10-07T01:32:03.881995Z INFO  main       Reading HAPI INTERMAG site information
2026-10-07T01:32:09.123261Z INFO  main     Remove baseline then Resample to 1m aves and NaN pad or trim to start/stop.
2026-10-07T01:32:09.137341Z INFO  main     Writing C:\Users\lwilker\Documents\GitHub\SWERVE-data\data_processed\2024-05-10\sites\cyg\data\B_measured_INTERMAG.pkl
2026-10-07T01:32:09.145994Z INFO  main   Writing C:\Users\lwilker\Documents\GitHub\SWERVE-data\data_processed\2024-05-10\sites\cyg\data\_all.pkl
2026-10-07T01:32:09.149314Z INFO  main Computing stats for 'CYG' data
2026-10-07T01:32:09.150331Z INFO  main   Uniq dts [ns] = [60000000000]
2026-10-07T01:32:09.150331Z INFO  main   Uniq dts [#]  = 1
2026-10-07T01:32:09.150331Z INFO  main   Stats for B/measured/INTERMAG:
2026-10-07T01:32:09.150331Z INFO  main 
    std: : [123.27118887584952, 48.70201902087216, 28.812104105521907, 117.46468340421067]
    ave: : [-236.5542735042733, -3.851666666666414, 17.209700854699694, 244.42274948451285]
    min: : [-522.5200000000004, -117.42999999999938, -67.55999999999767, 0.0]
    max: : [117.4900000000016, 140.64000000000033, 77.61000000000058, 523.1961185826979]
    n: 2341
    n_valid: : [2340, 2340, 2340, 2340]
    dt_original: : [60000000000]
2026-10-07T01:32:09.155460Z INFO  main Plotting 'CYG' data for event '2024-05-10'
2026-10-07T01:32:09.158471Z INFO  main   Plotting 'CYG/B/measured/INTERMAG' original vs. modified data for event '2024-05-10'
2026-10-07T01:32:12.883450Z INFO  main     Writing C:\Users\lwilker\Documents\GitHub\SWERVE-data\data_processed/2024-05-10/sites/cyg/figures\original\B_measured_INTERMAG_Bx.png
2026-10-07T01:32:13.300889Z INFO  main     Writing C:\Users\lwilker\Documents\GitHub\SWERVE-data\data_processed/2024-05-10/sites/cyg/figures\original\B_measured_INTERMAG_Bx.pdf
2026-10-07T01:32:13.483712Z INFO  main     Writing C:\Users\lwilker\Documents\GitHub\SWERVE-data\data_processed/2024-05-10/sites/cyg/figures\original\B_measured_INTERMAG_By.png
2026-10-07T01:32:13.933494Z INFO  main     Writing C:\Users\lwilker\Documents\GitHub\SWERVE-data\data_processed/2024-05-10/sites/cyg/figures\original\B_measured_INTERMAG_By.pdf
2026-10-07T01:32:14.102778Z INFO  main     Writing C:\Users\lwilker\Documents\GitHub\SWERVE-data\data_processed/2024-05-10/sites/cyg/figures\original\B_measured_INTERMAG_Bz.png
2026-10-07T01:32:14.532619Z INFO  main     Writing C:\Users\lwilker\Documents\GitHub\SWERVE-data\data_processed/2024-05-10/sites/cyg/figures\original\B_measured_INTERMAG_Bz.pdf
2026-10-07T01:32:14.819310Z INFO  main Reading 'SFS' data for event '2024-05-10'
2026-10-07T01:32:14.825150Z INFO  main   Reading 'B/measured/INTERMAG' data for event '2024-05-10'
2026-10-07T01:32:14.828965Z INFO  main       Using HAPI INTERMAG data
2026-10-07T01:32:14.828965Z INFO  main       Reading HAPI INTERMAG site information
2026-10-07T01:32:19.825629Z INFO  main     Remove baseline then Resample to 1m aves and NaN pad or trim to start/stop.
2026-10-07T01:32:19.842803Z INFO  main     Writing C:\Users\lwilker\Documents\GitHub\SWERVE-data\data_processed\2024-05-10\sites\sfs\data\B_measured_INTERMAG.pkl
2026-10-07T01:32:19.857038Z INFO  main   Writing C:\Users\lwilker\Documents\GitHub\SWERVE-data\data_processed\2024-05-10\sites\sfs\data\_all.pkl
2026-10-07T01:32:19.859029Z INFO  main Computing stats for 'SFS' data
2026-10-07T01:32:19.868566Z INFO  main   Uniq dts [ns] = [60000000000]
2026-10-07T01:32:19.868566Z INFO  main   Uniq dts [#]  = 1
2026-10-07T01:32:19.868566Z INFO  main   Stats for B/measured/INTERMAG:
2026-10-07T01:32:19.869931Z INFO  main 
    std: : [113.71416862943231, 18.368571688282323, 27.409711144465096, 104.2067499923933]
    ave: : [-201.2264170742841, 32.056713075529416, 76.95205128204907, 209.59239874273607]
    min: : [-432.36735750879234, -2.1230075702058, -0.3000000000029104, 0.0]
    max: : [164.8158741689149, 77.47421028071933, 143.6999999999971, 435.88041320544943]
    n: 2341
    n_valid: : [2340, 2340, 2340, 2340]
    dt_original: : [60000000000]
2026-10-07T01:32:19.869931Z INFO  main Plotting 'SFS' data for event '2024-05-10'
2026-10-07T01:32:19.873133Z INFO  main   Plotting 'SFS/B/measured/INTERMAG' original vs. modified data for event '2024-05-10'
2026-10-07T01:32:23.495246Z INFO  main     Writing C:\Users\lwilker\Documents\GitHub\SWERVE-data\data_processed/2024-05-10/sites/sfs/figures\original\B_measured_INTERMAG_Bx.png
2026-10-07T01:32:23.956483Z INFO  main     Writing C:\Users\lwilker\Documents\GitHub\SWERVE-data\data_processed/2024-05-10/sites/sfs/figures\original\B_measured_INTERMAG_Bx.pdf
2026-10-07T01:32:24.163050Z INFO  main     Writing C:\Users\lwilker\Documents\GitHub\SWERVE-data\data_processed/2024-05-10/sites/sfs/figures\original\B_measured_INTERMAG_By.png
2026-10-07T01:32:24.601992Z INFO  main     Writing C:\Users\lwilker\Documents\GitHub\SWERVE-data\data_processed/2024-05-10/sites/sfs/figures\original\B_measured_INTERMAG_By.pdf
2026-10-07T01:32:24.950682Z INFO  main     Writing C:\Users\lwilker\Documents\GitHub\SWERVE-data\data_processed/2024-05-10/sites/sfs/figures\original\B_measured_INTERMAG_Bz.png
2026-10-07T01:32:25.366255Z INFO  main     Writing C:\Users\lwilker\Documents\GitHub\SWERVE-data\data_processed/2024-05-10/sites/sfs/figures\original\B_measured_INTERMAG_Bz.pdf
2026-10-07T01:32:25.639638Z INFO  main Reading 'FRN' data for event '2024-05-10'
2026-10-07T01:32:25.656630Z INFO  main   Reading 'B/measured/INTERMAG' data for event '2024-05-10'
2026-10-07T01:32:25.659648Z INFO  main       Using HAPI INTERMAG data
2026-10-07T01:32:25.659648Z INFO  main       Reading HAPI INTERMAG site information
2026-10-07T01:32:30.161897Z INFO  main     Remove baseline then Resample to 1m aves and NaN pad or trim to start/stop.
2026-10-07T01:32:30.179221Z INFO  main     Writing C:\Users\lwilker\Documents\GitHub\SWERVE-data\data_processed\2024-05-10\sites\frn\data\B_measured_INTERMAG.pkl
2026-10-07T01:32:30.188090Z INFO  main   Writing C:\Users\lwilker\Documents\GitHub\SWERVE-data\data_processed\2024-05-10\sites\frn\data\_all.pkl
2026-10-07T01:32:30.193248Z INFO  main Computing stats for 'FRN' data
2026-10-07T01:32:30.200181Z INFO  main   Uniq dts [ns] = [60000000000]
2026-10-07T01:32:30.200181Z INFO  main   Uniq dts [#]  = 1
2026-10-07T01:32:30.200181Z INFO  main   Stats for B/measured/INTERMAG:
2026-10-07T01:32:30.200181Z INFO  main 
    std: : [79.18107570655685, 69.7068312681317, 73.06742986471362, 80.79103124473254]
    ave: : [-187.2911111111107, -74.07435897435901, 25.671794871797836, 212.5240346516142]
    min: : [-389.2000000000007, -358.5, -103.89999999999418, 0.0]
    max: : [12.0, 135.79999999999927, 275.3000000000029, 407.1952480076346]
    n: 2341
    n_valid: : [2340, 2340, 2340, 2340]
    dt_original: : [60000000000]
2026-10-07T01:32:30.201758Z INFO  main Plotting 'FRN' data for event '2024-05-10'
2026-10-07T01:32:30.204902Z INFO  main   Plotting 'FRN/B/measured/INTERMAG' original vs. modified data for event '2024-05-10'
2026-10-07T01:32:33.795694Z INFO  main     Writing C:\Users\lwilker\Documents\GitHub\SWERVE-data\data_processed/2024-05-10/sites/frn/figures\original\B_measured_INTERMAG_Bx.png
2026-10-07T01:32:34.237390Z INFO  main     Writing C:\Users\lwilker\Documents\GitHub\SWERVE-data\data_processed/2024-05-10/sites/frn/figures\original\B_measured_INTERMAG_Bx.pdf
2026-10-07T01:32:34.428251Z INFO  main     Writing C:\Users\lwilker\Documents\GitHub\SWERVE-data\data_processed/2024-05-10/sites/frn/figures\original\B_measured_INTERMAG_By.png
2026-10-07T01:32:34.862395Z INFO  main     Writing C:\Users\lwilker\Documents\GitHub\SWERVE-data\data_processed/2024-05-10/sites/frn/figures\original\B_measured_INTERMAG_By.pdf
2026-10-07T01:32:35.061604Z INFO  main     Writing C:\Users\lwilker\Documents\GitHub\SWERVE-data\data_processed/2024-05-10/sites/frn/figures\original\B_measured_INTERMAG_Bz.png
2026-10-07T01:32:35.462580Z INFO  main     Writing C:\Users\lwilker\Documents\GitHub\SWERVE-data\data_processed/2024-05-10/sites/frn/figures\original\B_measured_INTERMAG_Bz.pdf
2026-10-07T01:32:35.757632Z INFO  main Reading 'STT' data for event '2024-05-10'
2026-10-07T01:32:35.764777Z INFO  main   Reading 'B/measured/INTERMAG' data for event '2024-05-10'
2026-10-07T01:32:35.766807Z INFO  main       Using HAPI INTERMAG data
2026-10-07T01:32:35.767807Z INFO  main       Reading HAPI INTERMAG site information
2026-10-07T01:32:40.900546Z INFO  main     Remove baseline then Resample to 1m aves and NaN pad or trim to start/stop.
2026-10-07T01:32:40.920559Z INFO  main     Writing C:\Users\lwilker\Documents\GitHub\SWERVE-data\data_processed\2024-05-10\sites\stt\data\B_measured_INTERMAG.pkl
2026-10-07T01:32:40.925473Z INFO  main   Writing C:\Users\lwilker\Documents\GitHub\SWERVE-data\data_processed\2024-05-10\sites\stt\data\_all.pkl
2026-10-07T01:32:40.929802Z INFO  main Computing stats for 'STT' data
2026-10-07T01:32:40.936316Z INFO  main   Uniq dts [ns] = [60000000000]
2026-10-07T01:32:40.936316Z INFO  main   Uniq dts [#]  = 1
2026-10-07T01:32:40.937822Z INFO  main   Stats for B/measured/INTERMAG:
2026-10-07T01:32:40.938338Z INFO  main 
    std: : [107.65354053797266, 64.82562763772992, 33.887341538273105, 105.16822070625123]
    ave: : [-187.1044848225739, 95.43188542112023, 84.44752458315531, 221.01272619063909]
    min: : [-408.8100000000013, -14.559999999999945, 0.0, 0.0]
    max: : [162.45999999999913, 272.88000000000005, 167.30999999999767, 449.47034629661727]
    n: 2341
    n_valid: : [2339, 2339, 2339, 2339]
    dt_original: : [60000000000]
2026-10-07T01:32:40.938977Z INFO  main Plotting 'STT' data for event '2024-05-10'
2026-10-07T01:32:40.941540Z INFO  main   Plotting 'STT/B/measured/INTERMAG' original vs. modified data for event '2024-05-10'
2026-10-07T01:32:44.650788Z INFO  main     Writing C:\Users\lwilker\Documents\GitHub\SWERVE-data\data_processed/2024-05-10/sites/stt/figures\original\B_measured_INTERMAG_Bx.png
2026-10-07T01:32:45.091307Z INFO  main     Writing C:\Users\lwilker\Documents\GitHub\SWERVE-data\data_processed/2024-05-10/sites/stt/figures\original\B_measured_INTERMAG_Bx.pdf
2026-10-07T01:32:45.289377Z INFO  main     Writing C:\Users\lwilker\Documents\GitHub\SWERVE-data\data_processed/2024-05-10/sites/stt/figures\original\B_measured_INTERMAG_By.png
2026-10-07T01:32:45.704894Z INFO  main     Writing C:\Users\lwilker\Documents\GitHub\SWERVE-data\data_processed/2024-05-10/sites/stt/figures\original\B_measured_INTERMAG_By.pdf
2026-10-07T01:32:45.889433Z INFO  main     Writing C:\Users\lwilker\Documents\GitHub\SWERVE-data\data_processed/2024-05-10/sites/stt/figures\original\B_measured_INTERMAG_Bz.png
2026-10-07T01:32:46.326390Z INFO  main     Writing C:\Users\lwilker\Documents\GitHub\SWERVE-data\data_processed/2024-05-10/sites/stt/figures\original\B_measured_INTERMAG_Bz.pdf
2026-10-07T01:32:46.622790Z INFO  main Reading 'PEG' data for event '2024-05-10'
2026-10-07T01:32:46.632856Z INFO  main   Reading 'B/measured/INTERMAG' data for event '2024-05-10'
2026-10-07T01:32:46.635881Z INFO  main       Using HAPI INTERMAG data
2026-10-07T01:32:46.635881Z INFO  main       Reading HAPI INTERMAG site information
2026-10-07T01:32:51.082505Z INFO  main     Remove baseline then Resample to 1m aves and NaN pad or trim to start/stop.
2026-10-07T01:32:51.099943Z INFO  main     Writing C:\Users\lwilker\Documents\GitHub\SWERVE-data\data_processed\2024-05-10\sites\peg\data\B_measured_INTERMAG.pkl
2026-10-07T01:32:51.112806Z INFO  main   Writing C:\Users\lwilker\Documents\GitHub\SWERVE-data\data_processed\2024-05-10\sites\peg\data\_all.pkl
2026-10-07T01:32:51.115822Z INFO  main Computing stats for 'PEG' data
2026-10-07T01:32:51.123276Z INFO  main   Uniq dts [ns] = [60000000000]
2026-10-07T01:32:51.123276Z INFO  main   Uniq dts [#]  = 1
2026-10-07T01:32:51.123276Z INFO  main   Stats for B/measured/INTERMAG:
2026-10-07T01:32:51.123276Z INFO  main 
    std: : [80.06480292685812, 41.610548948390544, 30.02282086101069, 69.03840833425718]
    ave: : [-118.1070188679238, 57.952603773584826, 36.98230769231061, 143.8168307820113]
    min: : [-256.09999999999854, -33.69999999999982, -29.799999999995634, 0.0]
    max: : [148.70000000000073, 183.70000000000027, 111.80000000000291, 305.03730919348214]
    n: 2341
    n_valid: : [1325, 1325, 2340, 1325]
    dt_original: : [60000000000]
2026-10-07T01:32:51.124858Z INFO  main Plotting 'PEG' data for event '2024-05-10'
2026-10-07T01:32:51.128704Z INFO  main   Plotting 'PEG/B/measured/INTERMAG' original vs. modified data for event '2024-05-10'
2026-10-07T01:32:54.851562Z INFO  main     Writing C:\Users\lwilker\Documents\GitHub\SWERVE-data\data_processed/2024-05-10/sites/peg/figures\original\B_measured_INTERMAG_Bx.png
2026-10-07T01:32:55.281919Z INFO  main     Writing C:\Users\lwilker\Documents\GitHub\SWERVE-data\data_processed/2024-05-10/sites/peg/figures\original\B_measured_INTERMAG_Bx.pdf
2026-10-07T01:32:55.473238Z INFO  main     Writing C:\Users\lwilker\Documents\GitHub\SWERVE-data\data_processed/2024-05-10/sites/peg/figures\original\B_measured_INTERMAG_By.png
2026-10-07T01:32:55.892934Z INFO  main     Writing C:\Users\lwilker\Documents\GitHub\SWERVE-data\data_processed/2024-05-10/sites/peg/figures\original\B_measured_INTERMAG_By.pdf
2026-10-07T01:32:56.086416Z INFO  main     Writing C:\Users\lwilker\Documents\GitHub\SWERVE-data\data_processed/2024-05-10/sites/peg/figures\original\B_measured_INTERMAG_Bz.png
2026-10-07T01:32:56.533358Z INFO  main     Writing C:\Users\lwilker\Documents\GitHub\SWERVE-data\data_processed/2024-05-10/sites/peg/figures\original\B_measured_INTERMAG_Bz.pdf
2026-10-07T01:32:56.812509Z INFO  main Reading 'FRD' data for event '2024-05-10'
2026-10-07T01:32:56.820565Z INFO  main   Reading 'B/measured/INTERMAG' data for event '2024-05-10'
2026-10-07T01:32:56.822866Z INFO  main       Using HAPI INTERMAG data
2026-10-07T01:32:56.822866Z INFO  main       Reading HAPI INTERMAG site information
2026-10-07T01:33:01.087233Z INFO  main     Remove baseline then Resample to 1m aves and NaN pad or trim to start/stop.
2026-10-07T01:33:01.103088Z INFO  main     Writing C:\Users\lwilker\Documents\GitHub\SWERVE-data\data_processed\2024-05-10\sites\frd\data\B_measured_INTERMAG.pkl
2026-10-07T01:33:01.117233Z INFO  main   Writing C:\Users\lwilker\Documents\GitHub\SWERVE-data\data_processed\2024-05-10\sites\frd\data\_all.pkl
2026-10-07T01:33:01.123412Z INFO  main Computing stats for 'FRD' data
2026-10-07T01:33:01.125405Z INFO  main   Uniq dts [ns] = [60000000000]
2026-10-07T01:33:01.125405Z INFO  main   Uniq dts [#]  = 1
2026-10-07T01:33:01.125405Z INFO  main   Stats for B/measured/INTERMAG:
2026-10-07T01:33:01.125405Z INFO  main 
    std: : [137.16881109521506, 77.26094399332092, 97.41758697029007, 110.60279322035201]
    ave: : [-112.26316964285718, -74.76683035714265, 57.90183035714066, 175.34154247007322]
    min: : [-765.7000000000007, -421.10000000000036, -323.70000000000437, 0.0]
    max: : [361.7000000000007, 146.5, 441.09999999999854, 859.1496086247157]
    n: 2341
    n_valid: : [2240, 2240, 2240, 2240]
    dt_original: : [60000000000]
2026-10-07T01:33:01.130611Z INFO  main Plotting 'FRD' data for event '2024-05-10'
2026-10-07T01:33:01.135609Z INFO  main   Plotting 'FRD/B/measured/INTERMAG' original vs. modified data for event '2024-05-10'
2026-10-07T01:33:04.753833Z INFO  main     Writing C:\Users\lwilker\Documents\GitHub\SWERVE-data\data_processed/2024-05-10/sites/frd/figures\original\B_measured_INTERMAG_Bx.png
2026-10-07T01:33:05.153384Z INFO  main     Writing C:\Users\lwilker\Documents\GitHub\SWERVE-data\data_processed/2024-05-10/sites/frd/figures\original\B_measured_INTERMAG_Bx.pdf
2026-10-07T01:33:05.356906Z INFO  main     Writing C:\Users\lwilker\Documents\GitHub\SWERVE-data\data_processed/2024-05-10/sites/frd/figures\original\B_measured_INTERMAG_By.png
2026-10-07T01:33:05.775384Z INFO  main     Writing C:\Users\lwilker\Documents\GitHub\SWERVE-data\data_processed/2024-05-10/sites/frd/figures\original\B_measured_INTERMAG_By.pdf
2026-10-07T01:33:06.093616Z INFO  main     Writing C:\Users\lwilker\Documents\GitHub\SWERVE-data\data_processed/2024-05-10/sites/frd/figures\original\B_measured_INTERMAG_Bz.png
2026-10-07T01:33:06.553427Z INFO  main     Writing C:\Users\lwilker\Documents\GitHub\SWERVE-data\data_processed/2024-05-10/sites/frd/figures\original\B_measured_INTERMAG_Bz.pdf
2026-10-07T01:33:06.836760Z INFO  main Reading 'SPT' data for event '2024-05-10'
2026-10-07T01:33:06.845484Z INFO  main   Reading 'B/measured/INTERMAG' data for event '2024-05-10'
2026-10-07T01:33:06.846885Z INFO  main       Using HAPI INTERMAG data
2026-10-07T01:33:06.846885Z INFO  main       Reading HAPI INTERMAG site information
2026-10-07T01:33:11.848519Z INFO  main     Remove baseline then Resample to 1m aves and NaN pad or trim to start/stop.
2026-10-07T01:33:11.869465Z INFO  main     Writing C:\Users\lwilker\Documents\GitHub\SWERVE-data\data_processed\2024-05-10\sites\spt\data\B_measured_INTERMAG.pkl
2026-10-07T01:33:11.881062Z INFO  main   Writing C:\Users\lwilker\Documents\GitHub\SWERVE-data\data_processed\2024-05-10\sites\spt\data\_all.pkl
2026-10-07T01:33:11.884261Z INFO  main Computing stats for 'SPT' data
2026-10-07T01:33:11.893564Z INFO  main   Uniq dts [ns] = [60000000000]
2026-10-07T01:33:11.893564Z INFO  main   Uniq dts [#]  = 1
2026-10-07T01:33:11.893564Z INFO  main   Stats for B/measured/INTERMAG:
2026-10-07T01:33:11.893564Z INFO  main 
    std: : [103.65975984937329, 65.7640482796234, 28.067251668662074, 101.01065940095864]
    ave: : [-174.6061965811973, 102.80905982905973, 77.01008547008254, 214.29915821819085]
    min: : [-399.90000000000146, -3.1999999999999886, 0.0, 0.0]
    max: : [169.5, 288.5, 130.1999999999971, 444.91011451752945]
    n: 2341
    n_valid: : [2340, 2340, 2340, 2340]
    dt_original: : [60000000000]
2026-10-07T01:33:11.896145Z INFO  main Plotting 'SPT' data for event '2024-05-10'
2026-10-07T01:33:11.898161Z INFO  main   Plotting 'SPT/B/measured/INTERMAG' original vs. modified data for event '2024-05-10'
2026-10-07T01:33:15.471684Z INFO  main     Writing C:\Users\lwilker\Documents\GitHub\SWERVE-data\data_processed/2024-05-10/sites/spt/figures\original\B_measured_INTERMAG_Bx.png
2026-10-07T01:33:15.926981Z INFO  main     Writing C:\Users\lwilker\Documents\GitHub\SWERVE-data\data_processed/2024-05-10/sites/spt/figures\original\B_measured_INTERMAG_Bx.pdf
2026-10-07T01:33:16.099169Z INFO  main     Writing C:\Users\lwilker\Documents\GitHub\SWERVE-data\data_processed/2024-05-10/sites/spt/figures\original\B_measured_INTERMAG_By.png
2026-10-07T01:33:16.538112Z INFO  main     Writing C:\Users\lwilker\Documents\GitHub\SWERVE-data\data_processed/2024-05-10/sites/spt/figures\original\B_measured_INTERMAG_By.pdf
2026-10-07T01:33:16.754324Z INFO  main     Writing C:\Users\lwilker\Documents\GitHub\SWERVE-data\data_processed/2024-05-10/sites/spt/figures\original\B_measured_INTERMAG_Bz.png
2026-10-07T01:33:17.171202Z INFO  main     Writing C:\Users\lwilker\Documents\GitHub\SWERVE-data\data_processed/2024-05-10/sites/spt/figures\original\B_measured_INTERMAG_Bz.pdf
2026-10-07T01:33:17.442736Z INFO  main Reading 'BOU' data for event '2024-05-10'
2026-10-07T01:33:17.449946Z INFO  main   Reading 'B/measured/INTERMAG' data for event '2024-05-10'
2026-10-07T01:33:17.452943Z INFO  main       Using HAPI INTERMAG data
2026-10-07T01:33:17.452943Z INFO  main       Reading HAPI INTERMAG site information
2026-10-07T01:33:23.318166Z INFO  main     Remove baseline then Resample to 1m aves and NaN pad or trim to start/stop.
2026-10-07T01:33:23.340874Z INFO  main     Writing C:\Users\lwilker\Documents\GitHub\SWERVE-data\data_processed\2024-05-10\sites\bou\data\B_measured_INTERMAG.pkl
2026-10-07T01:33:23.348626Z INFO  main   Writing C:\Users\lwilker\Documents\GitHub\SWERVE-data\data_processed\2024-05-10\sites\bou\data\_all.pkl
2026-10-07T01:33:23.352090Z INFO  main Computing stats for 'BOU' data
2026-10-07T01:33:23.359042Z INFO  main   Uniq dts [ns] = [60000000000]
2026-10-07T01:33:23.359042Z INFO  main   Uniq dts [#]  = 1
2026-10-07T01:33:23.360042Z INFO  main   Stats for B/measured/INTERMAG:
2026-10-07T01:33:23.360042Z INFO  main 
    std: : [120.40848288484104, 84.84389183689878, 119.32957166146981, 103.52848123189993]
    ave: : [-146.36270386266074, -79.34828326180251, 28.54957155098253, 196.71485313788784]
    min: : [-609.5, -510.9000000000001, -279.90000000000146, 0.0]
    max: : [411.0, 326.60000000000036, 469.8999999999942, 625.2255353070611]
    n: 2341
    n_valid: : [2330, 2330, 2334, 2330]
    dt_original: : [60000000000]
2026-10-07T01:33:23.361037Z INFO  main Plotting 'BOU' data for event '2024-05-10'
2026-10-07T01:33:23.363424Z INFO  main   Plotting 'BOU/B/measured/INTERMAG' original vs. modified data for event '2024-05-10'
2026-10-07T01:33:27.043164Z INFO  main     Writing C:\Users\lwilker\Documents\GitHub\SWERVE-data\data_processed/2024-05-10/sites/bou/figures\original\B_measured_INTERMAG_Bx.png
2026-10-07T01:33:27.487700Z INFO  main     Writing C:\Users\lwilker\Documents\GitHub\SWERVE-data\data_processed/2024-05-10/sites/bou/figures\original\B_measured_INTERMAG_Bx.pdf
2026-10-07T01:33:27.671961Z INFO  main     Writing C:\Users\lwilker\Documents\GitHub\SWERVE-data\data_processed/2024-05-10/sites/bou/figures\original\B_measured_INTERMAG_By.png
2026-10-07T01:33:28.098116Z INFO  main     Writing C:\Users\lwilker\Documents\GitHub\SWERVE-data\data_processed/2024-05-10/sites/bou/figures\original\B_measured_INTERMAG_By.pdf
2026-10-07T01:33:28.272521Z INFO  main     Writing C:\Users\lwilker\Documents\GitHub\SWERVE-data\data_processed/2024-05-10/sites/bou/figures\original\B_measured_INTERMAG_Bz.png
2026-10-07T01:33:28.683184Z INFO  main     Writing C:\Users\lwilker\Documents\GitHub\SWERVE-data\data_processed/2024-05-10/sites/bou/figures\original\B_measured_INTERMAG_Bz.pdf
2026-10-07T01:33:28.994510Z INFO  main Reading 'BMT' data for event '2024-05-10'
2026-10-07T01:33:29.005011Z INFO  main   Reading 'B/measured/INTERMAG' data for event '2024-05-10'
2026-10-07T01:33:29.007499Z INFO  main       Using HAPI INTERMAG data
2026-10-07T01:33:29.007499Z INFO  main       Reading HAPI INTERMAG site information
2026-10-07T01:33:34.924841Z INFO  main     Remove baseline then Resample to 1m aves and NaN pad or trim to start/stop.
2026-10-07T01:33:34.945555Z INFO  main     Writing C:\Users\lwilker\Documents\GitHub\SWERVE-data\data_processed\2024-05-10\sites\bmt\data\B_measured_INTERMAG.pkl
2026-10-07T01:33:34.952956Z INFO  main   Writing C:\Users\lwilker\Documents\GitHub\SWERVE-data\data_processed\2024-05-10\sites\bmt\data\_all.pkl
2026-10-07T01:33:34.957954Z INFO  main Computing stats for 'BMT' data
2026-10-07T01:33:34.963032Z INFO  main   Uniq dts [ns] = [60000000000]
2026-10-07T01:33:34.964035Z INFO  main   Uniq dts [#]  = 1
2026-10-07T01:33:34.964035Z INFO  main   Stats for B/measured/INTERMAG:
2026-10-07T01:33:34.964035Z INFO  main 
    std: : [127.20239141788694, 52.152896692511995, 30.023876219025436, 120.31474272418606]
    ave: : [-237.18308119657982, 6.122598290598453, 25.756367521364698, 246.41029993649468]
    min: : [-580.0699999999997, -116.43000000000029, -32.80000000000291, 0.0]
    max: : [132.02000000000044, 171.45000000000027, 111.39999999999418, 598.9253405892912]
    n: 2341
    n_valid: : [2340, 2340, 2340, 2340]
    dt_original: : [60000000000]
2026-10-07T01:33:34.965036Z INFO  main Plotting 'BMT' data for event '2024-05-10'
2026-10-07T01:33:34.967201Z INFO  main   Plotting 'BMT/B/measured/INTERMAG' original vs. modified data for event '2024-05-10'
2026-10-07T01:33:38.573392Z INFO  main     Writing C:\Users\lwilker\Documents\GitHub\SWERVE-data\data_processed/2024-05-10/sites/bmt/figures\original\B_measured_INTERMAG_Bx.png
2026-10-07T01:33:39.017491Z INFO  main     Writing C:\Users\lwilker\Documents\GitHub\SWERVE-data\data_processed/2024-05-10/sites/bmt/figures\original\B_measured_INTERMAG_Bx.pdf
2026-10-07T01:33:39.373124Z INFO  main     Writing C:\Users\lwilker\Documents\GitHub\SWERVE-data\data_processed/2024-05-10/sites/bmt/figures\original\B_measured_INTERMAG_By.png
2026-10-07T01:33:39.829834Z INFO  main     Writing C:\Users\lwilker\Documents\GitHub\SWERVE-data\data_processed/2024-05-10/sites/bmt/figures\original\B_measured_INTERMAG_By.pdf
2026-10-07T01:33:40.050078Z INFO  main     Writing C:\Users\lwilker\Documents\GitHub\SWERVE-data\data_processed/2024-05-10/sites/bmt/figures\original\B_measured_INTERMAG_Bz.png
2026-10-07T01:33:40.468122Z INFO  main     Writing C:\Users\lwilker\Documents\GitHub\SWERVE-data\data_processed/2024-05-10/sites/bmt/figures\original\B_measured_INTERMAG_Bz.pdf
2026-10-07T01:33:40.766029Z INFO  main Reading 'IZN' data for event '2024-05-10'
2026-10-07T01:33:40.773967Z INFO  main   Reading 'B/measured/INTERMAG' data for event '2024-05-10'
2026-10-07T01:33:40.778202Z INFO  main       Using HAPI INTERMAG data
2026-10-07T01:33:40.779210Z INFO  main       Reading HAPI INTERMAG site information
2026-10-07T01:33:46.122384Z INFO  main     Remove baseline then Resample to 1m aves and NaN pad or trim to start/stop.
2026-10-07T01:33:46.141331Z INFO  main     Writing C:\Users\lwilker\Documents\GitHub\SWERVE-data\data_processed\2024-05-10\sites\izn\data\B_measured_INTERMAG.pkl
2026-10-07T01:33:46.151065Z INFO  main   Writing C:\Users\lwilker\Documents\GitHub\SWERVE-data\data_processed\2024-05-10\sites\izn\data\_all.pkl
2026-10-07T01:33:46.155078Z INFO  main Computing stats for 'IZN' data
2026-10-07T01:33:46.160534Z INFO  main   Uniq dts [ns] = [60000000000]
2026-10-07T01:33:46.160534Z INFO  main   Uniq dts [#]  = 1
2026-10-07T01:33:46.160534Z INFO  main   Stats for B/measured/INTERMAG:
2026-10-07T01:33:46.160534Z INFO  main 
    std: : [109.4879209204927, 62.10467663103997, 23.96696886511088, 106.32409331897342]
    ave: : [-191.41391412339942, 79.84083891186668, 30.906666666668244, 218.067945707358]
    min: : [-437.97931254774085, -60.118001740714135, -8.0, 0.0]
    max: : [189.2337005493573, 375.84579572093935, 104.70000000000437, 479.3828412453351]
    n: 2341
    n_valid: : [2340, 2340, 2340, 2340]
    dt_original: : [60000000000]
2026-10-07T01:33:46.162500Z INFO  main Plotting 'IZN' data for event '2024-05-10'
2026-10-07T01:33:46.167468Z INFO  main   Plotting 'IZN/B/measured/INTERMAG' original vs. modified data for event '2024-05-10'
2026-10-07T01:33:49.705587Z INFO  main     Writing C:\Users\lwilker\Documents\GitHub\SWERVE-data\data_processed/2024-05-10/sites/izn/figures\original\B_measured_INTERMAG_Bx.png
2026-10-07T01:33:50.124035Z INFO  main     Writing C:\Users\lwilker\Documents\GitHub\SWERVE-data\data_processed/2024-05-10/sites/izn/figures\original\B_measured_INTERMAG_Bx.pdf
2026-10-07T01:33:50.287925Z INFO  main     Writing C:\Users\lwilker\Documents\GitHub\SWERVE-data\data_processed/2024-05-10/sites/izn/figures\original\B_measured_INTERMAG_By.png
2026-10-07T01:33:50.712416Z INFO  main     Writing C:\Users\lwilker\Documents\GitHub\SWERVE-data\data_processed/2024-05-10/sites/izn/figures\original\B_measured_INTERMAG_By.pdf
2026-10-07T01:33:50.886047Z INFO  main     Writing C:\Users\lwilker\Documents\GitHub\SWERVE-data\data_processed/2024-05-10/sites/izn/figures\original\B_measured_INTERMAG_Bz.png
2026-10-07T01:33:51.281948Z INFO  main     Writing C:\Users\lwilker\Documents\GitHub\SWERVE-data\data_processed/2024-05-10/sites/izn/figures\original\B_measured_INTERMAG_Bz.pdf
2026-10-07T01:33:51.559568Z INFO  main Reading 'EBR' data for event '2024-05-10'
2026-10-07T01:33:51.570473Z INFO  main   Reading 'B/measured/INTERMAG' data for event '2024-05-10'
2026-10-07T01:33:51.572471Z INFO  main       Using HAPI INTERMAG data
2026-10-07T01:33:51.572471Z INFO  main       Reading HAPI INTERMAG site information
2026-10-07T01:33:56.764545Z INFO  main     Remove baseline then Resample to 1m aves and NaN pad or trim to start/stop.
2026-10-07T01:33:56.788110Z INFO  main     Writing C:\Users\lwilker\Documents\GitHub\SWERVE-data\data_processed\2024-05-10\sites\ebr\data\B_measured_INTERMAG.pkl
2026-10-07T01:33:56.796511Z INFO  main   Writing C:\Users\lwilker\Documents\GitHub\SWERVE-data\data_processed\2024-05-10\sites\ebr\data\_all.pkl
2026-10-07T01:33:56.800508Z INFO  main Computing stats for 'EBR' data
2026-10-07T01:33:56.808672Z INFO  main   Uniq dts [ns] = [60000000000]
2026-10-07T01:33:56.808672Z INFO  main   Uniq dts [#]  = 1
2026-10-07T01:33:56.808672Z INFO  main   Stats for B/measured/INTERMAG:
2026-10-07T01:33:56.808672Z INFO  main 
    std: : [102.96066702532107, 65.27477666315957, 35.01019198158034, 97.9114167351859]
    ave: : [-168.81145299145237, 102.9191025641025, 63.81371794871785, 210.62929100511792]
    min: : [-405.3999999999978, 0.0, -38.900000000001455, 0.0]
    max: : [183.20000000000073, 290.5, 164.5, 427.28697616472965]
    n: 2341
    n_valid: : [2340, 2340, 2340, 2340]
    dt_original: : [60000000000]
2026-10-07T01:33:56.810280Z INFO  main Plotting 'EBR' data for event '2024-05-10'
2026-10-07T01:33:56.812299Z INFO  main   Plotting 'EBR/B/measured/INTERMAG' original vs. modified data for event '2024-05-10'
2026-10-07T01:34:00.533713Z INFO  main     Writing C:\Users\lwilker\Documents\GitHub\SWERVE-data\data_processed/2024-05-10/sites/ebr/figures\original\B_measured_INTERMAG_Bx.png
2026-10-07T01:34:00.987534Z INFO  main     Writing C:\Users\lwilker\Documents\GitHub\SWERVE-data\data_processed/2024-05-10/sites/ebr/figures\original\B_measured_INTERMAG_Bx.pdf
2026-10-07T01:34:01.174719Z INFO  main     Writing C:\Users\lwilker\Documents\GitHub\SWERVE-data\data_processed/2024-05-10/sites/ebr/figures\original\B_measured_INTERMAG_By.png
2026-10-07T01:34:01.598235Z INFO  main     Writing C:\Users\lwilker\Documents\GitHub\SWERVE-data\data_processed/2024-05-10/sites/ebr/figures\original\B_measured_INTERMAG_By.pdf
2026-10-07T01:34:01.783686Z INFO  main     Writing C:\Users\lwilker\Documents\GitHub\SWERVE-data\data_processed/2024-05-10/sites/ebr/figures\original\B_measured_INTERMAG_Bz.png
2026-10-07T01:34:02.217996Z INFO  main     Writing C:\Users\lwilker\Documents\GitHub\SWERVE-data\data_processed/2024-05-10/sites/ebr/figures\original\B_measured_INTERMAG_Bz.pdf
2026-10-07T01:34:02.523001Z INFO  main Reading 'DUR' data for event '2024-05-10'
2026-10-07T01:34:02.538757Z INFO  main   Reading 'B/measured/INTERMAG' data for event '2024-05-10'
2026-10-07T01:34:02.541751Z INFO  main       Using HAPI INTERMAG data
2026-10-07T01:34:02.541751Z INFO  main       Reading HAPI INTERMAG site information
2026-10-07T01:34:07.454723Z INFO  main     Remove baseline then Resample to 1m aves and NaN pad or trim to start/stop.
2026-10-07T01:34:07.469906Z INFO  main     Writing C:\Users\lwilker\Documents\GitHub\SWERVE-data\data_processed\2024-05-10\sites\dur\data\B_measured_INTERMAG.pkl
2026-10-07T01:34:07.479018Z INFO  main   Writing C:\Users\lwilker\Documents\GitHub\SWERVE-data\data_processed\2024-05-10\sites\dur\data\_all.pkl
2026-10-07T01:34:07.486043Z INFO  main Computing stats for 'DUR' data
2026-10-07T01:34:07.493476Z INFO  main   Uniq dts [ns] = [60000000000]
2026-10-07T01:34:07.494477Z INFO  main   Uniq dts [#]  = 1
2026-10-07T01:34:07.495387Z INFO  main   Stats for B/measured/INTERMAG:
2026-10-07T01:34:07.496546Z INFO  main 
    std: : [104.65974762732215, 66.05680035060794, 30.433764115165687, 101.06995098135366]
    ave: : [-173.8058547008553, 98.2602991452991, 51.163931623931596, 212.05091410088372]
    min: : [-433.7000000000007, -22.700000000000045, -2.900000000001455, 0.0]
    max: : [195.29999999999927, 391.20000000000005, 141.09999999999854, 518.1712844224384]
    n: 2341
    n_valid: : [2340, 2340, 2340, 2340]
    dt_original: : [60000000000]
2026-10-07T01:34:07.496546Z INFO  main Plotting 'DUR' data for event '2024-05-10'
2026-10-07T01:34:07.499552Z INFO  main   Plotting 'DUR/B/measured/INTERMAG' original vs. modified data for event '2024-05-10'
2026-10-07T01:34:11.334451Z INFO  main     Writing C:\Users\lwilker\Documents\GitHub\SWERVE-data\data_processed/2024-05-10/sites/dur/figures\original\B_measured_INTERMAG_Bx.png
2026-10-07T01:34:11.766230Z INFO  main     Writing C:\Users\lwilker\Documents\GitHub\SWERVE-data\data_processed/2024-05-10/sites/dur/figures\original\B_measured_INTERMAG_Bx.pdf
2026-10-07T01:34:11.966421Z INFO  main     Writing C:\Users\lwilker\Documents\GitHub\SWERVE-data\data_processed/2024-05-10/sites/dur/figures\original\B_measured_INTERMAG_By.png
2026-10-07T01:34:12.395488Z INFO  main     Writing C:\Users\lwilker\Documents\GitHub\SWERVE-data\data_processed/2024-05-10/sites/dur/figures\original\B_measured_INTERMAG_By.pdf
2026-10-07T01:34:12.571394Z INFO  main     Writing C:\Users\lwilker\Documents\GitHub\SWERVE-data\data_processed/2024-05-10/sites/dur/figures\original\B_measured_INTERMAG_Bz.png
2026-10-07T01:34:13.001905Z INFO  main     Writing C:\Users\lwilker\Documents\GitHub\SWERVE-data\data_processed/2024-05-10/sites/dur/figures\original\B_measured_INTERMAG_Bz.pdf
2026-10-07T01:34:13.266065Z INFO  main Reading 'PAG' data for event '2024-05-10'
2026-10-07T01:34:13.278831Z INFO  main   Reading 'B/measured/INTERMAG' data for event '2024-05-10'
2026-10-07T01:34:13.280885Z INFO  main       Using HAPI INTERMAG data
2026-10-07T01:34:13.280885Z INFO  main       Reading HAPI INTERMAG site information
2026-10-07T01:34:18.087831Z INFO  main     Remove baseline then Resample to 1m aves and NaN pad or trim to start/stop.
2026-10-07T01:34:18.109614Z INFO  main     Writing C:\Users\lwilker\Documents\GitHub\SWERVE-data\data_processed\2024-05-10\sites\pag\data\B_measured_INTERMAG.pkl
2026-10-07T01:34:18.117987Z INFO  main   Writing C:\Users\lwilker\Documents\GitHub\SWERVE-data\data_processed\2024-05-10\sites\pag\data\_all.pkl
2026-10-07T01:34:18.123681Z INFO  main Computing stats for 'PAG' data
2026-10-07T01:34:18.130580Z INFO  main   Uniq dts [ns] = [60000000000]
2026-10-07T01:34:18.130580Z INFO  main   Uniq dts [#]  = 1
2026-10-07T01:34:18.130580Z INFO  main   Stats for B/measured/INTERMAG:
2026-10-07T01:34:18.131582Z INFO  main 
    std: : [105.63838628672416, 64.94681452997341, 36.022608810149706, 102.60741893067627]
    ave: : [-177.69773504273496, 90.80059829059837, 45.10222222222239, 211.35398894860535]
    min: : [-426.7000000000007, -36.70000000000027, -3.3000000000029104, 0.0]
    max: : [185.40000000000146, 444.6999999999998, 155.90000000000146, 520.3279446656703]
    n: 2341
    n_valid: : [2340, 2340, 2340, 2340]
    dt_original: : [60000000000]
2026-10-07T01:34:18.131582Z INFO  main Plotting 'PAG' data for event '2024-05-10'
2026-10-07T01:34:18.136245Z INFO  main   Plotting 'PAG/B/measured/INTERMAG' original vs. modified data for event '2024-05-10'
2026-10-07T01:34:21.655175Z INFO  main     Writing C:\Users\lwilker\Documents\GitHub\SWERVE-data\data_processed/2024-05-10/sites/pag/figures\original\B_measured_INTERMAG_Bx.png
2026-10-07T01:34:22.095009Z INFO  main     Writing C:\Users\lwilker\Documents\GitHub\SWERVE-data\data_processed/2024-05-10/sites/pag/figures\original\B_measured_INTERMAG_Bx.pdf
2026-10-07T01:34:22.478174Z INFO  main     Writing C:\Users\lwilker\Documents\GitHub\SWERVE-data\data_processed/2024-05-10/sites/pag/figures\original\B_measured_INTERMAG_By.png
2026-10-07T01:34:22.875132Z INFO  main     Writing C:\Users\lwilker\Documents\GitHub\SWERVE-data\data_processed/2024-05-10/sites/pag/figures\original\B_measured_INTERMAG_By.pdf
2026-10-07T01:34:23.063134Z INFO  main     Writing C:\Users\lwilker\Documents\GitHub\SWERVE-data\data_processed/2024-05-10/sites/pag/figures\original\B_measured_INTERMAG_Bz.png
2026-10-07T01:34:23.470461Z INFO  main     Writing C:\Users\lwilker\Documents\GitHub\SWERVE-data\data_processed/2024-05-10/sites/pag/figures\original\B_measured_INTERMAG_Bz.pdf
2026-10-07T01:34:23.757829Z INFO  main Reading 'MMB' data for event '2024-05-10'
2026-10-07T01:34:23.764382Z INFO  main   Reading 'B/measured/INTERMAG' data for event '2024-05-10'
2026-10-07T01:34:23.766379Z INFO  main       Using HAPI INTERMAG data
2026-10-07T01:34:23.767379Z INFO  main       Reading HAPI INTERMAG site information
2026-10-07T01:34:29.260796Z INFO  main     Remove baseline then Resample to 1m aves and NaN pad or trim to start/stop.
2026-10-07T01:34:29.275714Z INFO  main     Writing C:\Users\lwilker\Documents\GitHub\SWERVE-data\data_processed\2024-05-10\sites\mmb\data\B_measured_INTERMAG.pkl
2026-10-07T01:34:29.283515Z INFO  main   Writing C:\Users\lwilker\Documents\GitHub\SWERVE-data\data_processed\2024-05-10\sites\mmb\data\_all.pkl
2026-10-07T01:34:29.288520Z INFO  main Computing stats for 'MMB' data
2026-10-07T01:34:29.295228Z INFO  main   Uniq dts [ns] = [60000000000]
2026-10-07T01:34:29.295228Z INFO  main   Uniq dts [#]  = 1
2026-10-07T01:34:29.295228Z INFO  main   Stats for B/measured/INTERMAG:
2026-10-07T01:34:29.295228Z INFO  main 
    std: : [117.64671461804076, 64.58637694315713, 43.781071494649616, 113.92968405996703]
    ave: : [-221.24300427350354, -18.434239316238983, 21.94371794871798, 233.06751115544242]
    min: : [-588.5799999999981, -186.84999999999945, -115.90000000000146, 0.0]
    max: : [107.67000000000189, 201.9300000000003, 128.09999999999854, 616.649544960505]
    n: 2341
    n_valid: : [2340, 2340, 2340, 2340]
    dt_original: : [60000000000]
2026-10-07T01:34:29.296229Z INFO  main Plotting 'MMB' data for event '2024-05-10'
2026-10-07T01:34:29.298111Z INFO  main   Plotting 'MMB/B/measured/INTERMAG' original vs. modified data for event '2024-05-10'
2026-10-07T01:34:32.947797Z INFO  main     Writing C:\Users\lwilker\Documents\GitHub\SWERVE-data\data_processed/2024-05-10/sites/mmb/figures\original\B_measured_INTERMAG_Bx.png
2026-10-07T01:34:33.374194Z INFO  main     Writing C:\Users\lwilker\Documents\GitHub\SWERVE-data\data_processed/2024-05-10/sites/mmb/figures\original\B_measured_INTERMAG_Bx.pdf
2026-10-07T01:34:33.540628Z INFO  main     Writing C:\Users\lwilker\Documents\GitHub\SWERVE-data\data_processed/2024-05-10/sites/mmb/figures\original\B_measured_INTERMAG_By.png
2026-10-07T01:34:34.002048Z INFO  main     Writing C:\Users\lwilker\Documents\GitHub\SWERVE-data\data_processed/2024-05-10/sites/mmb/figures\original\B_measured_INTERMAG_By.pdf
2026-10-07T01:34:34.187575Z INFO  main     Writing C:\Users\lwilker\Documents\GitHub\SWERVE-data\data_processed/2024-05-10/sites/mmb/figures\original\B_measured_INTERMAG_Bz.png
2026-10-07T01:34:34.575909Z INFO  main     Writing C:\Users\lwilker\Documents\GitHub\SWERVE-data\data_processed/2024-05-10/sites/mmb/figures\original\B_measured_INTERMAG_Bz.pdf
2026-10-07T01:34:34.864200Z INFO  main Reading 'SBL' data for event '2024-05-10'
2026-10-07T01:34:34.874682Z INFO  main   Reading 'B/measured/INTERMAG' data for event '2024-05-10'
2026-10-07T01:34:34.877024Z INFO  main       Using HAPI INTERMAG data
2026-10-07T01:34:34.877024Z INFO  main       Reading HAPI INTERMAG site information
2026-10-07T01:34:39.442928Z INFO  main     Remove baseline then Resample to 1m aves and NaN pad or trim to start/stop.
2026-10-07T01:34:39.462600Z INFO  main     Writing C:\Users\lwilker\Documents\GitHub\SWERVE-data\data_processed\2024-05-10\sites\sbl\data\B_measured_INTERMAG.pkl
2026-10-07T01:34:39.473688Z INFO  main   Writing C:\Users\lwilker\Documents\GitHub\SWERVE-data\data_processed\2024-05-10\sites\sbl\data\_all.pkl
2026-10-07T01:34:39.476199Z INFO  main Computing stats for 'SBL' data
2026-10-07T01:34:39.482253Z INFO  main   Uniq dts [ns] = [60000000000]
2026-10-07T01:34:39.483235Z INFO  main   Uniq dts [#]  = 1
2026-10-07T01:34:39.483235Z INFO  main   Stats for B/measured/INTERMAG:
2026-10-07T01:34:39.483235Z INFO  main 
    std: : [230.94555124543297, 114.89101014396748, 106.2249816296545, 185.05011217232826]
    ave: : [-96.81887114377241, -45.79318779774549, 44.17226495726491, 209.19645717650423]
    min: : [-1244.2385604046212, -508.9779729192951, -244.0, 0.0]
    max: : [605.5757775937309, 275.98528342981444, 402.6999999999971, 1249.2772539107157]
    n: 2341
    n_valid: : [2340, 2340, 2340, 2340]
    dt_original: : [60000000000]
2026-10-07T01:34:39.483740Z INFO  main Plotting 'SBL' data for event '2024-05-10'
2026-10-07T01:34:39.487875Z INFO  main   Plotting 'SBL/B/measured/INTERMAG' original vs. modified data for event '2024-05-10'
2026-10-07T01:34:43.425952Z INFO  main     Writing C:\Users\lwilker\Documents\GitHub\SWERVE-data\data_processed/2024-05-10/sites/sbl/figures\original\B_measured_INTERMAG_Bx.png
2026-10-07T01:34:43.861224Z INFO  main     Writing C:\Users\lwilker\Documents\GitHub\SWERVE-data\data_processed/2024-05-10/sites/sbl/figures\original\B_measured_INTERMAG_Bx.pdf
2026-10-07T01:34:44.053927Z INFO  main     Writing C:\Users\lwilker\Documents\GitHub\SWERVE-data\data_processed/2024-05-10/sites/sbl/figures\original\B_measured_INTERMAG_By.png
2026-10-07T01:34:44.487583Z INFO  main     Writing C:\Users\lwilker\Documents\GitHub\SWERVE-data\data_processed/2024-05-10/sites/sbl/figures\original\B_measured_INTERMAG_By.pdf
2026-10-07T01:34:44.663252Z INFO  main     Writing C:\Users\lwilker\Documents\GitHub\SWERVE-data\data_processed/2024-05-10/sites/sbl/figures\original\B_measured_INTERMAG_Bz.png
2026-10-07T01:34:45.049286Z INFO  main     Writing C:\Users\lwilker\Documents\GitHub\SWERVE-data\data_processed/2024-05-10/sites/sbl/figures\original\B_measured_INTERMAG_Bz.pdf
2026-10-07T01:34:45.345105Z INFO  main Reading 'GCK' data for event '2024-05-10'
2026-10-07T01:34:45.353098Z INFO  main   Reading 'B/measured/INTERMAG' data for event '2024-05-10'
2026-10-07T01:34:45.355125Z INFO  main       Using HAPI INTERMAG data
2026-10-07T01:34:45.356124Z INFO  main       Reading HAPI INTERMAG site information
2026-10-07T01:34:50.503121Z INFO  main     Remove baseline then Resample to 1m aves and NaN pad or trim to start/stop.
2026-10-07T01:34:50.530722Z INFO  main     Writing C:\Users\lwilker\Documents\GitHub\SWERVE-data\data_processed\2024-05-10\sites\gck\data\B_measured_INTERMAG.pkl
2026-10-07T01:34:50.551688Z INFO  main   Writing C:\Users\lwilker\Documents\GitHub\SWERVE-data\data_processed\2024-05-10\sites\gck\data\_all.pkl
2026-10-07T01:34:50.558505Z INFO  main Computing stats for 'GCK' data
2026-10-07T01:34:50.564241Z INFO  main   Uniq dts [ns] = [60000000000]
2026-10-07T01:34:50.564241Z INFO  main   Uniq dts [#]  = 1
2026-10-07T01:34:50.566248Z INFO  main   Stats for B/measured/INTERMAG:
2026-10-07T01:34:50.566248Z INFO  main 
    std: : [102.74443271012639, 69.58786067760256, 43.86778782513648, 101.30042749169924]
    ave: : [-164.39974358974413, 95.81863247863232, 48.97085470085177, 203.3361704642321]
    min: : [-430.1000000000022, -27.699999999999818, -32.0, 0.0]
    max: : [208.59999999999854, 505.4000000000001, 188.6999999999971, 573.4571997978592]
    n: 2341
    n_valid: : [2340, 2340, 2340, 2340]
    dt_original: : [60000000000]
2026-10-07T01:34:50.566248Z INFO  main Plotting 'GCK' data for event '2024-05-10'
2026-10-07T01:34:50.572271Z INFO  main   Plotting 'GCK/B/measured/INTERMAG' original vs. modified data for event '2024-05-10'
2026-10-07T01:34:54.366747Z INFO  main     Writing C:\Users\lwilker\Documents\GitHub\SWERVE-data\data_processed/2024-05-10/sites/gck/figures\original\B_measured_INTERMAG_Bx.png
2026-10-07T01:34:54.770138Z INFO  main     Writing C:\Users\lwilker\Documents\GitHub\SWERVE-data\data_processed/2024-05-10/sites/gck/figures\original\B_measured_INTERMAG_Bx.pdf
2026-10-07T01:34:54.969695Z INFO  main     Writing C:\Users\lwilker\Documents\GitHub\SWERVE-data\data_processed/2024-05-10/sites/gck/figures\original\B_measured_INTERMAG_By.png
2026-10-07T01:34:55.402782Z INFO  main     Writing C:\Users\lwilker\Documents\GitHub\SWERVE-data\data_processed/2024-05-10/sites/gck/figures\original\B_measured_INTERMAG_By.pdf
2026-10-07T01:34:55.585324Z INFO  main     Writing C:\Users\lwilker\Documents\GitHub\SWERVE-data\data_processed/2024-05-10/sites/gck/figures\original\B_measured_INTERMAG_Bz.png
2026-10-07T01:34:56.006661Z INFO  main     Writing C:\Users\lwilker\Documents\GitHub\SWERVE-data\data_processed/2024-05-10/sites/gck/figures\original\B_measured_INTERMAG_Bz.pdf
2026-10-07T01:34:56.298389Z INFO  main Reading 'SUA' data for event '2024-05-10'
2026-10-07T01:34:56.309142Z INFO  main   Reading 'B/measured/INTERMAG' data for event '2024-05-10'
2026-10-07T01:34:56.311657Z INFO  main       Using HAPI INTERMAG data
2026-10-07T01:34:56.311657Z INFO  main       Reading HAPI INTERMAG site information
2026-10-07T01:35:01.599601Z INFO  main     Remove baseline then Resample to 1m aves and NaN pad or trim to start/stop.
2026-10-07T01:35:01.632829Z INFO  main     Writing C:\Users\lwilker\Documents\GitHub\SWERVE-data\data_processed\2024-05-10\sites\sua\data\B_measured_INTERMAG.pkl
2026-10-07T01:35:01.641213Z INFO  main   Writing C:\Users\lwilker\Documents\GitHub\SWERVE-data\data_processed\2024-05-10\sites\sua\data\_all.pkl
2026-10-07T01:35:01.645779Z INFO  main Computing stats for 'SUA' data
2026-10-07T01:35:01.652412Z INFO  main   Uniq dts [ns] = [60000000000]
2026-10-07T01:35:01.652412Z INFO  main   Uniq dts [#]  = 1
2026-10-07T01:35:01.652412Z INFO  main   Stats for B/measured/INTERMAG:
2026-10-07T01:35:01.652412Z INFO  main 
    std: : [105.67568039502989, 65.8612372796454, 46.130464827385694, 102.66407160564415]
    ave: : [-171.4258846153852, 85.60847435897433, 45.22474358974185, 204.15872551166623]
    min: : [-440.2900000000009, -37.88000000000011, -42.700000000004366, 0.0]
    max: : [217.25, 485.03999999999996, 200.5, 541.4352792347402]
    n: 2341
    n_valid: : [2340, 2340, 2340, 2340]
    dt_original: : [60000000000]
2026-10-07T01:35:01.654306Z INFO  main Plotting 'SUA' data for event '2024-05-10'
2026-10-07T01:35:01.656321Z INFO  main   Plotting 'SUA/B/measured/INTERMAG' original vs. modified data for event '2024-05-10'
2026-10-07T01:35:05.072216Z INFO  main     Writing C:\Users\lwilker\Documents\GitHub\SWERVE-data\data_processed/2024-05-10/sites/sua/figures\original\B_measured_INTERMAG_Bx.png
2026-10-07T01:35:05.476262Z INFO  main     Writing C:\Users\lwilker\Documents\GitHub\SWERVE-data\data_processed/2024-05-10/sites/sua/figures\original\B_measured_INTERMAG_Bx.pdf
2026-10-07T01:35:05.657820Z INFO  main     Writing C:\Users\lwilker\Documents\GitHub\SWERVE-data\data_processed/2024-05-10/sites/sua/figures\original\B_measured_INTERMAG_By.png
2026-10-07T01:35:06.130297Z INFO  main     Writing C:\Users\lwilker\Documents\GitHub\SWERVE-data\data_processed/2024-05-10/sites/sua/figures\original\B_measured_INTERMAG_By.pdf
2026-10-07T01:35:06.310132Z INFO  main     Writing C:\Users\lwilker\Documents\GitHub\SWERVE-data\data_processed/2024-05-10/sites/sua/figures\original\B_measured_INTERMAG_Bz.png
2026-10-07T01:35:06.750465Z INFO  main     Writing C:\Users\lwilker\Documents\GitHub\SWERVE-data\data_processed/2024-05-10/sites/sua/figures\original\B_measured_INTERMAG_Bz.pdf
2026-10-07T01:35:07.036211Z INFO  main Reading 'OTT' data for event '2024-05-10'
2026-10-07T01:35:07.043886Z INFO  main   Reading 'B/measured/INTERMAG' data for event '2024-05-10'
2026-10-07T01:35:07.046545Z INFO  main       Using HAPI INTERMAG data
2026-10-07T01:35:07.046545Z INFO  main       Reading HAPI INTERMAG site information
2026-10-07T01:35:11.855633Z INFO  main     Remove baseline then Resample to 1m aves and NaN pad or trim to start/stop.
2026-10-07T01:35:11.882660Z INFO  main     Writing C:\Users\lwilker\Documents\GitHub\SWERVE-data\data_processed\2024-05-10\sites\ott\data\B_measured_INTERMAG.pkl
2026-10-07T01:35:11.890728Z INFO  main   Writing C:\Users\lwilker\Documents\GitHub\SWERVE-data\data_processed\2024-05-10\sites\ott\data\_all.pkl
2026-10-07T01:35:11.895398Z INFO  main Computing stats for 'OTT' data
2026-10-07T01:35:11.901065Z INFO  main   Uniq dts [ns] = [60000000000]
2026-10-07T01:35:11.901065Z INFO  main   Uniq dts [#]  = 1
2026-10-07T01:35:11.902062Z INFO  main   Stats for B/measured/INTERMAG:
2026-10-07T01:35:11.902062Z INFO  main 
    std: : [367.9015343604046, 151.90288306807898, 183.2757849214831, 285.1925766151878]
    ave: : [-77.79085470085424, -84.17047008547009, 21.115299145296255, 300.3786014719134]
    min: : [-1343.2999999999993, -892.0, -838.4000000000015, 0.0]
    max: : [1213.1000000000022, 523.5, 809.6999999999971, 1363.8388944446474]
    n: 2341
    n_valid: : [2340, 2340, 2340, 2340]
    dt_original: : [60000000000]
2026-10-07T01:35:11.902696Z INFO  main Plotting 'OTT' data for event '2024-05-10'
2026-10-07T01:35:11.903706Z INFO  main   Plotting 'OTT/B/measured/INTERMAG' original vs. modified data for event '2024-05-10'
2026-10-07T01:35:15.552158Z INFO  main     Writing C:\Users\lwilker\Documents\GitHub\SWERVE-data\data_processed/2024-05-10/sites/ott/figures\original\B_measured_INTERMAG_Bx.png
2026-10-07T01:35:15.954288Z INFO  main     Writing C:\Users\lwilker\Documents\GitHub\SWERVE-data\data_processed/2024-05-10/sites/ott/figures\original\B_measured_INTERMAG_Bx.pdf
2026-10-07T01:35:16.164189Z INFO  main     Writing C:\Users\lwilker\Documents\GitHub\SWERVE-data\data_processed/2024-05-10/sites/ott/figures\original\B_measured_INTERMAG_By.png
2026-10-07T01:35:16.602171Z INFO  main     Writing C:\Users\lwilker\Documents\GitHub\SWERVE-data\data_processed/2024-05-10/sites/ott/figures\original\B_measured_INTERMAG_By.pdf
2026-10-07T01:35:16.772964Z INFO  main     Writing C:\Users\lwilker\Documents\GitHub\SWERVE-data\data_processed/2024-05-10/sites/ott/figures\original\B_measured_INTERMAG_Bz.png
2026-10-07T01:35:17.192225Z INFO  main     Writing C:\Users\lwilker\Documents\GitHub\SWERVE-data\data_processed/2024-05-10/sites/ott/figures\original\B_measured_INTERMAG_Bz.pdf
2026-10-07T01:35:17.462059Z INFO  main Reading 'LON' data for event '2024-05-10'
2026-10-07T01:35:17.483262Z INFO  main   Reading 'B/measured/INTERMAG' data for event '2024-05-10'
2026-10-07T01:35:17.485263Z INFO  main       Using HAPI INTERMAG data
2026-10-07T01:35:17.485263Z INFO  main       Reading HAPI INTERMAG site information
2026-10-07T01:35:22.801800Z INFO  main     Remove baseline then Resample to 1m aves and NaN pad or trim to start/stop.
2026-10-07T01:35:22.819179Z INFO  main     Writing C:\Users\lwilker\Documents\GitHub\SWERVE-data\data_processed\2024-05-10\sites\lon\data\B_measured_INTERMAG.pkl
2026-10-07T01:35:22.826097Z INFO  main   Writing C:\Users\lwilker\Documents\GitHub\SWERVE-data\data_processed\2024-05-10\sites\lon\data\_all.pkl
2026-10-07T01:35:22.829108Z INFO  main Computing stats for 'LON' data
2026-10-07T01:35:22.835543Z INFO  main   Uniq dts [ns] = [60000000000]
2026-10-07T01:35:22.835543Z INFO  main   Uniq dts [#]  = 1
2026-10-07T01:35:22.836685Z INFO  main   Stats for B/measured/INTERMAG:
2026-10-07T01:35:22.836685Z INFO  main 
    std: : [101.77948836127204, 69.2360636562359, 46.54713014435625, 100.06758851123932]
    ave: : [-156.84557264957132, 97.79628632478622, 50.955260683757224, 198.25191492121724]
    min: : [-423.5400000000009, -18.460000000000036, -29.560000000004948, 0.0]
    max: : [211.25, 450.1099999999999, 200.0899999999965, 556.4969384462047]
    n: 2341
    n_valid: : [2340, 2340, 2340, 2340]
    dt_original: : [60000000000]
2026-10-07T01:35:22.837687Z INFO  main Plotting 'LON' data for event '2024-05-10'
2026-10-07T01:35:22.839685Z INFO  main   Plotting 'LON/B/measured/INTERMAG' original vs. modified data for event '2024-05-10'
2026-10-07T01:35:26.443844Z INFO  main     Writing C:\Users\lwilker\Documents\GitHub\SWERVE-data\data_processed/2024-05-10/sites/lon/figures\original\B_measured_INTERMAG_Bx.png
2026-10-07T01:35:26.886297Z INFO  main     Writing C:\Users\lwilker\Documents\GitHub\SWERVE-data\data_processed/2024-05-10/sites/lon/figures\original\B_measured_INTERMAG_Bx.pdf
2026-10-07T01:35:27.062657Z INFO  main     Writing C:\Users\lwilker\Documents\GitHub\SWERVE-data\data_processed/2024-05-10/sites/lon/figures\original\B_measured_INTERMAG_By.png
2026-10-07T01:35:27.497498Z INFO  main     Writing C:\Users\lwilker\Documents\GitHub\SWERVE-data\data_processed/2024-05-10/sites/lon/figures\original\B_measured_INTERMAG_By.pdf
2026-10-07T01:35:27.696950Z INFO  main     Writing C:\Users\lwilker\Documents\GitHub\SWERVE-data\data_processed/2024-05-10/sites/lon/figures\original\B_measured_INTERMAG_Bz.png
2026-10-07T01:35:28.119206Z INFO  main     Writing C:\Users\lwilker\Documents\GitHub\SWERVE-data\data_processed/2024-05-10/sites/lon/figures\original\B_measured_INTERMAG_Bz.pdf
2026-10-07T01:35:28.392509Z INFO  main Reading 'THY' data for event '2024-05-10'
2026-10-07T01:35:28.407730Z INFO  main   Reading 'B/measured/INTERMAG' data for event '2024-05-10'
2026-10-07T01:35:28.409191Z INFO  main       Using HAPI INTERMAG data
2026-10-07T01:35:28.410190Z INFO  main       Reading HAPI INTERMAG site information
2026-10-07T01:35:34.078916Z INFO  main     Remove baseline then Resample to 1m aves and NaN pad or trim to start/stop.
2026-10-07T01:35:34.101282Z INFO  main     Writing C:\Users\lwilker\Documents\GitHub\SWERVE-data\data_processed\2024-05-10\sites\thy\data\B_measured_INTERMAG.pkl
2026-10-07T01:35:34.114461Z INFO  main   Writing C:\Users\lwilker\Documents\GitHub\SWERVE-data\data_processed\2024-05-10\sites\thy\data\_all.pkl
2026-10-07T01:35:34.114461Z INFO  main Computing stats for 'THY' data
2026-10-07T01:35:34.125874Z INFO  main   Uniq dts [ns] = [60000000000]
2026-10-07T01:35:34.125874Z INFO  main   Uniq dts [#]  = 1
2026-10-07T01:35:34.125874Z INFO  main   Stats for B/measured/INTERMAG:
2026-10-07T01:35:34.125874Z INFO  main 
    std: : [102.8223951009229, 73.84816626475792, 57.756489147743366, 103.18800310996848]
    ave: : [-152.56709401709435, 101.33012820512829, 48.1372649572631, 197.28848336388933]
    min: : [-441.40000000000146, -45.399999999999864, -71.5, 0.0]
    max: : [241.29999999999927, 530.8, 232.1999999999971, 622.0282389088131]
    n: 2341
    n_valid: : [2340, 2340, 2340, 2340]
    dt_original: : [60000000000]
2026-10-07T01:35:34.125874Z INFO  main Plotting 'THY' data for event '2024-05-10'
2026-10-07T01:35:34.130060Z INFO  main   Plotting 'THY/B/measured/INTERMAG' original vs. modified data for event '2024-05-10'
2026-10-07T01:35:37.711548Z INFO  main     Writing C:\Users\lwilker\Documents\GitHub\SWERVE-data\data_processed/2024-05-10/sites/thy/figures\original\B_measured_INTERMAG_Bx.png
2026-10-07T01:35:38.142152Z INFO  main     Writing C:\Users\lwilker\Documents\GitHub\SWERVE-data\data_processed/2024-05-10/sites/thy/figures\original\B_measured_INTERMAG_Bx.pdf
2026-10-07T01:35:38.311856Z INFO  main     Writing C:\Users\lwilker\Documents\GitHub\SWERVE-data\data_processed/2024-05-10/sites/thy/figures\original\B_measured_INTERMAG_By.png
2026-10-07T01:35:38.751779Z INFO  main     Writing C:\Users\lwilker\Documents\GitHub\SWERVE-data\data_processed/2024-05-10/sites/thy/figures\original\B_measured_INTERMAG_By.pdf
2026-10-07T01:35:38.935220Z INFO  main     Writing C:\Users\lwilker\Documents\GitHub\SWERVE-data\data_processed/2024-05-10/sites/thy/figures\original\B_measured_INTERMAG_Bz.png
2026-10-07T01:35:39.377301Z INFO  main     Writing C:\Users\lwilker\Documents\GitHub\SWERVE-data\data_processed/2024-05-10/sites/thy/figures\original\B_measured_INTERMAG_Bz.pdf
2026-10-07T01:35:39.801746Z INFO  main Reading 'STJ' data for event '2024-05-10'
2026-10-07T01:35:39.808471Z INFO  main   Reading 'B/measured/INTERMAG' data for event '2024-05-10'
2026-10-07T01:35:39.811581Z INFO  main       Using HAPI INTERMAG data
2026-10-07T01:35:39.811581Z INFO  main       Reading HAPI INTERMAG site information
2026-10-07T01:35:45.251606Z INFO  main     Remove baseline then Resample to 1m aves and NaN pad or trim to start/stop.
2026-10-07T01:35:45.267050Z INFO  main     Writing C:\Users\lwilker\Documents\GitHub\SWERVE-data\data_processed\2024-05-10\sites\stj\data\B_measured_INTERMAG.pkl
2026-10-07T01:35:45.274706Z INFO  main   Writing C:\Users\lwilker\Documents\GitHub\SWERVE-data\data_processed\2024-05-10\sites\stj\data\_all.pkl
2026-10-07T01:35:45.278710Z INFO  main Computing stats for 'STJ' data
2026-10-07T01:35:45.285959Z INFO  main   Uniq dts [ns] = [60000000000]
2026-10-07T01:35:45.285959Z INFO  main   Uniq dts [#]  = 1
2026-10-07T01:35:45.286954Z INFO  main   Stats for B/measured/INTERMAG:
2026-10-07T01:35:45.286954Z INFO  main 
    std: : [258.19236157809155, 135.736263693914, 169.09815421030086, 204.58396645270957]
    ave: : [-98.95824786324609, -18.623760683760608, 67.74128205127927, 231.02512593114656]
    min: : [-1207.7999999999993, -556.0999999999995, -463.90000000000146, 0.0]
    max: : [716.6000000000022, 264.10000000000036, 794.6999999999971, 1208.468816312609]
    n: 2341
    n_valid: : [2340, 2340, 2340, 2340]
    dt_original: : [60000000000]
2026-10-07T01:35:45.286954Z INFO  main Plotting 'STJ' data for event '2024-05-10'
2026-10-07T01:35:45.286954Z INFO  main   Plotting 'STJ/B/measured/INTERMAG' original vs. modified data for event '2024-05-10'
2026-10-07T01:35:48.838982Z INFO  main     Writing C:\Users\lwilker\Documents\GitHub\SWERVE-data\data_processed/2024-05-10/sites/stj/figures\original\B_measured_INTERMAG_Bx.png
2026-10-07T01:35:49.258602Z INFO  main     Writing C:\Users\lwilker\Documents\GitHub\SWERVE-data\data_processed/2024-05-10/sites/stj/figures\original\B_measured_INTERMAG_Bx.pdf
2026-10-07T01:35:49.459577Z INFO  main     Writing C:\Users\lwilker\Documents\GitHub\SWERVE-data\data_processed/2024-05-10/sites/stj/figures\original\B_measured_INTERMAG_By.png
2026-10-07T01:35:49.891752Z INFO  main     Writing C:\Users\lwilker\Documents\GitHub\SWERVE-data\data_processed/2024-05-10/sites/stj/figures\original\B_measured_INTERMAG_By.pdf
2026-10-07T01:35:50.070325Z INFO  main     Writing C:\Users\lwilker\Documents\GitHub\SWERVE-data\data_processed/2024-05-10/sites/stj/figures\original\B_measured_INTERMAG_Bz.png
2026-10-07T01:35:50.542004Z INFO  main     Writing C:\Users\lwilker\Documents\GitHub\SWERVE-data\data_processed/2024-05-10/sites/stj/figures\original\B_measured_INTERMAG_Bz.pdf
2026-10-07T01:35:50.829695Z INFO  main Reading 'KHB' data for event '2024-05-10'
2026-10-07T01:35:50.840144Z INFO  main   Reading 'B/measured/INTERMAG' data for event '2024-05-10'
2026-10-07T01:35:50.845415Z INFO  main       Using HAPI INTERMAG data
2026-10-07T01:35:50.845415Z INFO  main       Reading HAPI INTERMAG site information
2026-10-07T01:35:56.034583Z INFO  main     Remove baseline then Resample to 1m aves and NaN pad or trim to start/stop.
2026-10-07T01:35:56.062275Z INFO  main     Writing C:\Users\lwilker\Documents\GitHub\SWERVE-data\data_processed\2024-05-10\sites\khb\data\B_measured_INTERMAG.pkl
2026-10-07T01:35:56.068928Z INFO  main   Writing C:\Users\lwilker\Documents\GitHub\SWERVE-data\data_processed\2024-05-10\sites\khb\data\_all.pkl
2026-10-07T01:35:56.072426Z INFO  main Computing stats for 'KHB' data
2026-10-07T01:35:56.082301Z INFO  main   Uniq dts [ns] = [60000000000]
2026-10-07T01:35:56.082301Z INFO  main   Uniq dts [#]  = 1
2026-10-07T01:35:56.082301Z INFO  main   Stats for B/measured/INTERMAG:
2026-10-07T01:35:56.082301Z INFO  main 
    std: : [119.68740541121944, 64.27727752082951, 53.59688821482703, 114.24843076347811]
    ave: : [-218.05708547008794, -7.879239316239732, 29.211829059826073, 230.24967844397457]
    min: : [-618.1500000000015, -161.23000000000047, -86.16000000000349, 0.0]
    max: : [118.73999999999796, 233.4399999999996, 167.29999999999563, 626.974205928762]
    n: 2341
    n_valid: : [2340, 2340, 2340, 2340]
    dt_original: : [60000000000]
2026-10-07T01:35:56.083887Z INFO  main Plotting 'KHB' data for event '2024-05-10'
2026-10-07T01:35:56.085899Z INFO  main   Plotting 'KHB/B/measured/INTERMAG' original vs. modified data for event '2024-05-10'
2026-10-07T01:35:59.834668Z INFO  main     Writing C:\Users\lwilker\Documents\GitHub\SWERVE-data\data_processed/2024-05-10/sites/khb/figures\original\B_measured_INTERMAG_Bx.png
2026-10-07T01:36:00.266304Z INFO  main     Writing C:\Users\lwilker\Documents\GitHub\SWERVE-data\data_processed/2024-05-10/sites/khb/figures\original\B_measured_INTERMAG_Bx.pdf
2026-10-07T01:36:00.415672Z INFO  main     Writing C:\Users\lwilker\Documents\GitHub\SWERVE-data\data_processed/2024-05-10/sites/khb/figures\original\B_measured_INTERMAG_By.png
2026-10-07T01:36:00.866696Z INFO  main     Writing C:\Users\lwilker\Documents\GitHub\SWERVE-data\data_processed/2024-05-10/sites/khb/figures\original\B_measured_INTERMAG_By.pdf
2026-10-07T01:36:01.073009Z INFO  main     Writing C:\Users\lwilker\Documents\GitHub\SWERVE-data\data_processed/2024-05-10/sites/khb/figures\original\B_measured_INTERMAG_Bz.png
2026-10-07T01:36:01.485872Z INFO  main     Writing C:\Users\lwilker\Documents\GitHub\SWERVE-data\data_processed/2024-05-10/sites/khb/figures\original\B_measured_INTERMAG_Bz.pdf
2026-10-07T01:36:01.791383Z INFO  main Reading 'NCK' data for event '2024-05-10'
2026-10-07T01:36:01.808924Z INFO  main   Reading 'B/measured/INTERMAG' data for event '2024-05-10'
2026-10-07T01:36:01.811920Z INFO  main       Using HAPI INTERMAG data
2026-10-07T01:36:01.811920Z INFO  main       Reading HAPI INTERMAG site information
2026-10-07T01:36:07.581788Z INFO  main     Remove baseline then Resample to 1m aves and NaN pad or trim to start/stop.
2026-10-07T01:36:07.601311Z INFO  main     Writing C:\Users\lwilker\Documents\GitHub\SWERVE-data\data_processed\2024-05-10\sites\nck\data\B_measured_INTERMAG.pkl
2026-10-07T01:36:07.614250Z INFO  main   Writing C:\Users\lwilker\Documents\GitHub\SWERVE-data\data_processed\2024-05-10\sites\nck\data\_all.pkl
2026-10-07T01:36:07.619125Z INFO  main Computing stats for 'NCK' data
2026-10-07T01:36:07.625687Z INFO  main   Uniq dts [ns] = [60000000000]
2026-10-07T01:36:07.625687Z INFO  main   Uniq dts [#]  = 1
2026-10-07T01:36:07.625687Z INFO  main   Stats for B/measured/INTERMAG:
2026-10-07T01:36:07.625687Z INFO  main 
    std: : [104.53277323948913, 76.2698312349065, 64.7117067503418, 104.77927828019355]
    ave: : [-148.06063247863258, 104.62144017094016, 44.79488461538452, 196.5530140044548]
    min: : [-444.06000000000006, -52.64999999999998, -108.28000000000003, 0.0]
    max: : [254.89000000000001, 545.13, 250.51999999999998, 654.545531494945]
    n: 2341
    n_valid: : [2340, 2340, 2340, 2340]
    dt_original: : [60000000000]
2026-10-07T01:36:07.626684Z INFO  main Plotting 'NCK' data for event '2024-05-10'
2026-10-07T01:36:07.628683Z INFO  main   Plotting 'NCK/B/measured/INTERMAG' original vs. modified data for event '2024-05-10'
2026-10-07T01:36:11.192450Z INFO  main     Writing C:\Users\lwilker\Documents\GitHub\SWERVE-data\data_processed/2024-05-10/sites/nck/figures\original\B_measured_INTERMAG_Bx.png
2026-10-07T01:36:11.612598Z INFO  main     Writing C:\Users\lwilker\Documents\GitHub\SWERVE-data\data_processed/2024-05-10/sites/nck/figures\original\B_measured_INTERMAG_Bx.pdf
2026-10-07T01:36:11.776365Z INFO  main     Writing C:\Users\lwilker\Documents\GitHub\SWERVE-data\data_processed/2024-05-10/sites/nck/figures\original\B_measured_INTERMAG_By.png
2026-10-07T01:36:12.209391Z INFO  main     Writing C:\Users\lwilker\Documents\GitHub\SWERVE-data\data_processed/2024-05-10/sites/nck/figures\original\B_measured_INTERMAG_By.pdf
2026-10-07T01:36:12.396393Z INFO  main     Writing C:\Users\lwilker\Documents\GitHub\SWERVE-data\data_processed/2024-05-10/sites/nck/figures\original\B_measured_INTERMAG_Bz.png
2026-10-07T01:36:12.819753Z INFO  main     Writing C:\Users\lwilker\Documents\GitHub\SWERVE-data\data_processed/2024-05-10/sites/nck/figures\original\B_measured_INTERMAG_Bz.pdf
2026-10-07T01:36:13.113534Z INFO  main Reading 'HRB' data for event '2024-05-10'
2026-10-07T01:36:13.128928Z INFO  main   Reading 'B/measured/INTERMAG' data for event '2024-05-10'
2026-10-07T01:36:13.130708Z INFO  main       Using HAPI INTERMAG data
2026-10-07T01:36:13.130708Z INFO  main       Reading HAPI INTERMAG site information
2026-10-07T01:36:18.070102Z INFO  main     Remove baseline then Resample to 1m aves and NaN pad or trim to start/stop.
2026-10-07T01:36:18.100321Z INFO  main     Writing C:\Users\lwilker\Documents\GitHub\SWERVE-data\data_processed\2024-05-10\sites\hrb\data\B_measured_INTERMAG.pkl
2026-10-07T01:36:18.272241Z INFO  main   Writing C:\Users\lwilker\Documents\GitHub\SWERVE-data\data_processed\2024-05-10\sites\hrb\data\_all.pkl
2026-10-07T01:36:18.286526Z INFO  main Computing stats for 'HRB' data
2026-10-07T01:36:18.299074Z INFO  main   Uniq dts [ns] = [60000000000]
2026-10-07T01:36:18.299074Z INFO  main   Uniq dts [#]  = 1
2026-10-07T01:36:18.299074Z INFO  main   Stats for B/measured/INTERMAG:
2026-10-07T01:36:18.303092Z INFO  main 
    std: : [101.71397789040007, 73.55258033507768, 66.20997011269608, 101.3861616638132]
    ave: : [-143.34773504273488, 98.7539743589744, 44.3373076923077, 189.14936475941687]
    min: : [-422.3999999999978, -42.200000000000045, -99.80000000000291, 0.0]
    max: : [243.79999999999927, 447.5, 254.8000000000029, 563.7092246894665]
    n: 2341
    n_valid: : [2340, 2340, 2340, 2340]
    dt_original: : [60000000000]
2026-10-07T01:36:18.311156Z INFO  main Plotting 'HRB' data for event '2024-05-10'
2026-10-07T01:36:18.321846Z INFO  main   Plotting 'HRB/B/measured/INTERMAG' original vs. modified data for event '2024-05-10'
2026-10-07T01:36:21.940360Z INFO  main     Writing C:\Users\lwilker\Documents\GitHub\SWERVE-data\data_processed/2024-05-10/sites/hrb/figures\original\B_measured_INTERMAG_Bx.png
2026-10-07T01:36:22.382876Z INFO  main     Writing C:\Users\lwilker\Documents\GitHub\SWERVE-data\data_processed/2024-05-10/sites/hrb/figures\original\B_measured_INTERMAG_Bx.pdf
2026-10-07T01:36:22.567929Z INFO  main     Writing C:\Users\lwilker\Documents\GitHub\SWERVE-data\data_processed/2024-05-10/sites/hrb/figures\original\B_measured_INTERMAG_By.png
2026-10-07T01:36:22.985492Z INFO  main     Writing C:\Users\lwilker\Documents\GitHub\SWERVE-data\data_processed/2024-05-10/sites/hrb/figures\original\B_measured_INTERMAG_By.pdf
2026-10-07T01:36:23.165357Z INFO  main     Writing C:\Users\lwilker\Documents\GitHub\SWERVE-data\data_processed/2024-05-10/sites/hrb/figures\original\B_measured_INTERMAG_Bz.png
2026-10-07T01:36:23.603364Z INFO  main     Writing C:\Users\lwilker\Documents\GitHub\SWERVE-data\data_processed/2024-05-10/sites/hrb/figures\original\B_measured_INTERMAG_Bz.pdf
2026-10-07T01:36:23.902032Z INFO  main Reading 'WIC' data for event '2024-05-10'
2026-10-07T01:36:23.911795Z INFO  main   Reading 'B/measured/INTERMAG' data for event '2024-05-10'
2026-10-07T01:36:23.914909Z INFO  main       Using HAPI INTERMAG data
2026-10-07T01:36:23.914909Z INFO  main       Reading HAPI INTERMAG site information
2026-10-07T01:36:30.028932Z INFO  main     Remove baseline then Resample to 1m aves and NaN pad or trim to start/stop.
2026-10-07T01:36:30.046478Z INFO  main     Writing C:\Users\lwilker\Documents\GitHub\SWERVE-data\data_processed\2024-05-10\sites\wic\data\B_measured_INTERMAG.pkl
2026-10-07T01:36:30.053105Z INFO  main   Writing C:\Users\lwilker\Documents\GitHub\SWERVE-data\data_processed\2024-05-10\sites\wic\data\_all.pkl
2026-10-07T01:36:30.058570Z INFO  main Computing stats for 'WIC' data
2026-10-07T01:36:30.066970Z INFO  main   Uniq dts [ns] = [60000000000]
2026-10-07T01:36:30.066970Z INFO  main   Uniq dts [#]  = 1
2026-10-07T01:36:30.066970Z INFO  main   Stats for B/measured/INTERMAG:
2026-10-07T01:36:30.066970Z INFO  main 
    std: : [103.577061405802, 73.74771903442384, 66.7653176699797, 102.83599350855974]
    ave: : [-143.4790170940186, 99.94068376068351, 43.19679487179777, 190.1737646684415]
    min: : [-429.5, -34.200000000000045, -119.79999999999563, 0.0]
    max: : [250.79999999999927, 501.3000000000002, 253.8000000000029, 631.529389656571]
    n: 2341
    n_valid: : [2340, 2340, 2340, 2340]
    dt_original: : [60000000000]
2026-10-07T01:36:30.068972Z INFO  main Plotting 'WIC' data for event '2024-05-10'
2026-10-07T01:36:30.072978Z INFO  main   Plotting 'WIC/B/measured/INTERMAG' original vs. modified data for event '2024-05-10'
2026-10-07T01:36:33.679009Z INFO  main     Writing C:\Users\lwilker\Documents\GitHub\SWERVE-data\data_processed/2024-05-10/sites/wic/figures\original\B_measured_INTERMAG_Bx.png
2026-10-07T01:36:34.120860Z INFO  main     Writing C:\Users\lwilker\Documents\GitHub\SWERVE-data\data_processed/2024-05-10/sites/wic/figures\original\B_measured_INTERMAG_Bx.pdf
2026-10-07T01:36:34.301607Z INFO  main     Writing C:\Users\lwilker\Documents\GitHub\SWERVE-data\data_processed/2024-05-10/sites/wic/figures\original\B_measured_INTERMAG_By.png
2026-10-07T01:36:34.744462Z INFO  main     Writing C:\Users\lwilker\Documents\GitHub\SWERVE-data\data_processed/2024-05-10/sites/wic/figures\original\B_measured_INTERMAG_By.pdf
2026-10-07T01:36:34.937204Z INFO  main     Writing C:\Users\lwilker\Documents\GitHub\SWERVE-data\data_processed/2024-05-10/sites/wic/figures\original\B_measured_INTERMAG_Bz.png
2026-10-07T01:36:35.322272Z INFO  main     Writing C:\Users\lwilker\Documents\GitHub\SWERVE-data\data_processed/2024-05-10/sites/wic/figures\original\B_measured_INTERMAG_Bz.pdf
2026-10-07T01:36:35.605718Z INFO  main Reading 'CLF' data for event '2024-05-10'
2026-10-07T01:36:35.618437Z INFO  main   Reading 'B/measured/INTERMAG' data for event '2024-05-10'
2026-10-07T01:36:35.621052Z INFO  main       Using HAPI INTERMAG data
2026-10-07T01:36:35.621052Z INFO  main       Reading HAPI INTERMAG site information
2026-10-07T01:36:41.407524Z INFO  main     Remove baseline then Resample to 1m aves and NaN pad or trim to start/stop.
2026-10-07T01:36:41.436686Z INFO  main     Writing C:\Users\lwilker\Documents\GitHub\SWERVE-data\data_processed\2024-05-10\sites\clf\data\B_measured_INTERMAG.pkl
2026-10-07T01:36:41.444803Z INFO  main   Writing C:\Users\lwilker\Documents\GitHub\SWERVE-data\data_processed\2024-05-10\sites\clf\data\_all.pkl
2026-10-07T01:36:41.448817Z INFO  main Computing stats for 'CLF' data
2026-10-07T01:36:41.456545Z INFO  main   Uniq dts [ns] = [60000000000]
2026-10-07T01:36:41.456545Z INFO  main   Uniq dts [#]  = 1
2026-10-07T01:36:41.456545Z INFO  main   Stats for B/measured/INTERMAG:
2026-10-07T01:36:41.456545Z INFO  main 
    std: : [101.53218930470565, 79.49386801397102, 62.4312213371461, 101.42804199226472]
    ave: : [-123.43756410256536, 110.78427350427347, 54.82273504273694, 183.98478279979932]
    min: : [-423.7000000000007, -28.0, -114.29999999999563, 0.0]
    max: : [262.0, 342.20000000000005, 248.09999999999854, 492.44558074979335]
    n: 2341
    n_valid: : [2340, 2340, 2340, 2340]
    dt_original: : [60000000000]
2026-10-07T01:36:41.457973Z INFO  main Plotting 'CLF' data for event '2024-05-10'
2026-10-07T01:36:41.459979Z INFO  main   Plotting 'CLF/B/measured/INTERMAG' original vs. modified data for event '2024-05-10'
2026-10-07T01:36:44.893841Z INFO  main     Writing C:\Users\lwilker\Documents\GitHub\SWERVE-data\data_processed/2024-05-10/sites/clf/figures\original\B_measured_INTERMAG_Bx.png
2026-10-07T01:36:45.319436Z INFO  main     Writing C:\Users\lwilker\Documents\GitHub\SWERVE-data\data_processed/2024-05-10/sites/clf/figures\original\B_measured_INTERMAG_Bx.pdf
2026-10-07T01:36:45.543578Z INFO  main     Writing C:\Users\lwilker\Documents\GitHub\SWERVE-data\data_processed/2024-05-10/sites/clf/figures\original\B_measured_INTERMAG_By.png
2026-10-07T01:36:45.966920Z INFO  main     Writing C:\Users\lwilker\Documents\GitHub\SWERVE-data\data_processed/2024-05-10/sites/clf/figures\original\B_measured_INTERMAG_By.pdf
2026-10-07T01:36:46.161832Z INFO  main     Writing C:\Users\lwilker\Documents\GitHub\SWERVE-data\data_processed/2024-05-10/sites/clf/figures\original\B_measured_INTERMAG_Bz.png
2026-10-07T01:36:46.564495Z INFO  main     Writing C:\Users\lwilker\Documents\GitHub\SWERVE-data\data_processed/2024-05-10/sites/clf/figures\original\B_measured_INTERMAG_Bz.pdf
2026-10-07T01:36:46.851713Z INFO  main Reading 'FUR' data for event '2024-05-10'
2026-10-07T01:36:46.859865Z INFO  main   Reading 'B/measured/INTERMAG' data for event '2024-05-10'
2026-10-07T01:36:46.862863Z INFO  main       Using HAPI INTERMAG data
2026-10-07T01:36:46.862863Z INFO  main       Reading HAPI INTERMAG site information
2026-10-07T01:36:51.768912Z INFO  main     Remove baseline then Resample to 1m aves and NaN pad or trim to start/stop.
2026-10-07T01:36:51.779201Z INFO  main     Writing C:\Users\lwilker\Documents\GitHub\SWERVE-data\data_processed\2024-05-10\sites\fur\data\B_measured_INTERMAG.pkl
2026-10-07T01:36:51.796456Z INFO  main   Writing C:\Users\lwilker\Documents\GitHub\SWERVE-data\data_processed\2024-05-10\sites\fur\data\_all.pkl
2026-10-07T01:36:51.806713Z INFO  main Computing stats for 'FUR' data
2026-10-07T01:36:51.810747Z INFO  main   Uniq dts [ns] = [60000000000]
2026-10-07T01:36:51.810747Z INFO  main   Uniq dts [#]  = 1
2026-10-07T01:36:51.810747Z INFO  main   Stats for B/measured/INTERMAG:
2026-10-07T01:36:51.810747Z INFO  main 
    std: : [102.37837715460246, 74.4336379411089, 66.83859646080266, 101.5410723718853]
    ave: : [-133.88589743589722, 103.35034188034213, 45.978376068373166, 185.25073788388693]
    min: : [-448.3999999999978, -25.100000000000136, -114.40000000000146, 0.0]
    max: : [256.7000000000007, 418.39999999999986, 257.59999999999854, 593.9468073826124]
    n: 2341
    n_valid: : [2340, 2340, 2340, 2340]
    dt_original: : [60000000000]
2026-10-07T01:36:51.816035Z INFO  main Plotting 'FUR' data for event '2024-05-10'
2026-10-07T01:36:51.817548Z INFO  main   Plotting 'FUR/B/measured/INTERMAG' original vs. modified data for event '2024-05-10'
2026-10-07T01:36:55.566073Z INFO  main     Writing C:\Users\lwilker\Documents\GitHub\SWERVE-data\data_processed/2024-05-10/sites/fur/figures\original\B_measured_INTERMAG_Bx.png
2026-10-07T01:36:55.976117Z INFO  main     Writing C:\Users\lwilker\Documents\GitHub\SWERVE-data\data_processed/2024-05-10/sites/fur/figures\original\B_measured_INTERMAG_Bx.pdf
2026-10-07T01:36:56.180652Z INFO  main     Writing C:\Users\lwilker\Documents\GitHub\SWERVE-data\data_processed/2024-05-10/sites/fur/figures\original\B_measured_INTERMAG_By.png
2026-10-07T01:36:56.634582Z INFO  main     Writing C:\Users\lwilker\Documents\GitHub\SWERVE-data\data_processed/2024-05-10/sites/fur/figures\original\B_measured_INTERMAG_By.pdf
2026-10-07T01:36:56.837868Z INFO  main     Writing C:\Users\lwilker\Documents\GitHub\SWERVE-data\data_processed/2024-05-10/sites/fur/figures\original\B_measured_INTERMAG_Bz.png
2026-10-07T01:36:57.281204Z INFO  main     Writing C:\Users\lwilker\Documents\GitHub\SWERVE-data\data_processed/2024-05-10/sites/fur/figures\original\B_measured_INTERMAG_Bz.pdf
2026-10-07T01:36:57.577941Z INFO  main Reading 'NEW' data for event '2024-05-10'
2026-10-07T01:36:57.599571Z INFO  main   Reading 'B/measured/INTERMAG' data for event '2024-05-10'
2026-10-07T01:36:57.602630Z INFO  main       Using HAPI INTERMAG data
2026-10-07T01:36:57.602630Z INFO  main       Reading HAPI INTERMAG site information
2026-10-07T01:37:03.058245Z INFO  main     Remove baseline then Resample to 1m aves and NaN pad or trim to start/stop.
2026-10-07T01:37:03.073718Z INFO  main     Writing C:\Users\lwilker\Documents\GitHub\SWERVE-data\data_processed\2024-05-10\sites\new\data\B_measured_INTERMAG.pkl
2026-10-07T01:37:03.084861Z INFO  main   Writing C:\Users\lwilker\Documents\GitHub\SWERVE-data\data_processed\2024-05-10\sites\new\data\_all.pkl
2026-10-07T01:37:03.089432Z INFO  main Computing stats for 'NEW' data
2026-10-07T01:37:03.094636Z INFO  main   Uniq dts [ns] = [60000000000]
2026-10-07T01:37:03.094636Z INFO  main   Uniq dts [#]  = 1
2026-10-07T01:37:03.095620Z INFO  main   Stats for B/measured/INTERMAG:
2026-10-07T01:37:03.095620Z INFO  main 
    std: : [347.4804518583288, 170.52888570646158, 181.89802479514537, 290.7847560789043]
    ave: : [-153.10615384615375, -69.53457264957248, 20.003974358972894, 305.8488876147983]
    min: : [-1872.7000000000007, -1222.7999999999997, -658.8000000000029, 0.0]
    max: : [804.7999999999993, 495.7000000000007, 543.6999999999971, 1938.842360791615]
    n: 2341
    n_valid: : [2340, 2340, 2340, 2340]
    dt_original: : [60000000000]
2026-10-07T01:37:03.095620Z INFO  main Plotting 'NEW' data for event '2024-05-10'
2026-10-07T01:37:03.105337Z INFO  main   Plotting 'NEW/B/measured/INTERMAG' original vs. modified data for event '2024-05-10'
2026-10-07T01:37:06.947292Z INFO  main     Writing C:\Users\lwilker\Documents\GitHub\SWERVE-data\data_processed/2024-05-10/sites/new/figures\original\B_measured_INTERMAG_Bx.png
2026-10-07T01:37:07.368777Z INFO  main     Writing C:\Users\lwilker\Documents\GitHub\SWERVE-data\data_processed/2024-05-10/sites/new/figures\original\B_measured_INTERMAG_Bx.pdf
2026-10-07T01:37:07.561920Z INFO  main     Writing C:\Users\lwilker\Documents\GitHub\SWERVE-data\data_processed/2024-05-10/sites/new/figures\original\B_measured_INTERMAG_By.png
2026-10-07T01:37:08.008576Z INFO  main     Writing C:\Users\lwilker\Documents\GitHub\SWERVE-data\data_processed/2024-05-10/sites/new/figures\original\B_measured_INTERMAG_By.pdf
2026-10-07T01:37:08.196638Z INFO  main     Writing C:\Users\lwilker\Documents\GitHub\SWERVE-data\data_processed/2024-05-10/sites/new/figures\original\B_measured_INTERMAG_Bz.png
2026-10-07T01:37:08.627510Z INFO  main     Writing C:\Users\lwilker\Documents\GitHub\SWERVE-data\data_processed/2024-05-10/sites/new/figures\original\B_measured_INTERMAG_Bz.pdf
2026-10-07T01:37:08.935020Z INFO  main Reading 'BFO' data for event '2024-05-10'
2026-10-07T01:37:08.942018Z INFO  main   Reading 'B/measured/INTERMAG' data for event '2024-05-10'
2026-10-07T01:37:08.944006Z INFO  main       Using HAPI INTERMAG data
2026-10-07T01:37:08.944006Z INFO  main       Reading HAPI INTERMAG site information
2026-10-07T01:37:15.866593Z INFO  main     Remove baseline then Resample to 1m aves and NaN pad or trim to start/stop.
2026-10-07T01:37:15.883934Z INFO  main     Writing C:\Users\lwilker\Documents\GitHub\SWERVE-data\data_processed\2024-05-10\sites\bfo\data\B_measured_INTERMAG.pkl
2026-10-07T01:37:15.895992Z INFO  main   Writing C:\Users\lwilker\Documents\GitHub\SWERVE-data\data_processed\2024-05-10\sites\bfo\data\_all.pkl
2026-10-07T01:37:15.899707Z INFO  main Computing stats for 'BFO' data
2026-10-07T01:37:15.901700Z INFO  main   Uniq dts [ns] = [60000000000]
2026-10-07T01:37:15.901700Z INFO  main   Uniq dts [#]  = 1
2026-10-07T01:37:15.901700Z INFO  main   Stats for B/measured/INTERMAG:
2026-10-07T01:37:15.901700Z INFO  main 
    std: : [103.59247792031724, 75.2585144571071, 66.77729713031023, 102.29482912871084]
    ave: : [-133.12888888888858, 103.55999999999993, 51.54158119658306, 185.4157168912067]
    min: : [-476.59999999999854, -30.300000000000182, -112.90000000000146, 0.0]
    max: : [258.40000000000146, 381.70000000000005, 263.0, 587.4860083440274]
    n: 2341
    n_valid: : [2340, 2340, 2340, 2340]
    dt_original: : [60000000000]
2026-10-07T01:37:15.909299Z INFO  main Plotting 'BFO' data for event '2024-05-10'
2026-10-07T01:37:15.912525Z INFO  main   Plotting 'BFO/B/measured/INTERMAG' original vs. modified data for event '2024-05-10'
2026-10-07T01:37:19.361171Z INFO  main     Writing C:\Users\lwilker\Documents\GitHub\SWERVE-data\data_processed/2024-05-10/sites/bfo/figures\original\B_measured_INTERMAG_Bx.png
2026-10-07T01:37:19.759479Z INFO  main     Writing C:\Users\lwilker\Documents\GitHub\SWERVE-data\data_processed/2024-05-10/sites/bfo/figures\original\B_measured_INTERMAG_Bx.pdf
2026-10-07T01:37:19.917490Z INFO  main     Writing C:\Users\lwilker\Documents\GitHub\SWERVE-data\data_processed/2024-05-10/sites/bfo/figures\original\B_measured_INTERMAG_By.png
2026-10-07T01:37:20.331115Z INFO  main     Writing C:\Users\lwilker\Documents\GitHub\SWERVE-data\data_processed/2024-05-10/sites/bfo/figures\original\B_measured_INTERMAG_By.pdf
2026-10-07T01:37:20.492706Z INFO  main     Writing C:\Users\lwilker\Documents\GitHub\SWERVE-data\data_processed/2024-05-10/sites/bfo/figures\original\B_measured_INTERMAG_Bz.png
2026-10-07T01:37:20.900129Z INFO  main     Writing C:\Users\lwilker\Documents\GitHub\SWERVE-data\data_processed/2024-05-10/sites/bfo/figures\original\B_measured_INTERMAG_Bz.pdf
2026-10-07T01:37:21.180374Z INFO  main Reading 'VIC' data for event '2024-05-10'
2026-10-07T01:37:21.191773Z INFO  main   Reading 'B/measured/INTERMAG' data for event '2024-05-10'
2026-10-07T01:37:21.194062Z INFO  main       Using HAPI INTERMAG data
2026-10-07T01:37:21.194062Z INFO  main       Reading HAPI INTERMAG site information
2026-10-07T01:37:26.894459Z INFO  main     Remove baseline then Resample to 1m aves and NaN pad or trim to start/stop.
2026-10-07T01:37:26.909866Z INFO  main     Writing C:\Users\lwilker\Documents\GitHub\SWERVE-data\data_processed\2024-05-10\sites\vic\data\B_measured_INTERMAG.pkl
2026-10-07T01:37:26.918946Z INFO  main   Writing C:\Users\lwilker\Documents\GitHub\SWERVE-data\data_processed\2024-05-10\sites\vic\data\_all.pkl
2026-10-07T01:37:26.921946Z INFO  main Computing stats for 'VIC' data
2026-10-07T01:37:26.930304Z INFO  main   Uniq dts [ns] = [60000000000]
2026-10-07T01:37:26.931717Z INFO  main   Uniq dts [#]  = 1
2026-10-07T01:37:26.931717Z INFO  main   Stats for B/measured/INTERMAG:
2026-10-07T01:37:26.931717Z INFO  main 
    std: : [331.79463285662086, 153.05825012717594, 191.83353363257402, 273.09514658534954]
    ave: : [-160.28875213675332, -74.82687606837646, 18.53131623931759, 300.3749201908998]
    min: : [-2009.680000000002, -825.0, -837.260000000002, 0.0]
    max: : [926.0900000000001, 394.2399999999998, 599.4000000000015, 2052.411815231049]
    n: 2341
    n_valid: : [2340, 2340, 2340, 2340]
    dt_original: : [60000000000]
2026-10-07T01:37:26.932884Z INFO  main Plotting 'VIC' data for event '2024-05-10'
2026-10-07T01:37:26.934915Z INFO  main   Plotting 'VIC/B/measured/INTERMAG' original vs. modified data for event '2024-05-10'
2026-10-07T01:37:30.701999Z INFO  main     Writing C:\Users\lwilker\Documents\GitHub\SWERVE-data\data_processed/2024-05-10/sites/vic/figures\original\B_measured_INTERMAG_Bx.png
2026-10-07T01:37:31.088747Z INFO  main     Writing C:\Users\lwilker\Documents\GitHub\SWERVE-data\data_processed/2024-05-10/sites/vic/figures\original\B_measured_INTERMAG_Bx.pdf
2026-10-07T01:37:31.256377Z INFO  main     Writing C:\Users\lwilker\Documents\GitHub\SWERVE-data\data_processed/2024-05-10/sites/vic/figures\original\B_measured_INTERMAG_By.png
2026-10-07T01:37:31.707602Z INFO  main     Writing C:\Users\lwilker\Documents\GitHub\SWERVE-data\data_processed/2024-05-10/sites/vic/figures\original\B_measured_INTERMAG_By.pdf
2026-10-07T01:37:31.905560Z INFO  main     Writing C:\Users\lwilker\Documents\GitHub\SWERVE-data\data_processed/2024-05-10/sites/vic/figures\original\B_measured_INTERMAG_Bz.png
2026-10-07T01:37:32.305213Z INFO  main     Writing C:\Users\lwilker\Documents\GitHub\SWERVE-data\data_processed/2024-05-10/sites/vic/figures\original\B_measured_INTERMAG_Bz.pdf
2026-10-07T01:37:32.582347Z INFO  main Reading 'BDV' data for event '2024-05-10'
2026-10-07T01:37:32.600104Z INFO  main   Reading 'B/measured/INTERMAG' data for event '2024-05-10'
2026-10-07T01:37:32.602150Z INFO  main       Using HAPI INTERMAG data
2026-10-07T01:37:32.602150Z INFO  main       Reading HAPI INTERMAG site information
2026-10-07T01:37:38.098715Z INFO  main     Remove baseline then Resample to 1m aves and NaN pad or trim to start/stop.
2026-10-07T01:37:38.128709Z INFO  main     Writing C:\Users\lwilker\Documents\GitHub\SWERVE-data\data_processed\2024-05-10\sites\bdv\data\B_measured_INTERMAG.pkl
2026-10-07T01:37:38.144401Z INFO  main   Writing C:\Users\lwilker\Documents\GitHub\SWERVE-data\data_processed\2024-05-10\sites\bdv\data\_all.pkl
2026-10-07T01:37:38.147739Z INFO  main Computing stats for 'BDV' data
2026-10-07T01:37:38.156018Z INFO  main   Uniq dts [ns] = [60000000000]
2026-10-07T01:37:38.156443Z INFO  main   Uniq dts [#]  = 1
2026-10-07T01:37:38.156443Z INFO  main   Stats for B/measured/INTERMAG:
2026-10-07T01:37:38.156443Z INFO  main 
    std: : [106.06116000306474, 75.39168501285106, 79.34908964746938, 105.23660183008114]
    ave: : [-133.1326388888909, 100.15291495726494, 40.17209658119429, 183.33859216620655]
    min: : [-509.00800000000163, -42.64499999999998, -159.02000000000407, 0.0]
    max: : [260.3209999999999, 489.8249999999998, 292.1270000000004, 689.1545119528723]
    n: 2341
    n_valid: : [2340, 2340, 2340, 2340]
    dt_original: : [60000000000]
2026-10-07T01:37:38.158061Z INFO  main Plotting 'BDV' data for event '2024-05-10'
2026-10-07T01:37:38.161476Z INFO  main   Plotting 'BDV/B/measured/INTERMAG' original vs. modified data for event '2024-05-10'
2026-10-07T01:37:41.867869Z INFO  main     Writing C:\Users\lwilker\Documents\GitHub\SWERVE-data\data_processed/2024-05-10/sites/bdv/figures\original\B_measured_INTERMAG_Bx.png
2026-10-07T01:37:42.270355Z INFO  main     Writing C:\Users\lwilker\Documents\GitHub\SWERVE-data\data_processed/2024-05-10/sites/bdv/figures\original\B_measured_INTERMAG_Bx.pdf
2026-10-07T01:37:42.479942Z INFO  main     Writing C:\Users\lwilker\Documents\GitHub\SWERVE-data\data_processed/2024-05-10/sites/bdv/figures\original\B_measured_INTERMAG_By.png
2026-10-07T01:37:42.899267Z INFO  main     Writing C:\Users\lwilker\Documents\GitHub\SWERVE-data\data_processed/2024-05-10/sites/bdv/figures\original\B_measured_INTERMAG_By.pdf
2026-10-07T01:37:43.084377Z INFO  main     Writing C:\Users\lwilker\Documents\GitHub\SWERVE-data\data_processed/2024-05-10/sites/bdv/figures\original\B_measured_INTERMAG_Bz.png
2026-10-07T01:37:43.476528Z INFO  main     Writing C:\Users\lwilker\Documents\GitHub\SWERVE-data\data_processed/2024-05-10/sites/bdv/figures\original\B_measured_INTERMAG_Bz.pdf
2026-10-07T01:37:43.751088Z INFO  main Reading 'BRD' data for event '2024-05-10'
2026-10-07T01:37:43.759782Z INFO  main   Reading 'B/measured/INTERMAG' data for event '2024-05-10'
2026-10-07T01:37:43.762065Z INFO  main       Using HAPI INTERMAG data
2026-10-07T01:37:43.762065Z INFO  main       Reading HAPI INTERMAG site information
2026-10-07T01:37:50.522482Z INFO  main     Remove baseline then Resample to 1m aves and NaN pad or trim to start/stop.
2026-10-07T01:37:50.535876Z INFO  main     Writing C:\Users\lwilker\Documents\GitHub\SWERVE-data\data_processed\2024-05-10\sites\brd\data\B_measured_INTERMAG.pkl
2026-10-07T01:37:50.549547Z INFO  main   Writing C:\Users\lwilker\Documents\GitHub\SWERVE-data\data_processed\2024-05-10\sites\brd\data\_all.pkl
2026-10-07T01:37:50.549547Z INFO  main Computing stats for 'BRD' data
2026-10-07T01:37:50.564574Z INFO  main   Uniq dts [ns] = [60000000000]
2026-10-07T01:37:50.564574Z INFO  main   Uniq dts [#]  = 1
2026-10-07T01:37:50.564574Z INFO  main   Stats for B/measured/INTERMAG:
2026-10-07T01:37:50.564574Z INFO  main 
    std: : [432.93250186811093, 195.69586545289695, 267.8141071954999, 335.9191542596981]
    ave: : [-150.0488034188035, -72.78435897435918, -12.635982905985815, 375.0972554542515]
    min: : [-2004.7999999999993, -1182.2, -1238.300000000003, 0.0]
    max: : [1087.199999999999, 558.2, 733.3999999999942, 2025.9966263545448]
    n: 2341
    n_valid: : [2340, 2340, 2340, 2340]
    dt_original: : [60000000000]
2026-10-07T01:37:50.565584Z INFO  main Plotting 'BRD' data for event '2024-05-10'
2026-10-07T01:37:50.568585Z INFO  main   Plotting 'BRD/B/measured/INTERMAG' original vs. modified data for event '2024-05-10'
2026-10-07T01:37:54.219992Z INFO  main     Writing C:\Users\lwilker\Documents\GitHub\SWERVE-data\data_processed/2024-05-10/sites/brd/figures\original\B_measured_INTERMAG_Bx.png
2026-10-07T01:37:54.655250Z INFO  main     Writing C:\Users\lwilker\Documents\GitHub\SWERVE-data\data_processed/2024-05-10/sites/brd/figures\original\B_measured_INTERMAG_Bx.pdf
2026-10-07T01:37:54.854654Z INFO  main     Writing C:\Users\lwilker\Documents\GitHub\SWERVE-data\data_processed/2024-05-10/sites/brd/figures\original\B_measured_INTERMAG_By.png
2026-10-07T01:37:55.312762Z INFO  main     Writing C:\Users\lwilker\Documents\GitHub\SWERVE-data\data_processed/2024-05-10/sites/brd/figures\original\B_measured_INTERMAG_By.pdf
2026-10-07T01:37:55.519963Z INFO  main     Writing C:\Users\lwilker\Documents\GitHub\SWERVE-data\data_processed/2024-05-10/sites/brd/figures\original\B_measured_INTERMAG_Bz.png
2026-10-07T01:37:55.987652Z INFO  main     Writing C:\Users\lwilker\Documents\GitHub\SWERVE-data\data_processed/2024-05-10/sites/brd/figures\original\B_measured_INTERMAG_Bz.pdf
2026-10-07T01:37:56.277452Z INFO  main Reading 'LVV' data for event '2024-05-10'
2026-10-07T01:37:56.287008Z INFO  main   Reading 'B/measured/INTERMAG' data for event '2024-05-10'
2026-10-07T01:37:56.290063Z INFO  main       Using HAPI INTERMAG data
2026-10-07T01:37:56.291612Z INFO  main       Reading HAPI INTERMAG site information
2026-10-07T01:38:01.627881Z INFO  main     Remove baseline then Resample to 1m aves and NaN pad or trim to start/stop.
2026-10-07T01:38:01.659792Z INFO  main     Writing C:\Users\lwilker\Documents\GitHub\SWERVE-data\data_processed\2024-05-10\sites\lvv\data\B_measured_INTERMAG.pkl
2026-10-07T01:38:01.672628Z INFO  main   Writing C:\Users\lwilker\Documents\GitHub\SWERVE-data\data_processed\2024-05-10\sites\lvv\data\_all.pkl
2026-10-07T01:38:01.676641Z INFO  main Computing stats for 'LVV' data
2026-10-07T01:38:01.681835Z INFO  main   Uniq dts [ns] = [60000000000]
2026-10-07T01:38:01.681835Z INFO  main   Uniq dts [#]  = 1
2026-10-07T01:38:01.681835Z INFO  main   Stats for B/measured/INTERMAG:
2026-10-07T01:38:01.681835Z INFO  main 
    std: : [116.70453572973524, 73.28922873568995, 99.63234351435135, 114.1424882077205]
    ave: : [-151.20841880341862, 84.65867521367498, 25.812307692307684, 189.72039769165607]
    min: : [-523.7999999999993, -64.30000000000018, -228.5, 0.0]
    max: : [247.60000000000218, 538.7999999999997, 368.59999999999854, 690.5382321059428]
    n: 2341
    n_valid: : [2340, 2340, 2340, 2340]
    dt_original: : [60000000000]
2026-10-07T01:38:01.683845Z INFO  main Plotting 'LVV' data for event '2024-05-10'
2026-10-07T01:38:01.687420Z INFO  main   Plotting 'LVV/B/measured/INTERMAG' original vs. modified data for event '2024-05-10'
2026-10-07T01:38:05.419735Z INFO  main     Writing C:\Users\lwilker\Documents\GitHub\SWERVE-data\data_processed/2024-05-10/sites/lvv/figures\original\B_measured_INTERMAG_Bx.png
2026-10-07T01:38:05.820437Z INFO  main     Writing C:\Users\lwilker\Documents\GitHub\SWERVE-data\data_processed/2024-05-10/sites/lvv/figures\original\B_measured_INTERMAG_Bx.pdf
2026-10-07T01:38:06.019853Z INFO  main     Writing C:\Users\lwilker\Documents\GitHub\SWERVE-data\data_processed/2024-05-10/sites/lvv/figures\original\B_measured_INTERMAG_By.png
2026-10-07T01:38:06.441067Z INFO  main     Writing C:\Users\lwilker\Documents\GitHub\SWERVE-data\data_processed/2024-05-10/sites/lvv/figures\original\B_measured_INTERMAG_By.pdf
2026-10-07T01:38:06.628340Z INFO  main     Writing C:\Users\lwilker\Documents\GitHub\SWERVE-data\data_processed/2024-05-10/sites/lvv/figures\original\B_measured_INTERMAG_Bz.png
2026-10-07T01:38:07.067276Z INFO  main     Writing C:\Users\lwilker\Documents\GitHub\SWERVE-data\data_processed/2024-05-10/sites/lvv/figures\original\B_measured_INTERMAG_Bz.pdf
2026-10-07T01:38:07.344061Z INFO  main Reading 'DOU' data for event '2024-05-10'
2026-10-07T01:38:07.356161Z INFO  main   Reading 'B/measured/INTERMAG' data for event '2024-05-10'
2026-10-07T01:38:07.359559Z INFO  main       Using HAPI INTERMAG data
2026-10-07T01:38:07.359559Z INFO  main       Reading HAPI INTERMAG site information
2026-10-07T01:38:12.609472Z INFO  main     Remove baseline then Resample to 1m aves and NaN pad or trim to start/stop.
2026-10-07T01:38:12.622602Z INFO  main     Writing C:\Users\lwilker\Documents\GitHub\SWERVE-data\data_processed\2024-05-10\sites\dou\data\B_measured_INTERMAG.pkl
2026-10-07T01:38:12.633774Z INFO  main   Writing C:\Users\lwilker\Documents\GitHub\SWERVE-data\data_processed\2024-05-10\sites\dou\data\_all.pkl
2026-10-07T01:38:12.637355Z INFO  main Computing stats for 'DOU' data
2026-10-07T01:38:12.640858Z INFO  main   Uniq dts [ns] = [60000000000]
2026-10-07T01:38:12.642769Z INFO  main   Uniq dts [#]  = 1
2026-10-07T01:38:12.642769Z INFO  main   Stats for B/measured/INTERMAG:
2026-10-07T01:38:12.643777Z INFO  main 
    std: : [113.43954675319658, 81.94785471960797, 91.913666544826, 112.98943479361498]
    ave: : [-122.10243589743772, 110.8998717948717, 37.243418803418834, 184.45908950751902]
    min: : [-632.3000000000029, -56.60000000000002, -251.6999999999971, 0.0]
    max: : [291.59999999999854, 366.6, 314.5, 689.9925579308835]
    n: 2341
    n_valid: : [2340, 2340, 2340, 2340]
    dt_original: : [60000000000]
2026-10-07T01:38:12.645114Z INFO  main Plotting 'DOU' data for event '2024-05-10'
2026-10-07T01:38:12.647291Z INFO  main   Plotting 'DOU/B/measured/INTERMAG' original vs. modified data for event '2024-05-10'
2026-10-07T01:38:16.094394Z INFO  main     Writing C:\Users\lwilker\Documents\GitHub\SWERVE-data\data_processed/2024-05-10/sites/dou/figures\original\B_measured_INTERMAG_Bx.png
2026-10-07T01:38:16.477801Z INFO  main     Writing C:\Users\lwilker\Documents\GitHub\SWERVE-data\data_processed/2024-05-10/sites/dou/figures\original\B_measured_INTERMAG_Bx.pdf
2026-10-07T01:38:16.806957Z INFO  main     Writing C:\Users\lwilker\Documents\GitHub\SWERVE-data\data_processed/2024-05-10/sites/dou/figures\original\B_measured_INTERMAG_By.png
2026-10-07T01:38:17.263320Z INFO  main     Writing C:\Users\lwilker\Documents\GitHub\SWERVE-data\data_processed/2024-05-10/sites/dou/figures\original\B_measured_INTERMAG_By.pdf
2026-10-07T01:38:17.420106Z INFO  main     Writing C:\Users\lwilker\Documents\GitHub\SWERVE-data\data_processed/2024-05-10/sites/dou/figures\original\B_measured_INTERMAG_Bz.png
2026-10-07T01:38:17.821834Z INFO  main     Writing C:\Users\lwilker\Documents\GitHub\SWERVE-data\data_processed/2024-05-10/sites/dou/figures\original\B_measured_INTERMAG_Bz.pdf
2026-10-07T01:38:18.067188Z INFO  main Reading 'MAB' data for event '2024-05-10'
2026-10-07T01:38:18.086112Z INFO  main   Reading 'B/measured/INTERMAG' data for event '2024-05-10'
2026-10-07T01:38:18.089130Z INFO  main       Using HAPI INTERMAG data
2026-10-07T01:38:18.089130Z INFO  main       Reading HAPI INTERMAG site information
2026-10-07T01:38:23.221736Z INFO  main     Remove baseline then Resample to 1m aves and NaN pad or trim to start/stop.
2026-10-07T01:38:23.237565Z INFO  main     Writing C:\Users\lwilker\Documents\GitHub\SWERVE-data\data_processed\2024-05-10\sites\mab\data\B_measured_INTERMAG.pkl
2026-10-07T01:38:23.241570Z INFO  main   Writing C:\Users\lwilker\Documents\GitHub\SWERVE-data\data_processed\2024-05-10\sites\mab\data\_all.pkl
2026-10-07T01:38:23.247050Z INFO  main Computing stats for 'MAB' data
2026-10-07T01:38:23.254709Z INFO  main   Uniq dts [ns] = [60000000000]
2026-10-07T01:38:23.254709Z INFO  main   Uniq dts [#]  = 1
2026-10-07T01:38:23.254709Z INFO  main   Stats for B/measured/INTERMAG:
2026-10-07T01:38:23.254709Z INFO  main 
    std: : [114.3527608256902, 80.75135410293042, 95.54963770311484, 112.78803420127376]
    ave: : [-120.17029914530086, 110.51106837606828, 34.386452991454675, 183.1114181836235]
    min: : [-673.1000000000022, -44.0, -254.40000000000146, 0.0]
    max: : [299.3999999999978, 351.5, 327.8000000000029, 738.5247592328933]
    n: 2341
    n_valid: : [2340, 2340, 2340, 2340]
    dt_original: : [60000000000]
2026-10-07T01:38:23.257677Z INFO  main Plotting 'MAB' data for event '2024-05-10'
2026-10-07T01:38:23.262688Z INFO  main   Plotting 'MAB/B/measured/INTERMAG' original vs. modified data for event '2024-05-10'
2026-10-07T01:38:26.630851Z INFO  main     Writing C:\Users\lwilker\Documents\GitHub\SWERVE-data\data_processed/2024-05-10/sites/mab/figures\original\B_measured_INTERMAG_Bx.png
2026-10-07T01:38:27.054075Z INFO  main     Writing C:\Users\lwilker\Documents\GitHub\SWERVE-data\data_processed/2024-05-10/sites/mab/figures\original\B_measured_INTERMAG_Bx.pdf
2026-10-07T01:38:27.241631Z INFO  main     Writing C:\Users\lwilker\Documents\GitHub\SWERVE-data\data_processed/2024-05-10/sites/mab/figures\original\B_measured_INTERMAG_By.png
2026-10-07T01:38:27.647617Z INFO  main     Writing C:\Users\lwilker\Documents\GitHub\SWERVE-data\data_processed/2024-05-10/sites/mab/figures\original\B_measured_INTERMAG_By.pdf
2026-10-07T01:38:28.393674Z INFO  main     Writing C:\Users\lwilker\Documents\GitHub\SWERVE-data\data_processed/2024-05-10/sites/mab/figures\original\B_measured_INTERMAG_Bz.png
2026-10-07T01:38:28.835549Z INFO  main     Writing C:\Users\lwilker\Documents\GitHub\SWERVE-data\data_processed/2024-05-10/sites/mab/figures\original\B_measured_INTERMAG_Bz.pdf
2026-10-07T01:38:29.123093Z INFO  main Reading 'KIV' data for event '2024-05-10'
2026-10-07T01:38:29.143942Z INFO  main   Reading 'B/measured/INTERMAG' data for event '2024-05-10'
2026-10-07T01:38:29.150805Z INFO  main       Using HAPI INTERMAG data
2026-10-07T01:38:29.151811Z INFO  main       Reading HAPI INTERMAG site information
2026-10-07T01:38:34.210962Z ERROR main     Not computing modified due to error: All data values are NaN
2026-10-07T01:38:34.215898Z INFO  main   Writing C:\Users\lwilker\Documents\GitHub\SWERVE-data\data_processed\2024-05-10\sites\kiv\data\_all.pkl
2026-10-07T01:38:34.216909Z INFO  main Computing stats for 'KIV' data
2026-10-07T01:38:34.217897Z INFO  main Plotting 'KIV' data for event '2024-05-10'
2026-10-07T01:38:34.220758Z INFO  main   Plotting 'KIV/B/measured/INTERMAG' original vs. modified data for event '2024-05-10'
2026-10-07T01:38:34.795770Z INFO  main     Writing C:\Users\lwilker\Documents\GitHub\SWERVE-data\data_processed/2024-05-10/sites/kiv/figures\original\B_measured_INTERMAG.png
2026-10-07T01:38:35.097335Z INFO  main     Writing C:\Users\lwilker\Documents\GitHub\SWERVE-data\data_processed/2024-05-10/sites/kiv/figures\original\B_measured_INTERMAG.pdf
2026-10-07T01:38:35.237642Z INFO  main Reading 'HAD' data for event '2024-05-10'
2026-10-07T01:38:35.247125Z INFO  main   Reading 'B/measured/INTERMAG' data for event '2024-05-10'
2026-10-07T01:38:35.250123Z INFO  main       Using HAPI INTERMAG data
2026-10-07T01:38:35.250123Z INFO  main       Reading HAPI INTERMAG site information
2026-10-07T01:38:39.788064Z INFO  main     Remove baseline then Resample to 1m aves and NaN pad or trim to start/stop.
2026-10-07T01:38:39.798970Z INFO  main     Writing C:\Users\lwilker\Documents\GitHub\SWERVE-data\data_processed\2024-05-10\sites\had\data\B_measured_INTERMAG.pkl
2026-10-07T01:38:40.001052Z INFO  main   Writing C:\Users\lwilker\Documents\GitHub\SWERVE-data\data_processed\2024-05-10\sites\had\data\_all.pkl
2026-10-07T01:38:40.014513Z INFO  main Computing stats for 'HAD' data
2026-10-07T01:38:40.022812Z INFO  main   Uniq dts [ns] = [60000000000]
2026-10-07T01:38:40.022812Z INFO  main   Uniq dts [#]  = 1
2026-10-07T01:38:40.022812Z INFO  main   Stats for B/measured/INTERMAG:
2026-10-07T01:38:40.022812Z INFO  main 
    std: : [131.00675148539526, 87.05318759441529, 106.69273326150767, 125.21979300698375]
    ave: : [-109.6066239316239, 107.10410256410265, 35.19739316239156, 180.4049074724487]
    min: : [-790.0, -73.80000000000001, -355.90000000000146, 0.0]
    max: : [336.09999999999854, 391.30000000000007, 339.5, 801.6208580120655]
    n: 2341
    n_valid: : [2340, 2340, 2340, 2340]
    dt_original: : [60000000000]
2026-10-07T01:38:40.028428Z INFO  main Plotting 'HAD' data for event '2024-05-10'
2026-10-07T01:38:40.030442Z INFO  main   Plotting 'HAD/B/measured/INTERMAG' original vs. modified data for event '2024-05-10'
2026-10-07T01:38:43.615757Z INFO  main     Writing C:\Users\lwilker\Documents\GitHub\SWERVE-data\data_processed/2024-05-10/sites/had/figures\original\B_measured_INTERMAG_Bx.png
2026-10-07T01:38:44.003132Z INFO  main     Writing C:\Users\lwilker\Documents\GitHub\SWERVE-data\data_processed/2024-05-10/sites/had/figures\original\B_measured_INTERMAG_Bx.pdf
2026-10-07T01:38:44.192690Z INFO  main     Writing C:\Users\lwilker\Documents\GitHub\SWERVE-data\data_processed/2024-05-10/sites/had/figures\original\B_measured_INTERMAG_By.png
2026-10-07T01:38:44.617915Z INFO  main     Writing C:\Users\lwilker\Documents\GitHub\SWERVE-data\data_processed/2024-05-10/sites/had/figures\original\B_measured_INTERMAG_By.pdf
2026-10-07T01:38:44.820888Z INFO  main     Writing C:\Users\lwilker\Documents\GitHub\SWERVE-data\data_processed/2024-05-10/sites/had/figures\original\B_measured_INTERMAG_Bz.png
2026-10-07T01:38:45.261424Z INFO  main     Writing C:\Users\lwilker\Documents\GitHub\SWERVE-data\data_processed/2024-05-10/sites/had/figures\original\B_measured_INTERMAG_Bz.pdf
2026-10-07T01:38:45.556045Z INFO  main Reading 'BEL' data for event '2024-05-10'
2026-10-07T01:38:45.567904Z INFO  main   Reading 'B/measured/INTERMAG' data for event '2024-05-10'
2026-10-07T01:38:45.570941Z INFO  main       Using HAPI INTERMAG data
2026-10-07T01:38:45.570941Z INFO  main       Reading HAPI INTERMAG site information
2026-10-07T01:38:49.954464Z INFO  main     Remove baseline then Resample to 1m aves and NaN pad or trim to start/stop.
2026-10-07T01:38:49.984133Z INFO  main     Writing C:\Users\lwilker\Documents\GitHub\SWERVE-data\data_processed\2024-05-10\sites\bel\data\B_measured_INTERMAG.pkl
2026-10-07T01:38:49.995407Z INFO  main   Writing C:\Users\lwilker\Documents\GitHub\SWERVE-data\data_processed\2024-05-10\sites\bel\data\_all.pkl
2026-10-07T01:38:49.998954Z INFO  main Computing stats for 'BEL' data
2026-10-07T01:38:50.006860Z INFO  main   Uniq dts [ns] = [60000000000]
2026-10-07T01:38:50.006860Z INFO  main   Uniq dts [#]  = 1
2026-10-07T01:38:50.006860Z INFO  main   Stats for B/measured/INTERMAG:
2026-10-07T01:38:50.006860Z INFO  main 
    std: : [147.85012414169606, 84.99810843068296, 131.43285181558602, 138.61598323763548]
    ave: : [-144.9763247863254, 97.2618376068375, 17.39363247863396, 200.86798311274418]
    min: : [-868.4000000000015, -91.0, -330.59999999999854, 0.0]
    max: : [304.3999999999978, 807.5999999999999, 484.0, 1096.4434869157658]
    n: 2341
    n_valid: : [2340, 2340, 2340, 2340]
    dt_original: : [60000000000]
2026-10-07T01:38:50.008518Z INFO  main Plotting 'BEL' data for event '2024-05-10'
2026-10-07T01:38:50.011533Z INFO  main   Plotting 'BEL/B/measured/INTERMAG' original vs. modified data for event '2024-05-10'
2026-10-07T01:38:53.644475Z INFO  main     Writing C:\Users\lwilker\Documents\GitHub\SWERVE-data\data_processed/2024-05-10/sites/bel/figures\original\B_measured_INTERMAG_Bx.png
2026-10-07T01:38:54.064193Z INFO  main     Writing C:\Users\lwilker\Documents\GitHub\SWERVE-data\data_processed/2024-05-10/sites/bel/figures\original\B_measured_INTERMAG_Bx.pdf
2026-10-07T01:38:54.253619Z INFO  main     Writing C:\Users\lwilker\Documents\GitHub\SWERVE-data\data_processed/2024-05-10/sites/bel/figures\original\B_measured_INTERMAG_By.png
2026-10-07T01:38:54.674071Z INFO  main     Writing C:\Users\lwilker\Documents\GitHub\SWERVE-data\data_processed/2024-05-10/sites/bel/figures\original\B_measured_INTERMAG_By.pdf
2026-10-07T01:38:54.856179Z INFO  main     Writing C:\Users\lwilker\Documents\GitHub\SWERVE-data\data_processed/2024-05-10/sites/bel/figures\original\B_measured_INTERMAG_Bz.png
2026-10-07T01:38:55.280004Z INFO  main     Writing C:\Users\lwilker\Documents\GitHub\SWERVE-data\data_processed/2024-05-10/sites/bel/figures\original\B_measured_INTERMAG_Bz.pdf
2026-10-07T01:38:55.540561Z INFO  main Reading 'VAL' data for event '2024-05-10'
2026-10-07T01:38:55.548858Z INFO  main   Reading 'B/measured/INTERMAG' data for event '2024-05-10'
2026-10-07T01:38:55.550924Z INFO  main       Using HAPI INTERMAG data
2026-10-07T01:38:55.550924Z INFO  main       Reading HAPI INTERMAG site information
2026-10-07T01:39:00.796543Z INFO  main     Remove baseline then Resample to 1m aves and NaN pad or trim to start/stop.
2026-10-07T01:39:00.811463Z INFO  main     Writing C:\Users\lwilker\Documents\GitHub\SWERVE-data\data_processed\2024-05-10\sites\val\data\B_measured_INTERMAG.pkl
2026-10-07T01:39:00.820126Z INFO  main   Writing C:\Users\lwilker\Documents\GitHub\SWERVE-data\data_processed\2024-05-10\sites\val\data\_all.pkl
2026-10-07T01:39:00.824116Z INFO  main Computing stats for 'VAL' data
2026-10-07T01:39:00.832976Z INFO  main   Uniq dts [ns] = [60000000000]
2026-10-07T01:39:00.832976Z INFO  main   Uniq dts [#]  = 1
2026-10-07T01:39:00.832976Z INFO  main   Stats for B/measured/INTERMAG:
2026-10-07T01:39:00.832976Z INFO  main 
    std: : [166.50067402050567, 86.7206516243423, 118.21145039797968, 146.89890516342675]
    ave: : [-107.15310846243882, 93.19875535184613, 38.37205128205315, 183.93328731231955]
    min: : [-912.1052899579117, -131.87119340288268, -319.40000000000146, 0.0]
    max: : [328.990643430996, 408.3897579541233, 346.0, 920.744333169166]
    n: 2341
    n_valid: : [2340, 2340, 2340, 2340]
    dt_original: : [60000000000]
2026-10-07T01:39:00.834913Z INFO  main Plotting 'VAL' data for event '2024-05-10'
2026-10-07T01:39:00.836919Z INFO  main   Plotting 'VAL/B/measured/INTERMAG' original vs. modified data for event '2024-05-10'
2026-10-07T01:39:04.450711Z INFO  main     Writing C:\Users\lwilker\Documents\GitHub\SWERVE-data\data_processed/2024-05-10/sites/val/figures\original\B_measured_INTERMAG_Bx.png
2026-10-07T01:39:04.882379Z INFO  main     Writing C:\Users\lwilker\Documents\GitHub\SWERVE-data\data_processed/2024-05-10/sites/val/figures\original\B_measured_INTERMAG_Bx.pdf
2026-10-07T01:39:05.073718Z INFO  main     Writing C:\Users\lwilker\Documents\GitHub\SWERVE-data\data_processed/2024-05-10/sites/val/figures\original\B_measured_INTERMAG_By.png
2026-10-07T01:39:05.536656Z INFO  main     Writing C:\Users\lwilker\Documents\GitHub\SWERVE-data\data_processed/2024-05-10/sites/val/figures\original\B_measured_INTERMAG_By.pdf
2026-10-07T01:39:05.738733Z INFO  main     Writing C:\Users\lwilker\Documents\GitHub\SWERVE-data\data_processed/2024-05-10/sites/val/figures\original\B_measured_INTERMAG_Bz.png
2026-10-07T01:39:06.185410Z INFO  main     Writing C:\Users\lwilker\Documents\GitHub\SWERVE-data\data_processed/2024-05-10/sites/val/figures\original\B_measured_INTERMAG_Bz.pdf
2026-10-07T01:39:06.503747Z INFO  main Reading 'NGK' data for event '2024-05-10'
2026-10-07T01:39:06.513646Z INFO  main   Reading 'B/measured/INTERMAG' data for event '2024-05-10'
2026-10-07T01:39:06.516401Z INFO  main       Using HAPI INTERMAG data
2026-10-07T01:39:06.516401Z INFO  main       Reading HAPI INTERMAG site information
2026-10-07T01:39:11.841152Z INFO  main     Remove baseline then Resample to 1m aves and NaN pad or trim to start/stop.
2026-10-07T01:39:11.852008Z INFO  main     Writing C:\Users\lwilker\Documents\GitHub\SWERVE-data\data_processed\2024-05-10\sites\ngk\data\B_measured_INTERMAG.pkl
2026-10-07T01:39:11.859985Z INFO  main   Writing C:\Users\lwilker\Documents\GitHub\SWERVE-data\data_processed\2024-05-10\sites\ngk\data\_all.pkl
2026-10-07T01:39:11.864479Z INFO  main Computing stats for 'NGK' data
2026-10-07T01:39:11.869900Z INFO  main   Uniq dts [ns] = [60000000000]
2026-10-07T01:39:11.869900Z INFO  main   Uniq dts [#]  = 1
2026-10-07T01:39:11.869900Z INFO  main   Stats for B/measured/INTERMAG:
2026-10-07T01:39:11.869900Z INFO  main 
    std: : [150.04586924975825, 85.76414006440947, 129.01381101058908, 139.2096789730448]
    ave: : [-135.5132905982918, 103.62888888888894, 19.983717948716436, 198.979180873899]
    min: : [-1013.8000000000029, -92.59999999999991, -390.59999999999854, 0.0]
    max: : [326.5, 557.2, 387.90000000000146, 1152.42979829576]
    n: 2341
    n_valid: : [2340, 2340, 2340, 2340]
    dt_original: : [60000000000]
2026-10-07T01:39:11.870869Z INFO  main Plotting 'NGK' data for event '2024-05-10'
2026-10-07T01:39:11.871591Z INFO  main   Plotting 'NGK/B/measured/INTERMAG' original vs. modified data for event '2024-05-10'
2026-10-07T01:39:15.672459Z INFO  main     Writing C:\Users\lwilker\Documents\GitHub\SWERVE-data\data_processed/2024-05-10/sites/ngk/figures\original\B_measured_INTERMAG_Bx.png
2026-10-07T01:39:16.074261Z INFO  main     Writing C:\Users\lwilker\Documents\GitHub\SWERVE-data\data_processed/2024-05-10/sites/ngk/figures\original\B_measured_INTERMAG_Bx.pdf
2026-10-07T01:39:16.262843Z INFO  main     Writing C:\Users\lwilker\Documents\GitHub\SWERVE-data\data_processed/2024-05-10/sites/ngk/figures\original\B_measured_INTERMAG_By.png
2026-10-07T01:39:16.714206Z INFO  main     Writing C:\Users\lwilker\Documents\GitHub\SWERVE-data\data_processed/2024-05-10/sites/ngk/figures\original\B_measured_INTERMAG_By.pdf
2026-10-07T01:39:16.912150Z INFO  main     Writing C:\Users\lwilker\Documents\GitHub\SWERVE-data\data_processed/2024-05-10/sites/ngk/figures\original\B_measured_INTERMAG_Bz.png
2026-10-07T01:39:17.337250Z INFO  main     Writing C:\Users\lwilker\Documents\GitHub\SWERVE-data\data_processed/2024-05-10/sites/ngk/figures\original\B_measured_INTERMAG_Bz.pdf
2026-10-07T01:39:17.619668Z INFO  main Reading 'IRT' data for event '2024-05-10'
2026-10-07T01:39:17.627619Z INFO  main   Reading 'B/measured/INTERMAG' data for event '2024-05-10'
2026-10-07T01:39:17.630650Z INFO  main       Using HAPI INTERMAG data
2026-10-07T01:39:17.630650Z INFO  main       Reading HAPI INTERMAG site information
2026-10-07T01:39:22.857255Z INFO  main     Remove baseline then Resample to 1m aves and NaN pad or trim to start/stop.
2026-10-07T01:39:22.880756Z INFO  main     Writing C:\Users\lwilker\Documents\GitHub\SWERVE-data\data_processed\2024-05-10\sites\irt\data\B_measured_INTERMAG.pkl
2026-10-07T01:39:22.891262Z INFO  main   Writing C:\Users\lwilker\Documents\GitHub\SWERVE-data\data_processed\2024-05-10\sites\irt\data\_all.pkl
2026-10-07T01:39:22.894263Z INFO  main Computing stats for 'IRT' data
2026-10-07T01:39:22.898950Z INFO  main   Uniq dts [ns] = [60000000000]
2026-10-07T01:39:22.899952Z INFO  main   Uniq dts [#]  = 1
2026-10-07T01:39:22.899952Z INFO  main   Stats for B/measured/INTERMAG:
2026-10-07T01:39:22.899952Z INFO  main 
    std: : [142.578023678591, 62.38283630361932, 123.50013882902425, 132.26856832433074]
    ave: : [-207.42081196581282, 9.758504273504224, 21.882222222222218, 223.25715795248794]
    min: : [-864.6000000000022, -161.5, -359.1999999999971, 0.0]
    max: : [211.29999999999927, 281.70000000000005, 562.6999999999971, 864.7069561417924]
    n: 2341
    n_valid: : [2340, 2340, 2340, 2340]
    dt_original: : [60000000000]
2026-10-07T01:39:22.900960Z INFO  main Plotting 'IRT' data for event '2024-05-10'
2026-10-07T01:39:22.906209Z INFO  main   Plotting 'IRT/B/measured/INTERMAG' original vs. modified data for event '2024-05-10'
2026-10-07T01:39:26.441067Z INFO  main     Writing C:\Users\lwilker\Documents\GitHub\SWERVE-data\data_processed/2024-05-10/sites/irt/figures\original\B_measured_INTERMAG_Bx.png
2026-10-07T01:39:26.867206Z INFO  main     Writing C:\Users\lwilker\Documents\GitHub\SWERVE-data\data_processed/2024-05-10/sites/irt/figures\original\B_measured_INTERMAG_Bx.pdf
2026-10-07T01:39:27.044481Z INFO  main     Writing C:\Users\lwilker\Documents\GitHub\SWERVE-data\data_processed/2024-05-10/sites/irt/figures\original\B_measured_INTERMAG_By.png
2026-10-07T01:39:27.459318Z INFO  main     Writing C:\Users\lwilker\Documents\GitHub\SWERVE-data\data_processed/2024-05-10/sites/irt/figures\original\B_measured_INTERMAG_By.pdf
2026-10-07T01:39:27.827429Z INFO  main     Writing C:\Users\lwilker\Documents\GitHub\SWERVE-data\data_processed/2024-05-10/sites/irt/figures\original\B_measured_INTERMAG_Bz.png
2026-10-07T01:39:28.265560Z INFO  main     Writing C:\Users\lwilker\Documents\GitHub\SWERVE-data\data_processed/2024-05-10/sites/irt/figures\original\B_measured_INTERMAG_Bz.pdf
2026-10-07T01:39:28.523165Z INFO  main Reading 'PET' data for event '2024-05-10'
2026-10-07T01:39:28.541724Z INFO  main   Reading 'B/measured/INTERMAG' data for event '2024-05-10'
2026-10-07T01:39:28.544216Z INFO  main       Using HAPI INTERMAG data
2026-10-07T01:39:28.544216Z INFO  main       Reading HAPI INTERMAG site information
2026-10-07T01:39:33.183166Z INFO  main     Remove baseline then Resample to 1m aves and NaN pad or trim to start/stop.
2026-10-07T01:39:33.199086Z INFO  main     Writing C:\Users\lwilker\Documents\GitHub\SWERVE-data\data_processed\2024-05-10\sites\pet\data\B_measured_INTERMAG.pkl
2026-10-07T01:39:33.206243Z INFO  main   Writing C:\Users\lwilker\Documents\GitHub\SWERVE-data\data_processed\2024-05-10\sites\pet\data\_all.pkl
2026-10-07T01:39:33.209243Z INFO  main Computing stats for 'PET' data
2026-10-07T01:39:33.215625Z INFO  main   Uniq dts [ns] = [60000000000]
2026-10-07T01:39:33.215625Z INFO  main   Uniq dts [#]  = 1
2026-10-07T01:39:33.215625Z INFO  main   Stats for B/measured/INTERMAG:
2026-10-07T01:39:33.216625Z INFO  main 
    std: : [113.75899609123452, 80.94068279441257, 127.92169511231415, 103.99912924044214]
    ave: : [-187.4365683760679, -26.908824786324754, 26.778517094019165, 211.0289943493991]
    min: : [-699.9199999999983, -361.05999999999995, -260.0, 0.0]
    max: : [124.22000000000116, 319.3899999999999, 582.5699999999997, 744.6240533316108]
    n: 2341
    n_valid: : [2340, 2340, 2340, 2340]
    dt_original: : [60000000000]
2026-10-07T01:39:33.217418Z INFO  main Plotting 'PET' data for event '2024-05-10'
2026-10-07T01:39:33.217418Z INFO  main   Plotting 'PET/B/measured/INTERMAG' original vs. modified data for event '2024-05-10'
2026-10-07T01:39:36.735086Z INFO  main     Writing C:\Users\lwilker\Documents\GitHub\SWERVE-data\data_processed/2024-05-10/sites/pet/figures\original\B_measured_INTERMAG_Bx.png
2026-10-07T01:39:37.161645Z INFO  main     Writing C:\Users\lwilker\Documents\GitHub\SWERVE-data\data_processed/2024-05-10/sites/pet/figures\original\B_measured_INTERMAG_Bx.pdf
2026-10-07T01:39:37.337481Z INFO  main     Writing C:\Users\lwilker\Documents\GitHub\SWERVE-data\data_processed/2024-05-10/sites/pet/figures\original\B_measured_INTERMAG_By.png
2026-10-07T01:39:37.807255Z INFO  main     Writing C:\Users\lwilker\Documents\GitHub\SWERVE-data\data_processed/2024-05-10/sites/pet/figures\original\B_measured_INTERMAG_By.pdf
2026-10-07T01:39:38.009502Z INFO  main     Writing C:\Users\lwilker\Documents\GitHub\SWERVE-data\data_processed/2024-05-10/sites/pet/figures\original\B_measured_INTERMAG_Bz.png
2026-10-07T01:39:38.420193Z INFO  main     Writing C:\Users\lwilker\Documents\GitHub\SWERVE-data\data_processed/2024-05-10/sites/pet/figures\original\B_measured_INTERMAG_Bz.pdf
2026-10-07T01:39:38.681144Z INFO  main Reading 'WNG' data for event '2024-05-10'
2026-10-07T01:39:38.693235Z INFO  main   Reading 'B/measured/INTERMAG' data for event '2024-05-10'
2026-10-07T01:39:38.696238Z INFO  main       Using HAPI INTERMAG data
2026-10-07T01:39:38.696238Z INFO  main       Reading HAPI INTERMAG site information
2026-10-07T01:39:43.870496Z INFO  main     Remove baseline then Resample to 1m aves and NaN pad or trim to start/stop.
2026-10-07T01:39:43.889166Z INFO  main     Writing C:\Users\lwilker\Documents\GitHub\SWERVE-data\data_processed\2024-05-10\sites\wng\data\B_measured_INTERMAG.pkl
2026-10-07T01:39:43.898611Z INFO  main   Writing C:\Users\lwilker\Documents\GitHub\SWERVE-data\data_processed\2024-05-10\sites\wng\data\_all.pkl
2026-10-07T01:39:43.902439Z INFO  main Computing stats for 'WNG' data
2026-10-07T01:39:43.909049Z INFO  main   Uniq dts [ns] = [60000000000]
2026-10-07T01:39:43.909049Z INFO  main   Uniq dts [#]  = 1
2026-10-07T01:39:43.909049Z INFO  main   Stats for B/measured/INTERMAG:
2026-10-07T01:39:43.909049Z INFO  main 
    std: : [222.61601881916494, 98.88761611657749, 160.68007711586978, 196.0197089145099]
    ave: : [-151.32371794871835, 112.0762820512821, 3.3258547008530126, 237.42975126434183]
    min: : [-1428.7000000000007, -143.4000000000001, -605.5999999999985, 0.0]
    max: : [381.59999999999854, 561.5999999999999, 453.29999999999563, 1489.6357205706374]
    n: 2341
    n_valid: : [2340, 2340, 2340, 2340]
    dt_original: : [60000000000]
2026-10-07T01:39:43.910508Z INFO  main Plotting 'WNG' data for event '2024-05-10'
2026-10-07T01:39:43.913031Z INFO  main   Plotting 'WNG/B/measured/INTERMAG' original vs. modified data for event '2024-05-10'
2026-10-07T01:39:47.748552Z INFO  main     Writing C:\Users\lwilker\Documents\GitHub\SWERVE-data\data_processed/2024-05-10/sites/wng/figures\original\B_measured_INTERMAG_Bx.png
2026-10-07T01:39:48.175757Z INFO  main     Writing C:\Users\lwilker\Documents\GitHub\SWERVE-data\data_processed/2024-05-10/sites/wng/figures\original\B_measured_INTERMAG_Bx.pdf
2026-10-07T01:39:48.383051Z INFO  main     Writing C:\Users\lwilker\Documents\GitHub\SWERVE-data\data_processed/2024-05-10/sites/wng/figures\original\B_measured_INTERMAG_By.png
2026-10-07T01:39:48.826970Z INFO  main     Writing C:\Users\lwilker\Documents\GitHub\SWERVE-data\data_processed/2024-05-10/sites/wng/figures\original\B_measured_INTERMAG_By.pdf
2026-10-07T01:39:49.023239Z INFO  main     Writing C:\Users\lwilker\Documents\GitHub\SWERVE-data\data_processed/2024-05-10/sites/wng/figures\original\B_measured_INTERMAG_Bz.png
2026-10-07T01:39:49.427722Z INFO  main     Writing C:\Users\lwilker\Documents\GitHub\SWERVE-data\data_processed/2024-05-10/sites/wng/figures\original\B_measured_INTERMAG_Bz.pdf
2026-10-07T01:39:49.731244Z INFO  main Reading 'HLP' data for event '2024-05-10'
2026-10-07T01:39:49.738653Z INFO  main   Reading 'B/measured/INTERMAG' data for event '2024-05-10'
2026-10-07T01:39:49.741646Z INFO  main       Using HAPI INTERMAG data
2026-10-07T01:39:49.741646Z INFO  main       Reading HAPI INTERMAG site information
2026-10-07T01:39:54.842707Z INFO  main     Remove baseline then Resample to 1m aves and NaN pad or trim to start/stop.
2026-10-07T01:39:54.865359Z INFO  main     Writing C:\Users\lwilker\Documents\GitHub\SWERVE-data\data_processed\2024-05-10\sites\hlp\data\B_measured_INTERMAG.pkl
2026-10-07T01:39:54.879514Z INFO  main   Writing C:\Users\lwilker\Documents\GitHub\SWERVE-data\data_processed\2024-05-10\sites\hlp\data\_all.pkl
2026-10-07T01:39:54.882511Z INFO  main Computing stats for 'HLP' data
2026-10-07T01:39:54.887770Z INFO  main   Uniq dts [ns] = [60000000000]
2026-10-07T01:39:54.888770Z INFO  main   Uniq dts [#]  = 1
2026-10-07T01:39:54.888770Z INFO  main   Stats for B/measured/INTERMAG:
2026-10-07T01:39:54.888770Z INFO  main 
    std: : [241.64140420567148, 100.722207213108, 181.9386299998855, 207.43605900450956]
    ave: : [-162.59452991452866, 106.5035470085473, -11.030299145297395, 251.56668968799187]
    min: : [-1379.3999999999978, -148.0, -621.5999999999985, 0.0]
    max: : [531.1000000000022, 1145.6000000000004, 482.0, 1785.0172464152818]
    n: 2341
    n_valid: : [2340, 2340, 2340, 2340]
    dt_original: : [60000000000]
2026-10-07T01:39:54.889405Z INFO  main Plotting 'HLP' data for event '2024-05-10'
2026-10-07T01:39:54.892032Z INFO  main   Plotting 'HLP/B/measured/INTERMAG' original vs. modified data for event '2024-05-10'
2026-10-07T01:39:58.481433Z INFO  main     Writing C:\Users\lwilker\Documents\GitHub\SWERVE-data\data_processed/2024-05-10/sites/hlp/figures\original\B_measured_INTERMAG_Bx.png
2026-10-07T01:39:58.921903Z INFO  main     Writing C:\Users\lwilker\Documents\GitHub\SWERVE-data\data_processed/2024-05-10/sites/hlp/figures\original\B_measured_INTERMAG_Bx.pdf
2026-10-07T01:39:59.150455Z INFO  main     Writing C:\Users\lwilker\Documents\GitHub\SWERVE-data\data_processed/2024-05-10/sites/hlp/figures\original\B_measured_INTERMAG_By.png
2026-10-07T01:39:59.556861Z INFO  main     Writing C:\Users\lwilker\Documents\GitHub\SWERVE-data\data_processed/2024-05-10/sites/hlp/figures\original\B_measured_INTERMAG_By.pdf
2026-10-07T01:39:59.742643Z INFO  main     Writing C:\Users\lwilker\Documents\GitHub\SWERVE-data\data_processed/2024-05-10/sites/hlp/figures\original\B_measured_INTERMAG_Bz.png
2026-10-07T01:40:00.184198Z INFO  main     Writing C:\Users\lwilker\Documents\GitHub\SWERVE-data\data_processed/2024-05-10/sites/hlp/figures\original\B_measured_INTERMAG_Bz.pdf
2026-10-07T01:40:00.478456Z INFO  main Reading 'MEA' data for event '2024-05-10'
2026-10-07T01:40:00.489048Z INFO  main   Reading 'B/measured/INTERMAG' data for event '2024-05-10'
2026-10-07T01:40:00.493699Z INFO  main       Using HAPI INTERMAG data
2026-10-07T01:40:00.493699Z INFO  main       Reading HAPI INTERMAG site information
2026-10-07T01:40:05.432878Z INFO  main     Remove baseline then Resample to 1m aves and NaN pad or trim to start/stop.
2026-10-07T01:40:05.449875Z INFO  main     Writing C:\Users\lwilker\Documents\GitHub\SWERVE-data\data_processed\2024-05-10\sites\mea\data\B_measured_INTERMAG.pkl
2026-10-07T01:40:05.461427Z INFO  main   Writing C:\Users\lwilker\Documents\GitHub\SWERVE-data\data_processed\2024-05-10\sites\mea\data\_all.pkl
2026-10-07T01:40:05.464433Z INFO  main Computing stats for 'MEA' data
2026-10-07T01:40:05.471648Z INFO  main   Uniq dts [ns] = [60000000000]
2026-10-07T01:40:05.472650Z INFO  main   Uniq dts [#]  = 1
2026-10-07T01:40:05.472650Z INFO  main   Stats for B/measured/INTERMAG:
2026-10-07T01:40:05.472650Z INFO  main 
    std: : [467.8469787550692, 261.34440226806197, 273.79962231236965, 386.60816589558306]
    ave: : [-174.725611325611, -66.08365508365513, 50.15456885456594, 415.4658913945576]
    min: : [-2689.0, -1475.5, -1079.5, 0.0]
    max: : [965.1000000000004, 874.4000000000005, 852.5, 2844.594770788978]
    n: 2341
    n_valid: : [2331, 2331, 2331, 2331]
    dt_original: : [60000000000]
2026-10-07T01:40:05.473650Z INFO  main Plotting 'MEA' data for event '2024-05-10'
2026-10-07T01:40:05.474652Z INFO  main   Plotting 'MEA/B/measured/INTERMAG' original vs. modified data for event '2024-05-10'
2026-10-07T01:40:09.420217Z INFO  main     Writing C:\Users\lwilker\Documents\GitHub\SWERVE-data\data_processed/2024-05-10/sites/mea/figures\original\B_measured_INTERMAG_Bx.png
2026-10-07T01:40:09.835222Z INFO  main     Writing C:\Users\lwilker\Documents\GitHub\SWERVE-data\data_processed/2024-05-10/sites/mea/figures\original\B_measured_INTERMAG_Bx.pdf
2026-10-07T01:40:10.025206Z INFO  main     Writing C:\Users\lwilker\Documents\GitHub\SWERVE-data\data_processed/2024-05-10/sites/mea/figures\original\B_measured_INTERMAG_By.png
2026-10-07T01:40:10.448083Z INFO  main     Writing C:\Users\lwilker\Documents\GitHub\SWERVE-data\data_processed/2024-05-10/sites/mea/figures\original\B_measured_INTERMAG_By.pdf
2026-10-07T01:40:10.639371Z INFO  main     Writing C:\Users\lwilker\Documents\GitHub\SWERVE-data\data_processed/2024-05-10/sites/mea/figures\original\B_measured_INTERMAG_Bz.png
2026-10-07T01:40:11.068133Z INFO  main     Writing C:\Users\lwilker\Documents\GitHub\SWERVE-data\data_processed/2024-05-10/sites/mea/figures\original\B_measured_INTERMAG_Bz.pdf
2026-10-07T01:40:11.388694Z INFO  main Reading 'NVS' data for event '2024-05-10'
2026-10-07T01:40:11.404117Z INFO  main   Reading 'B/measured/INTERMAG' data for event '2024-05-10'
2026-10-07T01:40:11.406216Z INFO  main       Using HAPI INTERMAG data
2026-10-07T01:40:11.407222Z INFO  main       Reading HAPI INTERMAG site information
2026-10-07T01:40:17.250013Z INFO  main     Remove baseline then Resample to 1m aves and NaN pad or trim to start/stop.
2026-10-07T01:40:17.268281Z INFO  main     Writing C:\Users\lwilker\Documents\GitHub\SWERVE-data\data_processed\2024-05-10\sites\nvs\data\B_measured_INTERMAG.pkl
2026-10-07T01:40:17.276329Z INFO  main   Writing C:\Users\lwilker\Documents\GitHub\SWERVE-data\data_processed\2024-05-10\sites\nvs\data\_all.pkl
2026-10-07T01:40:17.281633Z INFO  main Computing stats for 'NVS' data
2026-10-07T01:40:17.288752Z INFO  main   Uniq dts [ns] = [60000000000]
2026-10-07T01:40:17.288752Z INFO  main   Uniq dts [#]  = 1
2026-10-07T01:40:17.288752Z INFO  main   Stats for B/measured/INTERMAG:
2026-10-07T01:40:17.288752Z INFO  main 
    std: : [256.0535947659572, 71.29385710146654, 192.33659653351228, 219.81405863378265]
    ave: : [-205.96388888888816, 22.601923076923036, 5.994401709399978, 255.46038349013438]
    min: : [-1925.2999999999993, -207.79999999999995, -564.9000000000015, 0.0]
    max: : [507.3000000000011, 398.3000000000002, 552.1999999999971, 1966.067898115423]
    n: 2341
    n_valid: : [2340, 2340, 2340, 2340]
    dt_original: : [60000000000]
2026-10-07T01:40:17.291707Z INFO  main Plotting 'NVS' data for event '2024-05-10'
2026-10-07T01:40:17.294807Z INFO  main   Plotting 'NVS/B/measured/INTERMAG' original vs. modified data for event '2024-05-10'
2026-10-07T01:40:20.761867Z INFO  main     Writing C:\Users\lwilker\Documents\GitHub\SWERVE-data\data_processed/2024-05-10/sites/nvs/figures\original\B_measured_INTERMAG_Bx.png
2026-10-07T01:40:21.154815Z INFO  main     Writing C:\Users\lwilker\Documents\GitHub\SWERVE-data\data_processed/2024-05-10/sites/nvs/figures\original\B_measured_INTERMAG_Bx.pdf
2026-10-07T01:40:21.339639Z INFO  main     Writing C:\Users\lwilker\Documents\GitHub\SWERVE-data\data_processed/2024-05-10/sites/nvs/figures\original\B_measured_INTERMAG_By.png
2026-10-07T01:40:21.783875Z INFO  main     Writing C:\Users\lwilker\Documents\GitHub\SWERVE-data\data_processed/2024-05-10/sites/nvs/figures\original\B_measured_INTERMAG_By.pdf
2026-10-07T01:40:22.175214Z INFO  main     Writing C:\Users\lwilker\Documents\GitHub\SWERVE-data\data_processed/2024-05-10/sites/nvs/figures\original\B_measured_INTERMAG_Bz.png
2026-10-07T01:40:22.577792Z INFO  main     Writing C:\Users\lwilker\Documents\GitHub\SWERVE-data\data_processed/2024-05-10/sites/nvs/figures\original\B_measured_INTERMAG_Bz.pdf
2026-10-07T01:40:22.898006Z INFO  main Reading 'ESK' data for event '2024-05-10'
2026-10-07T01:40:22.905796Z INFO  main   Reading 'B/measured/INTERMAG' data for event '2024-05-10'
2026-10-07T01:40:22.907798Z INFO  main       Using HAPI INTERMAG data
2026-10-07T01:40:22.907798Z INFO  main       Reading HAPI INTERMAG site information
2026-10-07T01:40:27.526433Z INFO  main     Remove baseline then Resample to 1m aves and NaN pad or trim to start/stop.
2026-10-07T01:40:27.542269Z INFO  main     Writing C:\Users\lwilker\Documents\GitHub\SWERVE-data\data_processed\2024-05-10\sites\esk\data\B_measured_INTERMAG.pkl
2026-10-07T01:40:27.553936Z INFO  main   Writing C:\Users\lwilker\Documents\GitHub\SWERVE-data\data_processed\2024-05-10\sites\esk\data\_all.pkl
2026-10-07T01:40:27.556931Z INFO  main Computing stats for 'ESK' data
2026-10-07T01:40:27.562349Z INFO  main   Uniq dts [ns] = [60000000000]
2026-10-07T01:40:27.562349Z INFO  main   Uniq dts [#]  = 1
2026-10-07T01:40:27.562349Z INFO  main   Stats for B/measured/INTERMAG:
2026-10-07T01:40:27.562349Z INFO  main 
    std: : [287.77901948842236, 117.26042975224819, 148.2132259598043, 245.46752174905416]
    ave: : [-151.78145299145328, 117.00273504273498, 31.777521367524283, 270.2586126092096]
    min: : [-1359.7000000000007, -196.5, -470.09999999999854, 0.0]
    max: : [462.8999999999978, 695.9000000000001, 524.2000000000044, 1506.5177662410763]
    n: 2341
    n_valid: : [2340, 2340, 2340, 2340]
    dt_original: : [60000000000]
2026-10-07T01:40:27.563654Z INFO  main Plotting 'ESK' data for event '2024-05-10'
2026-10-07T01:40:27.567813Z INFO  main   Plotting 'ESK/B/measured/INTERMAG' original vs. modified data for event '2024-05-10'
2026-10-07T01:40:31.035450Z INFO  main     Writing C:\Users\lwilker\Documents\GitHub\SWERVE-data\data_processed/2024-05-10/sites/esk/figures\original\B_measured_INTERMAG_Bx.png
2026-10-07T01:40:31.489379Z INFO  main     Writing C:\Users\lwilker\Documents\GitHub\SWERVE-data\data_processed/2024-05-10/sites/esk/figures\original\B_measured_INTERMAG_Bx.pdf
2026-10-07T01:40:31.689970Z INFO  main     Writing C:\Users\lwilker\Documents\GitHub\SWERVE-data\data_processed/2024-05-10/sites/esk/figures\original\B_measured_INTERMAG_By.png
2026-10-07T01:40:32.079502Z INFO  main     Writing C:\Users\lwilker\Documents\GitHub\SWERVE-data\data_processed/2024-05-10/sites/esk/figures\original\B_measured_INTERMAG_By.pdf
2026-10-07T01:40:32.238120Z INFO  main     Writing C:\Users\lwilker\Documents\GitHub\SWERVE-data\data_processed/2024-05-10/sites/esk/figures\original\B_measured_INTERMAG_Bz.png
2026-10-07T01:40:32.677229Z INFO  main     Writing C:\Users\lwilker\Documents\GitHub\SWERVE-data\data_processed/2024-05-10/sites/esk/figures\original\B_measured_INTERMAG_Bz.pdf
2026-10-07T01:40:32.954271Z INFO  main Reading 'SHU' data for event '2024-05-10'
2026-10-07T01:40:32.960547Z INFO  main   Reading 'B/measured/INTERMAG' data for event '2024-05-10'
2026-10-07T01:40:32.964213Z INFO  main       Using HAPI INTERMAG data
2026-10-07T01:40:32.964898Z INFO  main       Reading HAPI INTERMAG site information
2026-10-07T01:40:38.184721Z INFO  main     Remove baseline then Resample to 1m aves and NaN pad or trim to start/stop.
2026-10-07T01:40:38.199078Z INFO  main     Writing C:\Users\lwilker\Documents\GitHub\SWERVE-data\data_processed\2024-05-10\sites\shu\data\B_measured_INTERMAG.pkl
2026-10-07T01:40:38.207792Z INFO  main   Writing C:\Users\lwilker\Documents\GitHub\SWERVE-data\data_processed\2024-05-10\sites\shu\data\_all.pkl
2026-10-07T01:40:38.210308Z INFO  main Computing stats for 'SHU' data
2026-10-07T01:40:38.217378Z INFO  main   Uniq dts [ns] = [60000000000]
2026-10-07T01:40:38.217378Z INFO  main   Uniq dts [#]  = 1
2026-10-07T01:40:38.217378Z INFO  main   Stats for B/measured/INTERMAG:
2026-10-07T01:40:38.217378Z INFO  main 
    std: : [322.32577248178745, 119.01891839012823, 206.8399424239295, 244.8472170985311]
    ave: : [-149.4400427350416, -57.3989316239317, 5.5496581196566535, 289.37209703781343]
    min: : [-1544.5999999999985, -695.9000000000001, -789.9000000000015, 0.0]
    max: : [861.2000000000007, 443.1999999999998, 550.0, 1576.56905969894]
    n: 2341
    n_valid: : [2340, 2340, 2340, 2340]
    dt_original: : [60000000000]
2026-10-07T01:40:38.218940Z INFO  main Plotting 'SHU' data for event '2024-05-10'
2026-10-07T01:40:38.219945Z INFO  main   Plotting 'SHU/B/measured/INTERMAG' original vs. modified data for event '2024-05-10'
2026-10-07T01:40:41.774637Z INFO  main     Writing C:\Users\lwilker\Documents\GitHub\SWERVE-data\data_processed/2024-05-10/sites/shu/figures\original\B_measured_INTERMAG_Bx.png
2026-10-07T01:40:42.207971Z INFO  main     Writing C:\Users\lwilker\Documents\GitHub\SWERVE-data\data_processed/2024-05-10/sites/shu/figures\original\B_measured_INTERMAG_Bx.pdf
2026-10-07T01:40:42.382714Z INFO  main     Writing C:\Users\lwilker\Documents\GitHub\SWERVE-data\data_processed/2024-05-10/sites/shu/figures\original\B_measured_INTERMAG_By.png
2026-10-07T01:40:42.803490Z INFO  main     Writing C:\Users\lwilker\Documents\GitHub\SWERVE-data\data_processed/2024-05-10/sites/shu/figures\original\B_measured_INTERMAG_By.pdf
2026-10-07T01:40:43.228392Z INFO  main     Writing C:\Users\lwilker\Documents\GitHub\SWERVE-data\data_processed/2024-05-10/sites/shu/figures\original\B_measured_INTERMAG_Bz.png
2026-10-07T01:40:43.679292Z INFO  main     Writing C:\Users\lwilker\Documents\GitHub\SWERVE-data\data_processed/2024-05-10/sites/shu/figures\original\B_measured_INTERMAG_Bz.pdf
2026-10-07T01:40:43.962046Z INFO  main Reading 'ARS' data for event '2024-05-10'
2026-10-07T01:40:43.972800Z INFO  main   Reading 'B/measured/INTERMAG' data for event '2024-05-10'
2026-10-07T01:40:43.976127Z INFO  main       Using HAPI INTERMAG data
2026-10-07T01:40:43.976127Z INFO  main       Reading HAPI INTERMAG site information
2026-10-07T01:40:49.155148Z INFO  main     Remove baseline then Resample to 1m aves and NaN pad or trim to start/stop.
2026-10-07T01:40:49.179773Z INFO  main     Writing C:\Users\lwilker\Documents\GitHub\SWERVE-data\data_processed\2024-05-10\sites\ars\data\B_measured_INTERMAG.pkl
2026-10-07T01:40:49.187538Z INFO  main   Writing C:\Users\lwilker\Documents\GitHub\SWERVE-data\data_processed\2024-05-10\sites\ars\data\_all.pkl
2026-10-07T01:40:49.191005Z INFO  main Computing stats for 'ARS' data
2026-10-07T01:40:49.196974Z INFO  main   Uniq dts [ns] = [60000000000]
2026-10-07T01:40:49.196974Z INFO  main   Uniq dts [#]  = 1
2026-10-07T01:40:49.196974Z INFO  main   Stats for B/measured/INTERMAG:
2026-10-07T01:40:49.196974Z INFO  main 
    std: : [43.05066135566005, 45.761199438727424, 36.76226352196635, 50.82714582317577]
    ave: : [-66.43208333333256, -18.233388888888733, -47.166138888891126, 78.1647377727363]
    min: : [-174.29999999999927, -156.30999999999995, -125.38000000000466, 0.0]
    max: : [5.440000000000509, 52.460000000000036, 3.75, 227.4287934717142]
    n: 2341
    n_valid: : [360, 360, 360, 360]
    dt_original: : [60000000000]
2026-10-07T01:40:49.199003Z INFO  main Plotting 'ARS' data for event '2024-05-10'
2026-10-07T01:40:49.201963Z INFO  main   Plotting 'ARS/B/measured/INTERMAG' original vs. modified data for event '2024-05-10'
2026-10-07T01:40:52.436626Z INFO  main     Writing C:\Users\lwilker\Documents\GitHub\SWERVE-data\data_processed/2024-05-10/sites/ars/figures\original\B_measured_INTERMAG_Bx.png
2026-10-07T01:40:52.829764Z INFO  main     Writing C:\Users\lwilker\Documents\GitHub\SWERVE-data\data_processed/2024-05-10/sites/ars/figures\original\B_measured_INTERMAG_Bx.pdf
2026-10-07T01:40:53.006450Z INFO  main     Writing C:\Users\lwilker\Documents\GitHub\SWERVE-data\data_processed/2024-05-10/sites/ars/figures\original\B_measured_INTERMAG_By.png
2026-10-07T01:40:53.411838Z INFO  main     Writing C:\Users\lwilker\Documents\GitHub\SWERVE-data\data_processed/2024-05-10/sites/ars/figures\original\B_measured_INTERMAG_By.pdf
2026-10-07T01:40:53.589701Z INFO  main     Writing C:\Users\lwilker\Documents\GitHub\SWERVE-data\data_processed/2024-05-10/sites/ars/figures\original\B_measured_INTERMAG_Bz.png
2026-10-07T01:40:54.011133Z INFO  main     Writing C:\Users\lwilker\Documents\GitHub\SWERVE-data\data_processed/2024-05-10/sites/ars/figures\original\B_measured_INTERMAG_Bz.pdf
2026-10-07T01:40:54.289547Z INFO  main Reading 'SIT' data for event '2024-05-10'
2026-10-07T01:40:54.304551Z INFO  main   Reading 'B/measured/INTERMAG' data for event '2024-05-10'
2026-10-07T01:40:54.307244Z INFO  main       Using HAPI INTERMAG data
2026-10-07T01:40:54.307244Z INFO  main       Reading HAPI INTERMAG site information
2026-10-07T01:40:59.368108Z INFO  main     Remove baseline then Resample to 1m aves and NaN pad or trim to start/stop.
2026-10-07T01:40:59.424170Z INFO  main     Writing C:\Users\lwilker\Documents\GitHub\SWERVE-data\data_processed\2024-05-10\sites\sit\data\B_measured_INTERMAG.pkl
2026-10-07T01:40:59.446611Z INFO  main   Writing C:\Users\lwilker\Documents\GitHub\SWERVE-data\data_processed\2024-05-10\sites\sit\data\_all.pkl
2026-10-07T01:40:59.454825Z INFO  main Computing stats for 'SIT' data
2026-10-07T01:40:59.457828Z INFO  main   Uniq dts [ns] = [60000000000]
2026-10-07T01:40:59.457828Z INFO  main   Uniq dts [#]  = 1
2026-10-07T01:40:59.457828Z INFO  main   Stats for B/measured/INTERMAG:
2026-10-07T01:40:59.457828Z INFO  main 
    std: : [483.3884340628572, 284.886992494719, 243.29875022629605, 421.50368447349456]
    ave: : [-202.63825417201517, -110.94852374839576, 14.215190415062105, 436.49909235819393]
    min: : [-2003.2000000000007, -2390.1, -918.9000000000015, 0.0]
    max: : [712.1000000000004, 717.5, 664.0, 2695.846251179766]
    n: 2341
    n_valid: : [2337, 2337, 2337, 2337]
    dt_original: : [60000000000]
2026-10-07T01:40:59.457828Z INFO  main Plotting 'SIT' data for event '2024-05-10'
2026-10-07T01:40:59.471234Z INFO  main   Plotting 'SIT/B/measured/INTERMAG' original vs. modified data for event '2024-05-10'
2026-10-07T01:41:04.196807Z INFO  main     Writing C:\Users\lwilker\Documents\GitHub\SWERVE-data\data_processed/2024-05-10/sites/sit/figures\original\B_measured_INTERMAG_Bx.png
2026-10-07T01:41:04.622860Z INFO  main     Writing C:\Users\lwilker\Documents\GitHub\SWERVE-data\data_processed/2024-05-10/sites/sit/figures\original\B_measured_INTERMAG_Bx.pdf
2026-10-07T01:41:05.054766Z INFO  main     Writing C:\Users\lwilker\Documents\GitHub\SWERVE-data\data_processed/2024-05-10/sites/sit/figures\original\B_measured_INTERMAG_By.png
2026-10-07T01:41:05.491929Z INFO  main     Writing C:\Users\lwilker\Documents\GitHub\SWERVE-data\data_processed/2024-05-10/sites/sit/figures\original\B_measured_INTERMAG_By.pdf
2026-10-07T01:41:05.678996Z INFO  main     Writing C:\Users\lwilker\Documents\GitHub\SWERVE-data\data_processed/2024-05-10/sites/sit/figures\original\B_measured_INTERMAG_Bz.png
2026-10-07T01:41:06.104806Z INFO  main     Writing C:\Users\lwilker\Documents\GitHub\SWERVE-data\data_processed/2024-05-10/sites/sit/figures\original\B_measured_INTERMAG_Bz.pdf
2026-10-07T01:41:06.399614Z INFO  main Reading 'FCC' data for event '2024-05-10'
2026-10-07T01:41:06.434938Z INFO  main   Reading 'B/measured/INTERMAG' data for event '2024-05-10'
2026-10-07T01:41:06.434938Z INFO  main       Using HAPI INTERMAG data
2026-10-07T01:41:06.434938Z INFO  main       Reading HAPI INTERMAG site information
2026-10-07T01:41:12.463559Z INFO  main     Remove baseline then Resample to 1m aves and NaN pad or trim to start/stop.
2026-10-07T01:41:12.483517Z INFO  main     Writing C:\Users\lwilker\Documents\GitHub\SWERVE-data\data_processed\2024-05-10\sites\fcc\data\B_measured_INTERMAG.pkl
2026-10-07T01:41:12.485515Z INFO  main   Writing C:\Users\lwilker\Documents\GitHub\SWERVE-data\data_processed\2024-05-10\sites\fcc\data\_all.pkl
2026-10-07T01:41:12.493956Z INFO  main Computing stats for 'FCC' data
2026-10-07T01:41:12.500409Z INFO  main   Uniq dts [ns] = [60000000000]
2026-10-07T01:41:12.500409Z INFO  main   Uniq dts [#]  = 1
2026-10-07T01:41:12.500409Z INFO  main   Stats for B/measured/INTERMAG:
2026-10-07T01:41:12.500409Z INFO  main 
    std: : [427.6268163536946, 284.40138914775173, 432.79365141661157, 355.90672471315725]
    ave: : [-146.921367521368, -89.70854700854692, 113.38649572649578, 408.3047381045842]
    min: : [-2268.2000000000007, -1197.7, -1099.0999999999985, 0.0]
    max: : [1066.699999999999, 949.6000000000001, 1770.199999999997, 2319.4314561978335]
    n: 2341
    n_valid: : [2340, 2340, 2340, 2340]
    dt_original: : [60000000000]
2026-10-07T01:41:12.501411Z INFO  main Plotting 'FCC' data for event '2024-05-10'
2026-10-07T01:41:12.503411Z INFO  main   Plotting 'FCC/B/measured/INTERMAG' original vs. modified data for event '2024-05-10'
2026-10-07T01:41:16.034854Z INFO  main     Writing C:\Users\lwilker\Documents\GitHub\SWERVE-data\data_processed/2024-05-10/sites/fcc/figures\original\B_measured_INTERMAG_Bx.png
2026-10-07T01:41:16.490801Z INFO  main     Writing C:\Users\lwilker\Documents\GitHub\SWERVE-data\data_processed/2024-05-10/sites/fcc/figures\original\B_measured_INTERMAG_Bx.pdf
2026-10-07T01:41:16.685525Z INFO  main     Writing C:\Users\lwilker\Documents\GitHub\SWERVE-data\data_processed/2024-05-10/sites/fcc/figures\original\B_measured_INTERMAG_By.png
2026-10-07T01:41:17.147015Z INFO  main     Writing C:\Users\lwilker\Documents\GitHub\SWERVE-data\data_processed/2024-05-10/sites/fcc/figures\original\B_measured_INTERMAG_By.pdf
2026-10-07T01:41:17.344083Z INFO  main     Writing C:\Users\lwilker\Documents\GitHub\SWERVE-data\data_processed/2024-05-10/sites/fcc/figures\original\B_measured_INTERMAG_Bz.png
2026-10-07T01:41:17.757845Z INFO  main     Writing C:\Users\lwilker\Documents\GitHub\SWERVE-data\data_processed/2024-05-10/sites/fcc/figures\original\B_measured_INTERMAG_Bz.pdf
2026-10-07T01:41:18.023764Z INFO  main Reading 'UPS' data for event '2024-05-10'
2026-10-07T01:41:18.031485Z INFO  main   Reading 'B/measured/INTERMAG' data for event '2024-05-10'
2026-10-07T01:41:18.033483Z INFO  main       Using HAPI INTERMAG data
2026-10-07T01:41:18.033483Z INFO  main       Reading HAPI INTERMAG site information
2026-10-07T01:41:22.814619Z INFO  main     Remove baseline then Resample to 1m aves and NaN pad or trim to start/stop.
2026-10-07T01:41:22.831345Z INFO  main     Writing C:\Users\lwilker\Documents\GitHub\SWERVE-data\data_processed\2024-05-10\sites\ups\data\B_measured_INTERMAG.pkl
2026-10-07T01:41:22.841798Z INFO  main   Writing C:\Users\lwilker\Documents\GitHub\SWERVE-data\data_processed\2024-05-10\sites\ups\data\_all.pkl
2026-10-07T01:41:22.844798Z INFO  main Computing stats for 'UPS' data
2026-10-07T01:41:22.849122Z INFO  main   Uniq dts [ns] = [60000000000]
2026-10-07T01:41:22.850595Z INFO  main   Uniq dts [#]  = 1
2026-10-07T01:41:22.850595Z INFO  main   Stats for B/measured/INTERMAG:
2026-10-07T01:41:22.850595Z INFO  main 
    std: : [430.3788311725112, 133.81818198569474, 165.92220537389417, 330.1212506658966]
    ave: : [-184.14423076923114, 104.59816239316251, -4.406452991451536, 372.83116461982684]
    min: : [-1556.300000000001, -432.10000000000014, -572.2999999999956, 0.0]
    max: : [978.5, 857.7, 697.5, 1643.2077927030412]
    n: 2341
    n_valid: : [2340, 2340, 2340, 2340]
    dt_original: : [60000000000]
2026-10-07T01:41:22.851968Z INFO  main Plotting 'UPS' data for event '2024-05-10'
2026-10-07T01:41:22.854225Z INFO  main   Plotting 'UPS/B/measured/INTERMAG' original vs. modified data for event '2024-05-10'
2026-10-07T01:41:26.448753Z INFO  main     Writing C:\Users\lwilker\Documents\GitHub\SWERVE-data\data_processed/2024-05-10/sites/ups/figures\original\B_measured_INTERMAG_Bx.png
2026-10-07T01:41:26.894829Z INFO  main     Writing C:\Users\lwilker\Documents\GitHub\SWERVE-data\data_processed/2024-05-10/sites/ups/figures\original\B_measured_INTERMAG_Bx.pdf
2026-10-07T01:41:27.293413Z INFO  main     Writing C:\Users\lwilker\Documents\GitHub\SWERVE-data\data_processed/2024-05-10/sites/ups/figures\original\B_measured_INTERMAG_By.png
2026-10-07T01:41:27.739205Z INFO  main     Writing C:\Users\lwilker\Documents\GitHub\SWERVE-data\data_processed/2024-05-10/sites/ups/figures\original\B_measured_INTERMAG_By.pdf
2026-10-07T01:41:27.926992Z INFO  main     Writing C:\Users\lwilker\Documents\GitHub\SWERVE-data\data_processed/2024-05-10/sites/ups/figures\original\B_measured_INTERMAG_Bz.png
2026-10-07T01:41:28.396112Z INFO  main     Writing C:\Users\lwilker\Documents\GitHub\SWERVE-data\data_processed/2024-05-10/sites/ups/figures\original\B_measured_INTERMAG_Bz.pdf
2026-10-07T01:41:28.678299Z INFO  main Reading 'LER' data for event '2024-05-10'
2026-10-07T01:41:28.686946Z INFO  main   Reading 'B/measured/INTERMAG' data for event '2024-05-10'
2026-10-07T01:41:28.688945Z INFO  main       Using HAPI INTERMAG data
2026-10-07T01:41:28.689943Z INFO  main       Reading HAPI INTERMAG site information
2026-10-07T01:41:33.605842Z INFO  main     Remove baseline then Resample to 1m aves and NaN pad or trim to start/stop.
2026-10-07T01:41:33.620125Z INFO  main     Writing C:\Users\lwilker\Documents\GitHub\SWERVE-data\data_processed\2024-05-10\sites\ler\data\B_measured_INTERMAG.pkl
2026-10-07T01:41:33.630659Z INFO  main   Writing C:\Users\lwilker\Documents\GitHub\SWERVE-data\data_processed\2024-05-10\sites\ler\data\_all.pkl
2026-10-07T01:41:33.634166Z INFO  main Computing stats for 'LER' data
2026-10-07T01:41:33.640180Z INFO  main   Uniq dts [ns] = [60000000000]
2026-10-07T01:41:33.640180Z INFO  main   Uniq dts [#]  = 1
2026-10-07T01:41:33.641179Z INFO  main   Stats for B/measured/INTERMAG:
2026-10-07T01:41:33.641179Z INFO  main 
    std: : [389.7448613013169, 160.88228184078193, 184.4148445031738, 298.37216083761433]
    ave: : [-149.634772992494, 107.10178080027138, 6.687478632478721, 350.1707810444458]
    min: : [-1363.7017970820834, -548.8921075881697, -524.1999999999971, 0.0]
    max: : [826.4766006448426, 887.9383596812806, 829.9000000000015, 1454.7148138826133]
    n: 2341
    n_valid: : [2340, 2340, 2340, 2340]
    dt_original: : [60000000000]
2026-10-07T01:41:33.641179Z INFO  main Plotting 'LER' data for event '2024-05-10'
2026-10-07T01:41:33.644869Z INFO  main   Plotting 'LER/B/measured/INTERMAG' original vs. modified data for event '2024-05-10'
2026-10-07T01:41:37.162745Z INFO  main     Writing C:\Users\lwilker\Documents\GitHub\SWERVE-data\data_processed/2024-05-10/sites/ler/figures\original\B_measured_INTERMAG_Bx.png
2026-10-07T01:41:37.560514Z INFO  main     Writing C:\Users\lwilker\Documents\GitHub\SWERVE-data\data_processed/2024-05-10/sites/ler/figures\original\B_measured_INTERMAG_Bx.pdf
2026-10-07T01:41:37.751828Z INFO  main     Writing C:\Users\lwilker\Documents\GitHub\SWERVE-data\data_processed/2024-05-10/sites/ler/figures\original\B_measured_INTERMAG_By.png
2026-10-07T01:41:38.195377Z INFO  main     Writing C:\Users\lwilker\Documents\GitHub\SWERVE-data\data_processed/2024-05-10/sites/ler/figures\original\B_measured_INTERMAG_By.pdf
2026-10-07T01:41:38.385459Z INFO  main     Writing C:\Users\lwilker\Documents\GitHub\SWERVE-data\data_processed/2024-05-10/sites/ler/figures\original\B_measured_INTERMAG_Bz.png
2026-10-07T01:41:38.816782Z INFO  main     Writing C:\Users\lwilker\Documents\GitHub\SWERVE-data\data_processed/2024-05-10/sites/ler/figures\original\B_measured_INTERMAG_Bz.pdf
2026-10-07T01:41:39.127858Z INFO  main Reading 'NUR' data for event '2024-05-10'
2026-10-07T01:41:39.136232Z INFO  main   Reading 'B/measured/INTERMAG' data for event '2024-05-10'
2026-10-07T01:41:39.139238Z INFO  main       Using HAPI INTERMAG data
2026-10-07T01:41:39.139238Z INFO  main       Reading HAPI INTERMAG site information
2026-10-07T01:41:44.637849Z INFO  main     Remove baseline then Resample to 1m aves and NaN pad or trim to start/stop.
2026-10-07T01:41:44.655413Z INFO  main     Writing C:\Users\lwilker\Documents\GitHub\SWERVE-data\data_processed\2024-05-10\sites\nur\data\B_measured_INTERMAG.pkl
2026-10-07T01:41:44.666358Z INFO  main   Writing C:\Users\lwilker\Documents\GitHub\SWERVE-data\data_processed\2024-05-10\sites\nur\data\_all.pkl
2026-10-07T01:41:44.672774Z INFO  main Computing stats for 'NUR' data
2026-10-07T01:41:44.678754Z INFO  main   Uniq dts [ns] = [60000000000]
2026-10-07T01:41:44.679756Z INFO  main   Uniq dts [#]  = 1
2026-10-07T01:41:44.679756Z INFO  main   Stats for B/measured/INTERMAG:
2026-10-07T01:41:44.679756Z INFO  main 
    std: : [471.081148432423, 131.4582277424523, 183.74738328065413, 362.941794434495]
    ave: : [-215.10375641025573, 93.41113675213657, -26.460183760685208, 403.07224463288844]
    min: : [-2589.84, -519.74, -775.4300000000003, 0.0]
    max: : [1017.3500000000004, 835.5300000000002, 708.5299999999988, 2710.7499135479084]
    n: 2341
    n_valid: : [2340, 2340, 2340, 2340]
    dt_original: : [60000000000]
2026-10-07T01:41:44.681201Z INFO  main Plotting 'NUR' data for event '2024-05-10'
2026-10-07T01:41:44.684183Z INFO  main   Plotting 'NUR/B/measured/INTERMAG' original vs. modified data for event '2024-05-10'
2026-10-07T01:41:48.603405Z INFO  main     Writing C:\Users\lwilker\Documents\GitHub\SWERVE-data\data_processed/2024-05-10/sites/nur/figures\original\B_measured_INTERMAG_Bx.png
2026-10-07T01:41:48.996258Z INFO  main     Writing C:\Users\lwilker\Documents\GitHub\SWERVE-data\data_processed/2024-05-10/sites/nur/figures\original\B_measured_INTERMAG_Bx.pdf
2026-10-07T01:41:49.204505Z INFO  main     Writing C:\Users\lwilker\Documents\GitHub\SWERVE-data\data_processed/2024-05-10/sites/nur/figures\original\B_measured_INTERMAG_By.png
2026-10-07T01:41:49.658554Z INFO  main     Writing C:\Users\lwilker\Documents\GitHub\SWERVE-data\data_processed/2024-05-10/sites/nur/figures\original\B_measured_INTERMAG_By.pdf
2026-10-07T01:41:49.856519Z INFO  main     Writing C:\Users\lwilker\Documents\GitHub\SWERVE-data\data_processed/2024-05-10/sites/nur/figures\original\B_measured_INTERMAG_Bz.png
2026-10-07T01:41:50.276716Z INFO  main     Writing C:\Users\lwilker\Documents\GitHub\SWERVE-data\data_processed/2024-05-10/sites/nur/figures\original\B_measured_INTERMAG_Bz.pdf
2026-10-07T01:41:50.557193Z INFO  main Reading 'NAQ' data for event '2024-05-10'
2026-10-07T01:41:50.570982Z INFO  main   Reading 'B/measured/INTERMAG' data for event '2024-05-10'
2026-10-07T01:41:50.574221Z INFO  main       Using HAPI INTERMAG data
2026-10-07T01:41:50.574221Z INFO  main       Reading HAPI INTERMAG site information
2026-10-07T01:41:55.222582Z INFO  main     Remove baseline then Resample to 1m aves and NaN pad or trim to start/stop.
2026-10-07T01:41:55.240772Z INFO  main     Writing C:\Users\lwilker\Documents\GitHub\SWERVE-data\data_processed\2024-05-10\sites\naq\data\B_measured_INTERMAG.pkl
2026-10-07T01:41:55.248114Z INFO  main   Writing C:\Users\lwilker\Documents\GitHub\SWERVE-data\data_processed\2024-05-10\sites\naq\data\_all.pkl
2026-10-07T01:41:55.252121Z INFO  main Computing stats for 'NAQ' data
2026-10-07T01:41:55.258718Z INFO  main   Uniq dts [ns] = [60000000000]
2026-10-07T01:41:55.258718Z INFO  main   Uniq dts [#]  = 1
2026-10-07T01:41:55.259717Z INFO  main   Stats for B/measured/INTERMAG:
2026-10-07T01:41:55.259717Z INFO  main 
    std: : [318.89027910624804, 251.29562656671524, 328.3751767235653, 261.09707490654074]
    ave: : [-120.92002564102631, 24.312316239315944, 91.79243162392928, 334.4870114626484]
    min: : [-1639.4400000000005, -569.75, -1046.3899999999994, 0.0]
    max: : [810.0699999999997, 1015.9499999999998, 1222.7099999999991, 1645.5824853528316]
    n: 2341
    n_valid: : [2340, 2340, 2340, 2340]
    dt_original: : [60000000000]
2026-10-07T01:41:55.262138Z INFO  main Plotting 'NAQ' data for event '2024-05-10'
2026-10-07T01:41:55.263774Z INFO  main   Plotting 'NAQ/B/measured/INTERMAG' original vs. modified data for event '2024-05-10'
2026-10-07T01:41:58.955194Z INFO  main     Writing C:\Users\lwilker\Documents\GitHub\SWERVE-data\data_processed/2024-05-10/sites/naq/figures\original\B_measured_INTERMAG_Bx.png
2026-10-07T01:41:59.390800Z INFO  main     Writing C:\Users\lwilker\Documents\GitHub\SWERVE-data\data_processed/2024-05-10/sites/naq/figures\original\B_measured_INTERMAG_Bx.pdf
2026-10-07T01:41:59.584990Z INFO  main     Writing C:\Users\lwilker\Documents\GitHub\SWERVE-data\data_processed/2024-05-10/sites/naq/figures\original\B_measured_INTERMAG_By.png
2026-10-07T01:42:00.076743Z INFO  main     Writing C:\Users\lwilker\Documents\GitHub\SWERVE-data\data_processed/2024-05-10/sites/naq/figures\original\B_measured_INTERMAG_By.pdf
2026-10-07T01:42:00.281794Z INFO  main     Writing C:\Users\lwilker\Documents\GitHub\SWERVE-data\data_processed/2024-05-10/sites/naq/figures\original\B_measured_INTERMAG_Bz.png
2026-10-07T01:42:00.721203Z INFO  main     Writing C:\Users\lwilker\Documents\GitHub\SWERVE-data\data_processed/2024-05-10/sites/naq/figures\original\B_measured_INTERMAG_Bz.pdf
2026-10-07T01:42:01.018332Z INFO  main Reading 'YKC' data for event '2024-05-10'
2026-10-07T01:42:01.032052Z INFO  main   Reading 'B/measured/INTERMAG' data for event '2024-05-10'
2026-10-07T01:42:01.032052Z INFO  main       Using HAPI INTERMAG data
2026-10-07T01:42:01.032052Z INFO  main       Reading HAPI INTERMAG site information
2026-10-07T01:42:06.023492Z INFO  main     Remove baseline then Resample to 1m aves and NaN pad or trim to start/stop.
2026-10-07T01:42:06.048271Z INFO  main     Writing C:\Users\lwilker\Documents\GitHub\SWERVE-data\data_processed\2024-05-10\sites\ykc\data\B_measured_INTERMAG.pkl
2026-10-07T01:42:06.059087Z INFO  main   Writing C:\Users\lwilker\Documents\GitHub\SWERVE-data\data_processed\2024-05-10\sites\ykc\data\_all.pkl
2026-10-07T01:42:06.063081Z INFO  main Computing stats for 'YKC' data
2026-10-07T01:42:06.071204Z INFO  main   Uniq dts [ns] = [60000000000]
2026-10-07T01:42:06.071204Z INFO  main   Uniq dts [#]  = 1
2026-10-07T01:42:06.071204Z INFO  main   Stats for B/measured/INTERMAG:
2026-10-07T01:42:06.072871Z INFO  main 
    std: : [424.7206506381356, 345.534021477977, 378.28989875524144, 335.650256991034]
    ave: : [-33.809111587982336, -32.114021367521566, 182.2705897435926, 434.9185300204595]
    min: : [-2229.4799999999996, -823.6000000000001, -860.2299999999959, 0.0]
    max: : [1417.630000000001, 1061.1799999999998, 1786.5699999999997, 2267.755450329686]
    n: 2341
    n_valid: : [2330, 2340, 2340, 2330]
    dt_original: : [60000000000]
2026-10-07T01:42:06.072871Z INFO  main Plotting 'YKC' data for event '2024-05-10'
2026-10-07T01:42:06.075880Z INFO  main   Plotting 'YKC/B/measured/INTERMAG' original vs. modified data for event '2024-05-10'
2026-10-07T01:42:09.937934Z INFO  main     Writing C:\Users\lwilker\Documents\GitHub\SWERVE-data\data_processed/2024-05-10/sites/ykc/figures\original\B_measured_INTERMAG_Bx.png
2026-10-07T01:42:10.387824Z INFO  main     Writing C:\Users\lwilker\Documents\GitHub\SWERVE-data\data_processed/2024-05-10/sites/ykc/figures\original\B_measured_INTERMAG_Bx.pdf
2026-10-07T01:42:10.553758Z INFO  main     Writing C:\Users\lwilker\Documents\GitHub\SWERVE-data\data_processed/2024-05-10/sites/ykc/figures\original\B_measured_INTERMAG_By.png
2026-10-07T01:42:10.937420Z INFO  main     Writing C:\Users\lwilker\Documents\GitHub\SWERVE-data\data_processed/2024-05-10/sites/ykc/figures\original\B_measured_INTERMAG_By.pdf
2026-10-07T01:42:11.111873Z INFO  main     Writing C:\Users\lwilker\Documents\GitHub\SWERVE-data\data_processed/2024-05-10/sites/ykc/figures\original\B_measured_INTERMAG_Bz.png
2026-10-07T01:42:11.484349Z INFO  main     Writing C:\Users\lwilker\Documents\GitHub\SWERVE-data\data_processed/2024-05-10/sites/ykc/figures\original\B_measured_INTERMAG_Bz.pdf
2026-10-07T01:42:11.769750Z INFO  main Reading 'IQA' data for event '2024-05-10'
2026-10-07T01:42:11.789723Z INFO  main   Reading 'B/measured/INTERMAG' data for event '2024-05-10'
2026-10-07T01:42:11.794023Z INFO  main       Using HAPI INTERMAG data
2026-10-07T01:42:11.794023Z INFO  main       Reading HAPI INTERMAG site information
2026-10-07T01:42:16.866153Z INFO  main     Remove baseline then Resample to 1m aves and NaN pad or trim to start/stop.
2026-10-07T01:42:16.877781Z INFO  main     Writing C:\Users\lwilker\Documents\GitHub\SWERVE-data\data_processed\2024-05-10\sites\iqa\data\B_measured_INTERMAG.pkl
2026-10-07T01:42:16.900167Z INFO  main   Writing C:\Users\lwilker\Documents\GitHub\SWERVE-data\data_processed\2024-05-10\sites\iqa\data\_all.pkl
2026-10-07T01:42:16.906871Z INFO  main Computing stats for 'IQA' data
2026-10-07T01:42:16.914121Z INFO  main   Uniq dts [ns] = [60000000000]
2026-10-07T01:42:16.914121Z INFO  main   Uniq dts [#]  = 1
2026-10-07T01:42:16.915118Z INFO  main   Stats for B/measured/INTERMAG:
2026-10-07T01:42:16.915118Z INFO  main 
    std: : [319.36578084180945, 311.84466447628586, 331.0146870517495, 238.75250012368085]
    ave: : [-80.9408974358974, -62.7269230769232, 113.74551282051466, 390.8003789355183]
    min: : [-1572.5, -839.3000000000002, -823.5, 0.0]
    max: : [676.8999999999996, 963.7000000000003, 1301.5999999999985, 1625.9068669514868]
    n: 2341
    n_valid: : [2340, 2340, 2340, 2340]
    dt_original: : [60000000000]
2026-10-07T01:42:16.916142Z INFO  main Plotting 'IQA' data for event '2024-05-10'
2026-10-07T01:42:16.918415Z INFO  main   Plotting 'IQA/B/measured/INTERMAG' original vs. modified data for event '2024-05-10'
2026-10-07T01:42:20.836738Z INFO  main     Writing C:\Users\lwilker\Documents\GitHub\SWERVE-data\data_processed/2024-05-10/sites/iqa/figures\original\B_measured_INTERMAG_Bx.png
2026-10-07T01:42:21.277874Z INFO  main     Writing C:\Users\lwilker\Documents\GitHub\SWERVE-data\data_processed/2024-05-10/sites/iqa/figures\original\B_measured_INTERMAG_Bx.pdf
2026-10-07T01:42:21.452742Z INFO  main     Writing C:\Users\lwilker\Documents\GitHub\SWERVE-data\data_processed/2024-05-10/sites/iqa/figures\original\B_measured_INTERMAG_By.png
2026-10-07T01:42:21.899167Z INFO  main     Writing C:\Users\lwilker\Documents\GitHub\SWERVE-data\data_processed/2024-05-10/sites/iqa/figures\original\B_measured_INTERMAG_By.pdf
2026-10-07T01:42:22.100574Z INFO  main     Writing C:\Users\lwilker\Documents\GitHub\SWERVE-data\data_processed/2024-05-10/sites/iqa/figures\original\B_measured_INTERMAG_Bz.png
2026-10-07T01:42:22.534855Z INFO  main     Writing C:\Users\lwilker\Documents\GitHub\SWERVE-data\data_processed/2024-05-10/sites/iqa/figures\original\B_measured_INTERMAG_Bz.pdf
2026-10-07T01:42:22.806455Z INFO  main Reading 'BLC' data for event '2024-05-10'
2026-10-07T01:42:22.817923Z INFO  main   Reading 'B/measured/INTERMAG' data for event '2024-05-10'
2026-10-07T01:42:22.820610Z INFO  main       Using HAPI INTERMAG data
2026-10-07T01:42:22.821677Z INFO  main       Reading HAPI INTERMAG site information
2026-10-07T01:42:27.485698Z INFO  main     Remove baseline then Resample to 1m aves and NaN pad or trim to start/stop.
2026-10-07T01:42:27.501988Z INFO  main     Writing C:\Users\lwilker\Documents\GitHub\SWERVE-data\data_processed\2024-05-10\sites\blc\data\B_measured_INTERMAG.pkl
2026-10-07T01:42:27.516507Z INFO  main   Writing C:\Users\lwilker\Documents\GitHub\SWERVE-data\data_processed\2024-05-10\sites\blc\data\_all.pkl
2026-10-07T01:42:27.518478Z INFO  main Computing stats for 'BLC' data
2026-10-07T01:42:27.527890Z INFO  main   Uniq dts [ns] = [60000000000]
2026-10-07T01:42:27.528890Z INFO  main   Uniq dts [#]  = 1
2026-10-07T01:42:27.528890Z INFO  main   Stats for B/measured/INTERMAG:
2026-10-07T01:42:27.528890Z INFO  main 
    std: : [304.29779198829436, 319.3213167073104, 390.0872756162617, 219.19047538779037]
    ave: : [64.96261111111076, -108.86204273504276, 2.7486068376067125, 403.2243422745407]
    min: : [-1308.2800000000007, -919.0400000000001, -1185.8600000000006, 0.0]
    max: : [923.29, 1257.19, 1275.2200000000012, 1410.1221371569206]
    n: 2341
    n_valid: : [2340, 2340, 2340, 2340]
    dt_original: : [60000000000]
2026-10-07T01:42:27.528890Z INFO  main Plotting 'BLC' data for event '2024-05-10'
2026-10-07T01:42:27.530889Z INFO  main   Plotting 'BLC/B/measured/INTERMAG' original vs. modified data for event '2024-05-10'
2026-10-07T01:42:31.178697Z INFO  main     Writing C:\Users\lwilker\Documents\GitHub\SWERVE-data\data_processed/2024-05-10/sites/blc/figures\original\B_measured_INTERMAG_Bx.png
2026-10-07T01:42:31.645392Z INFO  main     Writing C:\Users\lwilker\Documents\GitHub\SWERVE-data\data_processed/2024-05-10/sites/blc/figures\original\B_measured_INTERMAG_Bx.pdf
2026-10-07T01:42:31.857275Z INFO  main     Writing C:\Users\lwilker\Documents\GitHub\SWERVE-data\data_processed/2024-05-10/sites/blc/figures\original\B_measured_INTERMAG_By.png
2026-10-07T01:42:32.293905Z INFO  main     Writing C:\Users\lwilker\Documents\GitHub\SWERVE-data\data_processed/2024-05-10/sites/blc/figures\original\B_measured_INTERMAG_By.pdf
2026-10-07T01:42:32.459309Z INFO  main     Writing C:\Users\lwilker\Documents\GitHub\SWERVE-data\data_processed/2024-05-10/sites/blc/figures\original\B_measured_INTERMAG_Bz.png
2026-10-07T01:42:32.887429Z INFO  main     Writing C:\Users\lwilker\Documents\GitHub\SWERVE-data\data_processed/2024-05-10/sites/blc/figures\original\B_measured_INTERMAG_Bz.pdf
2026-10-07T01:42:33.153792Z INFO  main Reading 'LYC' data for event '2024-05-10'
2026-10-07T01:42:33.174049Z INFO  main   Reading 'B/measured/INTERMAG' data for event '2024-05-10'
2026-10-07T01:42:33.176036Z INFO  main       Using HAPI INTERMAG data
2026-10-07T01:42:33.176036Z INFO  main       Reading HAPI INTERMAG site information
2026-10-07T01:42:37.817857Z INFO  main     Remove baseline then Resample to 1m aves and NaN pad or trim to start/stop.
2026-10-07T01:42:37.844860Z INFO  main     Writing C:\Users\lwilker\Documents\GitHub\SWERVE-data\data_processed\2024-05-10\sites\lyc\data\B_measured_INTERMAG.pkl
2026-10-07T01:42:37.852563Z INFO  main   Writing C:\Users\lwilker\Documents\GitHub\SWERVE-data\data_processed\2024-05-10\sites\lyc\data\_all.pkl
2026-10-07T01:42:37.857210Z INFO  main Computing stats for 'LYC' data
2026-10-07T01:42:37.863125Z INFO  main   Uniq dts [ns] = [60000000000]
2026-10-07T01:42:37.864123Z INFO  main   Uniq dts [#]  = 1
2026-10-07T01:42:37.864123Z INFO  main   Stats for B/measured/INTERMAG:
2026-10-07T01:42:37.864123Z INFO  main 
    std: : [435.7189876107212, 223.89777958334105, 318.38180078294874, 359.59843143104877]
    ave: : [-277.4341880341878, 80.43499999999986, -10.727863247860485, 440.578866826793]
    min: : [-1989.7000000000007, -1082.0, -1070.699999999997, 0.0]
    max: : [877.7999999999993, 1152.7000000000003, 1175.9000000000015, 2019.8862591740167]
    n: 2341
    n_valid: : [2340, 2340, 2340, 2340]
    dt_original: : [60000000000]
2026-10-07T01:42:37.865129Z INFO  main Plotting 'LYC' data for event '2024-05-10'
2026-10-07T01:42:37.867335Z INFO  main   Plotting 'LYC/B/measured/INTERMAG' original vs. modified data for event '2024-05-10'
2026-10-07T01:42:41.477274Z INFO  main     Writing C:\Users\lwilker\Documents\GitHub\SWERVE-data\data_processed/2024-05-10/sites/lyc/figures\original\B_measured_INTERMAG_Bx.png
2026-10-07T01:42:41.916159Z INFO  main     Writing C:\Users\lwilker\Documents\GitHub\SWERVE-data\data_processed/2024-05-10/sites/lyc/figures\original\B_measured_INTERMAG_Bx.pdf
2026-10-07T01:42:42.100655Z INFO  main     Writing C:\Users\lwilker\Documents\GitHub\SWERVE-data\data_processed/2024-05-10/sites/lyc/figures\original\B_measured_INTERMAG_By.png
2026-10-07T01:42:42.545103Z INFO  main     Writing C:\Users\lwilker\Documents\GitHub\SWERVE-data\data_processed/2024-05-10/sites/lyc/figures\original\B_measured_INTERMAG_By.pdf
2026-10-07T01:42:42.934648Z INFO  main     Writing C:\Users\lwilker\Documents\GitHub\SWERVE-data\data_processed/2024-05-10/sites/lyc/figures\original\B_measured_INTERMAG_Bz.png
2026-10-07T01:42:43.325072Z INFO  main     Writing C:\Users\lwilker\Documents\GitHub\SWERVE-data\data_processed/2024-05-10/sites/lyc/figures\original\B_measured_INTERMAG_Bz.pdf
2026-10-07T01:42:43.596050Z INFO  main Reading 'CMO' data for event '2024-05-10'
2026-10-07T01:42:43.604670Z INFO  main   Reading 'B/measured/INTERMAG' data for event '2024-05-10'
2026-10-07T01:42:43.607682Z INFO  main       Using HAPI INTERMAG data
2026-10-07T01:42:43.607682Z INFO  main       Reading HAPI INTERMAG site information
2026-10-07T01:42:48.256817Z INFO  main     Remove baseline then Resample to 1m aves and NaN pad or trim to start/stop.
2026-10-07T01:42:48.274205Z INFO  main     Writing C:\Users\lwilker\Documents\GitHub\SWERVE-data\data_processed\2024-05-10\sites\cmo\data\B_measured_INTERMAG.pkl
2026-10-07T01:42:48.281571Z INFO  main   Writing C:\Users\lwilker\Documents\GitHub\SWERVE-data\data_processed\2024-05-10\sites\cmo\data\_all.pkl
2026-10-07T01:42:48.286258Z INFO  main Computing stats for 'CMO' data
2026-10-07T01:42:48.292859Z INFO  main   Uniq dts [ns] = [60000000000]
2026-10-07T01:42:48.292859Z INFO  main   Uniq dts [#]  = 1
2026-10-07T01:42:48.292859Z INFO  main   Stats for B/measured/INTERMAG:
2026-10-07T01:42:48.292859Z INFO  main 
    std: : [569.7530936273007, 294.01712954654687, 426.09582678562526, 481.72176727451716]
    ave: : [-174.37064102564116, -72.42914529914529, 232.65961538461647, 463.31404105535677]
    min: : [-3385.7000000000007, -1181.9, -771.2999999999956, 0.0]
    max: : [1367.0999999999985, 829.5000000000005, 2196.5999999999985, 3397.118687947185]
    n: 2341
    n_valid: : [2340, 2340, 2340, 2340]
    dt_original: : [60000000000]
2026-10-07T01:42:48.294257Z INFO  main Plotting 'CMO' data for event '2024-05-10'
2026-10-07T01:42:48.294257Z INFO  main   Plotting 'CMO/B/measured/INTERMAG' original vs. modified data for event '2024-05-10'
2026-10-07T01:42:51.889423Z INFO  main     Writing C:\Users\lwilker\Documents\GitHub\SWERVE-data\data_processed/2024-05-10/sites/cmo/figures\original\B_measured_INTERMAG_Bx.png
2026-10-07T01:42:52.320343Z INFO  main     Writing C:\Users\lwilker\Documents\GitHub\SWERVE-data\data_processed/2024-05-10/sites/cmo/figures\original\B_measured_INTERMAG_Bx.pdf
2026-10-07T01:42:52.494649Z INFO  main     Writing C:\Users\lwilker\Documents\GitHub\SWERVE-data\data_processed/2024-05-10/sites/cmo/figures\original\B_measured_INTERMAG_By.png
2026-10-07T01:42:52.965029Z INFO  main     Writing C:\Users\lwilker\Documents\GitHub\SWERVE-data\data_processed/2024-05-10/sites/cmo/figures\original\B_measured_INTERMAG_By.pdf
2026-10-07T01:42:53.158684Z INFO  main     Writing C:\Users\lwilker\Documents\GitHub\SWERVE-data\data_processed/2024-05-10/sites/cmo/figures\original\B_measured_INTERMAG_Bz.png
2026-10-07T01:42:53.609459Z INFO  main     Writing C:\Users\lwilker\Documents\GitHub\SWERVE-data\data_processed/2024-05-10/sites/cmo/figures\original\B_measured_INTERMAG_Bz.pdf
2026-10-07T01:42:53.901803Z INFO  main Reading 'SOD' data for event '2024-05-10'
2026-10-07T01:42:53.921514Z INFO  main   Reading 'B/measured/INTERMAG' data for event '2024-05-10'
2026-10-07T01:42:53.924720Z INFO  main       Using HAPI INTERMAG data
2026-10-07T01:42:53.924720Z INFO  main       Reading HAPI INTERMAG site information
2026-10-07T01:42:58.424855Z INFO  main     Remove baseline then Resample to 1m aves and NaN pad or trim to start/stop.
2026-10-07T01:42:58.443089Z INFO  main     Writing C:\Users\lwilker\Documents\GitHub\SWERVE-data\data_processed\2024-05-10\sites\sod\data\B_measured_INTERMAG.pkl
2026-10-07T01:42:58.452270Z INFO  main   Writing C:\Users\lwilker\Documents\GitHub\SWERVE-data\data_processed\2024-05-10\sites\sod\data\_all.pkl
2026-10-07T01:42:58.456270Z INFO  main Computing stats for 'SOD' data
2026-10-07T01:42:58.463462Z INFO  main   Uniq dts [ns] = [60000000000]
2026-10-07T01:42:58.463462Z INFO  main   Uniq dts [#]  = 1
2026-10-07T01:42:58.463462Z INFO  main   Stats for B/measured/INTERMAG:
2026-10-07T01:42:58.463462Z INFO  main 
    std: : [385.2036988561546, 201.51138755660503, 363.14778039467825, 302.08297775811906]
    ave: : [-305.0017094017096, 70.62457264957277, 35.49145299145584, 442.4347143660165]
    min: : [-1499.7000000000007, -635.5999999999999, -1264.2999999999956, 0.0]
    max: : [1271.5, 934.0999999999999, 1201.6000000000058, 1504.8191452795934]
    n: 2341
    n_valid: : [2340, 2340, 2340, 2340]
    dt_original: : [60000000000]
2026-10-07T01:42:58.464968Z INFO  main Plotting 'SOD' data for event '2024-05-10'
2026-10-07T01:42:58.466912Z INFO  main   Plotting 'SOD/B/measured/INTERMAG' original vs. modified data for event '2024-05-10'
2026-10-07T01:43:02.127201Z INFO  main     Writing C:\Users\lwilker\Documents\GitHub\SWERVE-data\data_processed/2024-05-10/sites/sod/figures\original\B_measured_INTERMAG_Bx.png
2026-10-07T01:43:02.562514Z INFO  main     Writing C:\Users\lwilker\Documents\GitHub\SWERVE-data\data_processed/2024-05-10/sites/sod/figures\original\B_measured_INTERMAG_Bx.pdf
2026-10-07T01:43:03.037030Z INFO  main     Writing C:\Users\lwilker\Documents\GitHub\SWERVE-data\data_processed/2024-05-10/sites/sod/figures\original\B_measured_INTERMAG_By.png
2026-10-07T01:43:03.503670Z INFO  main     Writing C:\Users\lwilker\Documents\GitHub\SWERVE-data\data_processed/2024-05-10/sites/sod/figures\original\B_measured_INTERMAG_By.pdf
2026-10-07T01:43:03.699067Z INFO  main     Writing C:\Users\lwilker\Documents\GitHub\SWERVE-data\data_processed/2024-05-10/sites/sod/figures\original\B_measured_INTERMAG_Bz.png
2026-10-07T01:43:04.109724Z INFO  main     Writing C:\Users\lwilker\Documents\GitHub\SWERVE-data\data_processed/2024-05-10/sites/sod/figures\original\B_measured_INTERMAG_Bz.pdf
2026-10-07T01:43:04.376954Z INFO  main Reading 'KIR' data for event '2024-05-10'
2026-10-07T01:43:04.396596Z INFO  main   Reading 'B/measured/INTERMAG' data for event '2024-05-10'
2026-10-07T01:43:04.399577Z INFO  main       Using HAPI INTERMAG data
2026-10-07T01:43:04.399577Z INFO  main       Reading HAPI INTERMAG site information
2026-10-07T01:43:09.640750Z INFO  main     Remove baseline then Resample to 1m aves and NaN pad or trim to start/stop.
2026-10-07T01:43:09.670160Z INFO  main     Writing C:\Users\lwilker\Documents\GitHub\SWERVE-data\data_processed\2024-05-10\sites\kir\data\B_measured_INTERMAG.pkl
2026-10-07T01:43:09.679481Z INFO  main   Writing C:\Users\lwilker\Documents\GitHub\SWERVE-data\data_processed\2024-05-10\sites\kir\data\_all.pkl
2026-10-07T01:43:09.683852Z INFO  main Computing stats for 'KIR' data
2026-10-07T01:43:09.689557Z INFO  main   Uniq dts [ns] = [60000000000]
2026-10-07T01:43:09.689557Z INFO  main   Uniq dts [#]  = 1
2026-10-07T01:43:09.690951Z INFO  main   Stats for B/measured/INTERMAG:
2026-10-07T01:43:09.690951Z INFO  main 
    std: : [368.87615825381516, 220.49739497958362, 359.9900844214145, 305.4227602247022]
    ave: : [-296.47098290598313, 79.61111111111082, 34.91649572649837, 430.8580178842976]
    min: : [-1347.7999999999993, -722.7, -1277.5999999999985, 0.0]
    max: : [1157.7000000000007, 1033.6, 1085.5, 1561.7659875922504]
    n: 2341
    n_valid: : [2340, 2340, 2340, 2340]
    dt_original: : [60000000000]
2026-10-07T01:43:09.690951Z INFO  main Plotting 'KIR' data for event '2024-05-10'
2026-10-07T01:43:09.695580Z INFO  main   Plotting 'KIR/B/measured/INTERMAG' original vs. modified data for event '2024-05-10'
2026-10-07T01:43:13.361820Z INFO  main     Writing C:\Users\lwilker\Documents\GitHub\SWERVE-data\data_processed/2024-05-10/sites/kir/figures\original\B_measured_INTERMAG_Bx.png
2026-10-07T01:43:13.802411Z INFO  main     Writing C:\Users\lwilker\Documents\GitHub\SWERVE-data\data_processed/2024-05-10/sites/kir/figures\original\B_measured_INTERMAG_Bx.pdf
2026-10-07T01:43:13.978771Z INFO  main     Writing C:\Users\lwilker\Documents\GitHub\SWERVE-data\data_processed/2024-05-10/sites/kir/figures\original\B_measured_INTERMAG_By.png
2026-10-07T01:43:14.428353Z INFO  main     Writing C:\Users\lwilker\Documents\GitHub\SWERVE-data\data_processed/2024-05-10/sites/kir/figures\original\B_measured_INTERMAG_By.pdf
2026-10-07T01:43:14.611597Z INFO  main     Writing C:\Users\lwilker\Documents\GitHub\SWERVE-data\data_processed/2024-05-10/sites/kir/figures\original\B_measured_INTERMAG_Bz.png
2026-10-07T01:43:15.046392Z INFO  main     Writing C:\Users\lwilker\Documents\GitHub\SWERVE-data\data_processed/2024-05-10/sites/kir/figures\original\B_measured_INTERMAG_Bz.pdf
2026-10-07T01:43:15.319097Z INFO  main Reading 'ABK' data for event '2024-05-10'
2026-10-07T01:43:15.330336Z INFO  main   Reading 'B/measured/INTERMAG' data for event '2024-05-10'
2026-10-07T01:43:15.334696Z INFO  main       Using HAPI INTERMAG data
2026-10-07T01:43:15.334696Z INFO  main       Reading HAPI INTERMAG site information
2026-10-07T01:43:19.874795Z INFO  main     Remove baseline then Resample to 1m aves and NaN pad or trim to start/stop.
2026-10-07T01:43:19.889716Z INFO  main     Writing C:\Users\lwilker\Documents\GitHub\SWERVE-data\data_processed\2024-05-10\sites\abk\data\B_measured_INTERMAG.pkl
2026-10-07T01:43:19.898957Z INFO  main   Writing C:\Users\lwilker\Documents\GitHub\SWERVE-data\data_processed\2024-05-10\sites\abk\data\_all.pkl
2026-10-07T01:43:19.903961Z INFO  main Computing stats for 'ABK' data
2026-10-07T01:43:19.910019Z INFO  main   Uniq dts [ns] = [60000000000]
2026-10-07T01:43:19.910019Z INFO  main   Uniq dts [#]  = 1
2026-10-07T01:43:19.910019Z INFO  main   Stats for B/measured/INTERMAG:
2026-10-07T01:43:19.910019Z INFO  main 
    std: : [373.2617943003759, 241.5420067676252, 357.86510751011315, 314.9918716933366]
    ave: : [-313.5047435897441, 93.7977350427351, 42.66807692307965, 453.3544620241578]
    min: : [-1413.199999999999, -780.5999999999999, -1223.0, 0.0]
    max: : [1172.5, 1181.2, 1052.800000000003, 1608.9103704060078]
    n: 2341
    n_valid: : [2340, 2340, 2340, 2340]
    dt_original: : [60000000000]
2026-10-07T01:43:19.911347Z INFO  main Plotting 'ABK' data for event '2024-05-10'
2026-10-07T01:43:19.912920Z INFO  main   Plotting 'ABK/B/measured/INTERMAG' original vs. modified data for event '2024-05-10'
2026-10-07T01:43:23.537129Z INFO  main     Writing C:\Users\lwilker\Documents\GitHub\SWERVE-data\data_processed/2024-05-10/sites/abk/figures\original\B_measured_INTERMAG_Bx.png
2026-10-07T01:43:23.969832Z INFO  main     Writing C:\Users\lwilker\Documents\GitHub\SWERVE-data\data_processed/2024-05-10/sites/abk/figures\original\B_measured_INTERMAG_Bx.pdf
2026-10-07T01:43:24.424016Z INFO  main     Writing C:\Users\lwilker\Documents\GitHub\SWERVE-data\data_processed/2024-05-10/sites/abk/figures\original\B_measured_INTERMAG_By.png
2026-10-07T01:43:24.875472Z INFO  main     Writing C:\Users\lwilker\Documents\GitHub\SWERVE-data\data_processed/2024-05-10/sites/abk/figures\original\B_measured_INTERMAG_By.pdf
2026-10-07T01:43:25.048756Z INFO  main     Writing C:\Users\lwilker\Documents\GitHub\SWERVE-data\data_processed/2024-05-10/sites/abk/figures\original\B_measured_INTERMAG_Bz.png
2026-10-07T01:43:25.488927Z INFO  main     Writing C:\Users\lwilker\Documents\GitHub\SWERVE-data\data_processed/2024-05-10/sites/abk/figures\original\B_measured_INTERMAG_Bz.pdf
2026-10-07T01:43:25.800940Z INFO  main Reading 'CBB' data for event '2024-05-10'
2026-10-07T01:43:25.815870Z INFO  main   Reading 'B/measured/INTERMAG' data for event '2024-05-10'
2026-10-07T01:43:25.819979Z INFO  main       Using HAPI INTERMAG data
2026-10-07T01:43:25.820536Z INFO  main       Reading HAPI INTERMAG site information
2026-10-07T01:43:30.151052Z INFO  main     Remove baseline then Resample to 1m aves and NaN pad or trim to start/stop.
2026-10-07T01:43:30.172659Z INFO  main     Writing C:\Users\lwilker\Documents\GitHub\SWERVE-data\data_processed\2024-05-10\sites\cbb\data\B_measured_INTERMAG.pkl
2026-10-07T01:43:30.182296Z INFO  main   Writing C:\Users\lwilker\Documents\GitHub\SWERVE-data\data_processed\2024-05-10\sites\cbb\data\_all.pkl
2026-10-07T01:43:30.186176Z INFO  main Computing stats for 'CBB' data
2026-10-07T01:43:30.192915Z INFO  main   Uniq dts [ns] = [60000000000]
2026-10-07T01:43:30.192915Z INFO  main   Uniq dts [#]  = 1
2026-10-07T01:43:30.192915Z INFO  main   Stats for B/measured/INTERMAG:
2026-10-07T01:43:30.193920Z INFO  main 
    std: : [314.48066546443255, 336.50678284920076, 291.3903275042274, 218.65729398985448]
    ave: : [-76.49288461538414, -141.2448333333334, -80.75755128205445, 436.03343447452426]
    min: : [-1049.5100000000002, -837.0500000000001, -1267.280000000006, 0.0]
    max: : [932.5100000000002, 1253.1399999999999, 1173.3199999999997, 1308.767993075931]
    n: 2341
    n_valid: : [2340, 2340, 2340, 2340]
    dt_original: : [60000000000]
2026-10-07T01:43:30.194918Z INFO  main Plotting 'CBB' data for event '2024-05-10'
2026-10-07T01:43:30.198132Z INFO  main   Plotting 'CBB/B/measured/INTERMAG' original vs. modified data for event '2024-05-10'
2026-10-07T01:43:33.825733Z INFO  main     Writing C:\Users\lwilker\Documents\GitHub\SWERVE-data\data_processed/2024-05-10/sites/cbb/figures\original\B_measured_INTERMAG_Bx.png
2026-10-07T01:43:34.256826Z INFO  main     Writing C:\Users\lwilker\Documents\GitHub\SWERVE-data\data_processed/2024-05-10/sites/cbb/figures\original\B_measured_INTERMAG_Bx.pdf
2026-10-07T01:43:34.456271Z INFO  main     Writing C:\Users\lwilker\Documents\GitHub\SWERVE-data\data_processed/2024-05-10/sites/cbb/figures\original\B_measured_INTERMAG_By.png
2026-10-07T01:43:34.903974Z INFO  main     Writing C:\Users\lwilker\Documents\GitHub\SWERVE-data\data_processed/2024-05-10/sites/cbb/figures\original\B_measured_INTERMAG_By.pdf
2026-10-07T01:43:35.097690Z INFO  main     Writing C:\Users\lwilker\Documents\GitHub\SWERVE-data\data_processed/2024-05-10/sites/cbb/figures\original\B_measured_INTERMAG_Bz.png
2026-10-07T01:43:35.520120Z INFO  main     Writing C:\Users\lwilker\Documents\GitHub\SWERVE-data\data_processed/2024-05-10/sites/cbb/figures\original\B_measured_INTERMAG_Bz.pdf
2026-10-07T01:43:35.809465Z INFO  main Reading 'GDH' data for event '2024-05-10'
2026-10-07T01:43:35.818497Z INFO  main   Reading 'B/measured/INTERMAG' data for event '2024-05-10'
2026-10-07T01:43:35.820492Z INFO  main       Using HAPI INTERMAG data
2026-10-07T01:43:35.820492Z INFO  main       Reading HAPI INTERMAG site information
2026-10-07T01:43:41.022004Z INFO  main     Remove baseline then Resample to 1m aves and NaN pad or trim to start/stop.
2026-10-07T01:43:41.036347Z INFO  main     Writing C:\Users\lwilker\Documents\GitHub\SWERVE-data\data_processed\2024-05-10\sites\gdh\data\B_measured_INTERMAG.pkl
2026-10-07T01:43:41.049393Z INFO  main   Writing C:\Users\lwilker\Documents\GitHub\SWERVE-data\data_processed\2024-05-10\sites\gdh\data\_all.pkl
2026-10-07T01:43:41.055461Z INFO  main Computing stats for 'GDH' data
2026-10-07T01:43:41.064605Z INFO  main   Uniq dts [ns] = [60000000000]
2026-10-07T01:43:41.064605Z INFO  main   Uniq dts [#]  = 1
2026-10-07T01:43:41.064605Z INFO  main   Stats for B/measured/INTERMAG:
2026-10-07T01:43:41.064605Z INFO  main 
    std: : [273.40761563175425, 287.23117139937096, 223.07334030582322, 178.05650529053068]
    ave: : [6.179829059828633, -68.3244871794871, -28.54059829059833, 360.9096519465333]
    min: : [-875.6000000000004, -627.8000000000002, -578.5999999999985, 0.0]
    max: : [937.1999999999989, 738.4000000000005, 721.5999999999985, 941.5593927097738]
    n: 2341
    n_valid: : [2340, 2340, 2340, 2340]
    dt_original: : [60000000000]
2026-10-07T01:43:41.065966Z INFO  main Plotting 'GDH' data for event '2024-05-10'
2026-10-07T01:43:41.068007Z INFO  main   Plotting 'GDH/B/measured/INTERMAG' original vs. modified data for event '2024-05-10'
2026-10-07T01:43:44.782015Z INFO  main     Writing C:\Users\lwilker\Documents\GitHub\SWERVE-data\data_processed/2024-05-10/sites/gdh/figures\original\B_measured_INTERMAG_Bx.png
2026-10-07T01:43:45.225030Z INFO  main     Writing C:\Users\lwilker\Documents\GitHub\SWERVE-data\data_processed/2024-05-10/sites/gdh/figures\original\B_measured_INTERMAG_Bx.pdf
2026-10-07T01:43:45.675006Z INFO  main     Writing C:\Users\lwilker\Documents\GitHub\SWERVE-data\data_processed/2024-05-10/sites/gdh/figures\original\B_measured_INTERMAG_By.png
2026-10-07T01:43:46.105231Z INFO  main     Writing C:\Users\lwilker\Documents\GitHub\SWERVE-data\data_processed/2024-05-10/sites/gdh/figures\original\B_measured_INTERMAG_By.pdf
2026-10-07T01:43:46.303721Z INFO  main     Writing C:\Users\lwilker\Documents\GitHub\SWERVE-data\data_processed/2024-05-10/sites/gdh/figures\original\B_measured_INTERMAG_Bz.png
2026-10-07T01:43:46.751450Z INFO  main     Writing C:\Users\lwilker\Documents\GitHub\SWERVE-data\data_processed/2024-05-10/sites/gdh/figures\original\B_measured_INTERMAG_Bz.pdf
2026-10-07T01:43:47.057480Z INFO  main Reading 'JCO' data for event '2024-05-10'
2026-10-07T01:43:47.066449Z INFO  main   Reading 'B/measured/INTERMAG' data for event '2024-05-10'
2026-10-07T01:43:47.069426Z INFO  main       Using HAPI INTERMAG data
2026-10-07T01:43:47.069426Z INFO  main       Reading HAPI INTERMAG site information
2026-10-07T01:43:52.138377Z INFO  main     Remove baseline then Resample to 1m aves and NaN pad or trim to start/stop.
2026-10-07T01:43:52.159925Z INFO  main     Writing C:\Users\lwilker\Documents\GitHub\SWERVE-data\data_processed\2024-05-10\sites\jco\data\B_measured_INTERMAG.pkl
2026-10-07T01:43:52.171173Z INFO  main   Writing C:\Users\lwilker\Documents\GitHub\SWERVE-data\data_processed\2024-05-10\sites\jco\data\_all.pkl
2026-10-07T01:43:52.171173Z INFO  main Computing stats for 'JCO' data
2026-10-07T01:43:52.180524Z INFO  main   Uniq dts [ns] = [60000000000]
2026-10-07T01:43:52.180524Z INFO  main   Uniq dts [#]  = 1
2026-10-07T01:43:52.182550Z INFO  main   Stats for B/measured/INTERMAG:
2026-10-07T01:43:52.182958Z INFO  main 
    std: : [415.9493727132746, 335.60698783989267, 412.2824177169978, 317.53510483566197]
    ave: : [72.90811965811994, -53.828333333333305, -12.417008547011369, 439.3523318773502]
    min: : [-2302.7999999999993, -1627.5, -1161.300000000003, 0.0]
    max: : [1603.7000000000007, 931.3000000000002, 1743.5, 2340.465569069538]
    n: 2341
    n_valid: : [2340, 2340, 2340, 2340]
    dt_original: : [60000000000]
2026-10-07T01:43:52.183958Z INFO  main Plotting 'JCO' data for event '2024-05-10'
2026-10-07T01:43:52.185523Z INFO  main   Plotting 'JCO/B/measured/INTERMAG' original vs. modified data for event '2024-05-10'
2026-10-07T01:43:55.808367Z INFO  main     Writing C:\Users\lwilker\Documents\GitHub\SWERVE-data\data_processed/2024-05-10/sites/jco/figures\original\B_measured_INTERMAG_Bx.png
2026-10-07T01:43:56.251190Z INFO  main     Writing C:\Users\lwilker\Documents\GitHub\SWERVE-data\data_processed/2024-05-10/sites/jco/figures\original\B_measured_INTERMAG_Bx.pdf
2026-10-07T01:43:56.440172Z INFO  main     Writing C:\Users\lwilker\Documents\GitHub\SWERVE-data\data_processed/2024-05-10/sites/jco/figures\original\B_measured_INTERMAG_By.png
2026-10-07T01:43:56.877087Z INFO  main     Writing C:\Users\lwilker\Documents\GitHub\SWERVE-data\data_processed/2024-05-10/sites/jco/figures\original\B_measured_INTERMAG_By.pdf
2026-10-07T01:43:57.074435Z INFO  main     Writing C:\Users\lwilker\Documents\GitHub\SWERVE-data\data_processed/2024-05-10/sites/jco/figures\original\B_measured_INTERMAG_Bz.png
2026-10-07T01:43:57.509897Z INFO  main     Writing C:\Users\lwilker\Documents\GitHub\SWERVE-data\data_processed/2024-05-10/sites/jco/figures\original\B_measured_INTERMAG_Bz.pdf
2026-10-07T01:43:57.807683Z INFO  main Reading 'DED' data for event '2024-05-10'
2026-10-07T01:43:57.816970Z INFO  main   Reading 'B/measured/INTERMAG' data for event '2024-05-10'
2026-10-07T01:43:57.819976Z INFO  main       Using HAPI INTERMAG data
2026-10-07T01:43:57.819976Z INFO  main       Reading HAPI INTERMAG site information
2026-10-07T01:44:03.002087Z INFO  main     Remove baseline then Resample to 1m aves and NaN pad or trim to start/stop.
2026-10-07T01:44:03.026246Z INFO  main     Writing C:\Users\lwilker\Documents\GitHub\SWERVE-data\data_processed\2024-05-10\sites\ded\data\B_measured_INTERMAG.pkl
2026-10-07T01:44:03.036121Z INFO  main   Writing C:\Users\lwilker\Documents\GitHub\SWERVE-data\data_processed\2024-05-10\sites\ded\data\_all.pkl
2026-10-07T01:44:03.041317Z INFO  main Computing stats for 'DED' data
2026-10-07T01:44:03.047351Z INFO  main   Uniq dts [ns] = [60000000000]
2026-10-07T01:44:03.047351Z INFO  main   Uniq dts [#]  = 1
2026-10-07T01:44:03.048353Z INFO  main   Stats for B/measured/INTERMAG:
2026-10-07T01:44:03.048353Z INFO  main 
    std: : [418.1964316098297, 330.14774735804195, 411.59738447854613, 316.76942723546165]
    ave: : [72.76679059829016, -53.47090598290603, -12.093555555554525, 437.83223278592686]
    min: : [-2298.9100000000008, -1575.73, -1158.9000000000015, 0.0]
    max: : [1615.7299999999996, 918.1999999999998, 1742.8499999999985, 2337.8833548318876]
    n: 2341
    n_valid: : [2340, 2340, 2340, 2340]
    dt_original: : [60000000000]
2026-10-07T01:44:03.048353Z INFO  main Plotting 'DED' data for event '2024-05-10'
2026-10-07T01:44:03.051002Z INFO  main   Plotting 'DED/B/measured/INTERMAG' original vs. modified data for event '2024-05-10'
2026-10-07T01:44:06.678841Z INFO  main     Writing C:\Users\lwilker\Documents\GitHub\SWERVE-data\data_processed/2024-05-10/sites/ded/figures\original\B_measured_INTERMAG_Bx.png
2026-10-07T01:44:07.140385Z INFO  main     Writing C:\Users\lwilker\Documents\GitHub\SWERVE-data\data_processed/2024-05-10/sites/ded/figures\original\B_measured_INTERMAG_Bx.pdf
2026-10-07T01:44:07.551765Z INFO  main     Writing C:\Users\lwilker\Documents\GitHub\SWERVE-data\data_processed/2024-05-10/sites/ded/figures\original\B_measured_INTERMAG_By.png
2026-10-07T01:44:08.001163Z INFO  main     Writing C:\Users\lwilker\Documents\GitHub\SWERVE-data\data_processed/2024-05-10/sites/ded/figures\original\B_measured_INTERMAG_By.pdf
2026-10-07T01:44:08.183345Z INFO  main     Writing C:\Users\lwilker\Documents\GitHub\SWERVE-data\data_processed/2024-05-10/sites/ded/figures\original\B_measured_INTERMAG_Bz.png
2026-10-07T01:44:08.625897Z INFO  main     Writing C:\Users\lwilker\Documents\GitHub\SWERVE-data\data_processed/2024-05-10/sites/ded/figures\original\B_measured_INTERMAG_Bz.pdf
2026-10-07T01:44:08.926831Z INFO  main Reading 'BRW' data for event '2024-05-10'
2026-10-07T01:44:08.938141Z INFO  main   Reading 'B/measured/INTERMAG' data for event '2024-05-10'
2026-10-07T01:44:08.940653Z INFO  main       Using HAPI INTERMAG data
2026-10-07T01:44:08.940653Z INFO  main       Reading HAPI INTERMAG site information
2026-10-07T01:44:14.068197Z INFO  main     Remove baseline then Resample to 1m aves and NaN pad or trim to start/stop.
2026-10-07T01:44:14.087973Z INFO  main     Writing C:\Users\lwilker\Documents\GitHub\SWERVE-data\data_processed\2024-05-10\sites\brw\data\B_measured_INTERMAG.pkl
2026-10-07T01:44:14.096995Z INFO  main   Writing C:\Users\lwilker\Documents\GitHub\SWERVE-data\data_processed\2024-05-10\sites\brw\data\_all.pkl
2026-10-07T01:44:14.101074Z INFO  main Computing stats for 'BRW' data
2026-10-07T01:44:14.105864Z INFO  main   Uniq dts [ns] = [60000000000]
2026-10-07T01:44:14.106856Z INFO  main   Uniq dts [#]  = 1
2026-10-07T01:44:14.106856Z INFO  main   Stats for B/measured/INTERMAG:
2026-10-07T01:44:14.106856Z INFO  main 
    std: : [510.25662141834505, 327.75036339475065, 289.46747825941424, 422.223391635893]
    ave: : [-38.44803418803427, 28.34589743589742, 30.900470085468285, 437.9398008819356]
    min: : [-4549.0, -922.4000000000001, -518.4000000000015, 0.0]
    max: : [1988.7000000000007, 1740.1000000000001, 860.4000000000015, 4870.456755787901]
    n: 2341
    n_valid: : [2340, 2340, 2340, 2340]
    dt_original: : [60000000000]
2026-10-07T01:44:14.107859Z INFO  main Plotting 'BRW' data for event '2024-05-10'
2026-10-07T01:44:14.110973Z INFO  main   Plotting 'BRW/B/measured/INTERMAG' original vs. modified data for event '2024-05-10'
2026-10-07T01:44:17.687516Z INFO  main     Writing C:\Users\lwilker\Documents\GitHub\SWERVE-data\data_processed/2024-05-10/sites/brw/figures\original\B_measured_INTERMAG_Bx.png
2026-10-07T01:44:18.142202Z INFO  main     Writing C:\Users\lwilker\Documents\GitHub\SWERVE-data\data_processed/2024-05-10/sites/brw/figures\original\B_measured_INTERMAG_Bx.pdf
2026-10-07T01:44:18.320403Z INFO  main     Writing C:\Users\lwilker\Documents\GitHub\SWERVE-data\data_processed/2024-05-10/sites/brw/figures\original\B_measured_INTERMAG_By.png
2026-10-07T01:44:18.745392Z INFO  main     Writing C:\Users\lwilker\Documents\GitHub\SWERVE-data\data_processed/2024-05-10/sites/brw/figures\original\B_measured_INTERMAG_By.pdf
2026-10-07T01:44:18.910592Z INFO  main     Writing C:\Users\lwilker\Documents\GitHub\SWERVE-data\data_processed/2024-05-10/sites/brw/figures\original\B_measured_INTERMAG_Bz.png
2026-10-07T01:44:19.353297Z INFO  main     Writing C:\Users\lwilker\Documents\GitHub\SWERVE-data\data_processed/2024-05-10/sites/brw/figures\original\B_measured_INTERMAG_Bz.pdf
2026-10-07T01:44:19.638289Z INFO  main Reading 'RES' data for event '2024-05-10'
2026-10-07T01:44:19.648709Z INFO  main   Reading 'B/measured/INTERMAG' data for event '2024-05-10'
2026-10-07T01:44:19.650706Z INFO  main       Using HAPI INTERMAG data
2026-10-07T01:44:19.650706Z INFO  main       Reading HAPI INTERMAG site information
2026-10-07T01:44:24.406173Z INFO  main     Remove baseline then Resample to 1m aves and NaN pad or trim to start/stop.
2026-10-07T01:44:24.419084Z INFO  main     Writing C:\Users\lwilker\Documents\GitHub\SWERVE-data\data_processed\2024-05-10\sites\res\data\B_measured_INTERMAG.pkl
2026-10-07T01:44:24.428992Z INFO  main   Writing C:\Users\lwilker\Documents\GitHub\SWERVE-data\data_processed\2024-05-10\sites\res\data\_all.pkl
2026-10-07T01:44:24.432811Z INFO  main Computing stats for 'RES' data
2026-10-07T01:44:24.439276Z INFO  main   Uniq dts [ns] = [60000000000]
2026-10-07T01:44:24.439276Z INFO  main   Uniq dts [#]  = 1
2026-10-07T01:44:24.439276Z INFO  main   Stats for B/measured/INTERMAG:
2026-10-07T01:44:24.439276Z INFO  main 
    std: : [326.482764379883, 347.4412219929122, 151.49526274720776, 244.80109895346604]
    ave: : [-170.77884615384605, -230.8459401709397, -47.161025641022604, 499.8340549775282]
    min: : [-1129.6000000000004, -1109.1000000000001, -790.5, 0.0]
    max: : [881.5, 1031.7, 280.20000000000437, 1292.9077306598485]
    n: 2341
    n_valid: : [2340, 2340, 2340, 2340]
    dt_original: : [60000000000]
2026-10-07T01:44:24.440285Z INFO  main Plotting 'RES' data for event '2024-05-10'
2026-10-07T01:44:24.440285Z INFO  main   Plotting 'RES/B/measured/INTERMAG' original vs. modified data for event '2024-05-10'
2026-10-07T01:44:28.036587Z INFO  main     Writing C:\Users\lwilker\Documents\GitHub\SWERVE-data\data_processed/2024-05-10/sites/res/figures\original\B_measured_INTERMAG_Bx.png
2026-10-07T01:44:28.490270Z INFO  main     Writing C:\Users\lwilker\Documents\GitHub\SWERVE-data\data_processed/2024-05-10/sites/res/figures\original\B_measured_INTERMAG_Bx.pdf
2026-10-07T01:44:28.928549Z INFO  main     Writing C:\Users\lwilker\Documents\GitHub\SWERVE-data\data_processed/2024-05-10/sites/res/figures\original\B_measured_INTERMAG_By.png
2026-10-07T01:44:29.347537Z INFO  main     Writing C:\Users\lwilker\Documents\GitHub\SWERVE-data\data_processed/2024-05-10/sites/res/figures\original\B_measured_INTERMAG_By.pdf
2026-10-07T01:44:29.517525Z INFO  main     Writing C:\Users\lwilker\Documents\GitHub\SWERVE-data\data_processed/2024-05-10/sites/res/figures\original\B_measured_INTERMAG_Bz.png
2026-10-07T01:44:29.946653Z INFO  main     Writing C:\Users\lwilker\Documents\GitHub\SWERVE-data\data_processed/2024-05-10/sites/res/figures\original\B_measured_INTERMAG_Bz.pdf
2026-10-07T01:44:30.222473Z INFO  main Reading 'HRN' data for event '2024-05-10'
2026-10-07T01:44:30.245173Z INFO  main   Reading 'B/measured/INTERMAG' data for event '2024-05-10'
2026-10-07T01:44:30.249027Z INFO  main       Using HAPI INTERMAG data
2026-10-07T01:44:30.250038Z INFO  main       Reading HAPI INTERMAG site information
2026-10-07T01:44:35.147103Z INFO  main     Remove baseline then Resample to 1m aves and NaN pad or trim to start/stop.
2026-10-07T01:44:35.166599Z INFO  main     Writing C:\Users\lwilker\Documents\GitHub\SWERVE-data\data_processed\2024-05-10\sites\hrn\data\B_measured_INTERMAG.pkl
2026-10-07T01:44:35.180839Z INFO  main   Writing C:\Users\lwilker\Documents\GitHub\SWERVE-data\data_processed\2024-05-10\sites\hrn\data\_all.pkl
2026-10-07T01:44:35.185462Z INFO  main Computing stats for 'HRN' data
2026-10-07T01:44:35.190628Z INFO  main   Uniq dts [ns] = [60000000000]
2026-10-07T01:44:35.190628Z INFO  main   Uniq dts [#]  = 1
2026-10-07T01:44:35.191624Z INFO  main   Stats for B/measured/INTERMAG:
2026-10-07T01:44:35.191624Z INFO  main 
    std: : [278.51169393243975, 258.5088987060988, 284.4606551835716, 229.37904635858968]
    ave: : [-181.07294871794866, 62.64653846153827, 372.9876495726492, 358.45901996965694]
    min: : [-1207.0, -677.1999999999999, -245.20000000000437, 0.0]
    max: : [498.6999999999989, 875.0999999999999, 1433.0999999999985, 1220.3626551152736]
    n: 2341
    n_valid: : [2340, 2340, 2340, 2340]
    dt_original: : [60000000000]
2026-10-07T01:44:35.192572Z INFO  main Plotting 'HRN' data for event '2024-05-10'
2026-10-07T01:44:35.195858Z INFO  main   Plotting 'HRN/B/measured/INTERMAG' original vs. modified data for event '2024-05-10'
2026-10-07T01:44:38.822821Z INFO  main     Writing C:\Users\lwilker\Documents\GitHub\SWERVE-data\data_processed/2024-05-10/sites/hrn/figures\original\B_measured_INTERMAG_Bx.png
2026-10-07T01:44:39.258451Z INFO  main     Writing C:\Users\lwilker\Documents\GitHub\SWERVE-data\data_processed/2024-05-10/sites/hrn/figures\original\B_measured_INTERMAG_Bx.pdf
2026-10-07T01:44:39.439608Z INFO  main     Writing C:\Users\lwilker\Documents\GitHub\SWERVE-data\data_processed/2024-05-10/sites/hrn/figures\original\B_measured_INTERMAG_By.png
2026-10-07T01:44:39.874126Z INFO  main     Writing C:\Users\lwilker\Documents\GitHub\SWERVE-data\data_processed/2024-05-10/sites/hrn/figures\original\B_measured_INTERMAG_By.pdf
2026-10-07T01:44:40.063854Z INFO  main     Writing C:\Users\lwilker\Documents\GitHub\SWERVE-data\data_processed/2024-05-10/sites/hrn/figures\original\B_measured_INTERMAG_Bz.png
2026-10-07T01:44:40.509605Z INFO  main     Writing C:\Users\lwilker\Documents\GitHub\SWERVE-data\data_processed/2024-05-10/sites/hrn/figures\original\B_measured_INTERMAG_Bz.pdf
2026-10-07T01:44:40.786848Z INFO  main Reading 'THL' data for event '2024-05-10'
2026-10-07T01:44:40.802501Z INFO  main   Reading 'B/measured/INTERMAG' data for event '2024-05-10'
2026-10-07T01:44:40.805033Z INFO  main       Using HAPI INTERMAG data
2026-10-07T01:44:40.805033Z INFO  main       Reading HAPI INTERMAG site information
2026-10-07T01:44:45.612016Z INFO  main     Remove baseline then Resample to 1m aves and NaN pad or trim to start/stop.
2026-10-07T01:44:45.640889Z INFO  main     Writing C:\Users\lwilker\Documents\GitHub\SWERVE-data\data_processed\2024-05-10\sites\thl\data\B_measured_INTERMAG.pkl
2026-10-07T01:44:45.653412Z INFO  main   Writing C:\Users\lwilker\Documents\GitHub\SWERVE-data\data_processed\2024-05-10\sites\thl\data\_all.pkl
2026-10-07T01:44:45.662850Z INFO  main Computing stats for 'THL' data
2026-10-07T01:44:45.673640Z INFO  main   Uniq dts [ns] = [60000000000]
2026-10-07T01:44:45.675649Z INFO  main   Uniq dts [#]  = 1
2026-10-07T01:44:45.675649Z INFO  main   Stats for B/measured/INTERMAG:
2026-10-07T01:44:45.677656Z INFO  main 
    std: : [287.6002692642729, 327.4748127374794, 97.90712060671514, 182.276145447757]
    ave: : [-90.50649572649559, -179.95311965811933, 160.453504273501, 444.18872757243304]
    min: : [-856.8000000000002, -1052.6999999999998, -352.3000000000029, 0.0]
    max: : [500.3000000000002, 742.7000000000003, 492.8999999999942, 1056.1664357476996]
    n: 2341
    n_valid: : [2340, 2340, 2340, 2340]
    dt_original: : [60000000000]
2026-10-07T01:44:45.677656Z INFO  main Plotting 'THL' data for event '2024-05-10'
2026-10-07T01:44:45.683682Z INFO  main   Plotting 'THL/B/measured/INTERMAG' original vs. modified data for event '2024-05-10'
2026-10-07T01:44:49.349379Z INFO  main     Writing C:\Users\lwilker\Documents\GitHub\SWERVE-data\data_processed/2024-05-10/sites/thl/figures\original\B_measured_INTERMAG_Bx.png
2026-10-07T01:44:49.797586Z INFO  main     Writing C:\Users\lwilker\Documents\GitHub\SWERVE-data\data_processed/2024-05-10/sites/thl/figures\original\B_measured_INTERMAG_Bx.pdf
2026-10-07T01:44:50.256379Z INFO  main     Writing C:\Users\lwilker\Documents\GitHub\SWERVE-data\data_processed/2024-05-10/sites/thl/figures\original\B_measured_INTERMAG_By.png
2026-10-07T01:44:50.698542Z INFO  main     Writing C:\Users\lwilker\Documents\GitHub\SWERVE-data\data_processed/2024-05-10/sites/thl/figures\original\B_measured_INTERMAG_By.pdf
2026-10-07T01:44:50.882692Z INFO  main     Writing C:\Users\lwilker\Documents\GitHub\SWERVE-data\data_processed/2024-05-10/sites/thl/figures\original\B_measured_INTERMAG_Bz.png
2026-10-07T01:44:51.313164Z INFO  main     Writing C:\Users\lwilker\Documents\GitHub\SWERVE-data\data_processed/2024-05-10/sites/thl/figures\original\B_measured_INTERMAG_Bz.pdf
2026-10-07T01:44:51.599044Z INFO  main Wrote C:\Users\lwilker\Documents\GitHub\SWERVE\info\intermag_config\info.extended.csv
2026-10-07T01:44:51.599418Z INFO  main Preparing C:\Users\lwilker\Documents\GitHub\SWERVE\info\intermag_config\info.extended.json
2026-10-07T01:44:51.599418Z INFO  main Writing C:\Users\lwilker\Documents\GitHub\SWERVE\info\intermag_config\info.extended.json
