site_id,geo_lat,geo_lon,data_type,data_class,data_source,event,manual_error,interpolated_beta,log10_beta,mag_lat,mag_lon,alpha,nearest_volt,power_pool,US_region,automated_error
10052,44.9,-97.0,GIC,measured,NERC,2021-05-12,,1.4613600380655098,0.1647572270786324,53.253750769814665,-29.196177525519797,0.4567706196542491,,SPP,Central,"Low signal: all GIC values within +/- 4 A;
Excessive pre-storm noise: std before (0.0852 A) > 1/4 * std after (0.1497 A);
Data is constant for at least 5 minutes starting at time 2021-05-12 06:27:27"
10064,41.8,-88.2,GIC,measured,NERC,2021-05-12,,0.9992471574670888,-0.0003270784925398,50.7415939630765,-18.386271769670078,0.3421616566863238,138.0,PJM,East,"All GIC values are positive;
All GIC values are negative;
Low signal: all GIC values within +/- 4 A;
Data is constant for at least 5 minutes starting at time 2021-05-12 06:00:00"
10065,41.8,-87.8,GIC,measured,NERC,2021-05-12,,0.909356959861706,-0.0412656049328742,50.7618245945446,-17.916045856473684,0.3429586302489292,,PJM,East,"Low signal: all GIC values within +/- 4 A;
Data is constant for at least 5 minutes starting at time 2021-05-12 06:04:10"
10066,41.6,-87.9,GIC,measured,NERC,2021-05-12,,0.8800135763626162,-0.0555106277431414,50.55726756155451,-18.01240204778672,0.3349850049830982,,PJM,East,"Low signal: all GIC values within +/- 4 A;
Excessive pre-storm noise: std before (0.3806 A) > 1/4 * std after (0.4710 A);
Data is constant for at least 5 minutes starting at time 2021-05-12 23:05:20"
10067,42.1,-87.9,GIC,measured,NERC,2021-05-12,,1.1739638468547255,0.0696547226754306,51.05612742605432,-18.06580473680996,0.3547646649430321,,PJM,East,"All GIC values are negative;
Data is constant for at least 5 minutes starting at time 2021-05-12 06:00:00"
10068,42.0,-88.2,GIC,measured,NERC,2021-05-12,,1.1501378826302473,0.0607499082457068,50.94111950055912,-18.408075051700948,0.3501034711199552,,PJM,East,"All GIC values are negative;
Low signal: all GIC values within +/- 4 A;
Excessive pre-storm noise: std before (0.1064 A) > 1/4 * std after (0.2809 A);
Data is constant for at least 5 minutes starting at time 2021-05-12 06:03:30"
10069,41.9,-87.7,GIC,measured,NERC,2021-05-12,,0.9673350159942892,-0.0144230911702549,50.866580760221815,-17.808997055142207,0.3471152257219338,,PJM,East,"Low signal: all GIC values within +/- 4 A;
Excessive pre-storm noise: std before (0.1002 A) > 1/4 * std after (0.1175 A);
Data is constant for at least 5 minutes starting at time 2021-05-12 06:56:10"
10071,42.2,-88.9,GIC,measured,NERC,2021-05-12,,1.597837505434032,0.2035326109719616,51.10393774243229,-19.254180866112826,0.3567205993116826,,PJM,East,Excessive pre-storm noise: std before (0.9167 A) > 1/4 * std after (1.0014 A)
10072,42.2,-88.9,GIC,measured,NERC,2021-05-12,,1.597837505434032,0.2035326109719616,51.10393774243229,-19.254180866112826,0.3567205993116826,,PJM,East,"Low signal: all GIC values within +/- 4 A;
Excessive pre-storm noise: std before (0.0996 A) > 1/4 * std after (0.3476 A);
Data is constant for at least 5 minutes starting at time 2021-05-12 08:04:30"
10073,41.6,-87.7,GIC,measured,NERC,2021-05-12,,0.8350684775599249,-0.0782779098972061,50.56724481465189,-17.77748828569078,0.3353695820402412,,PJM,East,"Excessive pre-storm noise: std before (0.8732 A) > 1/4 * std after (1.0255 A);
Data is constant for at least 5 minutes starting at time 2021-05-12 08:03:20"
10074,41.2,-87.9,GIC,measured,NERC,2021-05-12,,0.7763817105617404,-0.1099247039581599,50.15816241143424,-17.97048736066578,0.3199576608879582,,PJM,East,"Excessive pre-storm noise: std before (0.2054 A) > 1/4 * std after (0.5995 A);
Data is constant for at least 5 minutes starting at time 2021-05-12 06:04:50"
10075,41.7,-87.5,GIC,measured,NERC,2021-05-12,,0.8160313452074529,-0.0882931589064612,50.67688048148802,-17.552838401733055,0.3396247240971206,,PJM,East,"Excessive pre-storm noise: std before (1.2713 A) > 1/4 * std after (1.0802 A);
Data is constant for at least 5 minutes starting at time 2021-05-12 07:33:50"
10076,41.8,-88.0,GIC,measured,NERC,2021-05-12,,0.9543020586643974,-0.0203141392918848,50.75177258454011,-18.15119102056396,0.3425624055951931,,PJM,East,"Low signal: all GIC values within +/- 4 A;
Excessive pre-storm noise: std before (0.1223 A) > 1/4 * std after (0.3282 A);
Data is constant for at least 5 minutes starting at time 2021-05-12 06:00:00"
10094,41.9,-72.5,GIC,measured,NERC,2021-05-12,,2.929623783371682,0.4668118526762025,51.243384337873685,0.2012804214866534,0.362487212878807,,ISONE,East,Duplicate time stamps found
10095,41.7,-72.2,GIC,measured,NERC,2021-05-12,,2.5428320075460182,0.4053176694145182,51.0430620808581,0.5572944026557315,0.3542320260688516,,ISONE,East,Duplicate time stamps found
10096,41.8,-72.6,GIC,measured,NERC,2021-05-12,,3.171537678413347,0.5012698752573048,51.143424531854464,0.0823333488556854,0.3583441441513533,345.0,ISONE,East,"All GIC values are positive;
Low signal: all GIC values within +/- 4 A;
Data gap detected >= 10.0 minutes (3300.0 seconds);
Data gap detected >= 10.0 minutes (3300 seconds) due to NaN values;
Data is constant for at least 5 minutes starting at time 2021-05-12 06:00:00"
10097,41.4,-72.1,GIC,measured,NERC,2021-05-12,,2.324064908774785,0.3662482532918991,50.74288832715935,0.6748297859362802,0.3422125918794074,,ISONE,East,"Low signal: all GIC values within +/- 4 A;
Excessive pre-storm noise: std before (0.3727 A) > 1/4 * std after (0.6360 A);
Data gap detected >= 10.0 minutes (3600.0 seconds);
Data gap detected >= 10.0 minutes (3600 seconds) due to NaN values;
Data is constant for at least 5 minutes starting at time 2021-05-12 07:38:00"
10098,41.4,-72.1,GIC,measured,NERC,2021-05-12,,2.324064908774785,0.3662482532918991,50.74288832715935,0.6748297859362802,0.3422125918794074,,ISONE,East,"Low signal: all GIC values within +/- 4 A;
Excessive pre-storm noise: std before (0.5000 A) > 1/4 * std after (0.8498 A);
Data gap detected >= 10.0 minutes (3600.0 seconds);
Data gap detected >= 10.0 minutes (3600 seconds) due to NaN values;
Data is constant for at least 5 minutes starting at time 2021-05-12 07:38:00"
10099,41.4,-73.4,GIC,measured,NERC,2021-05-12,,2.7748233392986035,0.4432353387343588,50.74253591198642,-0.8661735455124288,0.3421987230558248,,NYISO,East,Duplicate time stamps found
10100,41.6,-72.9,GIC,measured,NERC,2021-05-12,,3.187275795663601,0.5034196446951135,50.943343114692006,-0.2738107184665366,0.3501930094956792,,ISONE,East,"All GIC values are positive;
All GIC values are negative;
Low signal: all GIC values within +/- 4 A;
Data gap detected >= 10.0 minutes (3240.0 seconds);
Data gap detected >= 10.0 minutes (3240 seconds) due to NaN values;
Data is constant for at least 5 minutes starting at time 2021-05-12 06:08:00"
10103,38.6,-121.3,GIC,measured,NERC,2021-05-12,,0.5766122104959627,-0.2391161651131437,44.38366561859203,-55.15109557833693,0.1646993262061827,,NotOrder1000,West,"Low signal: all GIC values within +/- 4 A;
Excessive pre-storm noise: std before (0.5698 A) > 1/4 * std after (0.5739 A)"
10222,40.2,-75.3,GIC,measured,NERC,2021-05-12,,2.691713307197934,0.430028801565164,49.5318943130958,-3.0963357689891646,0.2977242867565409,230.0,PJM,East,"Excessive pre-storm noise: std before (0.2981 A) > 1/4 * std after (1.0471 A);
Data is constant for at least 5 minutes starting at time 2021-05-12 06:01:00"
10223,32.9,-115.7,GIC,measured,NERC,2021-05-12,,1.0780617886924158,0.032643652983504,39.46538309367169,-47.9151220083743,0.093552151960279,,WestConnect,West,Duplicate time stamps found
10224,40.2,-75.3,GIC,measured,NERC,2021-05-12,,2.691713307197934,0.430028801565164,49.5318943130958,-3.0963357689891646,0.2977242867565409,230.0,PJM,East,"Excessive pre-storm noise: std before (0.5493 A) > 1/4 * std after (0.7925 A);
Data is constant for at least 5 minutes starting at time 2021-05-12 06:00:00"
10227,39.5,-97.5,GIC,measured,NERC,2021-05-12,,0.5704253439037746,-0.2438011870954575,47.845063426416296,-28.869374474039866,0.2452265050945123,230.0,SPP,Central,Data is constant for at least 5 minutes starting at time 2021-05-12 06:00:00
10229,43.6,-92.7,GIC,measured,NERC,2021-05-12,,1.1145399400687936,0.0470956362444158,52.2724138756666,-23.91400407370065,0.4080246526341435,,MISO,Central,"All GIC values are negative;
Low signal: all GIC values within +/- 4 A;
Excessive pre-storm noise: std before (0.2371 A) > 1/4 * std after (0.2460 A);
Cadence is >= 60 seconds (3600.0 seconds);
Data gap detected >= 10.0 minutes (3600.0 seconds);
Data gap detected >= 10.0 minutes (3600 seconds) due to NaN values;
Data is constant for at least 5 minutes starting at time 2021-05-12 11:00:00"
10232,45.0,-92.8,GIC,measured,NERC,2021-05-12,,0.8432142123234811,-0.0740620820631635,53.65977879032609,-24.247530151756774,0.4786044918798497,,MISO,Central,"Low signal: all GIC values within +/- 4 A;
Cadence is >= 60 seconds (3600.0 seconds);
Data gap detected >= 10.0 minutes (3600.0 seconds);
Data gap detected >= 10.0 minutes (3600 seconds) due to NaN values;
Data is constant for at least 5 minutes starting at time 2021-05-12 06:00:00"
10233,47.6,-122.3,GIC,measured,NERC,2021-05-12,,0.7863563266877992,-0.1043806147145654,53.08867277639702,-58.80516626757437,0.4481810899081509,,NorthernGridConnected,West,"Low signal: all GIC values within +/- 4 A;
Excessive pre-storm noise: std before (0.0933 A) > 1/4 * std after (0.1389 A);
Data is constant for at least 5 minutes starting at time 2021-05-12 09:35:19"
10237,33.7,-84.9,GIC,measured,NERC,2021-05-12,,1.4445260600745655,0.1597253811712105,42.80355463084455,-13.89967841624602,0.1373330204699135,,SERTP,East,Data is constant for at least 5 minutes starting at time 2021-05-12 06:13:29
10238,31.5,-83.5,GIC,measured,NERC,2021-05-12,,0.9257162349465204,-0.0335221196715361,40.65693546665131,-12.192397795486215,0.1072913014373362,230.0,SERTP,East,"Low signal: all GIC values within +/- 4 A;
Data is constant for at least 5 minutes starting at time 2021-05-12 06:00:00"
10239,31.3,-81.7,GIC,measured,NERC,2021-05-12,,1.1620205240966242,0.0652137988143742,40.51371341046544,-10.160978277562938,0.105538629490311,230.0,SERTP,East,Data is constant for at least 5 minutes starting at time 2021-05-12 06:00:00
10244,33.7,-86.6,GIC,measured,NERC,2021-05-12,,1.3276050516602194,0.1230688962704498,42.73276664901232,-15.823871653280156,0.1362195830071406,115.0,SERTP,East,"Low signal: all GIC values within +/- 4 A;
Excessive pre-storm noise: std before (0.3436 A) > 1/4 * std after (0.8944 A);
Cadence is >= 60 seconds (240.0 seconds);
Data is constant for at least 5 minutes starting at time 2021-05-12 06:30:00"
10245,33.7,-86.6,GIC,measured,NERC,2021-05-12,,1.3276050516602194,0.1230688962704498,42.73276664901232,-15.823871653280156,0.1362195830071406,115.0,SERTP,East,"Low signal: all GIC values within +/- 4 A;
Excessive pre-storm noise: std before (0.4105 A) > 1/4 * std after (0.4812 A);
Cadence is >= 60 seconds (240.0 seconds);
Data is constant for at least 5 minutes starting at time 2021-05-12 06:30:00"
10253,47.5,-116.2,GIC,measured,NERC,2021-05-12,,0.4344943757814788,-0.3620158408099691,53.805482089200815,-51.99455393034942,0.4866914942222006,,NorthernGridConnected,West,Data is constant for at least 5 minutes starting at time 2021-05-12 06:12:40
10254,42.8,-82.5,GIC,measured,NERC,2021-05-12,,0.6150394477268439,-0.2110970283210519,51.98042623916629,-11.7353794949239,0.394551239889953,,MISO,Central,Data is constant for at least 5 minutes starting at time 2021-05-12 06:00:00
10255,45.7,-94.7,GIC,measured,NERC,2021-05-12,,2.069921759555765,0.3159539299808916,54.22385263136494,-26.62292300249783,0.5106799395634865,,MISO,Central,"Excessive pre-storm noise: std before (0.5815 A) > 1/4 * std after (0.5597 A);
Data is constant for at least 5 minutes starting at time 2021-05-12 06:20:40"
10265,43.6,-116.3,GIC,measured,NERC,2021-05-12,,0.1485872026084397,-0.8280185935086252,49.95756763331482,-50.95806543770693,0.3126612317834086,138.0,NorthernGridConnected,West,"Low signal: all GIC values within +/- 4 A;
Excessive pre-storm noise: std before (0.0804 A) > 1/4 * std after (0.1184 A);
Data is constant for at least 5 minutes starting at time 2021-05-12 06:01:30"
10266,42.8,-114.4,GIC,measured,NERC,2021-05-12,,0.2360842303848971,-0.6269330213310534,49.40481166465849,-48.638338129445415,0.2934048340180784,,NorthernGridConnected,West,"Low signal: all GIC values within +/- 4 A;
Excessive pre-storm noise: std before (0.1406 A) > 1/4 * std after (0.2861 A);
Data is constant for at least 5 minutes starting at time 2021-05-12 06:02:50"
10297,46.8,-92.3,GIC,measured,NERC,2021-05-12,,1.8714973966240973,0.2721892273186879,55.484734895792165,-23.945836150576056,0.5903670800543164,115.0,MISO,Central,"Low signal: all GIC values within +/- 4 A;
Excessive pre-storm noise: std before (0.1943 A) > 1/4 * std after (0.6279 A);
Data is constant for at least 5 minutes starting at time 2021-05-12 06:00:00"
10298,43.4,-88.0,GIC,measured,NERC,2021-05-12,,1.5289654735567622,0.1843976784711311,52.34795465856799,-18.32887019326533,0.4115846812638343,,MISO,Central,"Low signal: all GIC values within +/- 4 A;
Data is constant for at least 5 minutes starting at time 2021-05-12 06:00:00"
10299,46.6,-87.4,GIC,measured,NERC,2021-05-12,,1.2584233259576691,0.0998267597112356,55.57010617742172,-17.999222085966103,0.5961916706430943,,MISO,Central,"All GIC values are positive;
Low signal: all GIC values within +/- 4 A;
Data is constant for at least 5 minutes starting at time 2021-05-12 06:00:00"
10300,46.6,-87.4,GIC,measured,NERC,2021-05-12,,1.2584233259576691,0.0998267597112356,55.57010617742172,-17.999222085966103,0.5961916706430943,,MISO,Central,"All GIC values are positive;
Low signal: all GIC values within +/- 4 A;
Excessive pre-storm noise: std before (0.1557 A) > 1/4 * std after (0.4081 A);
Data is constant for at least 5 minutes starting at time 2021-05-12 06:00:00"
10301,44.0,-88.6,GIC,measured,NERC,2021-05-12,,1.6600117205555995,0.2201111543982792,52.91512994380854,-19.112974834297084,0.4393252132734802,138.0,MISO,Central,"Low signal: all GIC values within +/- 4 A;
Data is constant for at least 5 minutes starting at time 2021-05-12 17:26:00"
10302,44.2,-88.1,GIC,measured,NERC,2021-05-12,,1.326821049844309,0.122812352927872,53.14079393267612,-18.54180595987169,0.4508755243832825,,MISO,Central,"All GIC values are positive;
All GIC values are negative;
Low signal: all GIC values within +/- 4 A;
Data is constant for at least 5 minutes starting at time 2021-05-12 06:00:00"
10303,44.8,-89.7,GIC,measured,NERC,2021-05-12,,1.0464862727242994,0.0197335358575153,53.65220305742137,-20.52676637672625,0.4781877087821533,,MISO,Central,"Low signal: all GIC values within +/- 4 A;
Data is constant for at least 5 minutes starting at time 2021-05-12 06:00:00"
10304,44.8,-89.7,GIC,measured,NERC,2021-05-12,,1.0464862727242994,0.0197335358575153,53.65220305742137,-20.52676637672625,0.4781877087821533,,MISO,Central,"Low signal: all GIC values within +/- 4 A;
Data is constant for at least 5 minutes starting at time 2021-05-12 06:00:00"
10305,44.3,-87.5,GIC,measured,NERC,2021-05-12,,1.3779552496165988,0.1392351136818006,53.27095175968859,-17.837847709338682,0.4576750581829037,,MISO,Central,Data is constant for at least 5 minutes starting at time 2021-05-12 06:03:10
10306,44.8,-88.2,GIC,measured,NERC,2021-05-12,,1.2345599369449158,0.0915121794462043,53.73401561172349,-18.73449715537425,0.4827079417748143,,MISO,Central,"Low signal: all GIC values within +/- 4 A;
Excessive pre-storm noise: std before (0.0873 A) > 1/4 * std after (0.1990 A);
Data is constant for at least 5 minutes starting at time 2021-05-12 06:00:00"
10307,44.4,-88.4,GIC,measured,NERC,2021-05-12,,1.24281518276483,0.0944065501435332,53.32462045513752,-18.9238992213918,0.4605085177840062,,MISO,Central,"Low signal: all GIC values within +/- 4 A;
Excessive pre-storm noise: std before (0.1336 A) > 1/4 * std after (0.3133 A);
Data is constant for at least 5 minutes starting at time 2021-05-12 06:00:00"
10309,45.8,-88.0,GIC,measured,NERC,2021-05-12,,1.0855066860857323,0.0356325027984502,54.74167826328748,-18.62092820990845,0.5420146335679642,69.0,MISO,Central,"All GIC values are positive;
Data is constant for at least 5 minutes starting at time 2021-05-12 06:04:20"
10310,43.0,-89.0,GIC,measured,NERC,2021-05-12,,1.885019320707212,0.2753158059123828,51.89641440169518,-19.466081404017444,0.3907576927293032,,MISO,Central,"Low signal: all GIC values within +/- 4 A;
Data is constant for at least 5 minutes starting at time 2021-05-12 06:04:10"
10311,43.0,-89.0,GIC,measured,NERC,2021-05-12,,1.885019320707212,0.2753158059123828,51.89641440169518,-19.466081404017444,0.3907576927293032,,MISO,Central,Data is constant for at least 5 minutes starting at time 2021-05-12 17:37:50
10312,43.0,-89.0,GIC,measured,NERC,2021-05-12,,1.885019320707212,0.2753158059123828,51.89641440169518,-19.466081404017444,0.3907576927293032,,MISO,Central,"Low signal: all GIC values within +/- 4 A;
Excessive pre-storm noise: std before (0.1126 A) > 1/4 * std after (0.2948 A);
Data is constant for at least 5 minutes starting at time 2021-05-12 06:05:20"
10313,44.5,-89.6,GIC,measured,NERC,2021-05-12,,1.212655004665201,0.08373726345428,53.35882956627943,-20.36731613204704,0.4623237485578195,345.0,MISO,Central,"Low signal: all GIC values within +/- 4 A;
Data is constant for at least 5 minutes starting at time 2021-05-12 06:00:00"
10314,44.5,-89.6,GIC,measured,NERC,2021-05-12,,1.212655004665201,0.08373726345428,53.35882956627943,-20.36731613204704,0.4623237485578195,345.0,MISO,Central,"Low signal: all GIC values within +/- 4 A;
Excessive pre-storm noise: std before (0.0901 A) > 1/4 * std after (0.1939 A);
Data is constant for at least 5 minutes starting at time 2021-05-12 06:00:00"
10315,44.5,-89.6,GIC,measured,NERC,2021-05-12,,1.212655004665201,0.08373726345428,53.35882956627943,-20.36731613204704,0.4623237485578195,345.0,MISO,Central,"Low signal: all GIC values within +/- 4 A;
Excessive pre-storm noise: std before (0.0821 A) > 1/4 * std after (0.1603 A);
Data is constant for at least 5 minutes starting at time 2021-05-12 06:00:00"
10316,43.7,-88.5,GIC,measured,NERC,2021-05-12,,1.763343750849685,0.2463369830564509,52.62123485178542,-18.95769786931802,0.42472504556762,,MISO,Central,"Low signal: all GIC values within +/- 4 A;
Data is constant for at least 5 minutes starting at time 2021-05-12 06:03:40"
10317,43.7,-88.5,GIC,measured,NERC,2021-05-12,,1.763343750849685,0.2463369830564509,52.62123485178542,-18.95769786931802,0.42472504556762,,MISO,Central,"Low signal: all GIC values within +/- 4 A;
Excessive pre-storm noise: std before (0.0331 A) > 1/4 * std after (0.1201 A);
Data is constant for at least 5 minutes starting at time 2021-05-12 06:00:00"
10318,44.4,-88.7,GIC,measured,NERC,2021-05-12,,1.2746208789783278,0.1053810281802575,53.30868089049664,-19.281701758431016,0.4596651558744061,345.0,MISO,Central,Data is constant for at least 5 minutes starting at time 2021-05-12 17:01:10
10319,43.7,-87.7,GIC,measured,NERC,2021-05-12,,1.3986159376354528,0.1456984728443709,52.66240858411179,-18.00695249862935,0.426740878528886,,MISO,Central,
10320,43.7,-87.7,GIC,measured,NERC,2021-05-12,,1.3986159376354528,0.1456984728443709,52.66240858411179,-18.00695249862935,0.426740878528886,,MISO,Central,"Low signal: all GIC values within +/- 4 A;
Excessive pre-storm noise: std before (0.2029 A) > 1/4 * std after (0.4090 A)"
10321,43.1,-88.0,GIC,measured,NERC,2021-05-12,,1.572139297661632,0.1964910235899094,52.04869122723954,-18.29459282568489,0.3976608439557521,,MISO,Central,
10322,43.3,-89.4,GIC,measured,NERC,2021-05-12,,2.057880568862676,0.3134201664473121,52.173654049540026,-19.975738475149388,0.4034167778262923,,MISO,Central,"Low signal: all GIC values within +/- 4 A;
Excessive pre-storm noise: std before (0.1386 A) > 1/4 * std after (0.5153 A);
Data is constant for at least 5 minutes starting at time 2021-05-12 17:30:50"
10323,34.6,-117.3,GIC,measured,NERC,2021-05-12,,1.057062648541603,0.0241007272408612,40.95099958276114,-49.96591638666196,0.1109816588437502,,CAISO,West,"Low signal: all GIC values within +/- 4 A;
Data is constant for at least 5 minutes starting at time 2021-05-12 21:10:52"
10329,42.5,-83.5,GIC,measured,NERC,2021-05-12,,0.6829709351358809,-0.1655977779856558,51.64612255053066,-12.900921490254229,0.3796706222565709,,MISO,Central,"All GIC values are positive;
All GIC values are negative;
Low signal: all GIC values within +/- 4 A;
Data is constant for at least 5 minutes starting at time 2021-05-12 06:00:00"
10336,44.8,-91.5,GIC,measured,NERC,2021-05-12,,1.0779706740382995,0.0326069461229064,53.54463269360508,-22.671397974169523,0.4723086823057677,,MISO,Central,"Low signal: all GIC values within +/- 4 A;
Excessive pre-storm noise: std before (0.1191 A) > 1/4 * std after (0.4720 A);
Cadence is >= 60 seconds (3600.0 seconds);
Data gap detected >= 10.0 minutes (3600.0 seconds);
Data gap detected >= 10.0 minutes (3600 seconds) due to NaN values;
Data is constant for at least 5 minutes starting at time 2021-05-13 03:00:00"
10338,44.8,-91.5,GIC,measured,NERC,2021-05-12,,1.0779706740382995,0.0326069461229064,53.54463269360508,-22.671397974169523,0.4723086823057677,,MISO,Central,"Low signal: all GIC values within +/- 4 A;
Excessive pre-storm noise: std before (0.0826 A) > 1/4 * std after (0.2807 A);
Cadence is >= 60 seconds (3600.0 seconds);
Data gap detected >= 10.0 minutes (3600.0 seconds);
Data gap detected >= 10.0 minutes (3600 seconds) due to NaN values;
Data is constant for at least 5 minutes starting at time 2021-05-12 06:00:00"
10339,43.7,-95.7,GIC,measured,NERC,2021-05-12,,1.2680504229953962,0.103136523256494,52.16085991570371,-27.456234161678573,0.4028236569217726,,MISO,Central,"All GIC values are negative;
Cadence is >= 60 seconds (3600.0 seconds);
Data gap detected >= 10.0 minutes (3600.0 seconds);
Data gap detected >= 10.0 minutes (3600 seconds) due to NaN values;
Data is constant for at least 5 minutes starting at time 2021-05-12 06:00:00"
10340,43.7,-95.7,GIC,measured,NERC,2021-05-12,,1.2680504229953962,0.103136523256494,52.16085991570371,-27.456234161678573,0.4028236569217726,,MISO,Central,"All GIC values are positive;
Low signal: all GIC values within +/- 4 A;
Cadence is >= 60 seconds (3600.0 seconds);
Data gap detected >= 10.0 minutes (3600.0 seconds);
Data gap detected >= 10.0 minutes (3600 seconds) due to NaN values;
Data is constant for at least 5 minutes starting at time 2021-05-12 06:00:00"
10341,45.0,-93.5,GIC,measured,NERC,2021-05-12,,0.830843512382833,-0.0804807669601032,53.61235663052423,-25.07851196591297,0.4760015033431144,115.0,MISO,Central,"All GIC values are positive;
Low signal: all GIC values within +/- 4 A;
Cadence is >= 60 seconds (3600.0 seconds);
Data gap detected >= 10.0 minutes (3600.0 seconds);
Data gap detected >= 10.0 minutes (3600 seconds) due to NaN values;
Data is constant for at least 5 minutes starting at time 2021-05-12 06:00:00"
10342,45.0,-93.5,GIC,measured,NERC,2021-05-12,,0.830843512382833,-0.0804807669601032,53.61235663052423,-25.07851196591297,0.4760015033431144,115.0,MISO,Central,"All GIC values are positive;
Low signal: all GIC values within +/- 4 A;
Cadence is >= 60 seconds (3600.0 seconds);
Data gap detected >= 10.0 minutes (3600.0 seconds);
Data gap detected >= 10.0 minutes (3600 seconds) due to NaN values;
Data is constant for at least 5 minutes starting at time 2021-05-12 06:00:00"
10343,47.9,-97.1,GIC,measured,NERC,2021-05-12,,1.973718919571009,0.2952853041740031,56.22542537824016,-29.91910962842858,0.6428580375828146,69.0,MISO,Central,"All GIC values are positive;
All GIC values are negative;
Low signal: all GIC values within +/- 4 A;
Cadence is >= 60 seconds (3600.0 seconds);
Data gap detected >= 10.0 minutes (3600.0 seconds);
Data gap detected >= 10.0 minutes (3600 seconds) due to NaN values;
Data is constant for at least 5 minutes starting at time 2021-05-12 06:00:00"
10344,47.9,-97.1,GIC,measured,NERC,2021-05-12,,1.973718919571009,0.2952853041740031,56.22542537824016,-29.91910962842858,0.6428580375828146,69.0,MISO,Central,"All GIC values are negative;
Low signal: all GIC values within +/- 4 A;
Cadence is >= 60 seconds (3600.0 seconds);
Data gap detected >= 10.0 minutes (3600.0 seconds);
Data gap detected >= 10.0 minutes (3600 seconds) due to NaN values;
Data is constant for at least 5 minutes starting at time 2021-05-12 06:00:00"
10345,47.9,-97.1,GIC,measured,NERC,2021-05-12,,1.973718919571009,0.2952853041740031,56.22542537824016,-29.91910962842858,0.6428580375828146,69.0,MISO,Central,"All GIC values are positive;
Low signal: all GIC values within +/- 4 A;
Excessive pre-storm noise: std before (0.1640 A) > 1/4 * std after (0.3395 A);
Cadence is >= 60 seconds (3600.0 seconds);
Data gap detected >= 10.0 minutes (3600.0 seconds);
Data gap detected >= 10.0 minutes (3600 seconds) due to NaN values;
Data is constant for at least 5 minutes starting at time 2021-05-12 06:00:00"
10347,47.9,-97.1,GIC,measured,NERC,2021-05-12,,1.973718919571009,0.2952853041740031,56.22542537824016,-29.91910962842858,0.6428580375828146,69.0,MISO,Central,"All GIC values are negative;
Low signal: all GIC values within +/- 4 A;
Cadence is >= 60 seconds (3600.0 seconds);
Data gap detected >= 10.0 minutes (3600.0 seconds);
Data gap detected >= 10.0 minutes (3600 seconds) due to NaN values;
Data is constant for at least 5 minutes starting at time 2021-05-12 09:00:00"
10348,45.5,-94.3,GIC,measured,NERC,2021-05-12,,1.557177655525663,0.1923381632508964,54.05375958678261,-26.11255241428798,0.5007877469231118,,MISO,Central,"All GIC values are positive;
Low signal: all GIC values within +/- 4 A;
Cadence is >= 60 seconds (3600.0 seconds);
Data gap detected >= 10.0 minutes (3600.0 seconds);
Data gap detected >= 10.0 minutes (3600 seconds) due to NaN values;
Data is constant for at least 5 minutes starting at time 2021-05-12 11:00:00"
10349,44.8,-93.6,GIC,measured,NERC,2021-05-12,,0.9811921599604532,-0.0082459306037645,53.40641324437003,-25.16433294354708,0.4648605755510865,,MISO,Central,"All GIC values are negative;
Low signal: all GIC values within +/- 4 A;
Cadence is >= 60 seconds (3600.0 seconds);
Data gap detected >= 10.0 minutes (3600.0 seconds);
Data gap detected >= 10.0 minutes (3600 seconds) due to NaN values;
Data is constant for at least 5 minutes starting at time 2021-05-12 11:00:00"
10350,44.8,-93.6,GIC,measured,NERC,2021-05-12,,0.9811921599604532,-0.0082459306037645,53.40641324437003,-25.16433294354708,0.4648605755510865,,MISO,Central,"Low signal: all GIC values within +/- 4 A;
Excessive pre-storm noise: std before (0.4922 A) > 1/4 * std after (0.1690 A);
Cadence is >= 60 seconds (3600.0 seconds);
Data gap detected >= 10.0 minutes (3600.0 seconds);
Data gap detected >= 10.0 minutes (3600 seconds) due to NaN values;
Data is constant for at least 5 minutes starting at time 2021-05-12 12:00:00"
10351,44.8,-93.6,GIC,measured,NERC,2021-05-12,,0.9811921599604532,-0.0082459306037645,53.40641324437003,-25.16433294354708,0.4648605755510865,,MISO,Central,"All GIC values are positive;
All GIC values are negative;
Low signal: all GIC values within +/- 4 A;
Cadence is >= 60 seconds (3600.0 seconds);
Data gap detected >= 10.0 minutes (3600.0 seconds);
Data gap detected >= 10.0 minutes (3600 seconds) due to NaN values;
Data is constant for at least 5 minutes starting at time 2021-05-12 06:00:00"
10352,44.8,-93.6,GIC,measured,NERC,2021-05-12,,0.9811921599604532,-0.0082459306037645,53.40641324437003,-25.16433294354708,0.4648605755510865,,MISO,Central,"All GIC values are positive;
All GIC values are negative;
Low signal: all GIC values within +/- 4 A;
Cadence is >= 60 seconds (3600.0 seconds);
Data gap detected >= 10.0 minutes (3600.0 seconds);
Data gap detected >= 10.0 minutes (3600 seconds) due to NaN values;
Data is constant for at least 5 minutes starting at time 2021-05-12 06:00:00"
10353,45.4,-93.9,GIC,measured,NERC,2021-05-12,,1.0959693941101911,0.0397984262700192,53.98260243407487,-25.62019269777408,0.4967064858542405,345.0,MISO,Central,"Low signal: all GIC values within +/- 4 A;
Excessive pre-storm noise: std before (0.0481 A) > 1/4 * std after (0.1186 A);
Cadence is >= 60 seconds (3600.0 seconds);
Data gap detected >= 10.0 minutes (3600.0 seconds);
Data gap detected >= 10.0 minutes (3600 seconds) due to NaN values;
Data is constant for at least 5 minutes starting at time 2021-05-12 10:00:00"
10354,45.9,-91.5,GIC,measured,NERC,2021-05-12,,1.077550657076097,0.0324376960684848,54.64023195612644,-22.839020018542964,0.5357280564513078,,MISO,Central,"All GIC values are negative;
Low signal: all GIC values within +/- 4 A;
Excessive pre-storm noise: std before (0.2012 A) > 1/4 * std after (0.1543 A);
Cadence is >= 60 seconds (3600.0 seconds);
Data gap detected >= 10.0 minutes (3600.0 seconds);
Data gap detected >= 10.0 minutes (3600 seconds) due to NaN values;
Data is constant for at least 5 minutes starting at time 2021-05-12 12:00:00"
10355,44.2,-94.0,GIC,measured,NERC,2021-05-12,,1.3178553957476833,0.1198677590636158,52.78146348123111,-25.539791154578477,0.4326237014287222,345.0,MISO,Central,"Low signal: all GIC values within +/- 4 A;
Cadence is >= 60 seconds (3600.0 seconds);
Data gap detected >= 10.0 minutes (3600.0 seconds);
Data gap detected >= 10.0 minutes (3600 seconds) due to NaN values"
10356,44.2,-94.0,GIC,measured,NERC,2021-05-12,,1.3178553957476833,0.1198677590636158,52.78146348123111,-25.539791154578477,0.4326237014287222,345.0,MISO,Central,"Low signal: all GIC values within +/- 4 A;
Cadence is >= 60 seconds (3600.0 seconds);
Data gap detected >= 10.0 minutes (3600.0 seconds);
Data gap detected >= 10.0 minutes (3600 seconds) due to NaN values;
Data is constant for at least 5 minutes starting at time 2021-05-13 00:00:00"
10357,47.7,-117.5,GIC,measured,NERC,2021-05-12,,0.6980376656756322,-0.15612114248609,53.833763250411,-53.51689022750082,0.4882769541167442,115.0,NorthernGridConnected,West,"Excessive pre-storm noise: std before (0.1735 A) > 1/4 * std after (0.2721 A);
Data is constant for at least 5 minutes starting at time 2021-05-12 06:00:00"
10397,39.1,-78.3,GIC,measured,NERC,2021-05-12,,2.0731811017327963,0.3166372413354602,48.39095233184686,-6.584319072509756,0.2611146330956362,,PJM,East,"Excessive pre-storm noise: std before (1.2600 A) > 1/4 * std after (1.4235 A);
Data is constant for at least 5 minutes starting at time 2021-05-12 12:51:10"
10398,41.1,-74.2,GIC,measured,NERC,2021-05-12,,2.4943337505101617,0.396954563139045,50.43950493082551,-1.8112037722205383,0.3304789834306826,,NYISO,East,"Excessive pre-storm noise: std before (2.7436 A) > 1/4 * std after (3.9147 A);
Data is constant for at least 5 minutes starting at time 2021-05-13 02:31:50"
10595,42.5,-83.0,GIC,measured,NERC,2021-05-12,,0.6541859129708761,-0.1842988120680917,51.66383624324595,-12.30740762323911,0.3804448279508501,345.0,MISO,Central,Data is constant for at least 5 minutes starting at time 2021-05-12 06:00:00
10596,42.5,-83.0,GIC,measured,NERC,2021-05-12,,0.6541859129708761,-0.1842988120680917,51.66383624324595,-12.30740762323911,0.3804448279508501,345.0,MISO,Central,Data is constant for at least 5 minutes starting at time 2021-05-12 06:00:00
10597,41.9,-83.3,GIC,measured,NERC,2021-05-12,,0.708917855700493,-0.1494040848208634,51.05399691859312,-12.617473315690605,0.3546777552822158,,,,"All GIC values are positive;
All GIC values are negative;
Low signal: all GIC values within +/- 4 A;
Data is constant for at least 5 minutes starting at time 2021-05-12 06:00:00"
10598,41.9,-83.3,GIC,measured,NERC,2021-05-12,,0.708917855700493,-0.1494040848208634,51.05399691859312,-12.617473315690605,0.3546777552822158,,,,"All GIC values are positive;
All GIC values are negative;
Low signal: all GIC values within +/- 4 A;
Data is constant for at least 5 minutes starting at time 2021-05-12 06:00:00"
10618,38.3,-86.2,GIC,measured,NERC,2021-05-12,,0.5330126156362351,-0.2732625117307198,47.34356069602694,-15.722164672416,0.2314837044821973,,MISO,Central,"Low signal: all GIC values within +/- 4 A;
Data gap detected >= 10.0 minutes (900.0 seconds);
Data gap detected >= 10.0 minutes (900 seconds) due to NaN values"
10619,38.3,-86.2,GIC,measured,NERC,2021-05-12,,0.5330126156362351,-0.2732625117307198,47.34356069602694,-15.722164672416,0.2314837044821973,,MISO,Central,"Low signal: all GIC values within +/- 4 A;
Excessive pre-storm noise: std before (0.0772 A) > 1/4 * std after (0.3073 A);
Data gap detected >= 10.0 minutes (1200.0 seconds);
Data gap detected >= 10.0 minutes (1200 seconds) due to NaN values"
10622,39.3,-86.5,GIC,measured,NERC,2021-05-12,,0.5118813171556331,-0.2908307212102241,48.32854832834987,-16.15513650249818,0.2592474621235898,69.0,MISO,Central,"Low signal: all GIC values within +/- 4 A;
Excessive pre-storm noise: std before (0.0841 A) > 1/4 * std after (0.1266 A);
Data gap detected >= 10.0 minutes (2100.0 seconds);
Data gap detected >= 10.0 minutes (2100 seconds) due to NaN values"
10623,39.3,-86.5,GIC,measured,NERC,2021-05-12,,0.5118813171556331,-0.2908307212102241,48.32854832834987,-16.15513650249818,0.2592474621235898,69.0,MISO,Central,"Low signal: all GIC values within +/- 4 A;
Excessive pre-storm noise: std before (0.0777 A) > 1/4 * std after (0.1993 A);
Data gap detected >= 10.0 minutes (5700.0 seconds);
Data gap detected >= 10.0 minutes (5700 seconds) due to NaN values"
10051,44.4,-96.5,GIC,measured,NERC,2021-05-12,,1.4244053758465474,0.15363360407557,52.79596912035813,-28.516814889274883,0.4333459842771878,,SPP,Central,"All GIC values are positive;
Low signal: all GIC values within +/- 4 A;
Excessive pre-storm noise: std before (0.0387 A) > 1/4 * std after (0.0830 A);
Data is constant for at least 5 minutes starting at time 2021-05-12 06:23:01"
10063,33.4,-112.5,GIC,measured,NERC,2021-05-12,,0.5072943140435764,-0.294740005400589,40.3355911454582,-44.548321622023884,0.1033987612395783,,WestConnect,West,"Low signal: all GIC values within +/- 4 A;
Excessive pre-storm noise: std before (0.0492 A) > 1/4 * std after (0.0742 A);
Data is constant for at least 5 minutes starting at time 2021-05-12 16:36:25"
10077,42.3,-87.9,GIC,measured,NERC,2021-05-12,,1.3255865352890053,0.1224080840659391,51.25566446527496,-18.087488934917964,0.3629994842651287,138.0,PJM,East,Data is constant for at least 5 minutes starting at time 2021-05-12 09:41:20
10078,42.1,-87.8,GIC,measured,NERC,2021-05-12,,1.1540917340532886,0.0622403304919486,51.061146237098704,-17.948024717818402,0.3549694811776862,,PJM,East,Excessive pre-storm noise: std before (0.6341 A) > 1/4 * std after (0.5610 A)
10079,41.5,-87.6,GIC,measured,NERC,2021-05-12,,0.7866879617083581,-0.1041974955708377,50.47240258233364,-17.649659325301652,0.3317316294397214,345.0,PJM,East,"Low signal: all GIC values within +/- 4 A;
Excessive pre-storm noise: std before (0.3471 A) > 1/4 * std after (0.4304 A);
Data is constant for at least 5 minutes starting at time 2021-05-12 09:21:40"
10080,42.0,-87.9,GIC,measured,NERC,2021-05-12,,1.0905215442259428,0.0376342498743888,50.95635741096576,-18.05503260240144,0.3507175161892263,,PJM,East,"Low signal: all GIC values within +/- 4 A;
Excessive pre-storm noise: std before (0.6868 A) > 1/4 * std after (0.9373 A)"
10081,41.8,-87.8,GIC,measured,NERC,2021-05-12,,0.909356959861706,-0.0412656049328742,50.7618245945446,-17.916045856473684,0.3429586302489292,,PJM,East,"Excessive pre-storm noise: std before (0.9783 A) > 1/4 * std after (1.2439 A);
Data is constant for at least 5 minutes starting at time 2021-05-12 15:43:00"
10082,41.6,-87.7,GIC,measured,NERC,2021-05-12,,0.8350684775599249,-0.0782779098972061,50.56724481465189,-17.77748828569078,0.3353695820402412,,PJM,East,"All GIC values are positive;
All GIC values are negative;
Low signal: all GIC values within +/- 4 A;
Data is constant for at least 5 minutes starting at time 2021-05-12 06:00:00"
10083,40.8,-88.6,GIC,measured,NERC,2021-05-12,,0.7003540656265397,-0.1546823458825831,49.72328638235644,-18.747366315285184,0.3043498718781294,345.0,PJM,East,"All GIC values are positive;
Low signal: all GIC values within +/- 4 A;
Data is constant for at least 5 minutes starting at time 2021-05-12 06:00:00"
10084,41.2,-87.9,GIC,measured,NERC,2021-05-12,,0.7763817105617404,-0.1099247039581599,50.15816241143424,-17.97048736066578,0.3199576608879582,,PJM,East,"All GIC values are positive;
All GIC values are negative;
Low signal: all GIC values within +/- 4 A;
Data is constant for at least 5 minutes starting at time 2021-05-12 06:00:00"
10085,41.2,-87.9,GIC,measured,NERC,2021-05-12,,0.7763817105617404,-0.1099247039581599,50.15816241143424,-17.97048736066578,0.3199576608879582,,PJM,East,"All GIC values are positive;
All GIC values are negative;
Low signal: all GIC values within +/- 4 A;
Data is constant for at least 5 minutes starting at time 2021-05-12 06:00:00"
10102,42.9,-71.3,GIC,measured,NERC,2021-05-12,,2.880981184607718,0.4595404219570091,52.24025484629563,1.6381181621203809,0.4065184467121749,,ISONE,East,Duplicate time stamps found
10107,34.5,-118.1,GIC,measured,NERC,2021-05-12,,0.9647671847862695,-0.0155774768753736,40.752104192728034,-50.80684045588775,0.1084719899125075,500.0,CAISO,West,
10110,33.1,-95.0,GIC,measured,NERC,2021-05-12,,0.1928106900818011,-0.7148688909994071,41.65643300473485,-25.214795075806112,0.1203603061700707,69.0,ERCOT,ERCOT,Duplicate time stamps found
10111,43.4,-123.0,GIC,measured,NERC,2021-05-12,,0.5699654737361433,-0.244151451380176,48.87467384617752,-58.24854590242074,0.2760515137465089,,NorthernGridConnected,West,"Low signal: all GIC values within +/- 4 A;
Excessive pre-storm noise: std before (0.9068 A) > 1/4 * std after (0.7746 A);
Data is constant for at least 5 minutes starting at time 2021-05-12 06:01:10"
10112,47.7,-117.4,GIC,measured,NERC,2021-05-12,,0.6947322760129329,-0.1581825241158557,53.846807427560286,-53.40499058298902,0.4890099584370403,,NorthernGridConnected,West,Excessive pre-storm noise: std before (0.5852 A) > 1/4 * std after (1.8999 A)
10113,45.6,-121.1,GIC,measured,NERC,2021-05-12,,0.6593937188565016,-0.1808551941036236,51.293974320135085,-56.83455380608482,0.3646022549015494,500.0,NorthernGridUnconnected,West,"Low signal: all GIC values within +/- 4 A;
Excessive pre-storm noise: std before (0.4191 A) > 1/4 * std after (0.4652 A);
Data is constant for at least 5 minutes starting at time 2021-05-12 07:35:10"
10114,46.5,-116.9,GIC,measured,NERC,2021-05-12,,0.7795147586163345,-0.108175657864546,52.73351451717925,-52.46388260062286,0.4302447227510653,,NorthernGridConnected,West,"Low signal: all GIC values within +/- 4 A;
Excessive pre-storm noise: std before (0.3887 A) > 1/4 * std after (0.3447 A)"
10115,47.6,-114.6,GIC,measured,NERC,2021-05-12,,0.2891062058950986,-0.5389425857521396,54.10589298876395,-50.22349049296952,0.5037991585485744,230.0,NorthernGridUnconnected,West,"Low signal: all GIC values within +/- 4 A;
Excessive pre-storm noise: std before (0.4048 A) > 1/4 * std after (0.4824 A);
Data is constant for at least 5 minutes starting at time 2021-05-12 10:24:50"
10116,47.9,-121.9,GIC,measured,NERC,2021-05-12,,0.9013327943924132,-0.04511482713106,53.43767876648575,-58.468600675669535,0.4665350064743624,500.0,NorthernGridUnconnected,West,Excessive pre-storm noise: std before (0.9920 A) > 1/4 * std after (0.8563 A)
10117,45.3,-122.8,GIC,measured,NERC,2021-05-12,,0.8455076590755253,-0.0728824539690527,50.76644228091729,-58.60090985940022,0.3431408012843781,,NorthernGridConnected,West,"Low signal: all GIC values within +/- 4 A;
Excessive pre-storm noise: std before (0.2883 A) > 1/4 * std after (0.2730 A)"
10118,45.7,-122.6,GIC,measured,NERC,2021-05-12,,1.0349144259528795,0.0149044407369739,51.18625591918561,-58.50820419788523,0.3601135616399152,115.0,NorthernGridUnconnected,West,"Low signal: all GIC values within +/- 4 A;
Excessive pre-storm noise: std before (0.1782 A) > 1/4 * std after (0.2120 A);
Data is constant for at least 5 minutes starting at time 2021-05-12 06:00:00"
10119,47.5,-120.3,GIC,measured,NERC,2021-05-12,,0.3611132137327444,-0.442356619725426,53.26516306391945,-56.56596518225631,0.4573704852788559,115.0,NorthernGridUnconnected,West,"Low signal: all GIC values within +/- 4 A;
Excessive pre-storm noise: std before (0.8552 A) > 1/4 * std after (0.6945 A)"
10120,47.8,-122.2,GIC,measured,NERC,2021-05-12,,0.8667019498089719,-0.0621302264079593,53.29825494642212,-58.76411944620131,0.4591143551719485,115.0,NorthernGridConnected,West,Excessive pre-storm noise: std before (0.9105 A) > 1/4 * std after (0.9847 A)
10121,46.9,-119.9,GIC,measured,NERC,2021-05-12,,0.3463592333958862,-0.4604732302606293,52.73111658097802,-55.92532031728269,0.4301260936780031,,NorthernGridUnconnected,West,"All GIC values are positive;
Low signal: all GIC values within +/- 4 A;
Data is constant for at least 5 minutes starting at time 2021-05-12 06:00:00"
10230,43.6,-92.7,GIC,measured,NERC,2021-05-12,,1.1145399400687936,0.0470956362444158,52.2724138756666,-23.91400407370065,0.4080246526341435,,MISO,Central,"All GIC values are positive;
Low signal: all GIC values within +/- 4 A;
Excessive pre-storm noise: std before (0.3123 A) > 1/4 * std after (0.2070 A);
Cadence is >= 60 seconds (3600.0 seconds);
Data gap detected >= 10.0 minutes (3600.0 seconds);
Data gap detected >= 10.0 minutes (3600 seconds) due to NaN values;
Data is constant for at least 5 minutes starting at time 2021-05-12 09:00:00"
10231,45.0,-92.8,GIC,measured,NERC,2021-05-12,,0.8432142123234811,-0.0740620820631635,53.65977879032609,-24.247530151756774,0.4786044918798497,,MISO,Central,"All GIC values are positive;
All GIC values are negative;
Low signal: all GIC values within +/- 4 A;
Cadence is >= 60 seconds (3600.0 seconds);
Data gap detected >= 10.0 minutes (3600.0 seconds);
Data gap detected >= 10.0 minutes (3600 seconds) due to NaN values;
Data is constant for at least 5 minutes starting at time 2021-05-12 06:00:00"
10234,30.8,-88.1,GIC,measured,NERC,2021-05-12,,0.1248950531166711,-0.903454762960365,39.76769284681523,-17.297687454611033,0.0968617474097456,,SERTP,East,"All GIC values are positive;
Low signal: all GIC values within +/- 4 A;
Excessive pre-storm noise: std before (0.0305 A) > 1/4 * std after (0.0697 A);
Data is constant for at least 5 minutes starting at time 2021-05-12 06:09:53"
10235,33.3,-87.4,GIC,measured,NERC,2021-05-12,,0.6705732866081765,-0.1735537513989088,42.29699293438964,-16.697988636432925,0.129561307675331,,SERTP,East,"All GIC values are positive;
Low signal: all GIC values within +/- 4 A;
Excessive pre-storm noise: std before (0.0177 A) > 1/4 * std after (0.0560 A);
Data is constant for at least 5 minutes starting at time 2021-05-12 06:00:00"
10236,33.7,-86.6,GIC,measured,NERC,2021-05-12,,1.3276050516602194,0.1230688962704498,42.73276664901232,-15.823871653280156,0.1362195830071406,115.0,SERTP,East,"Low signal: all GIC values within +/- 4 A;
Data is constant for at least 5 minutes starting at time 2021-05-12 06:00:00"
10240,40.8,-73.6,GIC,measured,NERC,2021-05-12,,2.2671631544570605,0.3554827748820328,50.14198303448027,-1.0993436821614242,0.3193628920868385,,NYISO,East,Excessive pre-storm noise: std before (0.7035 A) > 1/4 * std after (1.4346 A)
10241,33.7,-86.6,GIC,measured,NERC,2021-05-12,,1.3276050516602194,0.1230688962704498,42.73276664901232,-15.823871653280156,0.1362195830071406,115.0,SERTP,East,"Low signal: all GIC values within +/- 4 A;
Excessive pre-storm noise: std before (0.2328 A) > 1/4 * std after (0.3892 A);
Cadence is >= 60 seconds (240.0 seconds);
Data is constant for at least 5 minutes starting at time 2021-05-12 07:34:00"
10242,33.7,-86.6,GIC,measured,NERC,2021-05-12,,1.3276050516602194,0.1230688962704498,42.73276664901232,-15.823871653280156,0.1362195830071406,115.0,SERTP,East,"Low signal: all GIC values within +/- 4 A;
Excessive pre-storm noise: std before (0.1680 A) > 1/4 * std after (0.4307 A);
Cadence is >= 60 seconds (240.0 seconds);
Data is constant for at least 5 minutes starting at time 2021-05-12 06:34:00"
10243,33.7,-86.6,GIC,measured,NERC,2021-05-12,,1.3276050516602194,0.1230688962704498,42.73276664901232,-15.823871653280156,0.1362195830071406,115.0,SERTP,East,"Low signal: all GIC values within +/- 4 A;
Excessive pre-storm noise: std before (0.1708 A) > 1/4 * std after (0.4881 A);
Cadence is >= 60 seconds (240.0 seconds);
Data is constant for at least 5 minutes starting at time 2021-05-12 06:38:00"
10246,33.7,-86.6,GIC,measured,NERC,2021-05-12,,1.3276050516602194,0.1230688962704498,42.73276664901232,-15.823871653280156,0.1362195830071406,115.0,SERTP,East,"Low signal: all GIC values within +/- 4 A;
Excessive pre-storm noise: std before (0.3668 A) > 1/4 * std after (0.6229 A);
Cadence is >= 60 seconds (240.0 seconds);
Data is constant for at least 5 minutes starting at time 2021-05-12 09:38:00"
10257,47.4,-101.2,GIC,measured,NERC,2021-05-12,,0.24746824742487,-0.6064805173478696,55.37395378025928,-34.67808425577233,0.5828936112634999,,SPP,Central,"Low signal: all GIC values within +/- 4 A;
Data is constant for at least 5 minutes starting at time 2021-05-12 06:00:00"
10258,47.4,-101.2,GIC,measured,NERC,2021-05-12,,0.24746824742487,-0.6064805173478696,55.37395378025928,-34.67808425577233,0.5828936112634999,,SPP,Central,"Low signal: all GIC values within +/- 4 A;
Data is constant for at least 5 minutes starting at time 2021-05-12 06:00:00"
10259,47.4,-101.2,GIC,measured,NERC,2021-05-12,,0.24746824742487,-0.6064805173478696,55.37395378025928,-34.67808425577233,0.5828936112634999,,SPP,Central,"Low signal: all GIC values within +/- 4 A;
Data is constant for at least 5 minutes starting at time 2021-05-12 06:00:00"
10260,47.4,-101.2,GIC,measured,NERC,2021-05-12,,0.24746824742487,-0.6064805173478696,55.37395378025928,-34.67808425577233,0.5828936112634999,,SPP,Central,"Low signal: all GIC values within +/- 4 A;
Data is constant for at least 5 minutes starting at time 2021-05-12 06:00:00"
10261,45.1,-93.8,GIC,measured,NERC,2021-05-12,,0.9661853461548524,-0.0149395536145032,53.69108694831744,-25.45093641114862,0.4803307835987202,115.0,MISO,Central,"Excessive pre-storm noise: std before (0.0233 A) > 1/4 * std after (0.0333 A);
Data is constant for at least 5 minutes starting at time 2021-05-12 06:39:40"
10262,45.1,-93.8,GIC,measured,NERC,2021-05-12,,0.9661853461548524,-0.0149395536145032,53.69108694831744,-25.45093641114862,0.4803307835987202,115.0,MISO,Central,Data is constant for at least 5 minutes starting at time 2021-05-12 06:39:40
10263,45.1,-93.8,GIC,measured,NERC,2021-05-12,,0.9661853461548524,-0.0149395536145032,53.69108694831744,-25.45093641114862,0.4803307835987202,115.0,MISO,Central,"Excessive pre-storm noise: std before (0.1172 A) > 1/4 * std after (0.0981 A);
Data is constant for at least 5 minutes starting at time 2021-05-12 06:39:50"
10264,45.1,-93.8,GIC,measured,NERC,2021-05-12,,0.9661853461548524,-0.0149395536145032,53.69108694831744,-25.45093641114862,0.4803307835987202,115.0,MISO,Central,"Excessive pre-storm noise: std before (0.1133 A) > 1/4 * std after (0.0261 A);
Data is constant for at least 5 minutes starting at time 2021-05-12 06:39:40"
10291,43.4,-72.7,GIC,measured,NERC,2021-05-12,,1.336512172970902,0.1259729186705699,52.74343101069675,-0.0368582058407873,0.4307356523105706,46.0,ISONE,East,"All GIC values are positive;
All GIC values are negative;
Low signal: all GIC values within +/- 4 A;
Data is constant for at least 5 minutes starting at time 2021-05-12 06:00:00"
10292,44.1,-72.5,GIC,measured,NERC,2021-05-12,,1.4669498915554624,0.1664152793561469,53.44338365919565,0.2041100505372131,0.4668411830970002,,ISONE,East,"All GIC values are positive;
Low signal: all GIC values within +/- 4 A;
Data is constant for at least 5 minutes starting at time 2021-05-12 06:00:00"
10293,43.0,-72.7,GIC,measured,NERC,2021-05-12,,1.855730884607322,0.2685149956952512,52.34343101479166,-0.036764091545842,0.4113706227619051,,ISONE,East,"Low signal: all GIC values within +/- 4 A;
Excessive pre-storm noise: std before (0.0462 A) > 1/4 * std after (0.1589 A);
Data is constant for at least 5 minutes starting at time 2021-05-12 06:00:00"
10294,44.1,-73.2,GIC,measured,NERC,2021-05-12,,1.2176979111964337,0.0855395610614689,53.442951499660296,-0.6398672632643991,0.4668179824386132,,ISONE,East,"Low signal: all GIC values within +/- 4 A;
Data is constant for at least 5 minutes starting at time 2021-05-12 06:00:00"
10295,42.8,-72.5,GIC,measured,NERC,2021-05-12,,2.031084131575116,0.3077279131251809,52.14338406835298,0.2024041408103974,0.402014906131464,345.0,ISONE,East,"Low signal: all GIC values within +/- 4 A;
Data is constant for at least 5 minutes starting at time 2021-05-12 06:00:00"
10296,43.6,-73.1,GIC,measured,NERC,2021-05-12,,1.0984825737037112,0.0407931716758751,52.94311676362333,-0.5175999533635925,0.4407414524148176,115.0,ISONE,East,"Low signal: all GIC values within +/- 4 A;
Data is constant for at least 5 minutes starting at time 2021-05-12 06:00:00"
10332,44.0,-91.3,GIC,measured,NERC,2021-05-12,,1.558307336773781,0.192653115404466,52.760084892093886,-22.318027690685707,0.4315613861330949,69.0,MISO,Central,"All GIC values are negative;
Low signal: all GIC values within +/- 4 A;
Excessive pre-storm noise: std before (0.2236 A) > 1/4 * std after (0.1228 A);
Cadence is >= 60 seconds (3600.0 seconds);
Data gap detected >= 10.0 minutes (3600.0 seconds);
Data gap detected >= 10.0 minutes (3600 seconds) due to NaN values;
Data is constant for at least 5 minutes starting at time 2021-05-12 06:00:00"
10333,44.4,-96.5,GIC,measured,NERC,2021-05-12,,1.4244053758465474,0.15363360407557,52.79596912035813,-28.516814889274883,0.4333459842771878,,SPP,Central,"All GIC values are positive;
Low signal: all GIC values within +/- 4 A;
Cadence is >= 60 seconds (3600.0 seconds);
Data gap detected >= 10.0 minutes (3600.0 seconds);
Data gap detected >= 10.0 minutes (3600 seconds) due to NaN values;
Data is constant for at least 5 minutes starting at time 2021-05-12 06:00:00"
10334,44.4,-96.5,GIC,measured,NERC,2021-05-12,,1.4244053758465474,0.15363360407557,52.79596912035813,-28.516814889274883,0.4333459842771878,,SPP,Central,"All GIC values are positive;
Low signal: all GIC values within +/- 4 A;
Cadence is >= 60 seconds (3600.0 seconds);
Data gap detected >= 10.0 minutes (3600.0 seconds);
Data gap detected >= 10.0 minutes (3600 seconds) due to NaN values;
Data is constant for at least 5 minutes starting at time 2021-05-12 06:00:00"
10335,45.1,-93.5,GIC,measured,NERC,2021-05-12,,0.8098156397016619,-0.0916138401008952,53.71188083688508,-25.094955133351363,0.4814807716831794,,MISO,Central,"Low signal: all GIC values within +/- 4 A;
Excessive pre-storm noise: std before (0.3401 A) > 1/4 * std after (0.3178 A);
Cadence is >= 60 seconds (3600.0 seconds);
Data gap detected >= 10.0 minutes (3600.0 seconds);
Data gap detected >= 10.0 minutes (3600 seconds) due to NaN values;
Data is constant for at least 5 minutes starting at time 2021-05-12 11:00:00"
10346,47.9,-97.1,GIC,measured,NERC,2021-05-12,,1.973718919571009,0.2952853041740031,56.22542537824016,-29.91910962842858,0.6428580375828146,69.0,MISO,Central,"All GIC values are positive;
Low signal: all GIC values within +/- 4 A;
Cadence is >= 60 seconds (3600.0 seconds);
Data gap detected >= 10.0 minutes (3600.0 seconds);
Data gap detected >= 10.0 minutes (3600 seconds) due to NaN values;
Data is constant for at least 5 minutes starting at time 2021-05-12 06:00:00"
10359,33.7,-111.9,GIC,measured,NERC,2021-05-12,,0.7318294816873394,-0.1355900989813782,40.70077814708547,-43.950291128222666,0.1078336203474426,,WestConnect,West,"Low signal: all GIC values within +/- 4 A;
Excessive pre-storm noise: std before (0.0548 A) > 1/4 * std after (0.1380 A);
Data is constant for at least 5 minutes starting at time 2021-05-12 06:03:58"
10360,40.2,-75.3,GIC,measured,NERC,2021-05-12,,2.691713307197934,0.430028801565164,49.5318943130958,-3.0963357689891646,0.2977242867565409,230.0,PJM,East,"All GIC values are negative;
Low signal: all GIC values within +/- 4 A;
Data is constant for at least 5 minutes starting at time 2021-05-12 06:00:00"
10361,40.2,-75.3,GIC,measured,NERC,2021-05-12,,2.691713307197934,0.430028801565164,49.5318943130958,-3.0963357689891646,0.2977242867565409,230.0,PJM,East,"Low signal: all GIC values within +/- 4 A;
Data is constant for at least 5 minutes starting at time 2021-05-12 06:00:00"
10362,39.8,-76.3,GIC,measured,NERC,2021-05-12,,2.44308449385514,0.3879384872683546,49.12151067733082,-4.263263244706482,0.283999855083879,230.0,PJM,East,"Excessive pre-storm noise: std before (0.3740 A) > 1/4 * std after (0.7100 A);
Data is constant for at least 5 minutes starting at time 2021-05-12 06:00:00"
10363,40.2,-75.6,GIC,measured,NERC,2021-05-12,,2.343391466974178,0.3698448441861944,49.52911367491549,-3.449350892322601,0.2976290976721397,,PJM,East,"Excessive pre-storm noise: std before (0.8241 A) > 1/4 * std after (1.7679 A);
Data is constant for at least 5 minutes starting at time 2021-05-12 06:00:00"
10364,40.2,-75.6,GIC,measured,NERC,2021-05-12,,2.343391466974178,0.3698448441861944,49.52911367491549,-3.449350892322601,0.2976290976721397,,PJM,East,Data is constant for at least 5 minutes starting at time 2021-05-12 06:00:00
10399,39.1,-78.3,GIC,measured,NERC,2021-05-12,,2.0731811017327963,0.3166372413354602,48.39095233184686,-6.584319072509756,0.2611146330956362,,PJM,East,"Low signal: all GIC values within +/- 4 A;
Excessive pre-storm noise: std before (0.2593 A) > 1/4 * std after (0.5106 A);
Data is constant for at least 5 minutes starting at time 2021-05-12 06:08:30"
10400,39.1,-78.3,GIC,measured,NERC,2021-05-12,,2.0731811017327963,0.3166372413354602,48.39095233184686,-6.584319072509756,0.2611146330956362,,PJM,East,"Low signal: all GIC values within +/- 4 A;
Excessive pre-storm noise: std before (0.2773 A) > 1/4 * std after (0.4958 A);
Data is constant for at least 5 minutes starting at time 2021-05-12 06:05:30"
10401,39.1,-78.3,GIC,measured,NERC,2021-05-12,,2.0731811017327963,0.3166372413354602,48.39095233184686,-6.584319072509756,0.2611146330956362,,PJM,East,"Low signal: all GIC values within +/- 4 A;
Excessive pre-storm noise: std before (0.2768 A) > 1/4 * std after (0.4955 A);
Data is constant for at least 5 minutes starting at time 2021-05-12 06:05:00"
10402,39.5,-78.9,GIC,measured,NERC,2021-05-12,,1.100117757927958,0.0414391750501201,48.77904913604988,-7.301318733592632,0.2730324494691521,138.0,PJM,East,"Low signal: all GIC values within +/- 4 A;
Excessive pre-storm noise: std before (0.2368 A) > 1/4 * std after (0.3391 A);
Data is constant for at least 5 minutes starting at time 2021-05-12 06:31:20"
10403,39.5,-78.9,GIC,measured,NERC,2021-05-12,,1.100117757927958,0.0414391750501201,48.77904913604988,-7.301318733592632,0.2730324494691521,138.0,PJM,East,"Low signal: all GIC values within +/- 4 A;
Excessive pre-storm noise: std before (0.5356 A) > 1/4 * std after (1.2597 A)"
10404,39.5,-77.9,GIC,measured,NERC,2021-05-12,,2.975750740745741,0.4735965503777589,48.798035393859145,-6.130481022401843,0.2736292451745238,500.0,PJM,East,"Excessive pre-storm noise: std before (0.5614 A) > 1/4 * std after (0.8103 A);
Data is constant for at least 5 minutes starting at time 2021-05-12 12:53:00"
10405,39.5,-77.9,GIC,measured,NERC,2021-05-12,,2.975750740745741,0.4735965503777589,48.798035393859145,-6.130481022401843,0.2736292451745238,500.0,PJM,East,"Excessive pre-storm noise: std before (0.4416 A) > 1/4 * std after (0.5452 A);
Data is constant for at least 5 minutes starting at time 2021-05-12 06:13:30"
10406,39.5,-77.9,GIC,measured,NERC,2021-05-12,,2.975750740745741,0.4735965503777589,48.798035393859145,-6.130481022401843,0.2736292451745238,500.0,PJM,East,"Excessive pre-storm noise: std before (0.5193 A) > 1/4 * std after (0.7712 A);
Data is constant for at least 5 minutes starting at time 2021-05-12 12:53:30"
10407,39.5,-77.9,GIC,measured,NERC,2021-05-12,,2.975750740745741,0.4735965503777589,48.798035393859145,-6.130481022401843,0.2736292451745238,500.0,PJM,East,"Excessive pre-storm noise: std before (0.4077 A) > 1/4 * std after (0.6202 A);
Data is constant for at least 5 minutes starting at time 2021-05-12 06:34:40"
10408,39.7,-80.0,GIC,measured,NERC,2021-05-12,,0.3583927223207516,-0.4456408178939225,48.95426580132146,-8.598096492192722,0.2785898329031459,,PJM,East,"All GIC values are positive;
Low signal: all GIC values within +/- 4 A;
Data is constant for at least 5 minutes starting at time 2021-05-12 06:00:00"
10409,39.3,-77.5,GIC,measured,NERC,2021-05-12,,3.214361482606811,0.5070947153251723,48.60474948945214,-5.655717136322087,0.2676141465215209,,PJM,East,"Low signal: all GIC values within +/- 4 A;
Excessive pre-storm noise: std before (0.2171 A) > 1/4 * std after (0.3950 A);
Data is constant for at least 5 minutes starting at time 2021-05-12 10:58:00"
10410,39.3,-77.5,GIC,measured,NERC,2021-05-12,,3.214361482606811,0.5070947153251723,48.60474948945214,-5.655717136322087,0.2676141465215209,,PJM,East,"Low signal: all GIC values within +/- 4 A;
Excessive pre-storm noise: std before (0.2142 A) > 1/4 * std after (0.3858 A);
Data is constant for at least 5 minutes starting at time 2021-05-12 07:25:30"
10411,39.3,-77.5,GIC,measured,NERC,2021-05-12,,3.214361482606811,0.5070947153251723,48.60474948945214,-5.655717136322087,0.2676141465215209,,PJM,East,"Low signal: all GIC values within +/- 4 A;
Excessive pre-storm noise: std before (0.2128 A) > 1/4 * std after (0.3871 A);
Data is constant for at least 5 minutes starting at time 2021-05-12 06:26:30"
10412,39.3,-77.5,GIC,measured,NERC,2021-05-12,,3.214361482606811,0.5070947153251723,48.60474948945214,-5.655717136322087,0.2676141465215209,,PJM,East,"Low signal: all GIC values within +/- 4 A;
Excessive pre-storm noise: std before (0.2238 A) > 1/4 * std after (0.4106 A);
Data is constant for at least 5 minutes starting at time 2021-05-12 06:41:00"
10413,39.3,-77.5,GIC,measured,NERC,2021-05-12,,3.214361482606811,0.5070947153251723,48.60474948945214,-5.655717136322087,0.2676141465215209,,PJM,East,"Excessive pre-storm noise: std before (0.4540 A) > 1/4 * std after (0.6271 A);
Data is constant for at least 5 minutes starting at time 2021-05-12 12:55:50"
10414,39.4,-77.4,GIC,measured,NERC,2021-05-12,,3.647067586236612,0.5619438115884283,48.70631243532782,-5.541781359747437,0.2707581345843659,230.0,PJM,East,"All GIC values are positive;
All GIC values are negative;
Low signal: all GIC values within +/- 4 A;
Data is constant for at least 5 minutes starting at time 2021-05-12 06:00:00"
10417,41.2,-73.2,GIC,measured,NERC,2021-05-12,,2.359721585037499,0.3728607651672594,50.54296015867903,-0.6283509888854457,0.3344342901433291,,ISONE,East,Data is constant for at least 5 minutes starting at time 2021-05-12 06:00:00
10420,39.5,-75.5,GIC,measured,NERC,2021-05-12,,2.175188946991257,0.3374969877603458,48.83012650255569,-3.318546649004188,0.2746409334053029,,PJM,East,"Excessive pre-storm noise: std before (1.9750 A) > 1/4 * std after (7.0216 A);
Data is constant for at least 5 minutes starting at time 2021-05-12 08:14:18"
10421,39.5,-75.5,GIC,measured,NERC,2021-05-12,,2.175188946991257,0.3374969877603458,48.83012650255569,-3.318546649004188,0.2746409334053029,,PJM,East,Data is constant for at least 5 minutes starting at time 2021-05-12 06:15:44
10422,41.2,-73.2,GIC,measured,NERC,2021-05-12,,2.359721585037499,0.3728607651672594,50.54296015867903,-0.6283509888854457,0.3344342901433291,,ISONE,East,"All GIC values are positive;
Data is constant for at least 5 minutes starting at time 2021-05-12 06:00:00"
10423,40.6,-74.2,GIC,measured,NERC,2021-05-12,,2.719221634832854,0.434444606948329,49.93951640210857,-1.8059137071051703,0.3120128541758813,,PJM,East,"Excessive pre-storm noise: std before (0.5852 A) > 1/4 * std after (1.0456 A);
Data is constant for at least 5 minutes starting at time 2021-05-12 06:00:00"
10424,40.6,-74.2,GIC,measured,NERC,2021-05-12,,2.719221634832854,0.434444606948329,49.93951640210857,-1.8059137071051703,0.3120128541758813,,PJM,East,"Excessive pre-storm noise: std before (0.5687 A) > 1/4 * std after (1.3160 A);
Data is constant for at least 5 minutes starting at time 2021-05-12 06:00:00"
10425,36.8,-78.7,GIC,measured,NERC,2021-05-12,,2.1019543813075523,0.3226232863062152,46.08396912318714,-6.966465596700724,0.2002679959179885,,PJM,East,"All GIC values are positive;
Low signal: all GIC values within +/- 4 A;
Data is constant for at least 5 minutes starting at time 2021-05-12 06:00:00"
10426,38.1,-78.8,GIC,measured,NERC,2021-05-12,,2.24051517483117,0.3503478897010249,47.381567661500526,-7.129861391637388,0.2324976880419923,,PJM,East,
10427,39.0,-77.5,GIC,measured,NERC,2021-05-12,,2.793857275758007,0.4462042164045267,48.30481324247516,-5.646392032851401,0.2585408019997808,,PJM,East,
10428,36.7,-76.5,GIC,measured,NERC,2021-05-12,,1.305214367144753,0.1156818456378613,46.01943158186983,-4.424065177967128,0.1987871455488841,,PJM,East,Data is constant for at least 5 minutes starting at time 2021-05-12 17:44:55
10429,36.7,-76.3,GIC,measured,NERC,2021-05-12,,0.7578720845612434,-0.1204040894301088,46.021871036514106,-4.193165381762957,0.1988429205779304,,PJM,East,"All GIC values are positive;
Data is constant for at least 5 minutes starting at time 2021-05-12 06:00:00"
10441,34.2,-81.6,GIC,measured,NERC,2021-05-12,,1.7050957343971544,0.2317487679344993,43.41489416580686,-10.180947213768288,0.1473355780707415,230.0,SCRTP,East,Duplicate time stamps found
10442,33.8,-78.9,GIC,measured,NERC,2021-05-12,,0.9210879549517226,-0.035698896918954,43.08088488865718,-7.092985721332193,0.1417835731517916,,SCRTP,East,Duplicate time stamps found
10086,27.7,-82.0,GIC,measured,NERC,2021-05-12,,0.3651553433744837,-0.437522339877867,36.90703069392278,-10.342176913361516,0.0697075427869173,,FRCC,East,"Low signal: all GIC values within +/- 4 A;
Excessive pre-storm noise: std before (0.0835 A) > 1/4 * std after (0.1164 A);
Data is constant for at least 5 minutes starting at time 2021-05-12 06:00:00"
10087,27.9,-82.4,GIC,measured,NERC,2021-05-12,,0.505614521871141,-0.2961804610746953,37.09500738106779,-10.793407796239816,0.0712308384413358,69.0,FRCC,East,"Low signal: all GIC values within +/- 4 A;
Excessive pre-storm noise: std before (0.2165 A) > 1/4 * std after (0.3134 A);
Data is constant for at least 5 minutes starting at time 2021-05-12 06:12:40"
10088,27.9,-82.4,GIC,measured,NERC,2021-05-12,,0.505614521871141,-0.2961804610746953,37.09500738106779,-10.793407796239816,0.0712308384413358,69.0,FRCC,East,"Low signal: all GIC values within +/- 4 A;
Excessive pre-storm noise: std before (0.0233 A) > 1/4 * std after (0.0852 A);
Data is constant for at least 5 minutes starting at time 2021-05-12 06:00:00"
10089,27.8,-82.4,GIC,measured,NERC,2021-05-12,,0.4850123295363409,-0.3142472210234348,36.99506649572661,-10.789100473776074,0.070416854639941,230.0,FRCC,East,"Low signal: all GIC values within +/- 4 A;
Excessive pre-storm noise: std before (0.0500 A) > 1/4 * std after (0.1074 A);
Data is constant for at least 5 minutes starting at time 2021-05-12 06:12:10"
10090,27.8,-82.1,GIC,measured,NERC,2021-05-12,,0.3727310104831341,-0.4286044733007659,37.00404520208303,-10.457007958040618,0.0704896012006939,,FRCC,East,"Low signal: all GIC values within +/- 4 A;
Excessive pre-storm noise: std before (0.0454 A) > 1/4 * std after (0.1154 A);
Data is constant for at least 5 minutes starting at time 2021-05-12 06:00:00"
10091,27.7,-82.3,GIC,measured,NERC,2021-05-12,,0.4232283596543554,-0.3734252388255728,36.89814799453392,-10.674156018879808,0.069636372161887,,FRCC,East,"Low signal: all GIC values within +/- 4 A;
Data is constant for at least 5 minutes starting at time 2021-05-12 06:00:00"
10180,41.7,-73.8,GIC,measured,NERC,2021-05-12,,3.145835293715519,0.4977359805558551,51.04128167346636,-1.34272799987813,0.354159505601749,,NYISO,East,
10181,41.9,-74.0,GIC,measured,NERC,2021-05-12,,2.89686190112345,0.4619277920592693,51.24044991398886,-1.5821332055713009,0.3623649090356455,,NYISO,East,
10182,26.6,-98.5,GIC,measured,NERC,2021-05-12,,0.0771152934542634,-1.1128594844114634,34.92347575245972,-28.370024118521396,0.0554898272707225,,ERCOT,ERCOT,"Low signal: all GIC values within +/- 4 A;
Excessive pre-storm noise: std before (0.0613 A) > 1/4 * std after (0.2224 A);
Data is constant for at least 5 minutes starting at time 2021-05-12 21:09:13"
10183,41.1,-76.7,GIC,measured,NERC,2021-05-12,,0.3383415505177352,-0.4706446647822341,50.416214784479,-4.768312997043831,0.3295950237960166,,PJM,East,
10188,40.2,-74.5,GIC,measured,NERC,2021-05-12,,2.9734133513883285,0.4732552871896889,49.53784404203336,-2.1548508062810616,0.2979280650255528,,PJM,East,
10191,41.3,-90.5,GIC,measured,NERC,2021-05-12,,1.4474025826441173,0.160589343215479,50.117029157436825,-21.02374004059722,0.3184477314619492,,MISO,Central,"Low signal: all GIC values within +/- 4 A;
Excessive pre-storm noise: std before (0.0383 A) > 1/4 * std after (0.1311 A)"
10192,41.1,-95.7,GIC,measured,NERC,2021-05-12,,1.225836002583152,0.0884323723543077,49.57407310602307,-27.041233922507715,0.299171924716123,161.0,MISO,Central,"Low signal: all GIC values within +/- 4 A;
Excessive pre-storm noise: std before (0.1105 A) > 1/4 * std after (0.3117 A)"
10193,41.6,-71.4,GIC,measured,NERC,2021-05-12,,1.895916683083308,0.2778192481538303,50.94072380013462,1.50637643432032,0.3500875398318429,,ISONE,East,
10194,42.6,-73.9,GIC,measured,NERC,2021-05-12,,2.1945295536401264,0.3413414338464751,51.94087030159061,-1.4695696212989904,0.3927605288052836,115.0,NYISO,East,Low signal: all GIC values within +/- 4 A
10195,39.7,-74.9,GIC,measured,NERC,2021-05-12,,2.354882212141629,0.3719691892159787,49.03515913763415,-2.618185457228994,0.2811935720921352,,PJM,East,
10196,33.3,-111.9,GIC,measured,NERC,2021-05-12,,0.59432779565099,-0.2259739580884836,40.30444194346354,-43.87925356592887,0.1030290331237601,,WestConnectNonEnrolled,West,"Excessive pre-storm noise: std before (0.0961 A) > 1/4 * std after (0.1746 A);
Data is constant for at least 5 minutes starting at time 2021-05-12 15:31:55"
10197,36.4,-82.2,GIC,measured,NERC,2021-05-12,,1.4198283724986611,0.1522358504523761,45.59554165593926,-10.979865016503275,0.1893291984104276,,SERTP,East,
10199,35.0,-84.9,GIC,measured,NERC,2021-05-12,,1.1069538243316337,0.0441295050194376,44.10209450765345,-13.98453636438746,0.1594516702353923,,SERTP,East,
10201,36.5,-87.2,GIC,measured,NERC,2021-05-12,,1.049994166488022,0.0211868862422239,45.5011382009111,-16.72366096636935,0.1872848824386571,500.0,SERTP,East,"Low signal: all GIC values within +/- 4 A;
Excessive pre-storm noise: std before (0.0300 A) > 1/4 * std after (0.0714 A);
Data is constant for at least 5 minutes starting at time 2021-05-12 12:09:47"
10202,34.9,-90.0,GIC,measured,NERC,2021-05-12,,0.6097493392599633,-0.214848661626626,43.76192333734823,-19.77208685518433,0.1533344040606741,,MISO,Central,"Low signal: all GIC values within +/- 4 A;
Excessive pre-storm noise: std before (0.0818 A) > 1/4 * std after (0.2868 A)"
10203,35.0,-85.3,GIC,measured,NERC,2021-05-12,,0.996526544232336,-0.0015111286141768,44.08615048963795,-14.440222701935571,0.1591595735710835,,SERTP,East,"All GIC values are positive;
All GIC values are negative;
Low signal: all GIC values within +/- 4 A;
Data is constant for at least 5 minutes starting at time 2021-05-12 06:00:00"
10204,35.3,-89.8,GIC,measured,NERC,2021-05-12,,0.6301141833833783,-0.2005807446416425,44.17196287213597,-19.582383665443245,0.1607380032215309,,SERTP,East,"Excessive pre-storm noise: std before (0.0686 A) > 1/4 * std after (0.2644 A);
Data is constant for at least 5 minutes starting at time 2021-05-12 21:36:17"
10205,36.2,-88.8,GIC,measured,NERC,2021-05-12,,0.8956529666713062,-0.0478602312465515,45.12304496311046,-18.526678149670584,0.1793161000960923,,SERTP,East,Data is constant for at least 5 minutes starting at time 2021-05-12 23:39:01
10206,34.8,-85.7,GIC,measured,NERC,2021-05-12,,0.8374007929076037,-0.0770666322252589,43.86996525712896,-14.8816155546045,0.155251441309847,,SERTP,East,Low signal: all GIC values within +/- 4 A
10207,36.0,-84.1,GIC,measured,NERC,2021-05-12,,0.5592615251552008,-0.2523850572809846,45.13145486335964,-13.13624588680738,0.1794896074946244,161.0,SERTP,East,
10208,35.8,-86.5,GIC,measured,NERC,2021-05-12,,0.7257450701500456,-0.1392159055671167,44.83414018476687,-15.867207585744566,0.1734563740286503,,SERTP,East,"Low signal: all GIC values within +/- 4 A;
Excessive pre-storm noise: std before (0.1036 A) > 1/4 * std after (0.1841 A)"
10209,34.8,-85.7,GIC,measured,NERC,2021-05-12,,0.8374007929076037,-0.0770666322252589,43.86996525712896,-14.8816155546045,0.155251441309847,,SERTP,East,"Low signal: all GIC values within +/- 4 A;
Data is constant for at least 5 minutes starting at time 2021-05-12 18:40:56"
10210,34.7,-86.5,GIC,measured,NERC,2021-05-12,,0.6618498710267245,-0.1792405114347176,43.735758131066405,-15.78389293491058,0.1528737144895126,161.0,SERTP,East,"Low signal: all GIC values within +/- 4 A;
Data is constant for at least 5 minutes starting at time 2021-05-12 22:22:13"
10211,34.3,-88.8,GIC,measured,NERC,2021-05-12,,0.6415197941404186,-0.1927899388941441,43.226807477908224,-18.36001403706059,0.1441829327927587,,SERTP,East,Data is constant for at least 5 minutes starting at time 2021-05-13 00:01:28
10212,36.0,-86.6,GIC,measured,NERC,2021-05-12,,0.7824508982511382,-0.1065429065453077,45.02938075738451,-15.996997778059823,0.1773949827064433,161.0,SERTP,East,
10216,40.9,-73.8,GIC,measured,NERC,2021-05-12,,2.342886686474761,0.3697512844873722,50.24129188287795,-1.336354615433127,0.3230310880845697,,NYISO,East,"Low signal: all GIC values within +/- 4 A;
Excessive pre-storm noise: std before (0.7525 A) > 1/4 * std after (0.8960 A)"
10219,36.1,-81.0,GIC,measured,NERC,2021-05-12,,2.7564328346317017,0.4403474145899267,45.33051087903639,-9.585598524204364,0.1836457722096019,,SERTP,East,Low signal: all GIC values within +/- 4 A
10220,39.4,-87.4,GIC,measured,NERC,2021-05-12,,0.4903456338448295,-0.3094976874089987,48.38642189571557,-17.209678112115743,0.2609786277637707,,MISO,Central,"Low signal: all GIC values within +/- 4 A;
Excessive pre-storm noise: std before (0.0812 A) > 1/4 * std after (0.2799 A);
Data is constant for at least 5 minutes starting at time 2021-05-13 01:10:29"
10248,32.8,-80.6,GIC,measured,NERC,2021-05-12,,0.901094778523134,-0.0452295268624527,42.04265360638352,-8.984537071321547,0.1258266498372357,,SCRTP,East,"Low signal: all GIC values within +/- 4 A;
Excessive pre-storm noise: std before (0.0638 A) > 1/4 * std after (0.2023 A);
Data is constant for at least 5 minutes starting at time 2021-05-12 06:10:48"
10249,33.3,-81.0,GIC,measured,NERC,2021-05-12,,1.238758315244013,0.0929865827324599,42.53200597327058,-9.458512688236748,0.1331106433045061,,SCRTP,East,"Low signal: all GIC values within +/- 4 A;
Excessive pre-storm noise: std before (0.0943 A) > 1/4 * std after (0.0371 A);
Data is constant for at least 5 minutes starting at time 2021-05-12 06:00:00"
10250,34.1,-80.9,GIC,measured,NERC,2021-05-12,,1.9961869176524896,0.300201205039686,43.33425486669035,-9.379835905258338,0.1459755744857121,,SCRTP,East,"Low signal: all GIC values within +/- 4 A;
Data is constant for at least 5 minutes starting at time 2021-05-12 06:12:08"
10251,35.9,-82.3,GIC,measured,NERC,2021-05-12,,1.72529499839907,0.2368633633068773,45.09280692665339,-11.067316569290837,0.1786936338186368,,SERTP,East,"Low signal: all GIC values within +/- 4 A;
Excessive pre-storm noise: std before (0.0617 A) > 1/4 * std after (0.1077 A)"
10252,36.4,-79.0,GIC,measured,NERC,2021-05-12,,2.6171669225579013,0.4178314227674844,45.67804794329707,-7.297897525197108,0.19113414540287,,SERTP,East,"Low signal: all GIC values within +/- 4 A;
Excessive pre-storm noise: std before (0.0499 A) > 1/4 * std after (0.0480 A);
Data gap detected >= 10.0 minutes (5705.0 seconds);
Data gap detected >= 10.0 minutes (5705 seconds) due to NaN values;
Data is constant for at least 5 minutes starting at time 2021-05-12 13:58:01"
10267,42.4,-85.6,GIC,measured,NERC,2021-05-12,,0.5716206477045807,-0.242892092298478,51.46297601752928,-15.380847308522329,0.3717576791984684,,MISO,Central,"All GIC values are positive;
All GIC values are negative;
Low signal: all GIC values within +/- 4 A;
Data is constant for at least 5 minutes starting at time 2021-05-12 06:00:00"
10268,43.0,-83.9,GIC,measured,NERC,2021-05-12,,0.6127967550132495,-0.2126835431201831,52.13070508341963,-13.417006836762424,0.4014291620592046,,MISO,Central,"Low signal: all GIC values within +/- 4 A;
Excessive pre-storm noise: std before (0.0744 A) > 1/4 * std after (0.2952 A);
Data is constant for at least 5 minutes starting at time 2021-05-12 06:00:00"
10269,43.0,-83.7,GIC,measured,NERC,2021-05-12,,0.6279287809377523,-0.2020896107209278,52.13817378448101,-13.179018238438497,0.4017740979278206,,MISO,Central,"Low signal: all GIC values within +/- 4 A;
Excessive pre-storm noise: std before (0.6056 A) > 1/4 * std after (1.4582 A);
Data is constant for at least 5 minutes starting at time 2021-05-12 06:00:00"
10271,42.7,-84.8,GIC,measured,NERC,2021-05-12,,0.6051203538291218,-0.2181582388920509,51.7959348198678,-14.460371021816249,0.3862684153221168,,MISO,Central,Data is constant for at least 5 minutes starting at time 2021-05-12 06:00:30
10272,43.2,-83.6,GIC,measured,NERC,2021-05-12,,0.6037142886622705,-0.2191685451772678,52.34160596779758,-13.076426189058145,0.4112842931890342,345.0,MISO,Central,"Low signal: all GIC values within +/- 4 A;
Data is constant for at least 5 minutes starting at time 2021-05-12 06:00:00"
10273,42.9,-82.5,GIC,measured,NERC,2021-05-12,,0.6159649281559347,-0.2104440150140903,52.0803246914682,-11.74270256116098,0.3991101083189528,,MISO,Central,Data is constant for at least 5 minutes starting at time 2021-05-12 06:00:00
10274,42.9,-82.7,GIC,measured,NERC,2021-05-12,,0.6257428448477931,-0.2036041076979842,52.07365037000814,-11.980834695297665,0.3988038900989181,345.0,MISO,Central,Data is constant for at least 5 minutes starting at time 2021-05-12 06:00:00
10275,43.8,-83.1,GIC,measured,NERC,2021-05-12,,0.5141214017666097,-0.2889343170127942,52.958855587995146,-12.52838306301368,0.4415399012950153,,MISO,Central,"Low signal: all GIC values within +/- 4 A;
Data is constant for at least 5 minutes starting at time 2021-05-12 06:00:00"
10276,42.6,-84.0,GIC,measured,NERC,2021-05-12,,0.6573630712803762,-0.1821946969529493,51.72745702125474,-13.50242885683317,0.3832385178841064,,MISO,Central,Data is constant for at least 5 minutes starting at time 2021-05-12 06:00:00
10280,42.4,-85.6,GIC,measured,NERC,2021-05-12,,0.5716206477045807,-0.242892092298478,51.46297601752928,-15.380847308522329,0.3717576791984684,,MISO,Central,"All GIC values are positive;
All GIC values are negative;
Low signal: all GIC values within +/- 4 A;
Data is constant for at least 5 minutes starting at time 2021-05-12 06:00:00"
10281,43.0,-83.9,GIC,measured,NERC,2021-05-12,,0.6127967550132495,-0.2126835431201831,52.13070508341963,-13.417006836762424,0.4014291620592046,,MISO,Central,"Low signal: all GIC values within +/- 4 A;
Data is constant for at least 5 minutes starting at time 2021-05-12 06:00:00"
10282,43.0,-83.7,GIC,measured,NERC,2021-05-12,,0.6279287809377523,-0.2020896107209278,52.13817378448101,-13.179018238438497,0.4017740979278206,,MISO,Central,"All GIC values are positive;
Low signal: all GIC values within +/- 4 A;
Excessive pre-storm noise: std before (0.0493 A) > 1/4 * std after (0.1463 A);
Data is constant for at least 5 minutes starting at time 2021-05-12 06:00:00"
10283,43.6,-84.2,GIC,measured,NERC,2021-05-12,,0.4985374148927424,-0.3023022426247376,52.71840603013601,-13.826245547449949,0.4294978319072241,,MISO,Central,"Low signal: all GIC values within +/- 4 A;
Excessive pre-storm noise: std before (0.0637 A) > 1/4 * std after (0.1950 A);
Data is constant for at least 5 minutes starting at time 2021-05-12 06:00:00"
10284,43.2,-83.6,GIC,measured,NERC,2021-05-12,,0.6037142886622705,-0.2191685451772678,52.34160596779758,-13.076426189058145,0.4112842931890342,345.0,MISO,Central,"Low signal: all GIC values within +/- 4 A;
Excessive pre-storm noise: std before (0.2940 A) > 1/4 * std after (0.4034 A);
Data is constant for at least 5 minutes starting at time 2021-05-12 06:08:50"
10286,43.8,-83.1,GIC,measured,NERC,2021-05-12,,0.5141214017666097,-0.2889343170127942,52.958855587995146,-12.52838306301368,0.4415399012950153,,MISO,Central,Data is constant for at least 5 minutes starting at time 2021-05-12 06:00:00
10290,39.5,-97.5,GIC,measured,NERC,2021-05-12,,0.5704253439037746,-0.2438011870954575,47.845063426416296,-28.869374474039866,0.2452265050945123,230.0,SPP,Central,Data is constant for at least 5 minutes starting at time 2021-05-12 06:00:00
10325,29.8,-95.2,GIC,measured,NERC,2021-05-12,,0.0668729584706316,-1.1747494631161035,38.35345130277603,-25.088129073940365,0.0823227008230212,,ERCOT,ERCOT,"Low signal: all GIC values within +/- 4 A;
Excessive pre-storm noise: std before (0.1371 A) > 1/4 * std after (0.1495 A)"
10366,42.4,-71.8,GIC,measured,NERC,2021-05-12,,2.3406874307614425,0.3693434230264963,51.74215581215232,1.0367254866838262,0.3838868771367094,,ISONE,East,"Low signal: all GIC values within +/- 4 A;
Excessive pre-storm noise: std before (0.1506 A) > 1/4 * std after (0.3519 A);
Data is constant for at least 5 minutes starting at time 2021-05-12 06:00:00"
10367,42.4,-71.8,GIC,measured,NERC,2021-05-12,,2.3406874307614425,0.3693434230264963,51.74215581215232,1.0367254866838262,0.3838868771367094,,ISONE,East,"All GIC values are negative;
Low signal: all GIC values within +/- 4 A;
Excessive pre-storm noise: std before (0.0916 A) > 1/4 * std after (0.1836 A);
Data is constant for at least 5 minutes starting at time 2021-05-12 06:05:20"
10368,42.4,-71.8,GIC,measured,NERC,2021-05-12,,2.3406874307614425,0.3693434230264963,51.74215581215232,1.0367254866838262,0.3838868771367094,,ISONE,East,"Low signal: all GIC values within +/- 4 A;
Excessive pre-storm noise: std before (0.0815 A) > 1/4 * std after (0.1433 A);
Data is constant for at least 5 minutes starting at time 2021-05-12 06:00:01"
10369,42.4,-71.8,GIC,measured,NERC,2021-05-12,,2.3406874307614425,0.3693434230264963,51.74215581215232,1.0367254866838262,0.3838868771367094,,ISONE,East,"Low signal: all GIC values within +/- 4 A;
Excessive pre-storm noise: std before (0.3593 A) > 1/4 * std after (0.3814 A);
Data is constant for at least 5 minutes starting at time 2021-05-12 06:00:00"
10370,42.4,-71.8,GIC,measured,NERC,2021-05-12,,2.3406874307614425,0.3693434230264963,51.74215581215232,1.0367254866838262,0.3838868771367094,,ISONE,East,Data is constant for at least 5 minutes starting at time 2021-05-12 06:09:01
10371,42.4,-71.8,GIC,measured,NERC,2021-05-12,,2.3406874307614425,0.3693434230264963,51.74215581215232,1.0367254866838262,0.3838868771367094,,ISONE,East,Data is constant for at least 5 minutes starting at time 2021-05-12 06:00:00
10372,42.4,-71.8,GIC,measured,NERC,2021-05-12,,2.3406874307614425,0.3693434230264963,51.74215581215232,1.0367254866838262,0.3838868771367094,,ISONE,East,Data is constant for at least 5 minutes starting at time 2021-05-12 17:50:41
10373,42.6,-73.9,GIC,measured,NERC,2021-05-12,,2.1945295536401264,0.3413414338464751,51.94087030159061,-1.4695696212989904,0.3927605288052836,115.0,NYISO,East,Duplicate time stamps found
10376,40.9,-73.9,GIC,measured,NERC,2021-05-12,,2.403237240915885,0.3807966452670485,50.24089651211097,-1.454536637422042,0.3230164009578254,345.0,NYISO,East,"All GIC values are positive;
All GIC values are negative;
Low signal: all GIC values within +/- 4 A;
Data is constant for at least 5 minutes starting at time 2021-05-12 06:00:00"
10377,40.7,-74.0,GIC,measured,NERC,2021-05-12,,2.553542949086076,0.4071431668299854,50.04047112535007,-1.570881572368263,0.3156563681772399,,NYISO,East,"All GIC values are positive;
All GIC values are negative;
Low signal: all GIC values within +/- 4 A;
Data is constant for at least 5 minutes starting at time 2021-05-12 06:00:00"
10378,40.7,-74.0,GIC,measured,NERC,2021-05-12,,2.553542949086076,0.4071431668299854,50.04047112535007,-1.570881572368263,0.3156563681772399,,NYISO,East,"Low signal: all GIC values within +/- 4 A;
Excessive pre-storm noise: std before (0.8747 A) > 1/4 * std after (0.3420 A);
Data is constant for at least 5 minutes starting at time 2021-05-12 12:54:00"
10379,40.7,-74.0,GIC,measured,NERC,2021-05-12,,2.553542949086076,0.4071431668299854,50.04047112535007,-1.570881572368263,0.3156563681772399,,NYISO,East,"Low signal: all GIC values within +/- 4 A;
Excessive pre-storm noise: std before (0.4667 A) > 1/4 * std after (0.5201 A)"
10380,41.1,-73.8,GIC,measured,NERC,2021-05-12,,2.252931532745684,0.3527479935868742,50.441289362943714,-1.3379277238249012,0.330546807880491,,NYISO,East,Excessive pre-storm noise: std before (1.9082 A) > 1/4 * std after (1.9468 A)
10381,40.7,-74.0,GIC,measured,NERC,2021-05-12,,2.553542949086076,0.4071431668299854,50.04047112535007,-1.570881572368263,0.3156563681772399,,NYISO,East,"Low signal: all GIC values within +/- 4 A;
Excessive pre-storm noise: std before (0.7840 A) > 1/4 * std after (0.8510 A)"
10382,40.6,-74.2,GIC,measured,NERC,2021-05-12,,2.719221634832854,0.434444606948329,49.93951640210857,-1.8059137071051703,0.3120128541758813,,PJM,East,Excessive pre-storm noise: std before (0.3563 A) > 1/4 * std after (0.6020 A)
10383,40.6,-74.2,GIC,measured,NERC,2021-05-12,,2.719221634832854,0.434444606948329,49.93951640210857,-1.8059137071051703,0.3120128541758813,,PJM,East,Excessive pre-storm noise: std before (0.4383 A) > 1/4 * std after (1.7256 A)
10384,40.7,-74.0,GIC,measured,NERC,2021-05-12,,2.553542949086076,0.4071431668299854,50.04047112535007,-1.570881572368263,0.3156563681772399,,NYISO,East,Excessive pre-storm noise: std before (0.4383 A) > 1/4 * std after (1.7256 A)
10386,40.8,-73.9,GIC,measured,NERC,2021-05-12,,2.448214817780424,0.3888495221677638,50.14089799535835,-1.4536859240336513,0.3193230446312824,,NYISO,East,"Low signal: all GIC values within +/- 4 A;
Excessive pre-storm noise: std before (0.5769 A) > 1/4 * std after (0.6214 A)"
10387,41.0,-73.9,GIC,measured,NERC,2021-05-12,,2.358259664051346,0.3725916228353744,50.340895022627286,-1.4553909276064785,0.3267524751725833,,NYISO,East,Excessive pre-storm noise: std before (0.7632 A) > 1/4 * std after (1.0975 A)
10388,41.0,-73.9,GIC,measured,NERC,2021-05-12,,2.358259664051346,0.3725916228353744,50.340895022627286,-1.4553909276064785,0.3267524751725833,,NYISO,East,Excessive pre-storm noise: std before (0.8462 A) > 1/4 * std after (1.1007 A)
10430,39.6,-75.6,GIC,measured,NERC,2021-05-12,,2.265614252826253,0.3551859681355238,48.92916215031463,-3.437671621872604,0.2777867261902716,,PJM,East,"Low signal: all GIC values within +/- 4 A;
Data is constant for at least 5 minutes starting at time 2021-05-12 06:00:10"
10431,39.6,-75.7,GIC,measured,NERC,2021-05-12,,2.3091290131355544,0.3634481980222522,48.92817206092229,-3.5549397891339307,0.2777550991163824,138.0,PJM,East,Data is constant for at least 5 minutes starting at time 2021-05-12 06:05:10
10432,38.5,-76.6,GIC,measured,NERC,2021-05-12,,0.9920645909046396,-0.0034600510713608,47.817923893311146,-4.582463601727756,0.2444623349419128,,PJM,East,"Low signal: all GIC values within +/- 4 A;
Excessive pre-storm noise: std before (0.1033 A) > 1/4 * std after (0.3843 A)"
10433,38.5,-76.6,GIC,measured,NERC,2021-05-12,,0.9920645909046396,-0.0034600510713608,47.817923893311146,-4.582463601727756,0.2444623349419128,,PJM,East,
10434,39.5,-75.1,GIC,measured,NERC,2021-05-12,,2.1973806720954783,0.3419053001928759,48.83362044412523,-2.849696602501702,0.2747513072060966,,PJM,East,"Low signal: all GIC values within +/- 4 A;
Data is constant for at least 5 minutes starting at time 2021-05-12 06:00:00"
10435,39.4,-74.6,GIC,measured,NERC,2021-05-12,,1.5563786944062044,0.1921152770243088,48.73724489167301,-2.262320385903913,0.2717229993215003,,PJM,East,"Low signal: all GIC values within +/- 4 A;
Data is constant for at least 5 minutes starting at time 2021-05-12 06:09:50"
10436,39.4,-74.6,GIC,measured,NERC,2021-05-12,,1.5563786944062044,0.1921152770243088,48.73724489167301,-2.262320385903913,0.2717229993215003,,PJM,East,"Low signal: all GIC values within +/- 4 A;
Data is constant for at least 5 minutes starting at time 2021-05-12 06:05:50"
10456,38.2,-82.6,GIC,measured,NERC,2021-05-12,,0.5445291676771482,-0.2639788523233282,47.38142797312392,-11.54591389465831,0.2324939531911611,,PJM,East,"Cadence is >= 60 seconds (60.0 seconds);
Data is constant for at least 5 minutes starting at time 2021-05-12 06:00:00"
10457,38.2,-82.6,GIC,measured,NERC,2021-05-12,,0.5445291676771482,-0.2639788523233282,47.38142797312392,-11.54591389465831,0.2324939531911611,,PJM,East,"All GIC values are positive;
All GIC values are negative;
Low signal: all GIC values within +/- 4 A;
Cadence is >= 60 seconds (60.0 seconds);
Data is constant for at least 5 minutes starting at time 2021-05-12 06:00:00"
10458,42.2,-86.3,GIC,measured,NERC,2021-05-12,,0.5461142418775051,-0.2627164975385062,51.23241776640622,-16.189178352000106,0.3620303482066093,,PJM,East,"Low signal: all GIC values within +/- 4 A;
Cadence is >= 60 seconds (60.0 seconds);
Data is constant for at least 5 minutes starting at time 2021-05-12 06:00:00"
10460,28.9,-96.2,GIC,measured,NERC,2021-05-12,,0.0626858854189427,-1.202830235480755,37.38623794469366,-26.097001901372877,0.0736568660268709,138.0,ERCOT,ERCOT,"All GIC values are negative;
Low signal: all GIC values within +/- 4 A;
Cadence is >= 60 seconds (60.0 seconds);
Data is constant for at least 5 minutes starting at time 2021-05-12 06:00:00"
10461,32.2,-100.0,GIC,measured,NERC,2021-05-12,,0.4124801634036799,-0.3845969322812525,40.37984155714173,-30.664555037988872,0.1039262776547988,,ERCOT,ERCOT,"Low signal: all GIC values within +/- 4 A;
Cadence is >= 60 seconds (60.0 seconds);
Data is constant for at least 5 minutes starting at time 2021-05-12 06:00:00"
10463,35.4,-99.7,GIC,measured,NERC,2021-05-12,,0.3709370469559069,-0.4306997897907094,43.58873673668317,-30.760690376161303,0.1503107360057543,345.0,SPP,Central,"Cadence is >= 60 seconds (60.0 seconds);
Data is constant for at least 5 minutes starting at time 2021-05-12 06:00:00"
10464,35.4,-99.7,GIC,measured,NERC,2021-05-12,,0.3709370469559069,-0.4306997897907094,43.58873673668317,-30.760690376161303,0.1503107360057543,345.0,SPP,Central,"Low signal: all GIC values within +/- 4 A;
Cadence is >= 60 seconds (60.0 seconds);
Data is constant for at least 5 minutes starting at time 2021-05-12 06:00:00"
10465,37.4,-79.9,GIC,measured,NERC,2021-05-12,,1.5019975681211808,0.176669229504097,46.65774205488584,-8.376725956553193,0.2139281768114963,500.0,PJM,East,"Low signal: all GIC values within +/- 4 A;
Cadence is >= 60 seconds (60.0 seconds);
Data is constant for at least 5 minutes starting at time 2021-05-12 06:00:00"
10467,37.4,-79.9,GIC,measured,NERC,2021-05-12,,1.5019975681211808,0.176669229504097,46.65774205488584,-8.376725956553193,0.2139281768114963,500.0,PJM,East,"Cadence is >= 60 seconds (60.0 seconds);
Data is constant for at least 5 minutes starting at time 2021-05-12 06:00:00"
10468,37.4,-79.9,GIC,measured,NERC,2021-05-12,,1.5019975681211808,0.176669229504097,46.65774205488584,-8.376725956553193,0.2139281768114963,500.0,PJM,East,"Low signal: all GIC values within +/- 4 A;
Excessive pre-storm noise: std before (0.1524 A) > 1/4 * std after (0.2631 A);
Cadence is >= 60 seconds (60.0 seconds);
Data is constant for at least 5 minutes starting at time 2021-05-12 06:00:00"
10469,37.4,-79.9,GIC,measured,NERC,2021-05-12,,1.5019975681211808,0.176669229504097,46.65774205488584,-8.376725956553193,0.2139281768114963,500.0,PJM,East,"Low signal: all GIC values within +/- 4 A;
Excessive pre-storm noise: std before (0.2480 A) > 1/4 * std after (0.2827 A);
Cadence is >= 60 seconds (60.0 seconds);
Data is constant for at least 5 minutes starting at time 2021-05-12 06:00:00"
10470,37.4,-79.9,GIC,measured,NERC,2021-05-12,,1.5019975681211808,0.176669229504097,46.65774205488584,-8.376725956553193,0.2139281768114963,500.0,PJM,East,"All GIC values are positive;
Low signal: all GIC values within +/- 4 A;
Cadence is >= 60 seconds (60.0 seconds);
Data is constant for at least 5 minutes starting at time 2021-05-12 06:00:00"
10471,37.4,-79.9,GIC,measured,NERC,2021-05-12,,1.5019975681211808,0.176669229504097,46.65774205488584,-8.376725956553193,0.2139281768114963,500.0,PJM,East,"Low signal: all GIC values within +/- 4 A;
Excessive pre-storm noise: std before (0.2257 A) > 1/4 * std after (0.3504 A);
Cadence is >= 60 seconds (60.0 seconds);
Data is constant for at least 5 minutes starting at time 2021-05-12 07:11:00"
10472,40.0,-83.2,GIC,measured,NERC,2021-05-12,,0.8704792378924833,-0.0602415829340809,49.159562558673294,-12.36206005724554,0.285245352033239,,PJM,East,"Low signal: all GIC values within +/- 4 A;
Cadence is >= 60 seconds (60.0 seconds);
Data is constant for at least 5 minutes starting at time 2021-05-12 06:00:00"
10473,28.7,-97.2,GIC,measured,NERC,2021-05-12,,0.091566592534447,-1.0382629469033262,37.1141460586755,-27.173221688410845,0.0713877864612437,138.0,ERCOT,ERCOT,"Low signal: all GIC values within +/- 4 A;
Excessive pre-storm noise: std before (0.1819 A) > 1/4 * std after (0.2444 A);
Cadence is >= 60 seconds (60.0 seconds);
Data is constant for at least 5 minutes starting at time 2021-05-12 06:00:00"
10474,28.7,-97.2,GIC,measured,NERC,2021-05-12,,0.091566592534447,-1.0382629469033262,37.1141460586755,-27.173221688410845,0.0713877864612437,138.0,ERCOT,ERCOT,"All GIC values are positive;
Low signal: all GIC values within +/- 4 A;
Excessive pre-storm noise: nonzero std before while std after is zero;
Cadence is >= 60 seconds (60.0 seconds);
Data is constant for at least 5 minutes starting at time 2021-05-12 06:00:00"
10475,40.2,-81.9,GIC,measured,NERC,2021-05-12,,0.6044645604758745,-0.2186291565748386,49.40184485804316,-10.852205110183649,0.293304746421839,,PJM,East,"Cadence is >= 60 seconds (60.0 seconds);
Data is constant for at least 5 minutes starting at time 2021-05-12 17:47:00"
10478,42.0,-86.6,GIC,measured,NERC,2021-05-12,,0.6317656392031411,-0.1994439984218071,51.01908179248587,-16.523534288747427,0.3532564944094883,,PJM,East,"Low signal: all GIC values within +/- 4 A;
Cadence is >= 60 seconds (60.0 seconds);
Data is constant for at least 5 minutes starting at time 2021-05-12 06:00:00"
10483,39.0,-83.0,GIC,measured,NERC,2021-05-12,,0.8505385171694224,-0.0703060143084743,48.16742157435812,-12.061242076993448,0.2544879484532766,,PJM,East,"Excessive pre-storm noise: std before (0.6178 A) > 1/4 * std after (0.5913 A);
Cadence is >= 60 seconds (60.0 seconds);
Data is constant for at least 5 minutes starting at time 2021-05-12 06:00:00"
10484,39.0,-83.0,GIC,measured,NERC,2021-05-12,,0.8505385171694224,-0.0703060143084743,48.16742157435812,-12.061242076993448,0.2544879484532766,,PJM,East,"Low signal: all GIC values within +/- 4 A;
Excessive pre-storm noise: std before (0.0452 A) > 1/4 * std after (0.0565 A);
Cadence is >= 60 seconds (60.0 seconds);
Data is constant for at least 5 minutes starting at time 2021-05-12 06:00:00"
10485,39.0,-83.0,GIC,measured,NERC,2021-05-12,,0.8505385171694224,-0.0703060143084743,48.16742157435812,-12.061242076993448,0.2544879484532766,,PJM,East,"Low signal: all GIC values within +/- 4 A;
Cadence is >= 60 seconds (60.0 seconds);
Data is constant for at least 5 minutes starting at time 2021-05-12 06:00:00"
10487,41.5,-86.4,GIC,measured,NERC,2021-05-12,,0.638281251821335,-0.1949879118761939,50.52918199687095,-16.23949782702249,0.3339048024149104,,MISO,Central,"Cadence is >= 60 seconds (60.0 seconds);
Data is constant for at least 5 minutes starting at time 2021-05-12 06:00:00"
10491,40.8,-84.0,GIC,measured,NERC,2021-05-12,,0.7665596415364551,-0.1154540495734584,49.929754698724544,-13.35845476572381,0.3116627863575278,,PJM,East,"All GIC values are negative;
Low signal: all GIC values within +/- 4 A;
Cadence is >= 60 seconds (60.0 seconds);
Data is constant for at least 5 minutes starting at time 2021-05-12 06:00:00"
10492,40.8,-84.0,GIC,measured,NERC,2021-05-12,,0.7665596415364551,-0.1154540495734584,49.929754698724544,-13.35845476572381,0.3116627863575278,,PJM,East,"Low signal: all GIC values within +/- 4 A;
Excessive pre-storm noise: std before (0.1326 A) > 1/4 * std after (0.4911 A);
Cadence is >= 60 seconds (60.0 seconds);
Data is constant for at least 5 minutes starting at time 2021-05-12 06:00:00"
10493,36.7,-79.9,GIC,measured,NERC,2021-05-12,,1.838743370592181,0.2645211199325006,45.958048411743086,-8.346748114560839,0.1973888354410367,,PJM,East,"Low signal: all GIC values within +/- 4 A;
Excessive pre-storm noise: std before (0.0461 A) > 1/4 * std after (0.1123 A);
Cadence is >= 60 seconds (60.0 seconds);
Data is constant for at least 5 minutes starting at time 2021-05-12 06:00:00"
10494,36.7,-79.9,GIC,measured,NERC,2021-05-12,,1.838743370592181,0.2645211199325006,45.958048411743086,-8.346748114560839,0.1973888354410367,,PJM,East,"Low signal: all GIC values within +/- 4 A;
Excessive pre-storm noise: std before (0.0686 A) > 1/4 * std after (0.2111 A);
Cadence is >= 60 seconds (60.0 seconds);
Data is constant for at least 5 minutes starting at time 2021-05-12 06:00:00"
10495,36.7,-79.9,GIC,measured,NERC,2021-05-12,,1.838743370592181,0.2645211199325006,45.958048411743086,-8.346748114560839,0.1973888354410367,,PJM,East,"All GIC values are positive;
All GIC values are negative;
Low signal: all GIC values within +/- 4 A;
Cadence is >= 60 seconds (60.0 seconds);
Data is constant for at least 5 minutes starting at time 2021-05-12 06:00:00"
10496,36.3,-94.5,GIC,measured,NERC,2021-05-12,,1.3046803267356712,0.1155041137113139,44.87962150082508,-25.02082950278986,0.1743659885362156,,SPP,Central,"Low signal: all GIC values within +/- 4 A;
Cadence is >= 60 seconds (60.0 seconds);
Data is constant for at least 5 minutes starting at time 2021-05-12 06:03:00"
10497,40.5,-84.1,GIC,measured,NERC,2021-05-12,,0.8526834604335003,-0.0692121609783843,49.62636009999953,-13.452753695337622,0.3009762661078316,,PJM,East,"Low signal: all GIC values within +/- 4 A;
Cadence is >= 60 seconds (60.0 seconds);
Data is constant for at least 5 minutes starting at time 2021-05-12 06:00:00"
10498,40.2,-83.1,GIC,measured,NERC,2021-05-12,,0.8540103698566057,-0.0685368558400822,49.36281915579102,-12.258839027257052,0.2919913571170368,138.0,PJM,East,"Low signal: all GIC values within +/- 4 A;
Cadence is >= 60 seconds (60.0 seconds);
Data is constant for at least 5 minutes starting at time 2021-05-12 06:00:00"
10499,40.2,-83.1,GIC,measured,NERC,2021-05-12,,0.8540103698566057,-0.0685368558400822,49.36281915579102,-12.258839027257052,0.2919913571170368,138.0,PJM,East,"Excessive pre-storm noise: std before (0.5459 A) > 1/4 * std after (0.9521 A);
Cadence is >= 60 seconds (60.0 seconds);
Data is constant for at least 5 minutes starting at time 2021-05-12 06:00:00"
10502,36.9,-80.8,GIC,measured,NERC,2021-05-12,,1.5265457569238223,0.1837098264412309,46.13542061502996,-9.393558939564306,0.2014564785530715,138.0,PJM,East,"Cadence is >= 60 seconds (60.0 seconds);
Data is constant for at least 5 minutes starting at time 2021-05-12 06:00:00"
10506,38.7,-85.4,GIC,measured,NERC,2021-05-12,,0.6278369474216446,-0.2021531301950936,47.77718101911206,-14.8281493014874,0.2433196028401305,345.0,PJM,East,"Low signal: all GIC values within +/- 4 A;
Cadence is >= 60 seconds (60.0 seconds);
Data is constant for at least 5 minutes starting at time 2021-05-12 06:00:00"
10507,40.1,-82.7,GIC,measured,NERC,2021-05-12,,0.789302714347613,-0.1027564036887897,49.27644237941232,-11.783463190268035,0.2891052687827953,,PJM,East,"All GIC values are positive;
Low signal: all GIC values within +/- 4 A;
Cadence is >= 60 seconds (60.0 seconds);
Data is constant for at least 5 minutes starting at time 2021-05-12 06:00:00"
10509,39.8,-80.8,GIC,measured,NERC,2021-05-12,,0.4269383218552357,-0.3696348613044888,49.03373808119062,-9.540067554014133,0.2811476227739778,138.0,PJM,East,"All GIC values are positive;
Low signal: all GIC values within +/- 4 A;
Cadence is >= 60 seconds (60.0 seconds);
Data is constant for at least 5 minutes starting at time 2021-05-12 06:00:00"
10510,38.2,-81.4,GIC,measured,NERC,2021-05-12,,0.5207467715866416,-0.2833734138169961,47.41809990088092,-10.15375813690134,0.2334765137647071,,PJM,East,"Low signal: all GIC values within +/- 4 A;
Cadence is >= 60 seconds (60.0 seconds);
Data is constant for at least 5 minutes starting at time 2021-05-12 06:00:00"
10512,40.0,-82.6,GIC,measured,NERC,2021-05-12,,0.7716446476070943,-0.1125826518829761,49.17983353211805,-11.659757245712733,0.2859110808025195,69.0,PJM,East,"Cadence is >= 60 seconds (60.0 seconds);
Data is constant for at least 5 minutes starting at time 2021-05-12 06:00:00"
10513,26.1,-97.6,GIC,measured,NERC,2021-05-12,,,,34.49354133156834,-27.340994757289245,0.0528129936942423,,ERCOT,ERCOT,"Low signal: all GIC values within +/- 4 A;
Cadence is >= 60 seconds (60.0 seconds);
Data is constant for at least 5 minutes starting at time 2021-05-12 06:00:00"
10515,26.1,-97.6,GIC,measured,NERC,2021-05-12,,,,34.49354133156834,-27.340994757289245,0.0528129936942423,,ERCOT,ERCOT,"Cadence is >= 60 seconds (60.0 seconds);
Data is constant for at least 5 minutes starting at time 2021-05-12 06:00:00"
10516,39.6,-81.2,GIC,measured,NERC,2021-05-12,,0.4866894207269788,-0.3127480940068148,48.82284770021581,-9.99729911205209,0.2744111380323384,,PJM,East,"Low signal: all GIC values within +/- 4 A;
Cadence is >= 60 seconds (60.0 seconds);
Data is constant for at least 5 minutes starting at time 2021-05-12 06:00:00"
10518,27.6,-99.3,GIC,measured,NERC,2021-05-12,,0.1604749567405534,-0.794592732717007,35.85690722261699,-29.34820374031557,0.0617778156899832,,ERCOT,ERCOT,"All GIC values are negative;
Low signal: all GIC values within +/- 4 A;
Cadence is >= 60 seconds (60.0 seconds);
Data is constant for at least 5 minutes starting at time 2021-05-12 06:00:00"
10519,27.8,-97.6,GIC,measured,NERC,2021-05-12,,0.0713722986894851,-1.1464703156841167,36.187547168409615,-27.5158645080024,0.0641720606989294,,ERCOT,ERCOT,"Low signal: all GIC values within +/- 4 A;
Cadence is >= 60 seconds (60.0 seconds);
Data is constant for at least 5 minutes starting at time 2021-05-12 06:00:00"
10520,27.8,-97.6,GIC,measured,NERC,2021-05-12,,0.0713722986894851,-1.1464703156841167,36.187547168409615,-27.5158645080024,0.0641720606989294,,ERCOT,ERCOT,"All GIC values are negative;
Low signal: all GIC values within +/- 4 A;
Cadence is >= 60 seconds (60.0 seconds);
Data is constant for at least 5 minutes starting at time 2021-05-12 06:00:00"
10521,31.3,-103.1,GIC,measured,NERC,2021-05-12,,0.5321830949419017,-0.2739389251436202,39.21553782706117,-33.958297539278696,0.0909024406003735,,ERCOT,ERCOT,"Low signal: all GIC values within +/- 4 A;
Excessive pre-storm noise: std before (0.3476 A) > 1/4 * std after (0.3934 A);
Cadence is >= 60 seconds (60.0 seconds);
Data is constant for at least 5 minutes starting at time 2021-05-12 06:00:00"
10524,40.2,-83.0,GIC,measured,NERC,2021-05-12,,0.83771112864701,-0.0769057150961176,49.36625012381276,-12.141674800416526,0.2921065883444572,,PJM,East,"Low signal: all GIC values within +/- 4 A;
Excessive pre-storm noise: std before (0.4788 A) > 1/4 * std after (0.2684 A);
Cadence is >= 60 seconds (60.0 seconds);
Data is constant for at least 5 minutes starting at time 2021-05-12 06:27:00"
10525,40.2,-83.0,GIC,measured,NERC,2021-05-12,,0.83771112864701,-0.0769057150961176,49.36625012381276,-12.141674800416526,0.2921065883444572,,PJM,East,"Low signal: all GIC values within +/- 4 A;
Excessive pre-storm noise: std before (0.3394 A) > 1/4 * std after (0.3097 A);
Cadence is >= 60 seconds (60.0 seconds);
Data is constant for at least 5 minutes starting at time 2021-05-12 08:09:00"
10528,37.2,-80.2,GIC,measured,NERC,2021-05-12,,1.2684313918881838,0.1032669816640313,46.4505964256478,-8.714776744067551,0.2088922542124457,,PJM,East,"All GIC values are positive;
Low signal: all GIC values within +/- 4 A;
Cadence is >= 60 seconds (60.0 seconds);
Data is constant for at least 5 minutes starting at time 2021-05-12 06:00:00"
10529,37.2,-80.2,GIC,measured,NERC,2021-05-12,,1.2684313918881838,0.1032669816640313,46.4505964256478,-8.714776744067551,0.2088922542124457,,PJM,East,"All GIC values are positive;
Low signal: all GIC values within +/- 4 A;
Excessive pre-storm noise: std before (0.1764 A) > 1/4 * std after (0.4176 A);
Cadence is >= 60 seconds (60.0 seconds);
Data is constant for at least 5 minutes starting at time 2021-05-12 06:00:00"
10530,39.0,-81.9,GIC,measured,NERC,2021-05-12,,0.5146240652046337,-0.2885099088734238,48.20278340629547,-10.780156221490868,0.2555249589904994,,PJM,East,"All GIC values are positive;
Low signal: all GIC values within +/- 4 A;
Excessive pre-storm noise: std before (0.0000 A) > 1/4 * std after (0.0000 A);
Cadence is >= 60 seconds (60.0 seconds);
Data is constant for at least 5 minutes starting at time 2021-05-12 06:00:00"
10531,32.5,-99.8,GIC,measured,NERC,2021-05-12,,0.4425380146204536,-0.3540494168740014,40.6949205637256,-30.48188622968931,0.1077610056992828,138.0,ERCOT,ERCOT,"Low signal: all GIC values within +/- 4 A;
Excessive pre-storm noise: std before (0.0465 A) > 1/4 * std after (0.1500 A);
Cadence is >= 60 seconds (60.0 seconds);
Data is constant for at least 5 minutes starting at time 2021-05-12 06:00:00"
10532,32.5,-99.8,GIC,measured,NERC,2021-05-12,,0.4425380146204536,-0.3540494168740014,40.6949205637256,-30.48188622968931,0.1077610056992828,138.0,ERCOT,ERCOT,"Cadence is >= 60 seconds (60.0 seconds);
Data is constant for at least 5 minutes starting at time 2021-05-12 06:00:00"
10534,36.6,-82.7,GIC,measured,NERC,2021-05-12,,0.8686256164587953,-0.0611673670959917,45.77951731011933,-11.566078653826072,0.1933775490416695,,PJM,East,"Low signal: all GIC values within +/- 4 A;
Excessive pre-storm noise: std before (0.1130 A) > 1/4 * std after (0.3493 A);
Cadence is >= 60 seconds (60.0 seconds);
Data is constant for at least 5 minutes starting at time 2021-05-12 06:00:00"
10537,27.6,-97.7,GIC,measured,NERC,2021-05-12,,0.0706371377795155,-1.1509669067088883,35.98075660545435,-27.604031295337737,0.0626639930795331,,ERCOT,ERCOT,"All GIC values are positive;
Low signal: all GIC values within +/- 4 A;
Excessive pre-storm noise: nonzero std before while std after is zero;
Cadence is >= 60 seconds (60.0 seconds);
Data is constant for at least 5 minutes starting at time 2021-05-12 06:00:00"
10538,26.3,-98.2,GIC,measured,NERC,2021-05-12,,,,34.647587945252525,-28.012892887426567,0.053756931331801,138.0,ERCOT,ERCOT,"All GIC values are negative;
Low signal: all GIC values within +/- 4 A;
Excessive pre-storm noise: std before (0.0469 A) > 1/4 * std after (0.0000 A);
Cadence is >= 60 seconds (60.0 seconds);
Data is constant for at least 5 minutes starting at time 2021-05-12 06:00:00"
10539,26.3,-98.2,GIC,measured,NERC,2021-05-12,,,,34.647587945252525,-28.012892887426567,0.053756931331801,138.0,ERCOT,ERCOT,"Low signal: all GIC values within +/- 4 A;
Excessive pre-storm noise: std before (0.0803 A) > 1/4 * std after (0.3019 A);
Cadence is >= 60 seconds (60.0 seconds);
Data is constant for at least 5 minutes starting at time 2021-05-12 06:00:00"
10542,36.0,-95.7,GIC,measured,NERC,2021-05-12,,0.9354586046984892,-0.0289754258537487,44.496333868922775,-26.34181875950872,0.1668471952298142,345.0,SPP,Central,"Excessive pre-storm noise: std before (0.6497 A) > 1/4 * std after (0.9891 A);
Cadence is >= 60 seconds (60.0 seconds);
Data is constant for at least 5 minutes starting at time 2021-05-12 06:00:00"
10543,36.0,-95.7,GIC,measured,NERC,2021-05-12,,0.9354586046984892,-0.0289754258537487,44.496333868922775,-26.34181875950872,0.1668471952298142,345.0,SPP,Central,"Excessive pre-storm noise: std before (0.4057 A) > 1/4 * std after (0.9212 A);
Cadence is >= 60 seconds (60.0 seconds);
Data is constant for at least 5 minutes starting at time 2021-05-12 06:00:00"
10545,37.4,-79.1,GIC,measured,NERC,2021-05-12,,1.71663255208625,0.2346773436877947,46.67562454476413,-7.450984961337856,0.2143685698599319,,PJM,East,"Low signal: all GIC values within +/- 4 A;
Cadence is >= 60 seconds (60.0 seconds);
Data is constant for at least 5 minutes starting at time 2021-05-12 06:00:00"
10546,37.4,-79.1,GIC,measured,NERC,2021-05-12,,1.71663255208625,0.2346773436877947,46.67562454476413,-7.450984961337856,0.2143685698599319,,PJM,East,"Low signal: all GIC values within +/- 4 A;
Cadence is >= 60 seconds (60.0 seconds);
Data is constant for at least 5 minutes starting at time 2021-05-12 06:00:00"
10547,37.4,-79.1,GIC,measured,NERC,2021-05-12,,1.71663255208625,0.2346773436877947,46.67562454476413,-7.450984961337856,0.2143685698599319,,PJM,East,"All GIC values are negative;
Low signal: all GIC values within +/- 4 A;
Cadence is >= 60 seconds (60.0 seconds);
Data is constant for at least 5 minutes starting at time 2021-05-12 06:00:00"
10548,26.2,-98.2,GIC,measured,NERC,2021-05-12,,,,34.54794989529533,-28.002566161464607,0.0531444797647286,138.0,ERCOT,ERCOT,"Excessive pre-storm noise: std before (0.8948 A) > 1/4 * std after (0.1901 A);
Cadence is >= 60 seconds (60.0 seconds);
Data is constant for at least 5 minutes starting at time 2021-05-12 06:37:00"
10549,26.2,-98.2,GIC,measured,NERC,2021-05-12,,,,34.54794989529533,-28.002566161464607,0.0531444797647286,138.0,ERCOT,ERCOT,"Low signal: all GIC values within +/- 4 A;
Excessive pre-storm noise: std before (0.5966 A) > 1/4 * std after (0.1258 A);
Cadence is >= 60 seconds (60.0 seconds);
Data is constant for at least 5 minutes starting at time 2021-05-12 06:00:00"
10550,26.3,-97.6,GIC,measured,NERC,2021-05-12,,0.0725056662286701,-1.139628052522973,34.69284903293384,-27.36119207720236,0.0540374669719464,,ERCOT,ERCOT,"Cadence is >= 60 seconds (60.0 seconds);
Data is constant for at least 5 minutes starting at time 2021-05-12 06:01:00"
10551,26.3,-97.6,GIC,measured,NERC,2021-05-12,,0.0725056662286701,-1.139628052522973,34.69284903293384,-27.36119207720236,0.0540374669719464,,ERCOT,ERCOT,"Cadence is >= 60 seconds (60.0 seconds);
Data is constant for at least 5 minutes starting at time 2021-05-12 06:00:00"
10552,40.0,-83.1,GIC,measured,NERC,2021-05-12,,0.8541780627588123,-0.0684515864389715,49.163022128268025,-12.245035191446943,0.285358859618164,,PJM,East,"Low signal: all GIC values within +/- 4 A;
Excessive pre-storm noise: std before (0.3360 A) > 1/4 * std after (0.3678 A);
Cadence is >= 60 seconds (60.0 seconds);
Data is constant for at least 5 minutes starting at time 2021-05-12 06:00:00"
10553,40.0,-83.1,GIC,measured,NERC,2021-05-12,,0.8541780627588123,-0.0684515864389715,49.163022128268025,-12.245035191446943,0.285358859618164,,PJM,East,"Low signal: all GIC values within +/- 4 A;
Excessive pre-storm noise: std before (0.3694 A) > 1/4 * std after (0.5691 A);
Cadence is >= 60 seconds (60.0 seconds);
Data is constant for at least 5 minutes starting at time 2021-05-12 06:05:00"
10556,31.5,-100.3,GIC,measured,NERC,2021-05-12,,0.5541085061651425,-0.2564051828986983,39.65827037560245,-30.90629173547095,0.0956505162539052,,ERCOT,ERCOT,"Low signal: all GIC values within +/- 4 A;
Cadence is >= 60 seconds (60.0 seconds);
Data is constant for at least 5 minutes starting at time 2021-05-12 06:00:00"
10557,31.5,-100.3,GIC,measured,NERC,2021-05-12,,0.5541085061651425,-0.2564051828986983,39.65827037560245,-30.90629173547095,0.0956505162539052,,ERCOT,ERCOT,"Low signal: all GIC values within +/- 4 A;
Cadence is >= 60 seconds (60.0 seconds);
Data is constant for at least 5 minutes starting at time 2021-05-12 06:00:00"
10561,41.0,-83.3,GIC,measured,NERC,2021-05-12,,0.760887461840249,-0.1186795722911652,50.154999713045925,-12.550546890431042,0.3198413101467049,,PJM,East,"All GIC values are positive;
All GIC values are negative;
Low signal: all GIC values within +/- 4 A;
Cadence is >= 60 seconds (60.0 seconds);
Data is constant for at least 5 minutes starting at time 2021-05-12 06:00:00"
10563,40.7,-81.4,GIC,measured,NERC,2021-05-12,,0.5531077842915348,-0.257190229343039,49.91635750532879,-10.29511700070234,0.3111829843008349,345.0,PJM,East,"All GIC values are positive;
Low signal: all GIC values within +/- 4 A;
Excessive pre-storm noise: std before (0.0496 A) > 1/4 * std after (0.0456 A);
Cadence is >= 60 seconds (60.0 seconds);
Data is constant for at least 5 minutes starting at time 2021-05-12 06:00:00"
10564,40.7,-84.2,GIC,measured,NERC,2021-05-12,,0.7994264663558704,-0.0972214777896476,49.82231478684879,-13.585521032652856,0.3078357004319073,,PJM,East,"Cadence is >= 60 seconds (60.0 seconds);
Data is constant for at least 5 minutes starting at time 2021-05-12 06:00:00"
10567,39.2,-87.5,GIC,measured,NERC,2021-05-12,,0.4723830744533478,-0.3257056716072112,48.18199302941869,-17.30703568633368,0.2549147558236564,,MISO,Central,"Low signal: all GIC values within +/- 4 A;
Cadence is >= 60 seconds (60.0 seconds);
Data is constant for at least 5 minutes starting at time 2021-05-12 06:00:00"
10568,39.2,-87.5,GIC,measured,NERC,2021-05-12,,0.4723830744533478,-0.3257056716072112,48.18199302941869,-17.30703568633368,0.2549147558236564,,MISO,Central,"Cadence is >= 60 seconds (60.0 seconds);
Data is constant for at least 5 minutes starting at time 2021-05-12 06:00:00"
10569,39.2,-87.5,GIC,measured,NERC,2021-05-12,,0.4723830744533478,-0.3257056716072112,48.18199302941869,-17.30703568633368,0.2549147558236564,,MISO,Central,"Low signal: all GIC values within +/- 4 A;
Cadence is >= 60 seconds (60.0 seconds);
Data is constant for at least 5 minutes starting at time 2021-05-12 06:00:00"
10570,40.2,-80.7,GIC,measured,NERC,2021-05-12,,0.4489638513103618,-0.3477886251624605,49.4361710825115,-9.44423090605318,0.2944648598231256,138.0,PJM,East,"Low signal: all GIC values within +/- 4 A;
Cadence is >= 60 seconds (60.0 seconds);
Data is constant for at least 5 minutes starting at time 2021-05-12 06:00:00"
10571,40.2,-80.7,GIC,measured,NERC,2021-05-12,,0.4489638513103618,-0.3477886251624605,49.4361710825115,-9.44423090605318,0.2944648598231256,138.0,PJM,East,"Low signal: all GIC values within +/- 4 A;
Cadence is >= 60 seconds (60.0 seconds);
Data is constant for at least 5 minutes starting at time 2021-05-12 06:00:00"
10573,38.4,-82.5,GIC,measured,NERC,2021-05-12,,0.614144348980766,-0.2117295399371909,47.58449307683582,-11.442088333218509,0.2379871555257957,,PJM,East,"All GIC values are positive;
All GIC values are negative;
Low signal: all GIC values within +/- 4 A;
Cadence is >= 60 seconds (60.0 seconds);
Data is constant for at least 5 minutes starting at time 2021-05-12 06:00:00"
10574,38.4,-82.5,GIC,measured,NERC,2021-05-12,,0.614144348980766,-0.2117295399371909,47.58449307683582,-11.442088333218509,0.2379871555257957,,PJM,East,"Low signal: all GIC values within +/- 4 A;
Cadence is >= 60 seconds (60.0 seconds);
Data is constant for at least 5 minutes starting at time 2021-05-12 06:00:00"
10575,41.7,-86.1,GIC,measured,NERC,2021-05-12,,0.6083122404911356,-0.2158734445525765,50.74230466969422,-15.905381354160408,0.3421896231328546,138.0,PJM,East,"All GIC values are negative;
Low signal: all GIC values within +/- 4 A;
Cadence is >= 60 seconds (60.0 seconds);
Data is constant for at least 5 minutes starting at time 2021-05-12 06:00:00"
10576,41.7,-86.1,GIC,measured,NERC,2021-05-12,,0.6083122404911356,-0.2158734445525765,50.74230466969422,-15.905381354160408,0.3421896231328546,138.0,PJM,East,"All GIC values are negative;
Low signal: all GIC values within +/- 4 A;
Cadence is >= 60 seconds (60.0 seconds);
Data is constant for at least 5 minutes starting at time 2021-05-12 06:00:00"
10581,32.8,-94.5,GIC,measured,NERC,2021-05-12,,0.1855197224049235,-0.731609914208901,41.39163383097428,-24.62357625752473,0.1167503495515452,345.0,SPP,Central,"All GIC values are positive;
All GIC values are negative;
Low signal: all GIC values within +/- 4 A;
Cadence is >= 60 seconds (60.0 seconds);
Data is constant for at least 5 minutes starting at time 2021-05-12 06:00:00"
50100,30.4,-89.6,B,measured,NERC,2021-05-12,,0.0995504350253595,-1.0019568378093455,39.29265084172618,-18.9383700583462,0.0917121480776548,,SERTP,East,
50078,34.5,-118.1,B,measured,NERC,2021-05-12,,0.9647671847862695,-0.0155774768753736,40.752104192728034,-50.80684045588775,0.1084719899125075,500.0,CAISO,West,
50112,48.3,-117.1,B,measured,NERC,2021-05-12,,0.4145956885347474,-0.3823752185357036,54.47440268848816,-53.26815546179565,0.5256083266241709,,NorthernGridConnected,West,
50129,40.3,-83.4,B,measured,NERC,2021-05-12,,0.8314207776245441,-0.0801791264560568,49.45222372495,-12.617406952963304,0.2950089598847463,,PJM,East,
50130,40.2,-82.8,B,measured,NERC,2021-05-12,,0.8051126462278162,-0.0941433516661854,49.37301466839359,-11.90731533785612,0.2923339130780293,,PJM,East,
50102,42.1,-72.5,B,measured,NERC,2021-05-12,,2.6740021839655927,0.4271617576319559,51.44338427890039,0.2015263002903352,0.3709210334370522,,ISONE,East,
50103,33.3,-89.2,B,measured,NERC,2021-05-12,,0.33901322106753,-0.4697833645558863,42.20808683010818,-18.72698756462077,0.128243395476096,,SERTP,East,
50105,34.7,-87.8,B,measured,NERC,2021-05-12,,0.8518386945249172,-0.0696426361136803,43.67573810424475,-17.26004548733983,0.1518221670029809,,SERTP,East,
50106,36.3,-86.4,B,measured,NERC,2021-05-12,,0.7254586446046727,-0.1393873398518862,45.337818094073086,-15.791657896685855,0.1838001600709049,,SERTP,East,
50109,35.6,-84.7,B,measured,NERC,2021-05-12,,0.8873089882136032,-0.0519251191665101,44.7092050021124,-13.796424335992338,0.1709820491468536,,SERTP,East,
50115,41.3,-90.5,B,measured,NERC,2021-05-12,,1.4474025826441173,0.160589343215479,50.117029157436825,-21.02374004059722,0.3184477314619492,,MISO,Central,
50116,37.2,-86.9,B,measured,NERC,2021-05-12,,0.6880772749551748,-0.1623627853080093,46.2138629175259,-16.437734203493143,0.2032820117712004,161.0,SERTP,East,
50119,35.0,-85.3,B,measured,NERC,2021-05-12,,0.996526544232336,-0.0015111286141768,44.08615048963795,-14.440222701935571,0.1591595735710835,,SERTP,East,
50120,34.3,-88.8,B,measured,NERC,2021-05-12,,0.6415197941404186,-0.1927899388941441,43.226807477908224,-18.36001403706059,0.1441829327927587,,SERTP,East,
50121,35.0,-90.1,B,measured,NERC,2021-05-12,,0.6261938426434961,-0.2032912071105119,43.85618888875924,-19.89472279355101,0.1550056739234973,161.0,MISO,Central,
50123,28.9,-82.4,B,measured,NERC,2021-05-12,,0.8633880677620762,-0.0637939576960772,38.094407479503545,-10.837118750086669,0.0799064727510839,115.0,FRCC,East,
