2026-10-06T15:26:28.571181Z INFO  main Reading 'Sullivan' data for event '2015-03-17'
2026-10-06T15:26:28.603491Z INFO  main   Reading 'GIC/measured/TVA' data for event '2015-03-17'
2026-10-06T15:26:28.608994Z INFO  main     Reading C:\Users\lwilker\Documents\GitHub\SWERVE-data\data_original\tva\2015-03-17\gic\GIC-measured\gic-sullivan_20150317.csv
2026-10-06T15:26:29.197255Z INFO  main     Running automated error checks on GIC measured data
2026-10-06T15:26:32.416615Z INFO  main     Uniq dts [ns] = [2000000000]
2026-10-06T15:26:32.416615Z INFO  main     Uniq dts [#]  = 1
2026-10-06T15:26:32.466327Z INFO  main     
Resample to 1m aves and NaN pad or trim to start/stop.
2026-10-06T15:26:32.579262Z INFO  main     Writing C:\Users\lwilker\Documents\GitHub\SWERVE-data\data_processed\2015-03-17\sites\sullivan\data\GIC_measured_TVA.pkl
2026-10-06T15:26:32.686189Z INFO  main   Writing C:\Users\lwilker\Documents\GitHub\SWERVE-data\data_processed\2015-03-17\sites\sullivan\data\_all.pkl
2026-10-06T15:26:32.755283Z INFO  main Computing stats for 'Sullivan' data
2026-10-06T15:26:32.839652Z INFO  main   Uniq dts [ns] = [2000000000]
2026-10-06T15:26:32.839652Z INFO  main   Uniq dts [#]  = 1
2026-10-06T15:26:32.839652Z INFO  main   Stats for GIC/measured/TVA:
2026-10-06T15:26:32.839652Z INFO  main 
    std: : [0.18665192786328372]
    ave: : [0.01617421481867083]
    min: : [-1.0813333333333333]
    max: : [1.392]
    n: 1921
    n_valid: : [1921]
    dt_original: : [2000000000]
2026-10-06T15:26:33.110568Z INFO  main Plotting 'Sullivan' data for event '2015-03-17'
2026-10-06T15:26:33.113579Z INFO  main   Plotting 'Sullivan/GIC/measured/TVA' original vs. modified data for event '2015-03-17'
2026-10-06T15:26:35.901070Z INFO  main     Writing C:\Users\lwilker\Documents\GitHub\SWERVE-data\data_processed/2015-03-17/sites/sullivan/figures\original\GIC_measured_TVA.png
2026-10-06T15:26:36.429307Z INFO  main     Writing C:\Users\lwilker\Documents\GitHub\SWERVE-data\data_processed/2015-03-17/sites/sullivan/figures\original\GIC_measured_TVA.pdf
2026-10-06T15:26:38.396449Z INFO  main Reading 'Sullivan' data for event '2015-06-22'
2026-10-06T15:26:38.400464Z INFO  main   Reading 'GIC/measured/TVA' data for event '2015-06-22'
2026-10-06T15:26:38.406487Z INFO  main     Reading C:\Users\lwilker\Documents\GitHub\SWERVE-data\data_original\tva\2015-06-22\gic\GIC-measured\gic-sullivan_20150622.csv
2026-10-06T15:26:38.910646Z INFO  main     Running automated error checks on GIC measured data
2026-10-06T15:26:42.347556Z INFO  main     Uniq dts [ns] = [ 2000000000  4000000000 52000000000 56000000000]
2026-10-06T15:26:42.347556Z INFO  main     Uniq dts [#]  = 4
2026-10-06T15:26:42.395392Z INFO  main     
Resample to 1m aves and NaN pad or trim to start/stop.
2026-10-06T15:26:42.489891Z INFO  main     Writing C:\Users\lwilker\Documents\GitHub\SWERVE-data\data_processed\2015-06-22\sites\sullivan\data\GIC_measured_TVA.pkl
2026-10-06T15:26:42.562862Z INFO  main   Writing C:\Users\lwilker\Documents\GitHub\SWERVE-data\data_processed\2015-06-22\sites\sullivan\data\_all.pkl
2026-10-06T15:26:42.653287Z INFO  main Computing stats for 'Sullivan' data
2026-10-06T15:26:42.738581Z INFO  main   Uniq dts [ns] = [ 2000000000  4000000000  6000000000 52000000000 54000000000 56000000000
 60000000000]
2026-10-06T15:26:42.739583Z INFO  main   Uniq dts [#]  = 7
2026-10-06T15:26:42.739583Z INFO  main   Stats for GIC/measured/TVA:
2026-10-06T15:26:42.739583Z INFO  main 
    std: : [0.16891163311065846]
    ave: : [-0.0065519766313513845]
    min: : [-0.9046666666666667]
    max: : [1.1766666666666665]
    n: 1981
    n_valid: : [1981]
    dt_original: : [2000000000 nanoseconds, 4000000000 nanoseconds, ..., 56000000000 nanoseconds, 60000000000 nanoseconds] (7 elements)
2026-10-06T15:26:42.739583Z INFO  main Plotting 'Sullivan' data for event '2015-06-22'
2026-10-06T15:26:42.739583Z INFO  main   Plotting 'Sullivan/GIC/measured/TVA' original vs. modified data for event '2015-06-22'
2026-10-06T15:26:44.734162Z INFO  main     Writing C:\Users\lwilker\Documents\GitHub\SWERVE-data\data_processed/2015-06-22/sites/sullivan/figures\original\GIC_measured_TVA.png
2026-10-06T15:26:45.264993Z INFO  main     Writing C:\Users\lwilker\Documents\GitHub\SWERVE-data\data_processed/2015-06-22/sites/sullivan/figures\original\GIC_measured_TVA.pdf
2026-10-06T15:26:45.400988Z INFO  main Reading 'Sullivan' data for event '2014-09-11'
2026-10-06T15:26:45.416842Z INFO  main   Reading 'GIC/measured/TVA' data for event '2014-09-11'
2026-10-06T15:26:45.421114Z INFO  main     Reading C:\Users\lwilker\Documents\GitHub\SWERVE-data\data_original\tva\2014-09-11\gic\GIC-measured\gic-sullivan_20140911.csv
2026-10-06T15:32:10.876497Z INFO  main Reading 'Sullivan' data for event '2015-03-17'
2026-10-06T15:32:10.878509Z INFO  main   Reading 'GIC/measured/TVA' data for event '2015-03-17'
2026-10-06T15:32:10.881837Z INFO  main     Reading C:\Users\lwilker\Documents\GitHub\SWERVE-data\data_original\tva\2015-03-17\gic\GIC-measured\gic-sullivan_20150317.csv
2026-10-06T15:32:11.469722Z INFO  main     Running automated error checks on GIC measured data
2026-10-06T15:32:14.810791Z INFO  main     Uniq dts [ns] = [2000000000]
2026-10-06T15:32:14.810791Z INFO  main     Uniq dts [#]  = 1
2026-10-06T15:32:14.858146Z INFO  main     
Resample to 1m aves and NaN pad or trim to start/stop.
2026-10-06T15:32:14.965868Z INFO  main     Writing C:\Users\lwilker\Documents\GitHub\SWERVE-data\data_processed\2015-03-17\sites\sullivan\data\GIC_measured_TVA.pkl
2026-10-06T15:32:15.058605Z INFO  main   Writing C:\Users\lwilker\Documents\GitHub\SWERVE-data\data_processed\2015-03-17\sites\sullivan\data\_all.pkl
2026-10-06T15:32:15.116429Z INFO  main Computing stats for 'Sullivan' data
2026-10-06T15:32:15.192505Z INFO  main   Uniq dts [ns] = [2000000000]
2026-10-06T15:32:15.192505Z INFO  main   Uniq dts [#]  = 1
2026-10-06T15:32:15.192505Z INFO  main   Stats for GIC/measured/TVA:
2026-10-06T15:32:15.192505Z INFO  main 
    std: : [0.18665192786328372]
    ave: : [0.01617421481867083]
    min: : [-1.0813333333333333]
    max: : [1.392]
    n: 1921
    n_valid: : [1921]
    dt_original: : [2000000000]
2026-10-06T15:32:15.456884Z INFO  main Plotting 'Sullivan' data for event '2015-03-17'
2026-10-06T15:32:15.456884Z INFO  main   Plotting 'Sullivan/GIC/measured/TVA' original vs. modified data for event '2015-03-17'
2026-10-06T15:32:17.548822Z INFO  main     Writing C:\Users\lwilker\Documents\GitHub\SWERVE-data\data_processed/2015-03-17/sites/sullivan/figures\original\GIC_measured_TVA.png
2026-10-06T15:32:18.092621Z INFO  main     Writing C:\Users\lwilker\Documents\GitHub\SWERVE-data\data_processed/2015-03-17/sites/sullivan/figures\original\GIC_measured_TVA.pdf
2026-10-06T15:32:18.348246Z INFO  main Reading 'Sullivan' data for event '2015-06-22'
2026-10-06T15:32:18.351115Z INFO  main   Reading 'GIC/measured/TVA' data for event '2015-06-22'
2026-10-06T15:32:18.353519Z INFO  main     Reading C:\Users\lwilker\Documents\GitHub\SWERVE-data\data_original\tva\2015-06-22\gic\GIC-measured\gic-sullivan_20150622.csv
2026-10-06T15:32:18.857094Z INFO  main     Running automated error checks on GIC measured data
2026-10-06T15:32:22.359830Z INFO  main     Uniq dts [ns] = [ 2000000000  4000000000 52000000000 56000000000]
2026-10-06T15:32:22.359830Z INFO  main     Uniq dts [#]  = 4
2026-10-06T15:32:22.404664Z INFO  main     
Resample to 1m aves and NaN pad or trim to start/stop.
2026-10-06T15:32:22.510031Z INFO  main     Writing C:\Users\lwilker\Documents\GitHub\SWERVE-data\data_processed\2015-06-22\sites\sullivan\data\GIC_measured_TVA.pkl
2026-10-06T15:32:22.586789Z INFO  main   Writing C:\Users\lwilker\Documents\GitHub\SWERVE-data\data_processed\2015-06-22\sites\sullivan\data\_all.pkl
2026-10-06T15:32:22.649103Z INFO  main Computing stats for 'Sullivan' data
2026-10-06T15:32:22.727603Z INFO  main   Uniq dts [ns] = [ 2000000000  4000000000  6000000000 52000000000 54000000000 56000000000
 60000000000]
2026-10-06T15:32:22.727603Z INFO  main   Uniq dts [#]  = 7
2026-10-06T15:32:22.727603Z INFO  main   Stats for GIC/measured/TVA:
2026-10-06T15:32:22.727603Z INFO  main 
    std: : [0.16891163311065846]
    ave: : [-0.0065519766313513845]
    min: : [-0.9046666666666667]
    max: : [1.1766666666666665]
    n: 1981
    n_valid: : [1981]
    dt_original: : [2000000000 nanoseconds, 4000000000 nanoseconds, ..., 56000000000 nanoseconds, 60000000000 nanoseconds] (7 elements)
2026-10-06T15:32:22.727603Z INFO  main Plotting 'Sullivan' data for event '2015-06-22'
2026-10-06T15:32:22.727603Z INFO  main   Plotting 'Sullivan/GIC/measured/TVA' original vs. modified data for event '2015-06-22'
2026-10-06T15:32:24.625257Z INFO  main     Writing C:\Users\lwilker\Documents\GitHub\SWERVE-data\data_processed/2015-06-22/sites/sullivan/figures\original\GIC_measured_TVA.png
2026-10-06T15:32:25.190974Z INFO  main     Writing C:\Users\lwilker\Documents\GitHub\SWERVE-data\data_processed/2015-06-22/sites/sullivan/figures\original\GIC_measured_TVA.pdf
2026-10-06T15:32:25.324917Z INFO  main Reading 'Sullivan' data for event '2014-09-11'
2026-10-06T15:32:25.324917Z INFO  main   Reading 'GIC/measured/TVA' data for event '2014-09-11'
2026-10-06T15:32:25.330439Z INFO  main     Reading C:\Users\lwilker\Documents\GitHub\SWERVE-data\data_original\tva\2014-09-11\gic\GIC-measured\gic-sullivan_20140911.csv
2026-10-06T15:36:44.964720Z INFO  main Reading 'Sullivan' data for event '2015-03-17'
2026-10-06T15:36:44.972080Z INFO  main   Reading 'GIC/measured/TVA' data for event '2015-03-17'
2026-10-06T15:36:44.975092Z INFO  main     Reading C:\Users\lwilker\Documents\GitHub\SWERVE-data\data_original\tva\2015-03-17\gic\GIC-measured\gic-sullivan_20150317.csv
2026-10-06T15:36:45.447028Z INFO  main     Running automated error checks on GIC measured data
2026-10-06T15:36:48.667886Z INFO  main     Uniq dts [ns] = [2000000000]
2026-10-06T15:36:48.667886Z INFO  main     Uniq dts [#]  = 1
2026-10-06T15:36:48.711088Z INFO  main     
Resample to 1m aves and NaN pad or trim to start/stop.
2026-10-06T15:36:48.820711Z INFO  main     Writing C:\Users\lwilker\Documents\GitHub\SWERVE-data\data_processed\2015-03-17\sites\sullivan\data\GIC_measured_TVA.pkl
2026-10-06T15:36:48.925837Z INFO  main   Writing C:\Users\lwilker\Documents\GitHub\SWERVE-data\data_processed\2015-03-17\sites\sullivan\data\_all.pkl
2026-10-06T15:36:48.997664Z INFO  main Computing stats for 'Sullivan' data
2026-10-06T15:36:49.086422Z INFO  main   Uniq dts [ns] = [2000000000]
2026-10-06T15:36:49.086422Z INFO  main   Uniq dts [#]  = 1
2026-10-06T15:36:49.086422Z INFO  main   Stats for GIC/measured/TVA:
2026-10-06T15:36:49.086422Z INFO  main 
    std: : [0.18665192786328372]
    ave: : [0.01617421481867083]
    min: : [-1.0813333333333333]
    max: : [1.392]
    n: 1921
    n_valid: : [1921]
    dt_original: : [2000000000]
2026-10-06T15:36:49.320591Z INFO  main Plotting 'Sullivan' data for event '2015-03-17'
2026-10-06T15:36:49.320591Z INFO  main   Plotting 'Sullivan/GIC/measured/TVA' original vs. modified data for event '2015-03-17'
2026-10-06T15:36:51.443064Z INFO  main     Writing C:\Users\lwilker\Documents\GitHub\SWERVE-data\data_processed/2015-03-17/sites/sullivan/figures\original\GIC_measured_TVA.png
2026-10-06T15:36:52.001620Z INFO  main     Writing C:\Users\lwilker\Documents\GitHub\SWERVE-data\data_processed/2015-03-17/sites/sullivan/figures\original\GIC_measured_TVA.pdf
2026-10-06T15:36:52.286645Z INFO  main Reading 'Sullivan' data for event '2015-06-22'
2026-10-06T15:36:52.288652Z INFO  main   Reading 'GIC/measured/TVA' data for event '2015-06-22'
2026-10-06T15:36:52.292206Z INFO  main     Reading C:\Users\lwilker\Documents\GitHub\SWERVE-data\data_original\tva\2015-06-22\gic\GIC-measured\gic-sullivan_20150622.csv
2026-10-06T15:36:52.754467Z INFO  main     Running automated error checks on GIC measured data
2026-10-06T15:36:56.126924Z INFO  main     Uniq dts [ns] = [ 2000000000  4000000000 52000000000 56000000000]
2026-10-06T15:36:56.127772Z INFO  main     Uniq dts [#]  = 4
2026-10-06T15:36:56.173353Z INFO  main     
Resample to 1m aves and NaN pad or trim to start/stop.
2026-10-06T15:36:56.270160Z INFO  main     Writing C:\Users\lwilker\Documents\GitHub\SWERVE-data\data_processed\2015-06-22\sites\sullivan\data\GIC_measured_TVA.pkl
2026-10-06T15:36:56.361201Z INFO  main   Writing C:\Users\lwilker\Documents\GitHub\SWERVE-data\data_processed\2015-06-22\sites\sullivan\data\_all.pkl
2026-10-06T15:36:56.425593Z INFO  main Computing stats for 'Sullivan' data
2026-10-06T15:36:56.497674Z INFO  main   Uniq dts [ns] = [ 2000000000  4000000000  6000000000 52000000000 54000000000 56000000000
 60000000000]
2026-10-06T15:36:56.497674Z INFO  main   Uniq dts [#]  = 7
2026-10-06T15:36:56.498676Z INFO  main   Stats for GIC/measured/TVA:
2026-10-06T15:36:56.498676Z INFO  main 
    std: : [0.16891163311065846]
    ave: : [-0.0065519766313513845]
    min: : [-0.9046666666666667]
    max: : [1.1766666666666665]
    n: 1981
    n_valid: : [1981]
    dt_original: : [2000000000 nanoseconds, 4000000000 nanoseconds, ..., 56000000000 nanoseconds, 60000000000 nanoseconds] (7 elements)
2026-10-06T15:36:56.499680Z INFO  main Plotting 'Sullivan' data for event '2015-06-22'
2026-10-06T15:36:56.501681Z INFO  main   Plotting 'Sullivan/GIC/measured/TVA' original vs. modified data for event '2015-06-22'
2026-10-06T15:36:58.365843Z INFO  main     Writing C:\Users\lwilker\Documents\GitHub\SWERVE-data\data_processed/2015-06-22/sites/sullivan/figures\original\GIC_measured_TVA.png
2026-10-06T15:36:58.957220Z INFO  main     Writing C:\Users\lwilker\Documents\GitHub\SWERVE-data\data_processed/2015-06-22/sites/sullivan/figures\original\GIC_measured_TVA.pdf
2026-10-06T15:36:59.093812Z INFO  main Reading 'Sullivan' data for event '2014-09-11'
2026-10-06T15:36:59.093812Z INFO  main   Reading 'GIC/measured/TVA' data for event '2014-09-11'
2026-10-06T15:36:59.098453Z INFO  main     Reading C:\Users\lwilker\Documents\GitHub\SWERVE-data\data_original\tva\2014-09-11\gic\GIC-measured\gic-sullivan_20140911.csv
2026-10-06T15:41:19.343089Z INFO  main Reading 'Sullivan' data for event '2015-03-17'
2026-10-06T15:41:19.350450Z INFO  main   Reading 'GIC/measured/TVA' data for event '2015-03-17'
2026-10-06T15:41:19.352454Z INFO  main     Reading C:\Users\lwilker\Documents\GitHub\SWERVE-data\data_original\tva\2015-03-17\gic\GIC-measured\gic-sullivan_20150317.csv
2026-10-06T15:41:20.579856Z INFO  main     Running automated error checks on GIC measured data
2026-10-06T15:41:23.997079Z INFO  main     Uniq dts [ns] = [2000000000]
2026-10-06T15:41:23.997079Z INFO  main     Uniq dts [#]  = 1
2026-10-06T15:41:24.042328Z INFO  main     
Resample to 1m aves and NaN pad or trim to start/stop.
2026-10-06T15:41:24.149053Z INFO  main     Writing C:\Users\lwilker\Documents\GitHub\SWERVE-data\data_processed\2015-03-17\sites\sullivan\data\GIC_measured_TVA.pkl
2026-10-06T15:41:24.268751Z INFO  main   Writing C:\Users\lwilker\Documents\GitHub\SWERVE-data\data_processed\2015-03-17\sites\sullivan\data\_all.pkl
2026-10-06T15:41:24.317416Z INFO  main Computing stats for 'Sullivan' data
2026-10-06T15:41:24.399234Z INFO  main   Uniq dts [ns] = [2000000000]
2026-10-06T15:41:24.399234Z INFO  main   Uniq dts [#]  = 1
2026-10-06T15:41:24.399234Z INFO  main   Stats for GIC/measured/TVA:
2026-10-06T15:41:24.414934Z INFO  main 
    std: : [0.18665192786328372]
    ave: : [0.01617421481867083]
    min: : [-1.0813333333333333]
    max: : [1.392]
    n: 1921
    n_valid: : [1921]
    dt_original: : [2000000000]
2026-10-06T15:41:24.827469Z INFO  main Plotting 'Sullivan' data for event '2015-03-17'
2026-10-06T15:41:24.827469Z INFO  main   Plotting 'Sullivan/GIC/measured/TVA' original vs. modified data for event '2015-03-17'
2026-10-06T15:41:27.065517Z INFO  main     Writing C:\Users\lwilker\Documents\GitHub\SWERVE-data\data_processed/2015-03-17/sites/sullivan/figures\original\GIC_measured_TVA.png
2026-10-06T15:41:27.681350Z INFO  main     Writing C:\Users\lwilker\Documents\GitHub\SWERVE-data\data_processed/2015-03-17/sites/sullivan/figures\original\GIC_measured_TVA.pdf
2026-10-06T15:41:27.992608Z INFO  main Reading 'Sullivan' data for event '2015-06-22'
2026-10-06T15:41:27.995033Z INFO  main   Reading 'GIC/measured/TVA' data for event '2015-06-22'
2026-10-06T15:41:27.995033Z INFO  main     Reading C:\Users\lwilker\Documents\GitHub\SWERVE-data\data_original\tva\2015-06-22\gic\GIC-measured\gic-sullivan_20150622.csv
2026-10-06T15:41:29.330081Z INFO  main     Running automated error checks on GIC measured data
2026-10-06T15:41:33.031519Z INFO  main     Uniq dts [ns] = [ 2000000000  4000000000 52000000000 56000000000]
2026-10-06T15:41:33.031519Z INFO  main     Uniq dts [#]  = 4
2026-10-06T15:41:33.075055Z INFO  main     
Resample to 1m aves and NaN pad or trim to start/stop.
2026-10-06T15:41:33.185665Z INFO  main     Writing C:\Users\lwilker\Documents\GitHub\SWERVE-data\data_processed\2015-06-22\sites\sullivan\data\GIC_measured_TVA.pkl
2026-10-06T15:41:33.257652Z INFO  main   Writing C:\Users\lwilker\Documents\GitHub\SWERVE-data\data_processed\2015-06-22\sites\sullivan\data\_all.pkl
2026-10-06T15:41:33.317266Z INFO  main Computing stats for 'Sullivan' data
2026-10-06T15:41:33.392128Z INFO  main   Uniq dts [ns] = [ 2000000000  4000000000  6000000000 52000000000 54000000000 56000000000
 60000000000]
2026-10-06T15:41:33.392128Z INFO  main   Uniq dts [#]  = 7
2026-10-06T15:41:33.392128Z INFO  main   Stats for GIC/measured/TVA:
2026-10-06T15:41:33.392128Z INFO  main 
    std: : [0.16891163311065846]
    ave: : [-0.0065519766313513845]
    min: : [-0.9046666666666667]
    max: : [1.1766666666666665]
    n: 1981
    n_valid: : [1981]
    dt_original: : [2000000000 nanoseconds, 4000000000 nanoseconds, ..., 56000000000 nanoseconds, 60000000000 nanoseconds] (7 elements)
2026-10-06T15:41:33.392128Z INFO  main Plotting 'Sullivan' data for event '2015-06-22'
2026-10-06T15:41:33.398463Z INFO  main   Plotting 'Sullivan/GIC/measured/TVA' original vs. modified data for event '2015-06-22'
2026-10-06T15:41:35.599894Z INFO  main     Writing C:\Users\lwilker\Documents\GitHub\SWERVE-data\data_processed/2015-06-22/sites/sullivan/figures\original\GIC_measured_TVA.png
2026-10-06T15:41:36.216889Z INFO  main     Writing C:\Users\lwilker\Documents\GitHub\SWERVE-data\data_processed/2015-06-22/sites/sullivan/figures\original\GIC_measured_TVA.pdf
2026-10-06T15:41:36.361295Z INFO  main Reading 'Sullivan' data for event '2014-09-11'
2026-10-06T15:41:36.364302Z INFO  main   Reading 'GIC/measured/TVA' data for event '2014-09-11'
2026-10-06T15:41:36.366327Z INFO  main     Reading C:\Users\lwilker\Documents\GitHub\SWERVE-data\data_original\tva\2014-09-11\gic\GIC-measured\gic-sullivan_20140911.csv
2026-10-06T15:45:11.343952Z INFO  main Reading 'Sullivan' data for event '2015-03-17'
2026-10-06T15:45:11.346632Z INFO  main   Reading 'GIC/measured/TVA' data for event '2015-03-17'
2026-10-06T15:45:11.348906Z INFO  main     Reading C:\Users\lwilker\Documents\GitHub\SWERVE-data\data_original\tva\2015-03-17\gic\GIC-measured\gic-sullivan_20150317.csv
2026-10-06T15:45:12.613098Z INFO  main     Running automated error checks on GIC measured data
2026-10-06T15:45:16.223766Z INFO  main     Uniq dts [ns] = [2000000000]
2026-10-06T15:45:16.225783Z INFO  main     Uniq dts [#]  = 1
2026-10-06T15:45:16.285666Z INFO  main     
Resample to 1m aves and NaN pad or trim to start/stop.
2026-10-06T15:45:16.423742Z INFO  main     Writing C:\Users\lwilker\Documents\GitHub\SWERVE-data\data_processed\2015-03-17\sites\sullivan\data\GIC_measured_TVA.pkl
2026-10-06T15:45:16.542133Z INFO  main   Writing C:\Users\lwilker\Documents\GitHub\SWERVE-data\data_processed\2015-03-17\sites\sullivan\data\_all.pkl
2026-10-06T15:45:16.620689Z INFO  main Computing stats for 'Sullivan' data
2026-10-06T15:45:16.725153Z INFO  main   Uniq dts [ns] = [2000000000]
2026-10-06T15:45:16.725153Z INFO  main   Uniq dts [#]  = 1
2026-10-06T15:45:16.725153Z INFO  main   Stats for GIC/measured/TVA:
2026-10-06T15:45:16.725153Z INFO  main 
    std: : [0.18665192786328372]
    ave: : [0.01617421481867083]
    min: : [-1.0813333333333333]
    max: : [1.392]
    n: 1921
    n_valid: : [1921]
    dt_original: : [2000000000]
2026-10-06T15:45:17.034386Z INFO  main Plotting 'Sullivan' data for event '2015-03-17'
2026-10-06T15:45:17.034386Z INFO  main   Plotting 'Sullivan/GIC/measured/TVA' original vs. modified data for event '2015-03-17'
2026-10-06T15:45:19.273175Z INFO  main     Writing C:\Users\lwilker\Documents\GitHub\SWERVE-data\data_processed/2015-03-17/sites/sullivan/figures\original\GIC_measured_TVA.png
2026-10-06T15:45:19.857784Z INFO  main     Writing C:\Users\lwilker\Documents\GitHub\SWERVE-data\data_processed/2015-03-17/sites/sullivan/figures\original\GIC_measured_TVA.pdf
2026-10-06T15:45:20.090524Z INFO  main Reading 'Sullivan' data for event '2015-06-22'
2026-10-06T15:45:20.094089Z INFO  main   Reading 'GIC/measured/TVA' data for event '2015-06-22'
2026-10-06T15:45:20.096028Z INFO  main     Reading C:\Users\lwilker\Documents\GitHub\SWERVE-data\data_original\tva\2015-06-22\gic\GIC-measured\gic-sullivan_20150622.csv
2026-10-06T15:45:21.460744Z INFO  main     Running automated error checks on GIC measured data
2026-10-06T15:45:25.079454Z INFO  main     Uniq dts [ns] = [ 2000000000  4000000000 52000000000 56000000000]
2026-10-06T15:45:25.080457Z INFO  main     Uniq dts [#]  = 4
2026-10-06T15:45:25.118814Z INFO  main     
Resample to 1m aves and NaN pad or trim to start/stop.
2026-10-06T15:45:25.227934Z INFO  main     Writing C:\Users\lwilker\Documents\GitHub\SWERVE-data\data_processed\2015-06-22\sites\sullivan\data\GIC_measured_TVA.pkl
2026-10-06T15:45:25.295375Z INFO  main   Writing C:\Users\lwilker\Documents\GitHub\SWERVE-data\data_processed\2015-06-22\sites\sullivan\data\_all.pkl
2026-10-06T15:45:25.368697Z INFO  main Computing stats for 'Sullivan' data
2026-10-06T15:45:25.452102Z INFO  main   Uniq dts [ns] = [ 2000000000  4000000000  6000000000 52000000000 54000000000 56000000000
 60000000000]
2026-10-06T15:45:25.452660Z INFO  main   Uniq dts [#]  = 7
2026-10-06T15:45:25.452660Z INFO  main   Stats for GIC/measured/TVA:
2026-10-06T15:45:25.452660Z INFO  main 
    std: : [0.16891163311065846]
    ave: : [-0.0065519766313513845]
    min: : [-0.9046666666666667]
    max: : [1.1766666666666665]
    n: 1981
    n_valid: : [1981]
    dt_original: : [2000000000 nanoseconds, 4000000000 nanoseconds, ..., 56000000000 nanoseconds, 60000000000 nanoseconds] (7 elements)
2026-10-06T15:45:25.453679Z INFO  main Plotting 'Sullivan' data for event '2015-06-22'
2026-10-06T15:45:25.457672Z INFO  main   Plotting 'Sullivan/GIC/measured/TVA' original vs. modified data for event '2015-06-22'
2026-10-06T15:45:27.529273Z INFO  main     Writing C:\Users\lwilker\Documents\GitHub\SWERVE-data\data_processed/2015-06-22/sites/sullivan/figures\original\GIC_measured_TVA.png
2026-10-06T15:45:28.146646Z INFO  main     Writing C:\Users\lwilker\Documents\GitHub\SWERVE-data\data_processed/2015-06-22/sites/sullivan/figures\original\GIC_measured_TVA.pdf
2026-10-06T15:45:28.296842Z INFO  main Reading 'Sullivan' data for event '2014-09-11'
2026-10-06T15:45:28.296842Z INFO  main   Reading 'GIC/measured/TVA' data for event '2014-09-11'
2026-10-06T15:45:28.308705Z INFO  main     Reading C:\Users\lwilker\Documents\GitHub\SWERVE-data\data_original\tva\2014-09-11\gic\GIC-measured\gic-sullivan_20140911.csv
2026-10-06T15:45:30.273142Z INFO  main     Running automated error checks on GIC measured data
2026-10-06T15:45:35.551162Z INFO  main     Uniq dts [ns] = [2000000000]
2026-10-06T15:45:35.551162Z INFO  main     Uniq dts [#]  = 1
2026-10-06T15:45:35.643438Z INFO  main     
Resample to 1m aves and NaN pad or trim to start/stop.
2026-10-06T15:45:35.791239Z INFO  main     Writing C:\Users\lwilker\Documents\GitHub\SWERVE-data\data_processed\2014-09-11\sites\sullivan\data\GIC_measured_TVA.pkl
2026-10-06T15:45:35.925975Z INFO  main   Writing C:\Users\lwilker\Documents\GitHub\SWERVE-data\data_processed\2014-09-11\sites\sullivan\data\_all.pkl
2026-10-06T15:45:36.042158Z INFO  main Computing stats for 'Sullivan' data
2026-10-06T15:45:36.174382Z INFO  main   Uniq dts [ns] = [2000000000]
2026-10-06T15:45:36.190045Z INFO  main   Uniq dts [#]  = 1
2026-10-06T15:45:36.190045Z INFO  main   Stats for GIC/measured/TVA:
2026-10-06T15:45:36.190045Z INFO  main 
    std: : [0.13292733859010353]
    ave: : [0.9790503369005151]
    min: : [0.7230000000000001]
    max: : [1.275]
    n: 841
    n_valid: : [841]
    dt_original: : [2000000000]
2026-10-06T15:45:36.190045Z INFO  main Plotting 'Sullivan' data for event '2014-09-11'
2026-10-06T15:45:36.190045Z INFO  main   Plotting 'Sullivan/GIC/measured/TVA' original vs. modified data for event '2014-09-11'
2026-10-06T15:45:38.111570Z INFO  main     Writing C:\Users\lwilker\Documents\GitHub\SWERVE-data\data_processed/2014-09-11/sites/sullivan/figures\original\GIC_measured_TVA.png
2026-10-06T15:45:38.652816Z INFO  main     Writing C:\Users\lwilker\Documents\GitHub\SWERVE-data\data_processed/2014-09-11/sites/sullivan/figures\original\GIC_measured_TVA.pdf
2026-10-06T15:45:38.787553Z INFO  main Reading 'Sullivan' data for event '2023-03-23'
2026-10-06T15:45:38.787553Z INFO  main   Reading 'GIC/measured/TVA' data for event '2023-03-23'
2026-10-06T15:45:38.787553Z INFO  main     Reading C:\Users\lwilker\Documents\GitHub\SWERVE-data\data_original\tva\2023-03-23\gic\GIC-measured\gic-sullivan_20230323.csv
2026-10-06T15:45:41.404166Z INFO  main     Running automated error checks on GIC measured data
2026-10-06T15:45:48.259617Z INFO  main     Uniq dts [ns] = [1000000000 2000000000]
2026-10-06T15:45:48.259617Z INFO  main     Uniq dts [#]  = 2
2026-10-06T15:45:48.426891Z INFO  main     
Resample to 1m aves and NaN pad or trim to start/stop.
2026-10-06T15:45:48.643868Z INFO  main     Writing C:\Users\lwilker\Documents\GitHub\SWERVE-data\data_processed\2023-03-23\sites\sullivan\data\GIC_measured_TVA.pkl
2026-10-06T15:45:48.828356Z INFO  main   Writing C:\Users\lwilker\Documents\GitHub\SWERVE-data\data_processed\2023-03-23\sites\sullivan\data\_all.pkl
2026-10-06T15:45:49.019547Z INFO  main Computing stats for 'Sullivan' data
2026-10-06T15:45:49.179612Z INFO  main   Uniq dts [ns] = [1000000000 2000000000]
2026-10-06T15:45:49.179612Z INFO  main   Uniq dts [#]  = 2
2026-10-06T15:45:49.179612Z INFO  main   Stats for GIC/measured/TVA:
2026-10-06T15:45:49.179612Z INFO  main 
    std: : [0.21508051630497274]
    ave: : [0.0010782853234019923]
    min: : [-1.6583333333333334]
    max: : [1.3428333333333335]
    n: 1561
    n_valid: : [1561]
    dt_original: : [1000000000, 2000000000]
2026-10-06T15:45:49.179612Z INFO  main Plotting 'Sullivan' data for event '2023-03-23'
2026-10-06T15:45:49.179612Z INFO  main   Plotting 'Sullivan/GIC/measured/TVA' original vs. modified data for event '2023-03-23'
2026-10-06T15:45:51.533986Z INFO  main     Writing C:\Users\lwilker\Documents\GitHub\SWERVE-data\data_processed/2023-03-23/sites/sullivan/figures\original\GIC_measured_TVA.png
2026-10-06T15:45:52.082385Z INFO  main     Writing C:\Users\lwilker\Documents\GitHub\SWERVE-data\data_processed/2023-03-23/sites/sullivan/figures\original\GIC_measured_TVA.pdf
2026-10-06T15:45:52.229808Z INFO  main Reading 'Sullivan' data for event '2024-05-10'
2026-10-06T15:45:52.229808Z INFO  main   Reading 'GIC/measured/TVA' data for event '2024-05-10'
2026-10-06T15:45:52.236058Z INFO  main     Reading C:\Users\lwilker\Documents\GitHub\SWERVE-data\data_original\tva\2024-05-10\gic\GIC-measured\gic-sullivan_20240510.csv
2026-10-06T15:45:55.997691Z INFO  main     Running automated error checks on GIC measured data
2026-10-06T15:46:06.046774Z INFO  main     Uniq dts [ns] = [1000000000 2000000000]
2026-10-06T15:46:06.047300Z INFO  main     Uniq dts [#]  = 2
2026-10-06T15:46:06.217269Z INFO  main     
Resample to 1m aves and NaN pad or trim to start/stop.
2026-10-06T15:46:06.498979Z INFO  main     Writing C:\Users\lwilker\Documents\GitHub\SWERVE-data\data_processed\2024-05-10\sites\sullivan\data\GIC_measured_TVA.pkl
2026-10-06T15:46:06.793293Z INFO  main   Writing C:\Users\lwilker\Documents\GitHub\SWERVE-data\data_processed\2024-05-10\sites\sullivan\data\_all.pkl
2026-10-06T15:46:07.136465Z INFO  main Computing stats for 'Sullivan' data
2026-10-06T15:46:07.376008Z INFO  main   Uniq dts [ns] = [1000000000 2000000000]
2026-10-06T15:46:07.376008Z INFO  main   Uniq dts [#]  = 2
2026-10-06T15:46:07.392062Z INFO  main   Stats for GIC/measured/TVA:
2026-10-06T15:46:07.392062Z INFO  main 
    std: : [0.5740293311610496]
    ave: : [-0.005722380700700126]
    min: : [-5.160833333333333]
    max: : [5.2915]
    n: 2341
    n_valid: : [2341]
    dt_original: : [1000000000, 2000000000]
2026-10-06T15:46:07.392062Z INFO  main Plotting 'Sullivan' data for event '2024-05-10'
2026-10-06T15:46:07.392062Z INFO  main   Plotting 'Sullivan/GIC/measured/TVA' original vs. modified data for event '2024-05-10'
2026-10-06T15:46:09.871558Z INFO  main     Writing C:\Users\lwilker\Documents\GitHub\SWERVE-data\data_processed/2024-05-10/sites/sullivan/figures\original\GIC_measured_TVA.png
2026-10-06T15:46:10.379745Z INFO  main     Writing C:\Users\lwilker\Documents\GitHub\SWERVE-data\data_processed/2024-05-10/sites/sullivan/figures\original\GIC_measured_TVA.pdf
2026-10-06T15:46:10.529695Z INFO  main Reading 'Sullivan' data for event '2015-10-07'
2026-10-06T15:46:10.529695Z INFO  main   Reading 'GIC/measured/TVA' data for event '2015-10-07'
2026-10-06T15:46:10.549610Z INFO  main     Reading C:\Users\lwilker\Documents\GitHub\SWERVE-data\data_original\tva\2015-10-07\gic\GIC-measured\gic-sullivan_20151007.csv
2026-10-06T15:46:11.946058Z INFO  main     Running automated error checks on GIC measured data
2026-10-06T15:46:15.323910Z INFO  main     Uniq dts [ns] = [ 2000000000  4000000000  8000000000 10000000000 14000000000 22000000000
 50000000000 56000000000]
2026-10-06T15:46:15.323910Z INFO  main     Uniq dts [#]  = 8
2026-10-06T15:46:15.377597Z INFO  main     
Resample to 1m aves and NaN pad or trim to start/stop.
2026-10-06T15:46:15.496622Z INFO  main     Writing C:\Users\lwilker\Documents\GitHub\SWERVE-data\data_processed\2015-10-07\sites\sullivan\data\GIC_measured_TVA.pkl
2026-10-06T15:46:15.709519Z INFO  main   Writing C:\Users\lwilker\Documents\GitHub\SWERVE-data\data_processed\2015-10-07\sites\sullivan\data\_all.pkl
2026-10-06T15:46:15.791928Z INFO  main Computing stats for 'Sullivan' data
2026-10-06T15:46:15.877353Z INFO  main   Uniq dts [ns] = [ 2000000000  4000000000  6000000000  8000000000 10000000000 14000000000
 22000000000 44000000000 50000000000 56000000000]
2026-10-06T15:46:15.877353Z INFO  main   Uniq dts [#]  = 10
2026-10-06T15:46:15.877353Z INFO  main   Stats for GIC/measured/TVA:
2026-10-06T15:46:15.877353Z INFO  main 
    std: : [0.23808912093989384]
    ave: : [0.038000575399769254]
    min: : [-0.928]
    max: : [0.923]
    n: 1741
    n_valid: : [1741]
    dt_original: : [2000000000 nanoseconds, 4000000000 nanoseconds, ..., 50000000000 nanoseconds, 56000000000 nanoseconds] (10 elements)
2026-10-06T15:46:15.877353Z INFO  main Plotting 'Sullivan' data for event '2015-10-07'
2026-10-06T15:46:15.888009Z INFO  main   Plotting 'Sullivan/GIC/measured/TVA' original vs. modified data for event '2015-10-07'
2026-10-06T15:46:18.097743Z INFO  main     Writing C:\Users\lwilker\Documents\GitHub\SWERVE-data\data_processed/2015-10-07/sites/sullivan/figures\original\GIC_measured_TVA.png
2026-10-06T15:46:18.767416Z INFO  main     Writing C:\Users\lwilker\Documents\GitHub\SWERVE-data\data_processed/2015-10-07/sites/sullivan/figures\original\GIC_measured_TVA.pdf
2026-10-06T15:46:18.904262Z INFO  main Reading 'Bradley' data for event '2015-03-17'
2026-10-06T15:46:18.908371Z INFO  main   Reading 'GIC/measured/TVA' data for event '2015-03-17'
2026-10-06T15:46:18.913215Z INFO  main     Reading C:\Users\lwilker\Documents\GitHub\SWERVE-data\data_original\tva\2015-03-17\gic\GIC-measured\gic-bradley_20150317.csv
2026-10-06T15:46:20.244939Z INFO  main     Running automated error checks on GIC measured data
2026-10-06T15:46:23.728608Z INFO  main     Uniq dts [ns] = [2000000000]
2026-10-06T15:46:23.728608Z INFO  main     Uniq dts [#]  = 1
2026-10-06T15:46:23.786801Z INFO  main     
Resample to 1m aves and NaN pad or trim to start/stop.
2026-10-06T15:46:23.902921Z INFO  main     Writing C:\Users\lwilker\Documents\GitHub\SWERVE-data\data_processed\2015-03-17\sites\bradley\data\GIC_measured_TVA.pkl
2026-10-06T15:46:24.078732Z INFO  main   Writing C:\Users\lwilker\Documents\GitHub\SWERVE-data\data_processed\2015-03-17\sites\bradley\data\_all.pkl
2026-10-06T15:46:24.156263Z INFO  main Computing stats for 'Bradley' data
2026-10-06T15:46:24.252819Z INFO  main   Uniq dts [ns] = [2000000000]
2026-10-06T15:46:24.252819Z INFO  main   Uniq dts [#]  = 1
2026-10-06T15:46:24.252819Z INFO  main   Stats for GIC/measured/TVA:
2026-10-06T15:46:24.252819Z INFO  main 
    std: : [0.41310667289956976]
    ave: : [-0.008641332639250383]
    min: : [-2.353333333333333]
    max: : [2.204333333333333]
    n: 1921
    n_valid: : [1921]
    dt_original: : [2000000000]
2026-10-06T15:46:24.253829Z INFO  main Plotting 'Bradley' data for event '2015-03-17'
2026-10-06T15:46:24.253829Z INFO  main   Plotting 'Bradley/GIC/measured/TVA' original vs. modified data for event '2015-03-17'
2026-10-06T15:46:26.266803Z INFO  main     Writing C:\Users\lwilker\Documents\GitHub\SWERVE-data\data_processed/2015-03-17/sites/bradley/figures\original\GIC_measured_TVA.png
2026-10-06T15:46:26.800377Z INFO  main     Writing C:\Users\lwilker\Documents\GitHub\SWERVE-data\data_processed/2015-03-17/sites/bradley/figures\original\GIC_measured_TVA.pdf
2026-10-06T15:46:26.937249Z INFO  main Reading 'Bradley' data for event '2015-06-22'
2026-10-06T15:46:26.948869Z INFO  main   Reading 'GIC/measured/TVA' data for event '2015-06-22'
2026-10-06T15:46:26.952913Z INFO  main     Reading C:\Users\lwilker\Documents\GitHub\SWERVE-data\data_original\tva\2015-06-22\gic\GIC-measured\gic-bradley_20150622.csv
2026-10-06T15:46:28.304253Z INFO  main     Running automated error checks on GIC measured data
2026-10-06T15:46:31.771626Z INFO  main     Uniq dts [ns] = [ 2000000000 58000000000 60000000000]
2026-10-06T15:46:31.771626Z INFO  main     Uniq dts [#]  = 3
2026-10-06T15:46:31.800834Z INFO  main     
Resample to 1m aves and NaN pad or trim to start/stop.
2026-10-06T15:46:31.918453Z INFO  main     Writing C:\Users\lwilker\Documents\GitHub\SWERVE-data\data_processed\2015-06-22\sites\bradley\data\GIC_measured_TVA.pkl
2026-10-06T15:46:32.109354Z INFO  main   Writing C:\Users\lwilker\Documents\GitHub\SWERVE-data\data_processed\2015-06-22\sites\bradley\data\_all.pkl
2026-10-06T15:46:32.195922Z INFO  main Computing stats for 'Bradley' data
2026-10-06T15:46:32.280761Z INFO  main   Uniq dts [ns] = [ 2000000000 58000000000 60000000000]
2026-10-06T15:46:32.280761Z INFO  main   Uniq dts [#]  = 3
2026-10-06T15:46:32.280761Z INFO  main   Stats for GIC/measured/TVA:
2026-10-06T15:46:32.280761Z INFO  main 
    std: : [0.38278171952798457]
    ave: : [-0.033535098298195544]
    min: : [-1.755]
    max: : [2.3033333333333332]
    n: 1981
    n_valid: : [1981]
    dt_original: : [2000000000, 58000000000, 60000000000]
2026-10-06T15:46:32.280761Z INFO  main Plotting 'Bradley' data for event '2015-06-22'
2026-10-06T15:46:32.296551Z INFO  main   Plotting 'Bradley/GIC/measured/TVA' original vs. modified data for event '2015-06-22'
2026-10-06T15:46:34.312264Z INFO  main     Writing C:\Users\lwilker\Documents\GitHub\SWERVE-data\data_processed/2015-06-22/sites/bradley/figures\original\GIC_measured_TVA.png
2026-10-06T15:46:34.878726Z INFO  main     Writing C:\Users\lwilker\Documents\GitHub\SWERVE-data\data_processed/2015-06-22/sites/bradley/figures\original\GIC_measured_TVA.pdf
2026-10-06T15:46:35.027285Z INFO  main Reading 'Bradley' data for event '2014-09-11'
2026-10-06T15:46:35.027285Z INFO  main   Reading 'GIC/measured/TVA' data for event '2014-09-11'
2026-10-06T15:46:35.036078Z INFO  main     Reading C:\Users\lwilker\Documents\GitHub\SWERVE-data\data_original\tva\2014-09-11\gic\GIC-measured\gic-bradley_20140911.csv
2026-10-06T15:46:36.916516Z INFO  main     Running automated error checks on GIC measured data
2026-10-06T15:46:42.016568Z INFO  main     Uniq dts [ns] = [2000000000]
2026-10-06T15:46:42.016568Z INFO  main     Uniq dts [#]  = 1
2026-10-06T15:46:42.133249Z INFO  main     
Resample to 1m aves and NaN pad or trim to start/stop.
2026-10-06T15:46:42.269189Z INFO  main     Writing C:\Users\lwilker\Documents\GitHub\SWERVE-data\data_processed\2014-09-11\sites\bradley\data\GIC_measured_TVA.pkl
2026-10-06T15:46:42.386943Z INFO  main   Writing C:\Users\lwilker\Documents\GitHub\SWERVE-data\data_processed\2014-09-11\sites\bradley\data\_all.pkl
2026-10-06T15:46:42.503512Z INFO  main Computing stats for 'Bradley' data
2026-10-06T15:46:42.635720Z INFO  main   Uniq dts [ns] = [2000000000 4000000000 6000000000]
2026-10-06T15:46:42.635720Z INFO  main   Uniq dts [#]  = 3
2026-10-06T15:46:42.635720Z INFO  main   Stats for GIC/measured/TVA:
2026-10-06T15:46:42.635720Z INFO  main 
    std: : [0.21813337072666567]
    ave: : [-0.071230677764566]
    min: : [-0.571]
    max: : [0.41500000000000004]
    n: 841
    n_valid: : [841]
    dt_original: : [2000000000, 4000000000, 6000000000]
2026-10-06T15:46:42.635720Z INFO  main Plotting 'Bradley' data for event '2014-09-11'
2026-10-06T15:46:42.649579Z INFO  main   Plotting 'Bradley/GIC/measured/TVA' original vs. modified data for event '2014-09-11'
2026-10-06T15:46:45.038741Z INFO  main     Writing C:\Users\lwilker\Documents\GitHub\SWERVE-data\data_processed/2014-09-11/sites/bradley/figures\original\GIC_measured_TVA.png
2026-10-06T15:46:45.785265Z INFO  main     Writing C:\Users\lwilker\Documents\GitHub\SWERVE-data\data_processed/2014-09-11/sites/bradley/figures\original\GIC_measured_TVA.pdf
2026-10-06T15:46:45.902925Z INFO  main Reading 'Bradley' data for event '2023-03-23'
2026-10-06T15:46:45.902925Z INFO  main   Reading 'GIC/measured/TVA' data for event '2023-03-23'
2026-10-06T15:46:45.916928Z INFO  main     Reading C:\Users\lwilker\Documents\GitHub\SWERVE-data\data_original\tva\2023-03-23\gic\GIC-measured\gic-bradley_20230323.csv
2026-10-06T15:46:48.561198Z INFO  main     Running automated error checks on GIC measured data
2026-10-06T15:46:55.390265Z INFO  main     Uniq dts [ns] = [1000000000]
2026-10-06T15:46:55.390265Z INFO  main     Uniq dts [#]  = 1
2026-10-06T15:46:55.532706Z INFO  main     
Resample to 1m aves and NaN pad or trim to start/stop.
2026-10-06T15:46:55.717287Z INFO  main     Writing C:\Users\lwilker\Documents\GitHub\SWERVE-data\data_processed\2023-03-23\sites\bradley\data\GIC_measured_TVA.pkl
2026-10-06T15:46:55.888983Z INFO  main   Writing C:\Users\lwilker\Documents\GitHub\SWERVE-data\data_processed\2023-03-23\sites\bradley\data\_all.pkl
2026-10-06T15:46:56.071282Z INFO  main Computing stats for 'Bradley' data
2026-10-06T15:46:56.231654Z INFO  main   Uniq dts [ns] = [1000000000]
2026-10-06T15:46:56.231654Z INFO  main   Uniq dts [#]  = 1
2026-10-06T15:46:56.231654Z INFO  main   Stats for GIC/measured/TVA:
2026-10-06T15:46:56.231654Z INFO  main 
    std: : [0.43686308423335396]
    ave: : [0.01856011103993168]
    min: : [-2.322666666666666]
    max: : [2.036166666666667]
    n: 1561
    n_valid: : [1561]
    dt_original: : [1000000000]
2026-10-06T15:46:56.234338Z INFO  main Plotting 'Bradley' data for event '2023-03-23'
2026-10-06T15:46:56.236241Z INFO  main   Plotting 'Bradley/GIC/measured/TVA' original vs. modified data for event '2023-03-23'
2026-10-06T15:46:58.224113Z INFO  main     Writing C:\Users\lwilker\Documents\GitHub\SWERVE-data\data_processed/2023-03-23/sites/bradley/figures\original\GIC_measured_TVA.png
2026-10-06T15:46:58.692025Z INFO  main     Writing C:\Users\lwilker\Documents\GitHub\SWERVE-data\data_processed/2023-03-23/sites/bradley/figures\original\GIC_measured_TVA.pdf
2026-10-06T15:46:58.839239Z INFO  main Reading 'Bradley' data for event '2016-02-17'
2026-10-06T15:46:58.844270Z INFO  main   Reading 'GIC/measured/TVA' data for event '2016-02-17'
2026-10-06T15:46:58.847738Z INFO  main     Reading C:\Users\lwilker\Documents\GitHub\SWERVE-data\data_original\tva\2016-02-17\gic\GIC-measured\gic-bradley_20160217.csv
2026-10-06T15:49:28.488935Z INFO  main Reading 'Sullivan' data for event '2015-03-17'
2026-10-06T15:49:28.507539Z INFO  main   Reading 'GIC/measured/TVA' data for event '2015-03-17'
2026-10-06T15:49:28.519012Z INFO  main     Reading C:\Users\lwilker\Documents\GitHub\SWERVE-data\data_original\tva\2015-03-17\gic\GIC-measured\gic-sullivan_20150317.csv
2026-10-06T15:49:29.797971Z INFO  main     Running automated error checks on GIC measured data
2026-10-06T15:49:33.121718Z INFO  main     Uniq dts [ns] = [2000000000]
2026-10-06T15:49:33.121718Z INFO  main     Uniq dts [#]  = 1
2026-10-06T15:49:33.167794Z INFO  main     
Resample to 1m aves and NaN pad or trim to start/stop.
2026-10-06T15:49:33.283835Z INFO  main     Writing C:\Users\lwilker\Documents\GitHub\SWERVE-data\data_processed\2015-03-17\sites\sullivan\data\GIC_measured_TVA.pkl
2026-10-06T15:49:33.380354Z INFO  main   Writing C:\Users\lwilker\Documents\GitHub\SWERVE-data\data_processed\2015-03-17\sites\sullivan\data\_all.pkl
2026-10-06T15:49:33.467324Z INFO  main Computing stats for 'Sullivan' data
2026-10-06T15:49:33.542876Z INFO  main   Uniq dts [ns] = [2000000000]
2026-10-06T15:49:33.542876Z INFO  main   Uniq dts [#]  = 1
2026-10-06T15:49:33.543875Z INFO  main   Stats for GIC/measured/TVA:
2026-10-06T15:49:33.543875Z INFO  main 
    std: : [0.18665192786328372]
    ave: : [0.01617421481867083]
    min: : [-1.0813333333333333]
    max: : [1.392]
    n: 1921
    n_valid: : [1921]
    dt_original: : [2000000000]
2026-10-06T15:49:37.577294Z INFO  main Plotting 'Sullivan' data for event '2015-03-17'
2026-10-06T15:49:37.593340Z INFO  main   Plotting 'Sullivan/GIC/measured/TVA' original vs. modified data for event '2015-03-17'
2026-10-06T15:49:42.343870Z INFO  main     Writing C:\Users\lwilker\Documents\GitHub\SWERVE-data\data_processed/2015-03-17/sites/sullivan/figures\original\GIC_measured_TVA.png
2026-10-06T15:49:42.901131Z INFO  main     Writing C:\Users\lwilker\Documents\GitHub\SWERVE-data\data_processed/2015-03-17/sites/sullivan/figures\original\GIC_measured_TVA.pdf
2026-10-06T15:49:45.893152Z INFO  main Reading 'Sullivan' data for event '2015-06-22'
2026-10-06T15:49:45.893152Z INFO  main   Reading 'GIC/measured/TVA' data for event '2015-06-22'
2026-10-06T15:49:45.897817Z INFO  main     Reading C:\Users\lwilker\Documents\GitHub\SWERVE-data\data_original\tva\2015-06-22\gic\GIC-measured\gic-sullivan_20150622.csv
2026-10-06T15:49:47.201584Z INFO  main     Running automated error checks on GIC measured data
2026-10-06T15:49:50.610707Z INFO  main     Uniq dts [ns] = [ 2000000000  4000000000 52000000000 56000000000]
2026-10-06T15:49:50.610707Z INFO  main     Uniq dts [#]  = 4
2026-10-06T15:49:50.654169Z INFO  main     
Resample to 1m aves and NaN pad or trim to start/stop.
2026-10-06T15:49:50.749741Z INFO  main     Writing C:\Users\lwilker\Documents\GitHub\SWERVE-data\data_processed\2015-06-22\sites\sullivan\data\GIC_measured_TVA.pkl
2026-10-06T15:49:50.822824Z INFO  main   Writing C:\Users\lwilker\Documents\GitHub\SWERVE-data\data_processed\2015-06-22\sites\sullivan\data\_all.pkl
2026-10-06T15:49:50.900930Z INFO  main Computing stats for 'Sullivan' data
2026-10-06T15:49:50.978998Z INFO  main   Uniq dts [ns] = [ 2000000000  4000000000  6000000000 52000000000 54000000000 56000000000
 60000000000]
2026-10-06T15:49:50.979997Z INFO  main   Uniq dts [#]  = 7
2026-10-06T15:49:50.979997Z INFO  main   Stats for GIC/measured/TVA:
2026-10-06T15:49:50.980998Z INFO  main 
    std: : [0.16891163311065846]
    ave: : [-0.0065519766313513845]
    min: : [-0.9046666666666667]
    max: : [1.1766666666666665]
    n: 1981
    n_valid: : [1981]
    dt_original: : [2000000000 nanoseconds, 4000000000 nanoseconds, ..., 56000000000 nanoseconds, 60000000000 nanoseconds] (7 elements)
2026-10-06T15:49:50.980998Z INFO  main Plotting 'Sullivan' data for event '2015-06-22'
2026-10-06T15:49:50.984113Z INFO  main   Plotting 'Sullivan/GIC/measured/TVA' original vs. modified data for event '2015-06-22'
2026-10-06T15:49:52.901538Z INFO  main     Writing C:\Users\lwilker\Documents\GitHub\SWERVE-data\data_processed/2015-06-22/sites/sullivan/figures\original\GIC_measured_TVA.png
2026-10-06T15:49:53.483098Z INFO  main     Writing C:\Users\lwilker\Documents\GitHub\SWERVE-data\data_processed/2015-06-22/sites/sullivan/figures\original\GIC_measured_TVA.pdf
2026-10-06T15:49:53.611718Z INFO  main Reading 'Sullivan' data for event '2014-09-11'
2026-10-06T15:49:53.620209Z INFO  main   Reading 'GIC/measured/TVA' data for event '2014-09-11'
2026-10-06T15:49:53.620209Z INFO  main     Reading C:\Users\lwilker\Documents\GitHub\SWERVE-data\data_original\tva\2014-09-11\gic\GIC-measured\gic-sullivan_20140911.csv
2026-10-06T15:49:55.487387Z INFO  main     Running automated error checks on GIC measured data
2026-10-06T15:50:00.388901Z INFO  main     Uniq dts [ns] = [2000000000]
2026-10-06T15:50:00.388901Z INFO  main     Uniq dts [#]  = 1
2026-10-06T15:50:00.507239Z INFO  main     
Resample to 1m aves and NaN pad or trim to start/stop.
2026-10-06T15:50:00.656068Z INFO  main     Writing C:\Users\lwilker\Documents\GitHub\SWERVE-data\data_processed\2014-09-11\sites\sullivan\data\GIC_measured_TVA.pkl
2026-10-06T15:50:00.791556Z INFO  main   Writing C:\Users\lwilker\Documents\GitHub\SWERVE-data\data_processed\2014-09-11\sites\sullivan\data\_all.pkl
2026-10-06T15:50:00.948647Z INFO  main Computing stats for 'Sullivan' data
2026-10-06T15:50:01.073389Z INFO  main   Uniq dts [ns] = [2000000000]
2026-10-06T15:50:01.073389Z INFO  main   Uniq dts [#]  = 1
2026-10-06T15:50:01.073389Z INFO  main   Stats for GIC/measured/TVA:
2026-10-06T15:50:01.073389Z INFO  main 
    std: : [0.13292733859010353]
    ave: : [0.9790503369005151]
    min: : [0.7230000000000001]
    max: : [1.275]
    n: 841
    n_valid: : [841]
    dt_original: : [2000000000]
2026-10-06T15:50:01.073389Z INFO  main Plotting 'Sullivan' data for event '2014-09-11'
2026-10-06T15:50:01.073389Z INFO  main   Plotting 'Sullivan/GIC/measured/TVA' original vs. modified data for event '2014-09-11'
2026-10-06T15:50:02.882799Z INFO  main     Writing C:\Users\lwilker\Documents\GitHub\SWERVE-data\data_processed/2014-09-11/sites/sullivan/figures\original\GIC_measured_TVA.png
2026-10-06T15:50:03.398794Z INFO  main     Writing C:\Users\lwilker\Documents\GitHub\SWERVE-data\data_processed/2014-09-11/sites/sullivan/figures\original\GIC_measured_TVA.pdf
2026-10-06T15:50:03.553639Z INFO  main Reading 'Sullivan' data for event '2023-03-23'
2026-10-06T15:50:03.559273Z INFO  main   Reading 'GIC/measured/TVA' data for event '2023-03-23'
2026-10-06T15:50:03.562817Z INFO  main     Reading C:\Users\lwilker\Documents\GitHub\SWERVE-data\data_original\tva\2023-03-23\gic\GIC-measured\gic-sullivan_20230323.csv
2026-10-06T15:50:06.126099Z INFO  main     Running automated error checks on GIC measured data
2026-10-06T15:50:12.830739Z INFO  main     Uniq dts [ns] = [1000000000 2000000000]
2026-10-06T15:50:12.830739Z INFO  main     Uniq dts [#]  = 2
2026-10-06T15:50:12.962637Z INFO  main     
Resample to 1m aves and NaN pad or trim to start/stop.
2026-10-06T15:50:13.192840Z INFO  main     Writing C:\Users\lwilker\Documents\GitHub\SWERVE-data\data_processed\2023-03-23\sites\sullivan\data\GIC_measured_TVA.pkl
2026-10-06T15:50:13.366119Z INFO  main   Writing C:\Users\lwilker\Documents\GitHub\SWERVE-data\data_processed\2023-03-23\sites\sullivan\data\_all.pkl
2026-10-06T15:50:13.562238Z INFO  main Computing stats for 'Sullivan' data
2026-10-06T15:50:13.713387Z INFO  main   Uniq dts [ns] = [1000000000 2000000000]
2026-10-06T15:50:13.713387Z INFO  main   Uniq dts [#]  = 2
2026-10-06T15:50:13.713387Z INFO  main   Stats for GIC/measured/TVA:
2026-10-06T15:50:13.713387Z INFO  main 
    std: : [0.21508051630497274]
    ave: : [0.0010782853234019923]
    min: : [-1.6583333333333334]
    max: : [1.3428333333333335]
    n: 1561
    n_valid: : [1561]
    dt_original: : [1000000000, 2000000000]
2026-10-06T15:50:13.713387Z INFO  main Plotting 'Sullivan' data for event '2023-03-23'
2026-10-06T15:50:13.713387Z INFO  main   Plotting 'Sullivan/GIC/measured/TVA' original vs. modified data for event '2023-03-23'
2026-10-06T15:50:15.948361Z INFO  main     Writing C:\Users\lwilker\Documents\GitHub\SWERVE-data\data_processed/2023-03-23/sites/sullivan/figures\original\GIC_measured_TVA.png
2026-10-06T15:50:16.480589Z INFO  main     Writing C:\Users\lwilker\Documents\GitHub\SWERVE-data\data_processed/2023-03-23/sites/sullivan/figures\original\GIC_measured_TVA.pdf
2026-10-06T15:50:16.626397Z INFO  main Reading 'Sullivan' data for event '2024-05-10'
2026-10-06T15:50:16.642959Z INFO  main   Reading 'GIC/measured/TVA' data for event '2024-05-10'
2026-10-06T15:50:16.646846Z INFO  main     Reading C:\Users\lwilker\Documents\GitHub\SWERVE-data\data_original\tva\2024-05-10\gic\GIC-measured\gic-sullivan_20240510.csv
2026-10-06T15:50:20.368424Z INFO  main     Running automated error checks on GIC measured data
2026-10-06T15:50:30.266454Z INFO  main     Uniq dts [ns] = [1000000000 2000000000]
2026-10-06T15:50:30.266454Z INFO  main     Uniq dts [#]  = 2
2026-10-06T15:50:30.439812Z INFO  main     
Resample to 1m aves and NaN pad or trim to start/stop.
2026-10-06T15:50:30.757135Z INFO  main     Writing C:\Users\lwilker\Documents\GitHub\SWERVE-data\data_processed\2024-05-10\sites\sullivan\data\GIC_measured_TVA.pkl
2026-10-06T15:50:31.067184Z INFO  main   Writing C:\Users\lwilker\Documents\GitHub\SWERVE-data\data_processed\2024-05-10\sites\sullivan\data\_all.pkl
2026-10-06T15:50:31.454829Z INFO  main Computing stats for 'Sullivan' data
2026-10-06T15:50:31.712772Z INFO  main   Uniq dts [ns] = [1000000000 2000000000]
2026-10-06T15:50:31.712772Z INFO  main   Uniq dts [#]  = 2
2026-10-06T15:50:31.712772Z INFO  main   Stats for GIC/measured/TVA:
2026-10-06T15:50:31.712772Z INFO  main 
    std: : [0.5740293311610496]
    ave: : [-0.005722380700700126]
    min: : [-5.160833333333333]
    max: : [5.2915]
    n: 2341
    n_valid: : [2341]
    dt_original: : [1000000000, 2000000000]
2026-10-06T15:50:31.712772Z INFO  main Plotting 'Sullivan' data for event '2024-05-10'
2026-10-06T15:50:31.712772Z INFO  main   Plotting 'Sullivan/GIC/measured/TVA' original vs. modified data for event '2024-05-10'
2026-10-06T15:50:34.229456Z INFO  main     Writing C:\Users\lwilker\Documents\GitHub\SWERVE-data\data_processed/2024-05-10/sites/sullivan/figures\original\GIC_measured_TVA.png
2026-10-06T15:50:34.754791Z INFO  main     Writing C:\Users\lwilker\Documents\GitHub\SWERVE-data\data_processed/2024-05-10/sites/sullivan/figures\original\GIC_measured_TVA.pdf
2026-10-06T15:50:34.892997Z INFO  main Reading 'Sullivan' data for event '2015-10-07'
2026-10-06T15:50:34.892997Z INFO  main   Reading 'GIC/measured/TVA' data for event '2015-10-07'
2026-10-06T15:50:34.907272Z INFO  main     Reading C:\Users\lwilker\Documents\GitHub\SWERVE-data\data_original\tva\2015-10-07\gic\GIC-measured\gic-sullivan_20151007.csv
2026-10-06T15:50:36.236247Z INFO  main     Running automated error checks on GIC measured data
2026-10-06T15:50:39.548214Z INFO  main     Uniq dts [ns] = [ 2000000000  4000000000  8000000000 10000000000 14000000000 22000000000
 50000000000 56000000000]
2026-10-06T15:50:39.548214Z INFO  main     Uniq dts [#]  = 8
2026-10-06T15:50:39.602612Z INFO  main     
Resample to 1m aves and NaN pad or trim to start/stop.
2026-10-06T15:50:39.725236Z INFO  main     Writing C:\Users\lwilker\Documents\GitHub\SWERVE-data\data_processed\2015-10-07\sites\sullivan\data\GIC_measured_TVA.pkl
2026-10-06T15:50:39.879902Z INFO  main   Writing C:\Users\lwilker\Documents\GitHub\SWERVE-data\data_processed\2015-10-07\sites\sullivan\data\_all.pkl
2026-10-06T15:50:39.978886Z INFO  main Computing stats for 'Sullivan' data
2026-10-06T15:50:40.062376Z INFO  main   Uniq dts [ns] = [ 2000000000  4000000000  6000000000  8000000000 10000000000 14000000000
 22000000000 44000000000 50000000000 56000000000]
2026-10-06T15:50:40.062376Z INFO  main   Uniq dts [#]  = 10
2026-10-06T15:50:40.062376Z INFO  main   Stats for GIC/measured/TVA:
2026-10-06T15:50:40.062376Z INFO  main 
    std: : [0.23808912093989384]
    ave: : [0.038000575399769254]
    min: : [-0.928]
    max: : [0.923]
    n: 1741
    n_valid: : [1741]
    dt_original: : [2000000000 nanoseconds, 4000000000 nanoseconds, ..., 50000000000 nanoseconds, 56000000000 nanoseconds] (10 elements)
2026-10-06T15:50:40.062376Z INFO  main Plotting 'Sullivan' data for event '2015-10-07'
2026-10-06T15:50:40.062376Z INFO  main   Plotting 'Sullivan/GIC/measured/TVA' original vs. modified data for event '2015-10-07'
2026-10-06T15:50:42.194253Z INFO  main     Writing C:\Users\lwilker\Documents\GitHub\SWERVE-data\data_processed/2015-10-07/sites/sullivan/figures\original\GIC_measured_TVA.png
2026-10-06T15:50:42.862556Z INFO  main     Writing C:\Users\lwilker\Documents\GitHub\SWERVE-data\data_processed/2015-10-07/sites/sullivan/figures\original\GIC_measured_TVA.pdf
2026-10-06T15:50:42.988147Z INFO  main Reading 'Bradley' data for event '2015-03-17'
2026-10-06T15:50:42.988147Z INFO  main   Reading 'GIC/measured/TVA' data for event '2015-03-17'
2026-10-06T15:50:42.994229Z INFO  main     Reading C:\Users\lwilker\Documents\GitHub\SWERVE-data\data_original\tva\2015-03-17\gic\GIC-measured\gic-bradley_20150317.csv
2026-10-06T15:50:44.282690Z INFO  main     Running automated error checks on GIC measured data
2026-10-06T15:50:47.645278Z INFO  main     Uniq dts [ns] = [2000000000]
2026-10-06T15:50:47.645278Z INFO  main     Uniq dts [#]  = 1
2026-10-06T15:50:47.736722Z INFO  main     
Resample to 1m aves and NaN pad or trim to start/stop.
2026-10-06T15:50:47.861235Z INFO  main     Writing C:\Users\lwilker\Documents\GitHub\SWERVE-data\data_processed\2015-03-17\sites\bradley\data\GIC_measured_TVA.pkl
2026-10-06T15:50:47.950858Z INFO  main   Writing C:\Users\lwilker\Documents\GitHub\SWERVE-data\data_processed\2015-03-17\sites\bradley\data\_all.pkl
2026-10-06T15:50:48.054455Z INFO  main Computing stats for 'Bradley' data
2026-10-06T15:50:48.136796Z INFO  main   Uniq dts [ns] = [2000000000]
2026-10-06T15:50:48.136796Z INFO  main   Uniq dts [#]  = 1
2026-10-06T15:50:48.136796Z INFO  main   Stats for GIC/measured/TVA:
2026-10-06T15:50:48.136796Z INFO  main 
    std: : [0.41310667289956976]
    ave: : [-0.008641332639250383]
    min: : [-2.353333333333333]
    max: : [2.204333333333333]
    n: 1921
    n_valid: : [1921]
    dt_original: : [2000000000]
2026-10-06T15:50:48.138906Z INFO  main Plotting 'Bradley' data for event '2015-03-17'
2026-10-06T15:50:48.138906Z INFO  main   Plotting 'Bradley/GIC/measured/TVA' original vs. modified data for event '2015-03-17'
2026-10-06T15:50:50.074631Z INFO  main     Writing C:\Users\lwilker\Documents\GitHub\SWERVE-data\data_processed/2015-03-17/sites/bradley/figures\original\GIC_measured_TVA.png
2026-10-06T15:50:50.572404Z INFO  main     Writing C:\Users\lwilker\Documents\GitHub\SWERVE-data\data_processed/2015-03-17/sites/bradley/figures\original\GIC_measured_TVA.pdf
2026-10-06T15:50:50.717674Z INFO  main Reading 'Bradley' data for event '2015-06-22'
2026-10-06T15:50:50.721090Z INFO  main   Reading 'GIC/measured/TVA' data for event '2015-06-22'
2026-10-06T15:50:50.724209Z INFO  main     Reading C:\Users\lwilker\Documents\GitHub\SWERVE-data\data_original\tva\2015-06-22\gic\GIC-measured\gic-bradley_20150622.csv
2026-10-06T15:50:52.018618Z INFO  main     Running automated error checks on GIC measured data
2026-10-06T15:50:55.310450Z INFO  main     Uniq dts [ns] = [ 2000000000 58000000000 60000000000]
2026-10-06T15:50:55.310450Z INFO  main     Uniq dts [#]  = 3
2026-10-06T15:50:55.414187Z INFO  main     
Resample to 1m aves and NaN pad or trim to start/stop.
2026-10-06T15:50:55.544039Z INFO  main     Writing C:\Users\lwilker\Documents\GitHub\SWERVE-data\data_processed\2015-06-22\sites\bradley\data\GIC_measured_TVA.pkl
2026-10-06T15:50:55.629849Z INFO  main   Writing C:\Users\lwilker\Documents\GitHub\SWERVE-data\data_processed\2015-06-22\sites\bradley\data\_all.pkl
2026-10-06T15:50:55.717162Z INFO  main Computing stats for 'Bradley' data
2026-10-06T15:50:55.813326Z INFO  main   Uniq dts [ns] = [ 2000000000 58000000000 60000000000]
2026-10-06T15:50:55.813326Z INFO  main   Uniq dts [#]  = 3
2026-10-06T15:50:55.813326Z INFO  main   Stats for GIC/measured/TVA:
2026-10-06T15:50:55.813326Z INFO  main 
    std: : [0.38278171952798457]
    ave: : [-0.033535098298195544]
    min: : [-1.755]
    max: : [2.3033333333333332]
    n: 1981
    n_valid: : [1981]
    dt_original: : [2000000000, 58000000000, 60000000000]
2026-10-06T15:50:55.813326Z INFO  main Plotting 'Bradley' data for event '2015-06-22'
2026-10-06T15:50:55.813326Z INFO  main   Plotting 'Bradley/GIC/measured/TVA' original vs. modified data for event '2015-06-22'
2026-10-06T15:50:57.744764Z INFO  main     Writing C:\Users\lwilker\Documents\GitHub\SWERVE-data\data_processed/2015-06-22/sites/bradley/figures\original\GIC_measured_TVA.png
2026-10-06T15:50:58.296906Z INFO  main     Writing C:\Users\lwilker\Documents\GitHub\SWERVE-data\data_processed/2015-06-22/sites/bradley/figures\original\GIC_measured_TVA.pdf
2026-10-06T15:50:58.417578Z INFO  main Reading 'Bradley' data for event '2014-09-11'
2026-10-06T15:50:58.417578Z INFO  main   Reading 'GIC/measured/TVA' data for event '2014-09-11'
2026-10-06T15:50:58.417578Z INFO  main     Reading C:\Users\lwilker\Documents\GitHub\SWERVE-data\data_original\tva\2014-09-11\gic\GIC-measured\gic-bradley_20140911.csv
2026-10-06T15:51:00.318995Z INFO  main     Running automated error checks on GIC measured data
2026-10-06T15:51:05.325553Z INFO  main     Uniq dts [ns] = [2000000000]
2026-10-06T15:51:05.325553Z INFO  main     Uniq dts [#]  = 1
2026-10-06T15:51:05.372695Z INFO  main     
Resample to 1m aves and NaN pad or trim to start/stop.
2026-10-06T15:51:05.528692Z INFO  main     Writing C:\Users\lwilker\Documents\GitHub\SWERVE-data\data_processed\2014-09-11\sites\bradley\data\GIC_measured_TVA.pkl
2026-10-06T15:51:05.726765Z INFO  main   Writing C:\Users\lwilker\Documents\GitHub\SWERVE-data\data_processed\2014-09-11\sites\bradley\data\_all.pkl
2026-10-06T15:51:05.836653Z INFO  main Computing stats for 'Bradley' data
2026-10-06T15:51:05.970598Z INFO  main   Uniq dts [ns] = [2000000000 4000000000 6000000000]
2026-10-06T15:51:05.970598Z INFO  main   Uniq dts [#]  = 3
2026-10-06T15:51:05.970598Z INFO  main   Stats for GIC/measured/TVA:
2026-10-06T15:51:05.970598Z INFO  main 
    std: : [0.21813337072666567]
    ave: : [-0.071230677764566]
    min: : [-0.571]
    max: : [0.41500000000000004]
    n: 841
    n_valid: : [841]
    dt_original: : [2000000000, 4000000000, 6000000000]
2026-10-06T15:51:05.970598Z INFO  main Plotting 'Bradley' data for event '2014-09-11'
2026-10-06T15:51:05.970598Z INFO  main   Plotting 'Bradley/GIC/measured/TVA' original vs. modified data for event '2014-09-11'
2026-10-06T15:51:08.186297Z INFO  main     Writing C:\Users\lwilker\Documents\GitHub\SWERVE-data\data_processed/2014-09-11/sites/bradley/figures\original\GIC_measured_TVA.png
2026-10-06T15:51:08.923000Z INFO  main     Writing C:\Users\lwilker\Documents\GitHub\SWERVE-data\data_processed/2014-09-11/sites/bradley/figures\original\GIC_measured_TVA.pdf
2026-10-06T15:51:09.046577Z INFO  main Reading 'Bradley' data for event '2023-03-23'
2026-10-06T15:51:09.050597Z INFO  main   Reading 'GIC/measured/TVA' data for event '2023-03-23'
2026-10-06T15:51:09.053442Z INFO  main     Reading C:\Users\lwilker\Documents\GitHub\SWERVE-data\data_original\tva\2023-03-23\gic\GIC-measured\gic-bradley_20230323.csv
2026-10-06T15:51:11.523305Z INFO  main     Running automated error checks on GIC measured data
2026-10-06T15:51:18.059373Z INFO  main     Uniq dts [ns] = [1000000000]
2026-10-06T15:51:18.059373Z INFO  main     Uniq dts [#]  = 1
2026-10-06T15:51:18.198415Z INFO  main     
Resample to 1m aves and NaN pad or trim to start/stop.
2026-10-06T15:51:18.374135Z INFO  main     Writing C:\Users\lwilker\Documents\GitHub\SWERVE-data\data_processed\2023-03-23\sites\bradley\data\GIC_measured_TVA.pkl
2026-10-06T15:51:18.543464Z INFO  main   Writing C:\Users\lwilker\Documents\GitHub\SWERVE-data\data_processed\2023-03-23\sites\bradley\data\_all.pkl
2026-10-06T15:51:18.714020Z INFO  main Computing stats for 'Bradley' data
2026-10-06T15:51:18.891772Z INFO  main   Uniq dts [ns] = [1000000000]
2026-10-06T15:51:18.891772Z INFO  main   Uniq dts [#]  = 1
2026-10-06T15:51:18.891772Z INFO  main   Stats for GIC/measured/TVA:
2026-10-06T15:51:18.891772Z INFO  main 
    std: : [0.43686308423335396]
    ave: : [0.01856011103993168]
    min: : [-2.322666666666666]
    max: : [2.036166666666667]
    n: 1561
    n_valid: : [1561]
    dt_original: : [1000000000]
2026-10-06T15:51:18.891772Z INFO  main Plotting 'Bradley' data for event '2023-03-23'
2026-10-06T15:51:18.899289Z INFO  main   Plotting 'Bradley/GIC/measured/TVA' original vs. modified data for event '2023-03-23'
2026-10-06T15:51:20.802313Z INFO  main     Writing C:\Users\lwilker\Documents\GitHub\SWERVE-data\data_processed/2023-03-23/sites/bradley/figures\original\GIC_measured_TVA.png
2026-10-06T15:51:21.285936Z INFO  main     Writing C:\Users\lwilker\Documents\GitHub\SWERVE-data\data_processed/2023-03-23/sites/bradley/figures\original\GIC_measured_TVA.pdf
2026-10-06T15:51:21.398621Z INFO  main Reading 'Bradley' data for event '2016-02-17'
2026-10-06T15:51:21.401632Z INFO  main   Reading 'GIC/measured/TVA' data for event '2016-02-17'
2026-10-06T15:51:21.403665Z INFO  main     Reading C:\Users\lwilker\Documents\GitHub\SWERVE-data\data_original\tva\2016-02-17\gic\GIC-measured\gic-bradley_20160217.csv
2026-10-06T15:51:22.050853Z INFO  main     Running automated error checks on GIC measured data
2026-10-06T15:51:23.745939Z INFO  main     Uniq dts [ns] = [2000000000]
2026-10-06T15:51:23.745939Z INFO  main     Uniq dts [#]  = 1
2026-10-06T15:51:23.768505Z INFO  main     
Resample to 1m aves and NaN pad or trim to start/stop.
2026-10-06T15:51:23.853034Z INFO  main     Writing C:\Users\lwilker\Documents\GitHub\SWERVE-data\data_processed\2016-02-17\sites\bradley\data\GIC_measured_TVA.pkl
2026-10-06T15:51:23.903373Z INFO  main   Writing C:\Users\lwilker\Documents\GitHub\SWERVE-data\data_processed\2016-02-17\sites\bradley\data\_all.pkl
2026-10-06T15:51:23.948447Z INFO  main Computing stats for 'Bradley' data
2026-10-06T15:51:24.008939Z INFO  main   Uniq dts [ns] = [2000000000]
2026-10-06T15:51:24.009939Z INFO  main   Uniq dts [#]  = 1
2026-10-06T15:51:24.009939Z INFO  main   Stats for GIC/measured/TVA:
2026-10-06T15:51:24.009939Z INFO  main 
    std: : [0.09316496637062463]
    ave: : [-0.5284660968660968]
    min: : [-0.842]
    max: : [-0.13733333333333334]
    n: 2581
    n_valid: : [1170]
    dt_original: : [2000000000]
2026-10-06T15:51:24.012938Z INFO  main Plotting 'Bradley' data for event '2016-02-17'
2026-10-06T15:51:24.015501Z INFO  main   Plotting 'Bradley/GIC/measured/TVA' original vs. modified data for event '2016-02-17'
2026-10-06T15:51:25.873705Z INFO  main     Writing C:\Users\lwilker\Documents\GitHub\SWERVE-data\data_processed/2016-02-17/sites/bradley/figures\original\GIC_measured_TVA.png
2026-10-06T15:51:26.456355Z INFO  main     Writing C:\Users\lwilker\Documents\GitHub\SWERVE-data\data_processed/2016-02-17/sites/bradley/figures\original\GIC_measured_TVA.pdf
2026-10-06T15:51:26.586385Z INFO  main Reading 'Bradley' data for event '2024-05-10'
2026-10-06T15:51:26.586385Z INFO  main   Reading 'GIC/measured/TVA' data for event '2024-05-10'
2026-10-06T15:51:26.586385Z INFO  main     Reading C:\Users\lwilker\Documents\GitHub\SWERVE-data\data_original\tva\2024-05-10\gic\GIC-measured\gic-bradley_20240510.csv
2026-10-06T15:51:30.373400Z INFO  main     Running automated error checks on GIC measured data
2026-10-06T15:51:40.147242Z INFO  main     Uniq dts [ns] = [1000000000]
2026-10-06T15:51:40.147242Z INFO  main     Uniq dts [#]  = 1
2026-10-06T15:51:40.322530Z INFO  main     
Resample to 1m aves and NaN pad or trim to start/stop.
2026-10-06T15:51:40.633246Z INFO  main     Writing C:\Users\lwilker\Documents\GitHub\SWERVE-data\data_processed\2024-05-10\sites\bradley\data\GIC_measured_TVA.pkl
2026-10-06T15:51:40.900819Z INFO  main   Writing C:\Users\lwilker\Documents\GitHub\SWERVE-data\data_processed\2024-05-10\sites\bradley\data\_all.pkl
2026-10-06T15:51:41.287515Z INFO  main Computing stats for 'Bradley' data
2026-10-06T15:51:41.525537Z INFO  main   Uniq dts [ns] = [1000000000]
2026-10-06T15:51:41.525537Z INFO  main   Uniq dts [#]  = 1
2026-10-06T15:51:41.525537Z INFO  main   Stats for GIC/measured/TVA:
2026-10-06T15:51:41.525537Z INFO  main 
    std: : [0.41146138313725955]
    ave: : [0.005256229531539217]
    min: : [-2.3675]
    max: : [1.7946666666666666]
    n: 2341
    n_valid: : [2341]
    dt_original: : [1000000000]
2026-10-06T15:51:41.525537Z INFO  main Plotting 'Bradley' data for event '2024-05-10'
2026-10-06T15:51:41.535686Z INFO  main   Plotting 'Bradley/GIC/measured/TVA' original vs. modified data for event '2024-05-10'
2026-10-06T15:51:43.929842Z INFO  main     Writing C:\Users\lwilker\Documents\GitHub\SWERVE-data\data_processed/2024-05-10/sites/bradley/figures\original\GIC_measured_TVA.png
2026-10-06T15:51:44.503436Z INFO  main     Writing C:\Users\lwilker\Documents\GitHub\SWERVE-data\data_processed/2024-05-10/sites/bradley/figures\original\GIC_measured_TVA.pdf
2026-10-06T15:51:44.686034Z INFO  main Reading 'Bradley' data for event '2015-10-07'
2026-10-06T15:51:44.690034Z INFO  main   Reading 'GIC/measured/TVA' data for event '2015-10-07'
2026-10-06T15:51:44.692609Z INFO  main     Reading C:\Users\lwilker\Documents\GitHub\SWERVE-data\data_original\tva\2015-10-07\gic\GIC-measured\gic-bradley_20151007.csv
2026-10-06T15:51:45.935324Z INFO  main     Running automated error checks on GIC measured data
2026-10-06T15:51:49.182042Z INFO  main     Uniq dts [ns] = [ 2000000000  4000000000  8000000000 44000000000 46000000000]
2026-10-06T15:51:49.182042Z INFO  main     Uniq dts [#]  = 5
2026-10-06T15:51:49.225222Z INFO  main     
Resample to 1m aves and NaN pad or trim to start/stop.
2026-10-06T15:51:49.335667Z INFO  main     Writing C:\Users\lwilker\Documents\GitHub\SWERVE-data\data_processed\2015-10-07\sites\bradley\data\GIC_measured_TVA.pkl
2026-10-06T15:51:49.497952Z INFO  main   Writing C:\Users\lwilker\Documents\GitHub\SWERVE-data\data_processed\2015-10-07\sites\bradley\data\_all.pkl
2026-10-06T15:51:49.582621Z INFO  main Computing stats for 'Bradley' data
2026-10-06T15:51:49.683350Z INFO  main   Uniq dts [ns] = [ 2000000000  4000000000  8000000000 44000000000 46000000000]
2026-10-06T15:51:49.684353Z INFO  main   Uniq dts [#]  = 5
2026-10-06T15:51:49.684353Z INFO  main   Stats for GIC/measured/TVA:
2026-10-06T15:51:49.684353Z INFO  main 
    std: : [0.33828712466858346]
    ave: : [-0.023329185352247806]
    min: : [-1.8143333333333334]
    max: : [1.5726666666666667]
    n: 1741
    n_valid: : [1741]
    dt_original: : [2000000000 nanoseconds, 4000000000 nanoseconds, ..., 44000000000 nanoseconds, 46000000000 nanoseconds] (5 elements)
2026-10-06T15:51:49.684353Z INFO  main Plotting 'Bradley' data for event '2015-10-07'
2026-10-06T15:51:49.684353Z INFO  main   Plotting 'Bradley/GIC/measured/TVA' original vs. modified data for event '2015-10-07'
2026-10-06T15:51:51.745918Z INFO  main     Writing C:\Users\lwilker\Documents\GitHub\SWERVE-data\data_processed/2015-10-07/sites/bradley/figures\original\GIC_measured_TVA.png
2026-10-06T15:51:52.415226Z INFO  main     Writing C:\Users\lwilker\Documents\GitHub\SWERVE-data\data_processed/2015-10-07/sites/bradley/figures\original\GIC_measured_TVA.pdf
2026-10-06T15:51:52.582285Z INFO  main Reading 'Montgomery' data for event '2015-03-17'
2026-10-06T15:51:52.582285Z INFO  main   Reading 'GIC/measured/TVA' data for event '2015-03-17'
2026-10-06T15:51:52.582285Z INFO  main     Reading C:\Users\lwilker\Documents\GitHub\SWERVE-data\data_original\tva\2015-03-17\gic\GIC-measured\gic-montgomery_20150317.csv
2026-10-06T15:51:53.847956Z INFO  main     Running automated error checks on GIC measured data
2026-10-06T15:51:57.196586Z INFO  main     Uniq dts [ns] = [2000000000]
2026-10-06T15:51:57.196586Z INFO  main     Uniq dts [#]  = 1
2026-10-06T15:51:57.315262Z INFO  main     
Resample to 1m aves and NaN pad or trim to start/stop.
2026-10-06T15:51:57.437045Z INFO  main     Writing C:\Users\lwilker\Documents\GitHub\SWERVE-data\data_processed\2015-03-17\sites\montgomery\data\GIC_measured_TVA.pkl
2026-10-06T15:51:57.528531Z INFO  main   Writing C:\Users\lwilker\Documents\GitHub\SWERVE-data\data_processed\2015-03-17\sites\montgomery\data\_all.pkl
2026-10-06T15:51:57.628054Z INFO  main Computing stats for 'Montgomery' data
2026-10-06T15:51:57.712294Z INFO  main   Uniq dts [ns] = [2000000000]
2026-10-06T15:51:57.713517Z INFO  main   Uniq dts [#]  = 1
2026-10-06T15:51:57.713517Z INFO  main   Stats for GIC/measured/TVA:
2026-10-06T15:51:57.713517Z INFO  main 
    std: : [1.5069537587442778]
    ave: : [-0.09112788478223148]
    min: : [-12.511]
    max: : [10.165]
    n: 1921
    n_valid: : [1921]
    dt_original: : [2000000000]
2026-10-06T15:51:57.714524Z INFO  main Plotting 'Montgomery' data for event '2015-03-17'
2026-10-06T15:51:57.716516Z INFO  main   Plotting 'Montgomery/GIC/measured/TVA' original vs. modified data for event '2015-03-17'
2026-10-06T15:51:59.327907Z INFO  main     Writing C:\Users\lwilker\Documents\GitHub\SWERVE-data\data_processed/2015-03-17/sites/montgomery/figures\original\GIC_measured_TVA.png
2026-10-06T15:51:59.766149Z INFO  main     Writing C:\Users\lwilker\Documents\GitHub\SWERVE-data\data_processed/2015-03-17/sites/montgomery/figures\original\GIC_measured_TVA.pdf
2026-10-06T15:51:59.922231Z INFO  main Reading 'Montgomery' data for event '2015-06-22'
2026-10-06T15:51:59.925978Z INFO  main   Reading 'GIC/measured/TVA' data for event '2015-06-22'
2026-10-06T15:51:59.930229Z INFO  main     Reading C:\Users\lwilker\Documents\GitHub\SWERVE-data\data_original\tva\2015-06-22\gic\GIC-measured\gic-montgomery_20150622.csv
2026-10-06T15:52:01.236979Z INFO  main     Running automated error checks on GIC measured data
2026-10-06T15:52:04.535773Z INFO  main     Uniq dts [ns] = [ 2000000000  4000000000 28000000000 50000000000 58000000000]
2026-10-06T15:52:04.535773Z INFO  main     Uniq dts [#]  = 5
2026-10-06T15:52:04.642906Z INFO  main     
Resample to 1m aves and NaN pad or trim to start/stop.
2026-10-06T15:52:04.772366Z INFO  main     Writing C:\Users\lwilker\Documents\GitHub\SWERVE-data\data_processed\2015-06-22\sites\montgomery\data\GIC_measured_TVA.pkl
2026-10-06T15:52:04.863316Z INFO  main   Writing C:\Users\lwilker\Documents\GitHub\SWERVE-data\data_processed\2015-06-22\sites\montgomery\data\_all.pkl
2026-10-06T15:52:04.940603Z INFO  main Computing stats for 'Montgomery' data
2026-10-06T15:52:05.022840Z INFO  main   Uniq dts [ns] = [ 2000000000  4000000000 28000000000 50000000000 58000000000]
2026-10-06T15:52:05.022840Z INFO  main   Uniq dts [#]  = 5
2026-10-06T15:52:05.022840Z INFO  main   Stats for GIC/measured/TVA:
2026-10-06T15:52:05.022840Z INFO  main 
    std: : [1.0439709729995303]
    ave: : [-0.013849761081476585]
    min: : [-5.583666666666667]
    max: : [7.247]
    n: 1981
    n_valid: : [1981]
    dt_original: : [2000000000 nanoseconds, 4000000000 nanoseconds, ..., 50000000000 nanoseconds, 58000000000 nanoseconds] (5 elements)
2026-10-06T15:52:05.022840Z INFO  main Plotting 'Montgomery' data for event '2015-06-22'
2026-10-06T15:52:05.022840Z INFO  main   Plotting 'Montgomery/GIC/measured/TVA' original vs. modified data for event '2015-06-22'
2026-10-06T15:52:06.765960Z INFO  main     Writing C:\Users\lwilker\Documents\GitHub\SWERVE-data\data_processed/2015-06-22/sites/montgomery/figures\original\GIC_measured_TVA.png
2026-10-06T15:52:07.238427Z INFO  main     Writing C:\Users\lwilker\Documents\GitHub\SWERVE-data\data_processed/2015-06-22/sites/montgomery/figures\original\GIC_measured_TVA.pdf
2026-10-06T15:52:07.396826Z INFO  main Reading 'Montgomery' data for event '2014-09-11'
2026-10-06T15:52:07.396826Z INFO  main   Reading 'GIC/measured/TVA' data for event '2014-09-11'
2026-10-06T15:52:07.402227Z INFO  main     Reading C:\Users\lwilker\Documents\GitHub\SWERVE-data\data_original\tva\2014-09-11\gic\GIC-measured\gic-montgomery_20140911.csv
2026-10-06T15:52:09.322411Z INFO  main     Running automated error checks on GIC measured data
2026-10-06T15:52:14.275966Z INFO  main     Uniq dts [ns] = [2000000000]
2026-10-06T15:52:14.275966Z INFO  main     Uniq dts [#]  = 1
2026-10-06T15:52:14.411868Z INFO  main     
Resample to 1m aves and NaN pad or trim to start/stop.
2026-10-06T15:52:14.555357Z INFO  main     Writing C:\Users\lwilker\Documents\GitHub\SWERVE-data\data_processed\2014-09-11\sites\montgomery\data\GIC_measured_TVA.pkl
2026-10-06T15:52:14.699778Z INFO  main   Writing C:\Users\lwilker\Documents\GitHub\SWERVE-data\data_processed\2014-09-11\sites\montgomery\data\_all.pkl
2026-10-06T15:52:14.844264Z INFO  main Computing stats for 'Montgomery' data
2026-10-06T15:52:14.971828Z INFO  main   Uniq dts [ns] = [ 2000000000 36000000000]
2026-10-06T15:52:14.971828Z INFO  main   Uniq dts [#]  = 2
2026-10-06T15:52:14.971828Z INFO  main   Stats for GIC/measured/TVA:
2026-10-06T15:52:14.971828Z INFO  main 
    std: : [0.4338317199512968]
    ave: : [0.23761474435196195]
    min: : [-1.3126666666666666]
    max: : [1.7806666666666666]
    n: 841
    n_valid: : [841]
    dt_original: : [2000000000, 36000000000]
2026-10-06T15:52:14.971828Z INFO  main Plotting 'Montgomery' data for event '2014-09-11'
2026-10-06T15:52:14.971828Z INFO  main   Plotting 'Montgomery/GIC/measured/TVA' original vs. modified data for event '2014-09-11'
2026-10-06T15:52:16.844770Z INFO  main     Writing C:\Users\lwilker\Documents\GitHub\SWERVE-data\data_processed/2014-09-11/sites/montgomery/figures\original\GIC_measured_TVA.png
2026-10-06T15:52:17.411613Z INFO  main     Writing C:\Users\lwilker\Documents\GitHub\SWERVE-data\data_processed/2014-09-11/sites/montgomery/figures\original\GIC_measured_TVA.pdf
2026-10-06T15:52:17.513774Z INFO  main Reading 'Montgomery' data for event '2023-03-23'
2026-10-06T15:52:17.513774Z INFO  main   Reading 'GIC/measured/TVA' data for event '2023-03-23'
2026-10-06T15:52:17.526335Z INFO  main     Reading C:\Users\lwilker\Documents\GitHub\SWERVE-data\data_original\tva\2023-03-23\gic\GIC-measured\gic-montgomery_20230323.csv
2026-10-06T15:52:20.070318Z INFO  main     Running automated error checks on GIC measured data
2026-10-06T15:52:26.768451Z INFO  main     Uniq dts [ns] = [1000000000 7000000000]
2026-10-06T15:52:26.768451Z INFO  main     Uniq dts [#]  = 2
2026-10-06T15:52:26.938686Z INFO  main     
Resample to 1m aves and NaN pad or trim to start/stop.
2026-10-06T15:52:27.139612Z INFO  main     Writing C:\Users\lwilker\Documents\GitHub\SWERVE-data\data_processed\2023-03-23\sites\montgomery\data\GIC_measured_TVA.pkl
2026-10-06T15:52:27.316152Z INFO  main   Writing C:\Users\lwilker\Documents\GitHub\SWERVE-data\data_processed\2023-03-23\sites\montgomery\data\_all.pkl
2026-10-06T15:52:27.500343Z INFO  main Computing stats for 'Montgomery' data
2026-10-06T15:52:27.654190Z INFO  main   Uniq dts [ns] = [1000000000 2000000000 7000000000]
2026-10-06T15:52:27.654190Z INFO  main   Uniq dts [#]  = 3
2026-10-06T15:52:27.654190Z INFO  main   Stats for GIC/measured/TVA:
2026-10-06T15:52:27.654190Z INFO  main 
    std: : [2.076248301454812]
    ave: : [0.034416162478942754]
    min: : [-13.062166666666666]
    max: : [16.480666666666668]
    n: 1561
    n_valid: : [1561]
    dt_original: : [1000000000, 2000000000, 7000000000]
2026-10-06T15:52:27.654190Z INFO  main Plotting 'Montgomery' data for event '2023-03-23'
2026-10-06T15:52:27.669695Z INFO  main   Plotting 'Montgomery/GIC/measured/TVA' original vs. modified data for event '2023-03-23'
2026-10-06T15:52:29.597437Z INFO  main     Writing C:\Users\lwilker\Documents\GitHub\SWERVE-data\data_processed/2023-03-23/sites/montgomery/figures\original\GIC_measured_TVA.png
2026-10-06T15:52:30.053590Z INFO  main     Writing C:\Users\lwilker\Documents\GitHub\SWERVE-data\data_processed/2023-03-23/sites/montgomery/figures\original\GIC_measured_TVA.pdf
2026-10-06T15:52:30.232317Z INFO  main Reading 'Montgomery' data for event '2016-02-17'
2026-10-06T15:52:30.232317Z INFO  main   Reading 'GIC/measured/TVA' data for event '2016-02-17'
2026-10-06T15:52:30.238369Z INFO  main     Reading C:\Users\lwilker\Documents\GitHub\SWERVE-data\data_original\tva\2016-02-17\gic\GIC-measured\gic-montgomery_20160217.csv
2026-10-06T15:52:30.865573Z INFO  main     Running automated error checks on GIC measured data
2026-10-06T15:52:32.526899Z INFO  main     Uniq dts [ns] = [2000000000]
2026-10-06T15:52:32.542558Z INFO  main     Uniq dts [#]  = 1
2026-10-06T15:52:32.567732Z INFO  main     
Resample to 1m aves and NaN pad or trim to start/stop.
2026-10-06T15:52:32.638995Z INFO  main     Writing C:\Users\lwilker\Documents\GitHub\SWERVE-data\data_processed\2016-02-17\sites\montgomery\data\GIC_measured_TVA.pkl
2026-10-06T15:52:32.688935Z INFO  main   Writing C:\Users\lwilker\Documents\GitHub\SWERVE-data\data_processed\2016-02-17\sites\montgomery\data\_all.pkl
2026-10-06T15:52:32.717307Z INFO  main Computing stats for 'Montgomery' data
2026-10-06T15:52:32.767944Z INFO  main   Uniq dts [ns] = [2000000000]
2026-10-06T15:52:32.767944Z INFO  main   Uniq dts [#]  = 1
2026-10-06T15:52:32.767944Z INFO  main   Stats for GIC/measured/TVA:
2026-10-06T15:52:32.767944Z INFO  main 
    std: : [0.3872351868965157]
    ave: : [-0.3326897435897436]
    min: : [-1.669]
    max: : [1.3816666666666668]
    n: 2581
    n_valid: : [1170]
    dt_original: : [2000000000]
2026-10-06T15:52:32.767944Z INFO  main Plotting 'Montgomery' data for event '2016-02-17'
2026-10-06T15:52:32.767944Z INFO  main   Plotting 'Montgomery/GIC/measured/TVA' original vs. modified data for event '2016-02-17'
2026-10-06T15:52:34.409171Z INFO  main     Writing C:\Users\lwilker\Documents\GitHub\SWERVE-data\data_processed/2016-02-17/sites/montgomery/figures\original\GIC_measured_TVA.png
2026-10-06T15:52:34.988560Z INFO  main     Writing C:\Users\lwilker\Documents\GitHub\SWERVE-data\data_processed/2016-02-17/sites/montgomery/figures\original\GIC_measured_TVA.pdf
2026-10-06T15:52:35.113046Z INFO  main Reading 'Montgomery' data for event '2024-05-10'
2026-10-06T15:52:35.113046Z INFO  main   Reading 'GIC/measured/TVA' data for event '2024-05-10'
2026-10-06T15:52:35.133458Z INFO  main     Reading C:\Users\lwilker\Documents\GitHub\SWERVE-data\data_original\tva\2024-05-10\gic\GIC-measured\gic-montgomery_20240510.csv
2026-10-06T15:52:38.762346Z INFO  main     Running automated error checks on GIC measured data
2026-10-06T15:52:48.699617Z INFO  main     Uniq dts [ns] = [1000000000]
2026-10-06T15:52:48.699617Z INFO  main     Uniq dts [#]  = 1
2026-10-06T15:52:48.924535Z INFO  main     
Resample to 1m aves and NaN pad or trim to start/stop.
2026-10-06T15:52:49.216193Z INFO  main     Writing C:\Users\lwilker\Documents\GitHub\SWERVE-data\data_processed\2024-05-10\sites\montgomery\data\GIC_measured_TVA.pkl
2026-10-06T15:52:49.583867Z INFO  main   Writing C:\Users\lwilker\Documents\GitHub\SWERVE-data\data_processed\2024-05-10\sites\montgomery\data\_all.pkl
2026-10-06T15:52:49.921220Z INFO  main Computing stats for 'Montgomery' data
2026-10-06T15:52:50.195788Z INFO  main   Uniq dts [ns] = [1000000000 2000000000]
2026-10-06T15:52:50.195788Z INFO  main   Uniq dts [#]  = 2
2026-10-06T15:52:50.195788Z INFO  main   Stats for GIC/measured/TVA:
2026-10-06T15:52:50.195788Z INFO  main 
    std: : [3.704430906359362]
    ave: : [0.005764701694432592]
    min: : [-34.30216666666667]
    max: : [22.281]
    n: 2341
    n_valid: : [2341]
    dt_original: : [1000000000, 2000000000]
2026-10-06T15:52:50.195788Z INFO  main Plotting 'Montgomery' data for event '2024-05-10'
2026-10-06T15:52:50.195788Z INFO  main   Plotting 'Montgomery/GIC/measured/TVA' original vs. modified data for event '2024-05-10'
2026-10-06T15:52:52.458255Z INFO  main     Writing C:\Users\lwilker\Documents\GitHub\SWERVE-data\data_processed/2024-05-10/sites/montgomery/figures\original\GIC_measured_TVA.png
2026-10-06T15:52:52.972985Z INFO  main     Writing C:\Users\lwilker\Documents\GitHub\SWERVE-data\data_processed/2024-05-10/sites/montgomery/figures\original\GIC_measured_TVA.pdf
2026-10-06T15:52:53.130875Z INFO  main Reading 'Montgomery' data for event '2015-10-07'
2026-10-06T15:52:53.137991Z INFO  main   Reading 'GIC/measured/TVA' data for event '2015-10-07'
2026-10-06T15:52:53.142020Z INFO  main     Reading C:\Users\lwilker\Documents\GitHub\SWERVE-data\data_original\tva\2015-10-07\gic\GIC-measured\gic-montgomery_20151007.csv
2026-10-06T15:52:54.447509Z INFO  main     Running automated error checks on GIC measured data
2026-10-06T15:52:57.709689Z INFO  main     Uniq dts [ns] = [ 2000000000 22000000000 46000000000 50000000000]
2026-10-06T15:52:57.709689Z INFO  main     Uniq dts [#]  = 4
2026-10-06T15:52:57.770441Z INFO  main     
Resample to 1m aves and NaN pad or trim to start/stop.
2026-10-06T15:52:57.877699Z INFO  main     Writing C:\Users\lwilker\Documents\GitHub\SWERVE-data\data_processed\2015-10-07\sites\montgomery\data\GIC_measured_TVA.pkl
2026-10-06T15:52:58.075222Z INFO  main   Writing C:\Users\lwilker\Documents\GitHub\SWERVE-data\data_processed\2015-10-07\sites\montgomery\data\_all.pkl
2026-10-06T15:52:58.163188Z INFO  main Computing stats for 'Montgomery' data
2026-10-06T15:52:58.247058Z INFO  main   Uniq dts [ns] = [ 2000000000 22000000000 46000000000 50000000000]
2026-10-06T15:52:58.247058Z INFO  main   Uniq dts [#]  = 4
2026-10-06T15:52:58.247058Z INFO  main   Stats for GIC/measured/TVA:
2026-10-06T15:52:58.247058Z INFO  main 
    std: : [0.7469977455761686]
    ave: : [0.10510413298001567]
    min: : [-4.973]
    max: : [4.062666666666667]
    n: 1741
    n_valid: : [1741]
    dt_original: : [2000000000, 22000000000, 46000000000, 50000000000]
2026-10-06T15:52:58.247058Z INFO  main Plotting 'Montgomery' data for event '2015-10-07'
2026-10-06T15:52:58.247058Z INFO  main   Plotting 'Montgomery/GIC/measured/TVA' original vs. modified data for event '2015-10-07'
2026-10-06T15:52:59.961249Z INFO  main     Writing C:\Users\lwilker\Documents\GitHub\SWERVE-data\data_processed/2015-10-07/sites/montgomery/figures\original\GIC_measured_TVA.png
2026-10-06T15:53:00.522940Z INFO  main     Writing C:\Users\lwilker\Documents\GitHub\SWERVE-data\data_processed/2015-10-07/sites/montgomery/figures\original\GIC_measured_TVA.pdf
2026-10-06T15:53:00.658547Z INFO  main Reading 'Southaven' data for event '2015-03-17'
2026-10-06T15:53:00.658547Z INFO  main   Reading 'GIC/measured/TVA' data for event '2015-03-17'
2026-10-06T15:53:00.665893Z INFO  main     Reading C:\Users\lwilker\Documents\GitHub\SWERVE-data\data_original\tva\2015-03-17\gic\GIC-measured\gic-southaven_20150317.csv
2026-10-06T15:53:01.937720Z INFO  main     Running automated error checks on GIC measured data
2026-10-06T15:53:05.296133Z INFO  main     Uniq dts [ns] = [2000000000 4000000000 6000000000]
2026-10-06T15:53:05.296133Z INFO  main     Uniq dts [#]  = 3
2026-10-06T15:53:05.400082Z INFO  main     
Resample to 1m aves and NaN pad or trim to start/stop.
2026-10-06T15:53:05.505574Z INFO  main     Writing C:\Users\lwilker\Documents\GitHub\SWERVE-data\data_processed\2015-03-17\sites\southaven\data\GIC_measured_TVA.pkl
2026-10-06T15:53:05.625632Z INFO  main   Writing C:\Users\lwilker\Documents\GitHub\SWERVE-data\data_processed\2015-03-17\sites\southaven\data\_all.pkl
2026-10-06T15:53:05.700829Z INFO  main Computing stats for 'Southaven' data
2026-10-06T15:53:05.787002Z INFO  main   Uniq dts [ns] = [2000000000 4000000000 6000000000]
2026-10-06T15:53:05.787002Z INFO  main   Uniq dts [#]  = 3
2026-10-06T15:53:05.787002Z INFO  main   Stats for GIC/measured/TVA:
2026-10-06T15:53:05.787991Z INFO  main 
    std: : [0.31478013207265787]
    ave: : [-0.049337236932544694]
    min: : [-1.6400000000000001]
    max: : [3.671]
    n: 1921
    n_valid: : [1921]
    dt_original: : [2000000000, 4000000000, 6000000000]
2026-10-06T15:53:05.787991Z INFO  main Plotting 'Southaven' data for event '2015-03-17'
2026-10-06T15:53:05.789990Z INFO  main   Plotting 'Southaven/GIC/measured/TVA' original vs. modified data for event '2015-03-17'
2026-10-06T15:53:07.675864Z INFO  main     Writing C:\Users\lwilker\Documents\GitHub\SWERVE-data\data_processed/2015-03-17/sites/southaven/figures\original\GIC_measured_TVA.png
2026-10-06T15:53:08.316944Z INFO  main     Writing C:\Users\lwilker\Documents\GitHub\SWERVE-data\data_processed/2015-03-17/sites/southaven/figures\original\GIC_measured_TVA.pdf
2026-10-06T15:53:08.453471Z INFO  main Reading 'Southaven' data for event '2015-06-22'
2026-10-06T15:53:08.454064Z INFO  main   Reading 'GIC/measured/TVA' data for event '2015-06-22'
2026-10-06T15:53:08.454064Z INFO  main     Reading C:\Users\lwilker\Documents\GitHub\SWERVE-data\data_original\tva\2015-06-22\gic\GIC-measured\gic-southaven_20150622.csv
2026-10-06T15:53:09.740293Z INFO  main     Running automated error checks on GIC measured data
2026-10-06T15:53:13.148761Z INFO  main     Uniq dts [ns] = [ 2000000000  4000000000 60000000000]
2026-10-06T15:53:13.148761Z INFO  main     Uniq dts [#]  = 3
2026-10-06T15:53:13.282173Z INFO  main     
Resample to 1m aves and NaN pad or trim to start/stop.
2026-10-06T15:53:13.402547Z INFO  main     Writing C:\Users\lwilker\Documents\GitHub\SWERVE-data\data_processed\2015-06-22\sites\southaven\data\GIC_measured_TVA.pkl
2026-10-06T15:53:13.517016Z INFO  main   Writing C:\Users\lwilker\Documents\GitHub\SWERVE-data\data_processed\2015-06-22\sites\southaven\data\_all.pkl
2026-10-06T15:53:13.616934Z INFO  main Computing stats for 'Southaven' data
2026-10-06T15:53:13.695151Z INFO  main   Uniq dts [ns] = [ 2000000000  4000000000 60000000000]
2026-10-06T15:53:13.695151Z INFO  main   Uniq dts [#]  = 3
2026-10-06T15:53:13.696153Z INFO  main   Stats for GIC/measured/TVA:
2026-10-06T15:53:13.697157Z INFO  main 
    std: : [0.27401731773889826]
    ave: : [0.0110615229325555]
    min: : [-2.6043333333333334]
    max: : [1.8406666666666667]
    n: 1981
    n_valid: : [1981]
    dt_original: : [2000000000, 4000000000, 60000000000]
2026-10-06T15:53:13.698156Z INFO  main Plotting 'Southaven' data for event '2015-06-22'
2026-10-06T15:53:13.702461Z INFO  main   Plotting 'Southaven/GIC/measured/TVA' original vs. modified data for event '2015-06-22'
2026-10-06T15:53:15.742997Z INFO  main     Writing C:\Users\lwilker\Documents\GitHub\SWERVE-data\data_processed/2015-06-22/sites/southaven/figures\original\GIC_measured_TVA.png
2026-10-06T15:53:16.310874Z INFO  main     Writing C:\Users\lwilker\Documents\GitHub\SWERVE-data\data_processed/2015-06-22/sites/southaven/figures\original\GIC_measured_TVA.pdf
2026-10-06T15:53:16.430526Z INFO  main Reading 'Southaven' data for event '2014-09-11'
2026-10-06T15:53:16.430526Z INFO  main   Reading 'GIC/measured/TVA' data for event '2014-09-11'
2026-10-06T15:53:16.430526Z INFO  main     Reading C:\Users\lwilker\Documents\GitHub\SWERVE-data\data_original\tva\2014-09-11\gic\GIC-measured\gic-southaven_20140911.csv
2026-10-06T15:59:49.011104Z INFO  main Reading 'Sullivan' data for event '2015-03-17'
2026-10-06T15:59:49.017141Z INFO  main   Reading 'GIC/measured/TVA' data for event '2015-03-17'
2026-10-06T15:59:49.019180Z INFO  main     Reading C:\Users\lwilker\Documents\GitHub\SWERVE-data\data_original\tva\2015-03-17\gic\GIC-measured\gic-sullivan_20150317.csv
2026-10-06T15:59:50.238965Z INFO  main     Running automated error checks on GIC measured data
2026-10-06T15:59:53.416452Z INFO  main     Uniq dts [ns] = [2000000000]
2026-10-06T15:59:53.416452Z INFO  main     Uniq dts [#]  = 1
2026-10-06T15:59:53.468051Z INFO  main     
Resample to 1m aves and NaN pad or trim to start/stop.
2026-10-06T15:59:53.575975Z INFO  main     Writing C:\Users\lwilker\Documents\GitHub\SWERVE-data\data_processed\2015-03-17\sites\sullivan\data\GIC_measured_TVA.pkl
2026-10-06T15:59:53.671186Z INFO  main   Writing C:\Users\lwilker\Documents\GitHub\SWERVE-data\data_processed\2015-03-17\sites\sullivan\data\_all.pkl
2026-10-06T15:59:53.747484Z INFO  main Computing stats for 'Sullivan' data
2026-10-06T15:59:53.840513Z INFO  main   Uniq dts [ns] = [2000000000]
2026-10-06T15:59:53.840513Z INFO  main   Uniq dts [#]  = 1
2026-10-06T15:59:53.841513Z INFO  main   Stats for GIC/measured/TVA:
2026-10-06T15:59:53.841513Z INFO  main 
    std: : [0.18665192786328372]
    ave: : [0.01617421481867083]
    min: : [-1.0813333333333333]
    max: : [1.392]
    n: 1921
    n_valid: : [1921]
    dt_original: : [2000000000]
2026-10-06T15:59:54.213435Z INFO  main Plotting 'Sullivan' data for event '2015-03-17'
2026-10-06T15:59:54.213435Z INFO  main   Plotting 'Sullivan/GIC/measured/TVA' original vs. modified data for event '2015-03-17'
2026-10-06T15:59:56.536855Z INFO  main     Writing C:\Users\lwilker\Documents\GitHub\SWERVE-data\data_processed/2015-03-17/sites/sullivan/figures\original\GIC_measured_TVA.png
2026-10-06T15:59:57.127101Z INFO  main     Writing C:\Users\lwilker\Documents\GitHub\SWERVE-data\data_processed/2015-03-17/sites/sullivan/figures\original\GIC_measured_TVA.pdf
2026-10-06T15:59:57.529089Z INFO  main Reading 'Sullivan' data for event '2015-06-22'
2026-10-06T15:59:57.533482Z INFO  main   Reading 'GIC/measured/TVA' data for event '2015-06-22'
2026-10-06T15:59:57.537657Z INFO  main     Reading C:\Users\lwilker\Documents\GitHub\SWERVE-data\data_original\tva\2015-06-22\gic\GIC-measured\gic-sullivan_20150622.csv
2026-10-06T15:59:58.788766Z INFO  main     Running automated error checks on GIC measured data
2026-10-06T16:00:02.207964Z INFO  main     Uniq dts [ns] = [ 2000000000  4000000000 52000000000 56000000000]
2026-10-06T16:00:02.207964Z INFO  main     Uniq dts [#]  = 4
2026-10-06T16:00:02.252422Z INFO  main     
Resample to 1m aves and NaN pad or trim to start/stop.
2026-10-06T16:00:02.379201Z INFO  main     Writing C:\Users\lwilker\Documents\GitHub\SWERVE-data\data_processed\2015-06-22\sites\sullivan\data\GIC_measured_TVA.pkl
2026-10-06T16:00:02.451017Z INFO  main   Writing C:\Users\lwilker\Documents\GitHub\SWERVE-data\data_processed\2015-06-22\sites\sullivan\data\_all.pkl
2026-10-06T16:00:02.499131Z INFO  main Computing stats for 'Sullivan' data
2026-10-06T16:00:02.605016Z INFO  main   Uniq dts [ns] = [ 2000000000  4000000000  6000000000 52000000000 54000000000 56000000000
 60000000000]
2026-10-06T16:00:02.606018Z INFO  main   Uniq dts [#]  = 7
2026-10-06T16:00:02.606018Z INFO  main   Stats for GIC/measured/TVA:
2026-10-06T16:00:02.607033Z INFO  main 
    std: : [0.16891163311065846]
    ave: : [-0.0065519766313513845]
    min: : [-0.9046666666666667]
    max: : [1.1766666666666665]
    n: 1981
    n_valid: : [1981]
    dt_original: : [2000000000 nanoseconds, 4000000000 nanoseconds, ..., 56000000000 nanoseconds, 60000000000 nanoseconds] (7 elements)
2026-10-06T16:00:02.609021Z INFO  main Plotting 'Sullivan' data for event '2015-06-22'
2026-10-06T16:00:02.613021Z INFO  main   Plotting 'Sullivan/GIC/measured/TVA' original vs. modified data for event '2015-06-22'
2026-10-06T16:00:04.668459Z INFO  main     Writing C:\Users\lwilker\Documents\GitHub\SWERVE-data\data_processed/2015-06-22/sites/sullivan/figures\original\GIC_measured_TVA.png
2026-10-06T16:00:05.274781Z INFO  main     Writing C:\Users\lwilker\Documents\GitHub\SWERVE-data\data_processed/2015-06-22/sites/sullivan/figures\original\GIC_measured_TVA.pdf
2026-10-06T16:00:05.458275Z INFO  main Reading 'Sullivan' data for event '2014-09-11'
2026-10-06T16:00:05.460416Z INFO  main   Reading 'GIC/measured/TVA' data for event '2014-09-11'
2026-10-06T16:00:05.463449Z INFO  main     Reading C:\Users\lwilker\Documents\GitHub\SWERVE-data\data_original\tva\2014-09-11\gic\GIC-measured\gic-sullivan_20140911.csv
2026-10-06T16:00:07.575268Z INFO  main     Running automated error checks on GIC measured data
2026-10-06T16:00:12.659437Z INFO  main     Uniq dts [ns] = [2000000000]
2026-10-06T16:00:12.659437Z INFO  main     Uniq dts [#]  = 1
2026-10-06T16:00:12.744314Z INFO  main     
Resample to 1m aves and NaN pad or trim to start/stop.
2026-10-06T16:00:12.888371Z INFO  main     Writing C:\Users\lwilker\Documents\GitHub\SWERVE-data\data_processed\2014-09-11\sites\sullivan\data\GIC_measured_TVA.pkl
2026-10-06T16:00:13.028387Z INFO  main   Writing C:\Users\lwilker\Documents\GitHub\SWERVE-data\data_processed\2014-09-11\sites\sullivan\data\_all.pkl
2026-10-06T16:00:13.165749Z INFO  main Computing stats for 'Sullivan' data
2026-10-06T16:00:13.271799Z INFO  main   Uniq dts [ns] = [2000000000]
2026-10-06T16:00:13.271799Z INFO  main   Uniq dts [#]  = 1
2026-10-06T16:00:13.271799Z INFO  main   Stats for GIC/measured/TVA:
2026-10-06T16:00:13.271799Z INFO  main 
    std: : [0.13292733859010353]
    ave: : [0.9790503369005151]
    min: : [0.7230000000000001]
    max: : [1.275]
    n: 841
    n_valid: : [841]
    dt_original: : [2000000000]
2026-10-06T16:00:13.287679Z INFO  main Plotting 'Sullivan' data for event '2014-09-11'
2026-10-06T16:00:13.287679Z INFO  main   Plotting 'Sullivan/GIC/measured/TVA' original vs. modified data for event '2014-09-11'
2026-10-06T16:00:15.147322Z INFO  main     Writing C:\Users\lwilker\Documents\GitHub\SWERVE-data\data_processed/2014-09-11/sites/sullivan/figures\original\GIC_measured_TVA.png
2026-10-06T16:00:15.662862Z INFO  main     Writing C:\Users\lwilker\Documents\GitHub\SWERVE-data\data_processed/2014-09-11/sites/sullivan/figures\original\GIC_measured_TVA.pdf
2026-10-06T16:00:15.785672Z INFO  main Reading 'Sullivan' data for event '2023-03-23'
2026-10-06T16:00:15.799744Z INFO  main   Reading 'GIC/measured/TVA' data for event '2023-03-23'
2026-10-06T16:00:15.805601Z INFO  main     Reading C:\Users\lwilker\Documents\GitHub\SWERVE-data\data_original\tva\2023-03-23\gic\GIC-measured\gic-sullivan_20230323.csv
2026-10-06T16:00:18.306915Z INFO  main     Running automated error checks on GIC measured data
2026-10-06T16:00:25.051011Z INFO  main     Uniq dts [ns] = [1000000000 2000000000]
2026-10-06T16:00:25.051011Z INFO  main     Uniq dts [#]  = 2
2026-10-06T16:00:25.193879Z INFO  main     
Resample to 1m aves and NaN pad or trim to start/stop.
2026-10-06T16:00:25.390994Z INFO  main     Writing C:\Users\lwilker\Documents\GitHub\SWERVE-data\data_processed\2023-03-23\sites\sullivan\data\GIC_measured_TVA.pkl
2026-10-06T16:00:25.578848Z INFO  main   Writing C:\Users\lwilker\Documents\GitHub\SWERVE-data\data_processed\2023-03-23\sites\sullivan\data\_all.pkl
2026-10-06T16:00:25.754849Z INFO  main Computing stats for 'Sullivan' data
2026-10-06T16:00:25.924407Z INFO  main   Uniq dts [ns] = [1000000000 2000000000]
2026-10-06T16:00:25.924407Z INFO  main   Uniq dts [#]  = 2
2026-10-06T16:00:25.924407Z INFO  main   Stats for GIC/measured/TVA:
2026-10-06T16:00:25.924407Z INFO  main 
    std: : [0.21508051630497274]
    ave: : [0.0010782853234019923]
    min: : [-1.6583333333333334]
    max: : [1.3428333333333335]
    n: 1561
    n_valid: : [1561]
    dt_original: : [1000000000, 2000000000]
2026-10-06T16:00:25.924407Z INFO  main Plotting 'Sullivan' data for event '2023-03-23'
2026-10-06T16:00:25.935705Z INFO  main   Plotting 'Sullivan/GIC/measured/TVA' original vs. modified data for event '2023-03-23'
2026-10-06T16:00:28.197832Z INFO  main     Writing C:\Users\lwilker\Documents\GitHub\SWERVE-data\data_processed/2023-03-23/sites/sullivan/figures\original\GIC_measured_TVA.png
2026-10-06T16:00:28.758013Z INFO  main     Writing C:\Users\lwilker\Documents\GitHub\SWERVE-data\data_processed/2023-03-23/sites/sullivan/figures\original\GIC_measured_TVA.pdf
2026-10-06T16:00:28.893940Z INFO  main Reading 'Sullivan' data for event '2024-05-10'
2026-10-06T16:00:28.893940Z INFO  main   Reading 'GIC/measured/TVA' data for event '2024-05-10'
2026-10-06T16:00:28.902379Z INFO  main     Reading C:\Users\lwilker\Documents\GitHub\SWERVE-data\data_original\tva\2024-05-10\gic\GIC-measured\gic-sullivan_20240510.csv
2026-10-06T16:00:32.614858Z INFO  main     Running automated error checks on GIC measured data
2026-10-06T16:00:42.562965Z INFO  main     Uniq dts [ns] = [1000000000 2000000000]
2026-10-06T16:00:42.562965Z INFO  main     Uniq dts [#]  = 2
2026-10-06T16:00:42.776801Z INFO  main     
Resample to 1m aves and NaN pad or trim to start/stop.
2026-10-06T16:00:43.113728Z INFO  main     Writing C:\Users\lwilker\Documents\GitHub\SWERVE-data\data_processed\2024-05-10\sites\sullivan\data\GIC_measured_TVA.pkl
2026-10-06T16:00:43.372291Z INFO  main   Writing C:\Users\lwilker\Documents\GitHub\SWERVE-data\data_processed\2024-05-10\sites\sullivan\data\_all.pkl
2026-10-06T16:00:43.724254Z INFO  main Computing stats for 'Sullivan' data
2026-10-06T16:00:43.973039Z INFO  main   Uniq dts [ns] = [1000000000 2000000000]
2026-10-06T16:00:43.973039Z INFO  main   Uniq dts [#]  = 2
2026-10-06T16:00:43.973039Z INFO  main   Stats for GIC/measured/TVA:
2026-10-06T16:00:43.973039Z INFO  main 
    std: : [0.5740293311610496]
    ave: : [-0.005722380700700126]
    min: : [-5.160833333333333]
    max: : [5.2915]
    n: 2341
    n_valid: : [2341]
    dt_original: : [1000000000, 2000000000]
2026-10-06T16:00:43.975048Z INFO  main Plotting 'Sullivan' data for event '2024-05-10'
2026-10-06T16:00:43.976155Z INFO  main   Plotting 'Sullivan/GIC/measured/TVA' original vs. modified data for event '2024-05-10'
2026-10-06T16:00:46.356413Z INFO  main     Writing C:\Users\lwilker\Documents\GitHub\SWERVE-data\data_processed/2024-05-10/sites/sullivan/figures\original\GIC_measured_TVA.png
2026-10-06T16:00:46.826856Z INFO  main     Writing C:\Users\lwilker\Documents\GitHub\SWERVE-data\data_processed/2024-05-10/sites/sullivan/figures\original\GIC_measured_TVA.pdf
2026-10-06T16:00:46.977376Z INFO  main Reading 'Sullivan' data for event '2015-10-07'
2026-10-06T16:00:46.993075Z INFO  main   Reading 'GIC/measured/TVA' data for event '2015-10-07'
2026-10-06T16:00:46.998688Z INFO  main     Reading C:\Users\lwilker\Documents\GitHub\SWERVE-data\data_original\tva\2015-10-07\gic\GIC-measured\gic-sullivan_20151007.csv
2026-10-06T16:00:48.268740Z INFO  main     Running automated error checks on GIC measured data
2026-10-06T16:00:51.544821Z INFO  main     Uniq dts [ns] = [ 2000000000  4000000000  8000000000 10000000000 14000000000 22000000000
 50000000000 56000000000]
2026-10-06T16:00:51.544821Z INFO  main     Uniq dts [#]  = 8
2026-10-06T16:00:51.574595Z INFO  main     
Resample to 1m aves and NaN pad or trim to start/stop.
2026-10-06T16:00:51.698966Z INFO  main     Writing C:\Users\lwilker\Documents\GitHub\SWERVE-data\data_processed\2015-10-07\sites\sullivan\data\GIC_measured_TVA.pkl
2026-10-06T16:00:51.869918Z INFO  main   Writing C:\Users\lwilker\Documents\GitHub\SWERVE-data\data_processed\2015-10-07\sites\sullivan\data\_all.pkl
2026-10-06T16:00:51.972689Z INFO  main Computing stats for 'Sullivan' data
2026-10-06T16:00:52.059650Z INFO  main   Uniq dts [ns] = [ 2000000000  4000000000  6000000000  8000000000 10000000000 14000000000
 22000000000 44000000000 50000000000 56000000000]
2026-10-06T16:00:52.059650Z INFO  main   Uniq dts [#]  = 10
2026-10-06T16:00:52.059650Z INFO  main   Stats for GIC/measured/TVA:
2026-10-06T16:00:52.059650Z INFO  main 
    std: : [0.23808912093989384]
    ave: : [0.038000575399769254]
    min: : [-0.928]
    max: : [0.923]
    n: 1741
    n_valid: : [1741]
    dt_original: : [2000000000 nanoseconds, 4000000000 nanoseconds, ..., 50000000000 nanoseconds, 56000000000 nanoseconds] (10 elements)
2026-10-06T16:00:52.060659Z INFO  main Plotting 'Sullivan' data for event '2015-10-07'
2026-10-06T16:00:52.062648Z INFO  main   Plotting 'Sullivan/GIC/measured/TVA' original vs. modified data for event '2015-10-07'
2026-10-06T16:00:54.173842Z INFO  main     Writing C:\Users\lwilker\Documents\GitHub\SWERVE-data\data_processed/2015-10-07/sites/sullivan/figures\original\GIC_measured_TVA.png
2026-10-06T16:00:54.838449Z INFO  main     Writing C:\Users\lwilker\Documents\GitHub\SWERVE-data\data_processed/2015-10-07/sites/sullivan/figures\original\GIC_measured_TVA.pdf
2026-10-06T16:00:54.969356Z INFO  main Reading 'Bradley' data for event '2015-03-17'
2026-10-06T16:00:54.972476Z INFO  main   Reading 'GIC/measured/TVA' data for event '2015-03-17'
2026-10-06T16:00:54.972476Z INFO  main     Reading C:\Users\lwilker\Documents\GitHub\SWERVE-data\data_original\tva\2015-03-17\gic\GIC-measured\gic-bradley_20150317.csv
2026-10-06T16:00:56.228762Z INFO  main     Running automated error checks on GIC measured data
2026-10-06T16:00:59.566959Z INFO  main     Uniq dts [ns] = [2000000000]
2026-10-06T16:00:59.566959Z INFO  main     Uniq dts [#]  = 1
2026-10-06T16:00:59.685510Z INFO  main     
Resample to 1m aves and NaN pad or trim to start/stop.
2026-10-06T16:00:59.832475Z INFO  main     Writing C:\Users\lwilker\Documents\GitHub\SWERVE-data\data_processed\2015-03-17\sites\bradley\data\GIC_measured_TVA.pkl
2026-10-06T16:00:59.932714Z INFO  main   Writing C:\Users\lwilker\Documents\GitHub\SWERVE-data\data_processed\2015-03-17\sites\bradley\data\_all.pkl
2026-10-06T16:01:00.047863Z INFO  main Computing stats for 'Bradley' data
2026-10-06T16:01:00.139020Z INFO  main   Uniq dts [ns] = [2000000000]
2026-10-06T16:01:00.139020Z INFO  main   Uniq dts [#]  = 1
2026-10-06T16:01:00.139020Z INFO  main   Stats for GIC/measured/TVA:
2026-10-06T16:01:00.139020Z INFO  main 
    std: : [0.41310667289956976]
    ave: : [-0.008641332639250383]
    min: : [-2.353333333333333]
    max: : [2.204333333333333]
    n: 1921
    n_valid: : [1921]
    dt_original: : [2000000000]
2026-10-06T16:01:00.139020Z INFO  main Plotting 'Bradley' data for event '2015-03-17'
2026-10-06T16:01:00.143035Z INFO  main   Plotting 'Bradley/GIC/measured/TVA' original vs. modified data for event '2015-03-17'
2026-10-06T16:01:02.085081Z INFO  main     Writing C:\Users\lwilker\Documents\GitHub\SWERVE-data\data_processed/2015-03-17/sites/bradley/figures\original\GIC_measured_TVA.png
2026-10-06T16:01:02.623644Z INFO  main     Writing C:\Users\lwilker\Documents\GitHub\SWERVE-data\data_processed/2015-03-17/sites/bradley/figures\original\GIC_measured_TVA.pdf
2026-10-06T16:01:02.769505Z INFO  main Reading 'Bradley' data for event '2015-06-22'
2026-10-06T16:01:02.769505Z INFO  main   Reading 'GIC/measured/TVA' data for event '2015-06-22'
2026-10-06T16:01:02.774668Z INFO  main     Reading C:\Users\lwilker\Documents\GitHub\SWERVE-data\data_original\tva\2015-06-22\gic\GIC-measured\gic-bradley_20150622.csv
2026-10-06T16:01:04.048521Z INFO  main     Running automated error checks on GIC measured data
2026-10-06T16:01:07.358012Z INFO  main     Uniq dts [ns] = [ 2000000000 58000000000 60000000000]
2026-10-06T16:01:07.358012Z INFO  main     Uniq dts [#]  = 3
2026-10-06T16:01:07.444879Z INFO  main     
Resample to 1m aves and NaN pad or trim to start/stop.
2026-10-06T16:01:07.559685Z INFO  main     Writing C:\Users\lwilker\Documents\GitHub\SWERVE-data\data_processed\2015-06-22\sites\bradley\data\GIC_measured_TVA.pkl
2026-10-06T16:01:07.655867Z INFO  main   Writing C:\Users\lwilker\Documents\GitHub\SWERVE-data\data_processed\2015-06-22\sites\bradley\data\_all.pkl
2026-10-06T16:01:07.722772Z INFO  main Computing stats for 'Bradley' data
2026-10-06T16:01:07.813317Z INFO  main   Uniq dts [ns] = [ 2000000000 58000000000 60000000000]
2026-10-06T16:01:07.813317Z INFO  main   Uniq dts [#]  = 3
2026-10-06T16:01:07.813317Z INFO  main   Stats for GIC/measured/TVA:
2026-10-06T16:01:07.813317Z INFO  main 
    std: : [0.38278171952798457]
    ave: : [-0.033535098298195544]
    min: : [-1.755]
    max: : [2.3033333333333332]
    n: 1981
    n_valid: : [1981]
    dt_original: : [2000000000, 58000000000, 60000000000]
2026-10-06T16:01:07.813317Z INFO  main Plotting 'Bradley' data for event '2015-06-22'
2026-10-06T16:01:07.813317Z INFO  main   Plotting 'Bradley/GIC/measured/TVA' original vs. modified data for event '2015-06-22'
2026-10-06T16:01:09.781570Z INFO  main     Writing C:\Users\lwilker\Documents\GitHub\SWERVE-data\data_processed/2015-06-22/sites/bradley/figures\original\GIC_measured_TVA.png
2026-10-06T16:01:10.327779Z INFO  main     Writing C:\Users\lwilker\Documents\GitHub\SWERVE-data\data_processed/2015-06-22/sites/bradley/figures\original\GIC_measured_TVA.pdf
2026-10-06T16:01:10.457537Z INFO  main Reading 'Bradley' data for event '2014-09-11'
2026-10-06T16:01:10.457537Z INFO  main   Reading 'GIC/measured/TVA' data for event '2014-09-11'
2026-10-06T16:01:10.457537Z INFO  main     Reading C:\Users\lwilker\Documents\GitHub\SWERVE-data\data_original\tva\2014-09-11\gic\GIC-measured\gic-bradley_20140911.csv
2026-10-06T16:01:12.330081Z INFO  main     Running automated error checks on GIC measured data
2026-10-06T16:01:17.343439Z INFO  main     Uniq dts [ns] = [2000000000]
2026-10-06T16:01:17.343439Z INFO  main     Uniq dts [#]  = 1
2026-10-06T16:01:17.400160Z INFO  main     
Resample to 1m aves and NaN pad or trim to start/stop.
2026-10-06T16:01:17.529585Z INFO  main     Writing C:\Users\lwilker\Documents\GitHub\SWERVE-data\data_processed\2014-09-11\sites\bradley\data\GIC_measured_TVA.pkl
2026-10-06T16:01:17.726316Z INFO  main   Writing C:\Users\lwilker\Documents\GitHub\SWERVE-data\data_processed\2014-09-11\sites\bradley\data\_all.pkl
2026-10-06T16:01:17.847491Z INFO  main Computing stats for 'Bradley' data
2026-10-06T16:01:17.952331Z INFO  main   Uniq dts [ns] = [2000000000 4000000000 6000000000]
2026-10-06T16:01:17.952331Z INFO  main   Uniq dts [#]  = 3
2026-10-06T16:01:17.952331Z INFO  main   Stats for GIC/measured/TVA:
2026-10-06T16:01:17.952331Z INFO  main 
    std: : [0.21813337072666567]
    ave: : [-0.071230677764566]
    min: : [-0.571]
    max: : [0.41500000000000004]
    n: 841
    n_valid: : [841]
    dt_original: : [2000000000, 4000000000, 6000000000]
2026-10-06T16:01:17.968464Z INFO  main Plotting 'Bradley' data for event '2014-09-11'
2026-10-06T16:01:17.972961Z INFO  main   Plotting 'Bradley/GIC/measured/TVA' original vs. modified data for event '2014-09-11'
2026-10-06T16:01:20.406986Z INFO  main     Writing C:\Users\lwilker\Documents\GitHub\SWERVE-data\data_processed/2014-09-11/sites/bradley/figures\original\GIC_measured_TVA.png
2026-10-06T16:01:21.125794Z INFO  main     Writing C:\Users\lwilker\Documents\GitHub\SWERVE-data\data_processed/2014-09-11/sites/bradley/figures\original\GIC_measured_TVA.pdf
2026-10-06T16:01:21.259889Z INFO  main Reading 'Bradley' data for event '2023-03-23'
2026-10-06T16:01:21.264493Z INFO  main   Reading 'GIC/measured/TVA' data for event '2023-03-23'
2026-10-06T16:01:21.268557Z INFO  main     Reading C:\Users\lwilker\Documents\GitHub\SWERVE-data\data_original\tva\2023-03-23\gic\GIC-measured\gic-bradley_20230323.csv
2026-10-06T16:01:23.864185Z INFO  main     Running automated error checks on GIC measured data
2026-10-06T16:01:30.542063Z INFO  main     Uniq dts [ns] = [1000000000]
2026-10-06T16:01:30.542063Z INFO  main     Uniq dts [#]  = 1
2026-10-06T16:01:30.720477Z INFO  main     
Resample to 1m aves and NaN pad or trim to start/stop.
2026-10-06T16:01:30.934166Z INFO  main     Writing C:\Users\lwilker\Documents\GitHub\SWERVE-data\data_processed\2023-03-23\sites\bradley\data\GIC_measured_TVA.pkl
2026-10-06T16:01:31.119421Z INFO  main   Writing C:\Users\lwilker\Documents\GitHub\SWERVE-data\data_processed\2023-03-23\sites\bradley\data\_all.pkl
2026-10-06T16:01:31.322988Z INFO  main Computing stats for 'Bradley' data
2026-10-06T16:01:31.470618Z INFO  main   Uniq dts [ns] = [1000000000]
2026-10-06T16:01:31.470618Z INFO  main   Uniq dts [#]  = 1
2026-10-06T16:01:31.470618Z INFO  main   Stats for GIC/measured/TVA:
2026-10-06T16:01:31.470618Z INFO  main 
    std: : [0.43686308423335396]
    ave: : [0.01856011103993168]
    min: : [-2.322666666666666]
    max: : [2.036166666666667]
    n: 1561
    n_valid: : [1561]
    dt_original: : [1000000000]
2026-10-06T16:01:31.470618Z INFO  main Plotting 'Bradley' data for event '2023-03-23'
2026-10-06T16:01:31.470618Z INFO  main   Plotting 'Bradley/GIC/measured/TVA' original vs. modified data for event '2023-03-23'
2026-10-06T16:01:33.516358Z INFO  main     Writing C:\Users\lwilker\Documents\GitHub\SWERVE-data\data_processed/2023-03-23/sites/bradley/figures\original\GIC_measured_TVA.png
2026-10-06T16:01:34.022978Z INFO  main     Writing C:\Users\lwilker\Documents\GitHub\SWERVE-data\data_processed/2023-03-23/sites/bradley/figures\original\GIC_measured_TVA.pdf
2026-10-06T16:01:34.149952Z INFO  main Reading 'Bradley' data for event '2016-02-17'
2026-10-06T16:01:34.149952Z INFO  main   Reading 'GIC/measured/TVA' data for event '2016-02-17'
2026-10-06T16:01:34.149952Z INFO  main     Reading C:\Users\lwilker\Documents\GitHub\SWERVE-data\data_original\tva\2016-02-17\gic\GIC-measured\gic-bradley_20160217.csv
2026-10-06T16:01:34.786645Z INFO  main     Running automated error checks on GIC measured data
2026-10-06T16:01:36.459868Z INFO  main     Uniq dts [ns] = [2000000000]
2026-10-06T16:01:36.459868Z INFO  main     Uniq dts [#]  = 1
2026-10-06T16:01:36.539514Z INFO  main     
Resample to 1m aves and NaN pad or trim to start/stop.
2026-10-06T16:01:36.622186Z INFO  main     Writing C:\Users\lwilker\Documents\GitHub\SWERVE-data\data_processed\2016-02-17\sites\bradley\data\GIC_measured_TVA.pkl
2026-10-06T16:01:36.679559Z INFO  main   Writing C:\Users\lwilker\Documents\GitHub\SWERVE-data\data_processed\2016-02-17\sites\bradley\data\_all.pkl
2026-10-06T16:01:36.719475Z INFO  main Computing stats for 'Bradley' data
2026-10-06T16:01:36.754944Z INFO  main   Uniq dts [ns] = [2000000000]
2026-10-06T16:01:36.754944Z INFO  main   Uniq dts [#]  = 1
2026-10-06T16:01:36.754944Z INFO  main   Stats for GIC/measured/TVA:
2026-10-06T16:01:36.754944Z INFO  main 
    std: : [0.09316496637062463]
    ave: : [-0.5284660968660968]
    min: : [-0.842]
    max: : [-0.13733333333333334]
    n: 2581
    n_valid: : [1170]
    dt_original: : [2000000000]
2026-10-06T16:01:36.754944Z INFO  main Plotting 'Bradley' data for event '2016-02-17'
2026-10-06T16:01:36.754944Z INFO  main   Plotting 'Bradley/GIC/measured/TVA' original vs. modified data for event '2016-02-17'
2026-10-06T16:01:38.567399Z INFO  main     Writing C:\Users\lwilker\Documents\GitHub\SWERVE-data\data_processed/2016-02-17/sites/bradley/figures\original\GIC_measured_TVA.png
2026-10-06T16:01:39.157169Z INFO  main     Writing C:\Users\lwilker\Documents\GitHub\SWERVE-data\data_processed/2016-02-17/sites/bradley/figures\original\GIC_measured_TVA.pdf
2026-10-06T16:01:39.308380Z INFO  main Reading 'Bradley' data for event '2024-05-10'
2026-10-06T16:01:39.312431Z INFO  main   Reading 'GIC/measured/TVA' data for event '2024-05-10'
2026-10-06T16:01:39.315465Z INFO  main     Reading C:\Users\lwilker\Documents\GitHub\SWERVE-data\data_original\tva\2024-05-10\gic\GIC-measured\gic-bradley_20240510.csv
2026-10-06T16:01:43.059479Z INFO  main     Running automated error checks on GIC measured data
2026-10-06T16:01:53.196894Z INFO  main     Uniq dts [ns] = [1000000000]
2026-10-06T16:01:53.196894Z INFO  main     Uniq dts [#]  = 1
2026-10-06T16:01:53.388293Z INFO  main     
Resample to 1m aves and NaN pad or trim to start/stop.
2026-10-06T16:01:53.699497Z INFO  main     Writing C:\Users\lwilker\Documents\GitHub\SWERVE-data\data_processed\2024-05-10\sites\bradley\data\GIC_measured_TVA.pkl
2026-10-06T16:01:54.011413Z INFO  main   Writing C:\Users\lwilker\Documents\GitHub\SWERVE-data\data_processed\2024-05-10\sites\bradley\data\_all.pkl
2026-10-06T16:01:54.342227Z INFO  main Computing stats for 'Bradley' data
2026-10-06T16:01:54.580229Z INFO  main   Uniq dts [ns] = [1000000000]
2026-10-06T16:01:54.580229Z INFO  main   Uniq dts [#]  = 1
2026-10-06T16:01:54.580229Z INFO  main   Stats for GIC/measured/TVA:
2026-10-06T16:01:54.580229Z INFO  main 
    std: : [0.41146138313725955]
    ave: : [0.005256229531539217]
    min: : [-2.3675]
    max: : [1.7946666666666666]
    n: 2341
    n_valid: : [2341]
    dt_original: : [1000000000]
2026-10-06T16:01:54.580229Z INFO  main Plotting 'Bradley' data for event '2024-05-10'
2026-10-06T16:01:54.580229Z INFO  main   Plotting 'Bradley/GIC/measured/TVA' original vs. modified data for event '2024-05-10'
2026-10-06T16:01:56.944636Z INFO  main     Writing C:\Users\lwilker\Documents\GitHub\SWERVE-data\data_processed/2024-05-10/sites/bradley/figures\original\GIC_measured_TVA.png
2026-10-06T16:01:57.530161Z INFO  main     Writing C:\Users\lwilker\Documents\GitHub\SWERVE-data\data_processed/2024-05-10/sites/bradley/figures\original\GIC_measured_TVA.pdf
2026-10-06T16:01:57.682313Z INFO  main Reading 'Bradley' data for event '2015-10-07'
2026-10-06T16:01:57.688569Z INFO  main   Reading 'GIC/measured/TVA' data for event '2015-10-07'
2026-10-06T16:01:57.691441Z INFO  main     Reading C:\Users\lwilker\Documents\GitHub\SWERVE-data\data_original\tva\2015-10-07\gic\GIC-measured\gic-bradley_20151007.csv
2026-10-06T16:01:58.895504Z INFO  main     Running automated error checks on GIC measured data
2026-10-06T16:02:02.040771Z INFO  main     Uniq dts [ns] = [ 2000000000  4000000000  8000000000 44000000000 46000000000]
2026-10-06T16:02:02.040771Z INFO  main     Uniq dts [#]  = 5
2026-10-06T16:02:02.084422Z INFO  main     
Resample to 1m aves and NaN pad or trim to start/stop.
2026-10-06T16:02:02.183139Z INFO  main     Writing C:\Users\lwilker\Documents\GitHub\SWERVE-data\data_processed\2015-10-07\sites\bradley\data\GIC_measured_TVA.pkl
2026-10-06T16:02:02.342384Z INFO  main   Writing C:\Users\lwilker\Documents\GitHub\SWERVE-data\data_processed\2015-10-07\sites\bradley\data\_all.pkl
2026-10-06T16:02:02.448792Z INFO  main Computing stats for 'Bradley' data
2026-10-06T16:02:02.530775Z INFO  main   Uniq dts [ns] = [ 2000000000  4000000000  8000000000 44000000000 46000000000]
2026-10-06T16:02:02.530775Z INFO  main   Uniq dts [#]  = 5
2026-10-06T16:02:02.531880Z INFO  main   Stats for GIC/measured/TVA:
2026-10-06T16:02:02.531880Z INFO  main 
    std: : [0.33828712466858346]
    ave: : [-0.023329185352247806]
    min: : [-1.8143333333333334]
    max: : [1.5726666666666667]
    n: 1741
    n_valid: : [1741]
    dt_original: : [2000000000 nanoseconds, 4000000000 nanoseconds, ..., 44000000000 nanoseconds, 46000000000 nanoseconds] (5 elements)
2026-10-06T16:02:02.532897Z INFO  main Plotting 'Bradley' data for event '2015-10-07'
2026-10-06T16:02:02.533895Z INFO  main   Plotting 'Bradley/GIC/measured/TVA' original vs. modified data for event '2015-10-07'
2026-10-06T16:02:04.760311Z INFO  main     Writing C:\Users\lwilker\Documents\GitHub\SWERVE-data\data_processed/2015-10-07/sites/bradley/figures\original\GIC_measured_TVA.png
2026-10-06T16:02:05.388555Z INFO  main     Writing C:\Users\lwilker\Documents\GitHub\SWERVE-data\data_processed/2015-10-07/sites/bradley/figures\original\GIC_measured_TVA.pdf
2026-10-06T16:02:05.528668Z INFO  main Reading 'Montgomery' data for event '2015-03-17'
2026-10-06T16:02:05.530256Z INFO  main   Reading 'GIC/measured/TVA' data for event '2015-03-17'
2026-10-06T16:02:05.532272Z INFO  main     Reading C:\Users\lwilker\Documents\GitHub\SWERVE-data\data_original\tva\2015-03-17\gic\GIC-measured\gic-montgomery_20150317.csv
2026-10-06T16:02:06.747917Z INFO  main     Running automated error checks on GIC measured data
2026-10-06T16:02:10.040446Z INFO  main     Uniq dts [ns] = [2000000000]
2026-10-06T16:02:10.040446Z INFO  main     Uniq dts [#]  = 1
2026-10-06T16:02:10.077247Z INFO  main     
Resample to 1m aves and NaN pad or trim to start/stop.
2026-10-06T16:02:10.187568Z INFO  main     Writing C:\Users\lwilker\Documents\GitHub\SWERVE-data\data_processed\2015-03-17\sites\montgomery\data\GIC_measured_TVA.pkl
2026-10-06T16:02:10.339816Z INFO  main   Writing C:\Users\lwilker\Documents\GitHub\SWERVE-data\data_processed\2015-03-17\sites\montgomery\data\_all.pkl
2026-10-06T16:02:10.425176Z INFO  main Computing stats for 'Montgomery' data
2026-10-06T16:02:10.517076Z INFO  main   Uniq dts [ns] = [2000000000]
2026-10-06T16:02:10.517076Z INFO  main   Uniq dts [#]  = 1
2026-10-06T16:02:10.517076Z INFO  main   Stats for GIC/measured/TVA:
2026-10-06T16:02:10.518076Z INFO  main 
    std: : [1.5069537587442778]
    ave: : [-0.09112788478223148]
    min: : [-12.511]
    max: : [10.165]
    n: 1921
    n_valid: : [1921]
    dt_original: : [2000000000]
2026-10-06T16:02:10.519079Z INFO  main Plotting 'Montgomery' data for event '2015-03-17'
2026-10-06T16:02:10.521075Z INFO  main   Plotting 'Montgomery/GIC/measured/TVA' original vs. modified data for event '2015-03-17'
2026-10-06T16:02:12.139823Z INFO  main     Writing C:\Users\lwilker\Documents\GitHub\SWERVE-data\data_processed/2015-03-17/sites/montgomery/figures\original\GIC_measured_TVA.png
2026-10-06T16:02:12.607640Z INFO  main     Writing C:\Users\lwilker\Documents\GitHub\SWERVE-data\data_processed/2015-03-17/sites/montgomery/figures\original\GIC_measured_TVA.pdf
2026-10-06T16:02:12.744087Z INFO  main Reading 'Montgomery' data for event '2015-06-22'
2026-10-06T16:02:12.754797Z INFO  main   Reading 'GIC/measured/TVA' data for event '2015-06-22'
2026-10-06T16:02:12.758647Z INFO  main     Reading C:\Users\lwilker\Documents\GitHub\SWERVE-data\data_original\tva\2015-06-22\gic\GIC-measured\gic-montgomery_20150622.csv
2026-10-06T16:02:13.962228Z INFO  main     Running automated error checks on GIC measured data
2026-10-06T16:02:17.189744Z INFO  main     Uniq dts [ns] = [ 2000000000  4000000000 28000000000 50000000000 58000000000]
2026-10-06T16:02:17.189744Z INFO  main     Uniq dts [#]  = 5
2026-10-06T16:02:17.287180Z INFO  main     
Resample to 1m aves and NaN pad or trim to start/stop.
2026-10-06T16:02:17.402965Z INFO  main     Writing C:\Users\lwilker\Documents\GitHub\SWERVE-data\data_processed\2015-06-22\sites\montgomery\data\GIC_measured_TVA.pkl
2026-10-06T16:02:17.484771Z INFO  main   Writing C:\Users\lwilker\Documents\GitHub\SWERVE-data\data_processed\2015-06-22\sites\montgomery\data\_all.pkl
2026-10-06T16:02:17.554496Z INFO  main Computing stats for 'Montgomery' data
2026-10-06T16:02:17.637486Z INFO  main   Uniq dts [ns] = [ 2000000000  4000000000 28000000000 50000000000 58000000000]
2026-10-06T16:02:17.653425Z INFO  main   Uniq dts [#]  = 5
2026-10-06T16:02:17.653425Z INFO  main   Stats for GIC/measured/TVA:
2026-10-06T16:02:17.653425Z INFO  main 
    std: : [1.0439709729995303]
    ave: : [-0.013849761081476585]
    min: : [-5.583666666666667]
    max: : [7.247]
    n: 1981
    n_valid: : [1981]
    dt_original: : [2000000000 nanoseconds, 4000000000 nanoseconds, ..., 50000000000 nanoseconds, 58000000000 nanoseconds] (5 elements)
2026-10-06T16:02:17.653425Z INFO  main Plotting 'Montgomery' data for event '2015-06-22'
2026-10-06T16:02:17.653425Z INFO  main   Plotting 'Montgomery/GIC/measured/TVA' original vs. modified data for event '2015-06-22'
2026-10-06T16:02:19.457584Z INFO  main     Writing C:\Users\lwilker\Documents\GitHub\SWERVE-data\data_processed/2015-06-22/sites/montgomery/figures\original\GIC_measured_TVA.png
2026-10-06T16:02:19.956181Z INFO  main     Writing C:\Users\lwilker\Documents\GitHub\SWERVE-data\data_processed/2015-06-22/sites/montgomery/figures\original\GIC_measured_TVA.pdf
2026-10-06T16:02:20.103693Z INFO  main Reading 'Montgomery' data for event '2014-09-11'
2026-10-06T16:02:20.103693Z INFO  main   Reading 'GIC/measured/TVA' data for event '2014-09-11'
2026-10-06T16:02:20.113951Z INFO  main     Reading C:\Users\lwilker\Documents\GitHub\SWERVE-data\data_original\tva\2014-09-11\gic\GIC-measured\gic-montgomery_20140911.csv
2026-10-06T16:02:21.950475Z INFO  main     Running automated error checks on GIC measured data
2026-10-06T16:02:27.049268Z INFO  main     Uniq dts [ns] = [2000000000]
2026-10-06T16:02:27.049268Z INFO  main     Uniq dts [#]  = 1
2026-10-06T16:02:27.112714Z INFO  main     
Resample to 1m aves and NaN pad or trim to start/stop.
2026-10-06T16:02:27.250152Z INFO  main     Writing C:\Users\lwilker\Documents\GitHub\SWERVE-data\data_processed\2014-09-11\sites\montgomery\data\GIC_measured_TVA.pkl
2026-10-06T16:02:27.366297Z INFO  main   Writing C:\Users\lwilker\Documents\GitHub\SWERVE-data\data_processed\2014-09-11\sites\montgomery\data\_all.pkl
2026-10-06T16:02:27.486193Z INFO  main Computing stats for 'Montgomery' data
2026-10-06T16:02:27.625462Z INFO  main   Uniq dts [ns] = [ 2000000000 36000000000]
2026-10-06T16:02:27.625462Z INFO  main   Uniq dts [#]  = 2
2026-10-06T16:02:27.627213Z INFO  main   Stats for GIC/measured/TVA:
2026-10-06T16:02:27.627213Z INFO  main 
    std: : [0.4338317199512968]
    ave: : [0.23761474435196195]
    min: : [-1.3126666666666666]
    max: : [1.7806666666666666]
    n: 841
    n_valid: : [841]
    dt_original: : [2000000000, 36000000000]
2026-10-06T16:02:27.627213Z INFO  main Plotting 'Montgomery' data for event '2014-09-11'
2026-10-06T16:02:27.627213Z INFO  main   Plotting 'Montgomery/GIC/measured/TVA' original vs. modified data for event '2014-09-11'
2026-10-06T16:02:29.560811Z INFO  main     Writing C:\Users\lwilker\Documents\GitHub\SWERVE-data\data_processed/2014-09-11/sites/montgomery/figures\original\GIC_measured_TVA.png
2026-10-06T16:02:30.116938Z INFO  main     Writing C:\Users\lwilker\Documents\GitHub\SWERVE-data\data_processed/2014-09-11/sites/montgomery/figures\original\GIC_measured_TVA.pdf
2026-10-06T16:02:30.236128Z INFO  main Reading 'Montgomery' data for event '2023-03-23'
2026-10-06T16:02:30.236128Z INFO  main   Reading 'GIC/measured/TVA' data for event '2023-03-23'
2026-10-06T16:02:30.236128Z INFO  main     Reading C:\Users\lwilker\Documents\GitHub\SWERVE-data\data_original\tva\2023-03-23\gic\GIC-measured\gic-montgomery_20230323.csv
2026-10-06T16:02:32.785303Z INFO  main     Running automated error checks on GIC measured data
2026-10-06T16:02:39.404329Z INFO  main     Uniq dts [ns] = [1000000000 7000000000]
2026-10-06T16:02:39.404329Z INFO  main     Uniq dts [#]  = 2
2026-10-06T16:02:39.518042Z INFO  main     
Resample to 1m aves and NaN pad or trim to start/stop.
2026-10-06T16:02:39.732241Z INFO  main     Writing C:\Users\lwilker\Documents\GitHub\SWERVE-data\data_processed\2023-03-23\sites\montgomery\data\GIC_measured_TVA.pkl
2026-10-06T16:02:39.913541Z INFO  main   Writing C:\Users\lwilker\Documents\GitHub\SWERVE-data\data_processed\2023-03-23\sites\montgomery\data\_all.pkl
2026-10-06T16:02:40.097252Z INFO  main Computing stats for 'Montgomery' data
2026-10-06T16:02:40.265947Z INFO  main   Uniq dts [ns] = [1000000000 2000000000 7000000000]
2026-10-06T16:02:40.265947Z INFO  main   Uniq dts [#]  = 3
2026-10-06T16:02:40.265947Z INFO  main   Stats for GIC/measured/TVA:
2026-10-06T16:02:40.265947Z INFO  main 
    std: : [2.076248301454812]
    ave: : [0.034416162478942754]
    min: : [-13.062166666666666]
    max: : [16.480666666666668]
    n: 1561
    n_valid: : [1561]
    dt_original: : [1000000000, 2000000000, 7000000000]
2026-10-06T16:02:40.265947Z INFO  main Plotting 'Montgomery' data for event '2023-03-23'
2026-10-06T16:02:40.265947Z INFO  main   Plotting 'Montgomery/GIC/measured/TVA' original vs. modified data for event '2023-03-23'
2026-10-06T16:02:42.258453Z INFO  main     Writing C:\Users\lwilker\Documents\GitHub\SWERVE-data\data_processed/2023-03-23/sites/montgomery/figures\original\GIC_measured_TVA.png
2026-10-06T16:02:42.700523Z INFO  main     Writing C:\Users\lwilker\Documents\GitHub\SWERVE-data\data_processed/2023-03-23/sites/montgomery/figures\original\GIC_measured_TVA.pdf
2026-10-06T16:02:42.849383Z INFO  main Reading 'Montgomery' data for event '2016-02-17'
2026-10-06T16:02:42.849383Z INFO  main   Reading 'GIC/measured/TVA' data for event '2016-02-17'
2026-10-06T16:02:42.860765Z INFO  main     Reading C:\Users\lwilker\Documents\GitHub\SWERVE-data\data_original\tva\2016-02-17\gic\GIC-measured\gic-montgomery_20160217.csv
2026-10-06T16:02:43.476833Z INFO  main     Running automated error checks on GIC measured data
2026-10-06T16:02:45.117825Z INFO  main     Uniq dts [ns] = [2000000000]
2026-10-06T16:02:45.119830Z INFO  main     Uniq dts [#]  = 1
2026-10-06T16:02:45.152339Z INFO  main     
Resample to 1m aves and NaN pad or trim to start/stop.
2026-10-06T16:02:45.236082Z INFO  main     Writing C:\Users\lwilker\Documents\GitHub\SWERVE-data\data_processed\2016-02-17\sites\montgomery\data\GIC_measured_TVA.pkl
2026-10-06T16:02:45.280766Z INFO  main   Writing C:\Users\lwilker\Documents\GitHub\SWERVE-data\data_processed\2016-02-17\sites\montgomery\data\_all.pkl
2026-10-06T16:02:45.315053Z INFO  main Computing stats for 'Montgomery' data
2026-10-06T16:02:45.365620Z INFO  main   Uniq dts [ns] = [2000000000]
2026-10-06T16:02:45.365620Z INFO  main   Uniq dts [#]  = 1
2026-10-06T16:02:45.365620Z INFO  main   Stats for GIC/measured/TVA:
2026-10-06T16:02:45.365620Z INFO  main 
    std: : [0.3872351868965157]
    ave: : [-0.3326897435897436]
    min: : [-1.669]
    max: : [1.3816666666666668]
    n: 2581
    n_valid: : [1170]
    dt_original: : [2000000000]
2026-10-06T16:02:45.365620Z INFO  main Plotting 'Montgomery' data for event '2016-02-17'
2026-10-06T16:02:45.365620Z INFO  main   Plotting 'Montgomery/GIC/measured/TVA' original vs. modified data for event '2016-02-17'
2026-10-06T16:02:46.952921Z INFO  main     Writing C:\Users\lwilker\Documents\GitHub\SWERVE-data\data_processed/2016-02-17/sites/montgomery/figures\original\GIC_measured_TVA.png
2026-10-06T16:02:47.538020Z INFO  main     Writing C:\Users\lwilker\Documents\GitHub\SWERVE-data\data_processed/2016-02-17/sites/montgomery/figures\original\GIC_measured_TVA.pdf
2026-10-06T16:02:47.669266Z INFO  main Reading 'Montgomery' data for event '2024-05-10'
2026-10-06T16:02:47.677207Z INFO  main   Reading 'GIC/measured/TVA' data for event '2024-05-10'
2026-10-06T16:02:47.681140Z INFO  main     Reading C:\Users\lwilker\Documents\GitHub\SWERVE-data\data_original\tva\2024-05-10\gic\GIC-measured\gic-montgomery_20240510.csv
2026-10-06T16:02:51.513765Z INFO  main     Running automated error checks on GIC measured data
2026-10-06T16:03:01.329871Z INFO  main     Uniq dts [ns] = [1000000000]
2026-10-06T16:03:01.329871Z INFO  main     Uniq dts [#]  = 1
2026-10-06T16:03:01.543514Z INFO  main     
Resample to 1m aves and NaN pad or trim to start/stop.
2026-10-06T16:03:01.816861Z INFO  main     Writing C:\Users\lwilker\Documents\GitHub\SWERVE-data\data_processed\2024-05-10\sites\montgomery\data\GIC_measured_TVA.pkl
2026-10-06T16:03:02.084577Z INFO  main   Writing C:\Users\lwilker\Documents\GitHub\SWERVE-data\data_processed\2024-05-10\sites\montgomery\data\_all.pkl
2026-10-06T16:03:02.424270Z INFO  main Computing stats for 'Montgomery' data
2026-10-06T16:03:02.655495Z INFO  main   Uniq dts [ns] = [1000000000 2000000000]
2026-10-06T16:03:02.655495Z INFO  main   Uniq dts [#]  = 2
2026-10-06T16:03:02.655495Z INFO  main   Stats for GIC/measured/TVA:
2026-10-06T16:03:02.655495Z INFO  main 
    std: : [3.704430906359362]
    ave: : [0.005764701694432592]
    min: : [-34.30216666666667]
    max: : [22.281]
    n: 2341
    n_valid: : [2341]
    dt_original: : [1000000000, 2000000000]
2026-10-06T16:03:02.655495Z INFO  main Plotting 'Montgomery' data for event '2024-05-10'
2026-10-06T16:03:02.659507Z INFO  main   Plotting 'Montgomery/GIC/measured/TVA' original vs. modified data for event '2024-05-10'
2026-10-06T16:03:04.931529Z INFO  main     Writing C:\Users\lwilker\Documents\GitHub\SWERVE-data\data_processed/2024-05-10/sites/montgomery/figures\original\GIC_measured_TVA.png
2026-10-06T16:03:05.397885Z INFO  main     Writing C:\Users\lwilker\Documents\GitHub\SWERVE-data\data_processed/2024-05-10/sites/montgomery/figures\original\GIC_measured_TVA.pdf
2026-10-06T16:03:05.544204Z INFO  main Reading 'Montgomery' data for event '2015-10-07'
2026-10-06T16:03:05.548720Z INFO  main   Reading 'GIC/measured/TVA' data for event '2015-10-07'
2026-10-06T16:03:05.552548Z INFO  main     Reading C:\Users\lwilker\Documents\GitHub\SWERVE-data\data_original\tva\2015-10-07\gic\GIC-measured\gic-montgomery_20151007.csv
2026-10-06T16:03:06.801511Z INFO  main     Running automated error checks on GIC measured data
2026-10-06T16:03:10.129726Z INFO  main     Uniq dts [ns] = [ 2000000000 22000000000 46000000000 50000000000]
2026-10-06T16:03:10.129726Z INFO  main     Uniq dts [#]  = 4
2026-10-06T16:03:10.178735Z INFO  main     
Resample to 1m aves and NaN pad or trim to start/stop.
2026-10-06T16:03:10.292698Z INFO  main     Writing C:\Users\lwilker\Documents\GitHub\SWERVE-data\data_processed\2015-10-07\sites\montgomery\data\GIC_measured_TVA.pkl
2026-10-06T16:03:10.457901Z INFO  main   Writing C:\Users\lwilker\Documents\GitHub\SWERVE-data\data_processed\2015-10-07\sites\montgomery\data\_all.pkl
2026-10-06T16:03:10.560084Z INFO  main Computing stats for 'Montgomery' data
2026-10-06T16:03:10.646252Z INFO  main   Uniq dts [ns] = [ 2000000000 22000000000 46000000000 50000000000]
2026-10-06T16:03:10.650702Z INFO  main   Uniq dts [#]  = 4
2026-10-06T16:03:10.650702Z INFO  main   Stats for GIC/measured/TVA:
2026-10-06T16:03:10.650702Z INFO  main 
    std: : [0.7469977455761686]
    ave: : [0.10510413298001567]
    min: : [-4.973]
    max: : [4.062666666666667]
    n: 1741
    n_valid: : [1741]
    dt_original: : [2000000000, 22000000000, 46000000000, 50000000000]
2026-10-06T16:03:10.650702Z INFO  main Plotting 'Montgomery' data for event '2015-10-07'
2026-10-06T16:03:10.656731Z INFO  main   Plotting 'Montgomery/GIC/measured/TVA' original vs. modified data for event '2015-10-07'
2026-10-06T16:03:12.357330Z INFO  main     Writing C:\Users\lwilker\Documents\GitHub\SWERVE-data\data_processed/2015-10-07/sites/montgomery/figures\original\GIC_measured_TVA.png
2026-10-06T16:03:12.943212Z INFO  main     Writing C:\Users\lwilker\Documents\GitHub\SWERVE-data\data_processed/2015-10-07/sites/montgomery/figures\original\GIC_measured_TVA.pdf
2026-10-06T16:03:13.060135Z INFO  main Reading 'Southaven' data for event '2015-03-17'
2026-10-06T16:03:13.064380Z INFO  main   Reading 'GIC/measured/TVA' data for event '2015-03-17'
2026-10-06T16:03:13.069787Z INFO  main     Reading C:\Users\lwilker\Documents\GitHub\SWERVE-data\data_original\tva\2015-03-17\gic\GIC-measured\gic-southaven_20150317.csv
2026-10-06T16:03:14.297730Z INFO  main     Running automated error checks on GIC measured data
2026-10-06T16:03:17.589489Z INFO  main     Uniq dts [ns] = [2000000000 4000000000 6000000000]
2026-10-06T16:03:17.589489Z INFO  main     Uniq dts [#]  = 3
2026-10-06T16:03:17.687590Z INFO  main     
Resample to 1m aves and NaN pad or trim to start/stop.
2026-10-06T16:03:17.808729Z INFO  main     Writing C:\Users\lwilker\Documents\GitHub\SWERVE-data\data_processed\2015-03-17\sites\southaven\data\GIC_measured_TVA.pkl
2026-10-06T16:03:17.891933Z INFO  main   Writing C:\Users\lwilker\Documents\GitHub\SWERVE-data\data_processed\2015-03-17\sites\southaven\data\_all.pkl
2026-10-06T16:03:17.960341Z INFO  main Computing stats for 'Southaven' data
2026-10-06T16:03:18.033844Z INFO  main   Uniq dts [ns] = [2000000000 4000000000 6000000000]
2026-10-06T16:03:18.034844Z INFO  main   Uniq dts [#]  = 3
2026-10-06T16:03:18.034844Z INFO  main   Stats for GIC/measured/TVA:
2026-10-06T16:03:18.034844Z INFO  main 
    std: : [0.31478013207265787]
    ave: : [-0.049337236932544694]
    min: : [-1.6400000000000001]
    max: : [3.671]
    n: 1921
    n_valid: : [1921]
    dt_original: : [2000000000, 4000000000, 6000000000]
2026-10-06T16:03:18.037446Z INFO  main Plotting 'Southaven' data for event '2015-03-17'
2026-10-06T16:03:18.039705Z INFO  main   Plotting 'Southaven/GIC/measured/TVA' original vs. modified data for event '2015-03-17'
2026-10-06T16:03:19.942915Z INFO  main     Writing C:\Users\lwilker\Documents\GitHub\SWERVE-data\data_processed/2015-03-17/sites/southaven/figures\original\GIC_measured_TVA.png
2026-10-06T16:03:20.533719Z INFO  main     Writing C:\Users\lwilker\Documents\GitHub\SWERVE-data\data_processed/2015-03-17/sites/southaven/figures\original\GIC_measured_TVA.pdf
2026-10-06T16:03:20.654748Z INFO  main Reading 'Southaven' data for event '2015-06-22'
2026-10-06T16:03:20.662590Z INFO  main   Reading 'GIC/measured/TVA' data for event '2015-06-22'
2026-10-06T16:03:20.669097Z INFO  main     Reading C:\Users\lwilker\Documents\GitHub\SWERVE-data\data_original\tva\2015-06-22\gic\GIC-measured\gic-southaven_20150622.csv
2026-10-06T16:03:21.882785Z INFO  main     Running automated error checks on GIC measured data
2026-10-06T16:03:25.295546Z INFO  main     Uniq dts [ns] = [ 2000000000  4000000000 60000000000]
2026-10-06T16:03:25.295546Z INFO  main     Uniq dts [#]  = 3
2026-10-06T16:03:25.336098Z INFO  main     
Resample to 1m aves and NaN pad or trim to start/stop.
2026-10-06T16:03:25.447300Z INFO  main     Writing C:\Users\lwilker\Documents\GitHub\SWERVE-data\data_processed\2015-06-22\sites\southaven\data\GIC_measured_TVA.pkl
2026-10-06T16:03:25.515390Z INFO  main   Writing C:\Users\lwilker\Documents\GitHub\SWERVE-data\data_processed\2015-06-22\sites\southaven\data\_all.pkl
2026-10-06T16:03:25.591885Z INFO  main Computing stats for 'Southaven' data
2026-10-06T16:03:25.678534Z INFO  main   Uniq dts [ns] = [ 2000000000  4000000000 60000000000]
2026-10-06T16:03:25.678534Z INFO  main   Uniq dts [#]  = 3
2026-10-06T16:03:25.678534Z INFO  main   Stats for GIC/measured/TVA:
2026-10-06T16:03:25.680039Z INFO  main 
    std: : [0.27401731773889826]
    ave: : [0.0110615229325555]
    min: : [-2.6043333333333334]
    max: : [1.8406666666666667]
    n: 1981
    n_valid: : [1981]
    dt_original: : [2000000000, 4000000000, 60000000000]
2026-10-06T16:03:25.680039Z INFO  main Plotting 'Southaven' data for event '2015-06-22'
2026-10-06T16:03:25.682044Z INFO  main   Plotting 'Southaven/GIC/measured/TVA' original vs. modified data for event '2015-06-22'
2026-10-06T16:03:27.584941Z INFO  main     Writing C:\Users\lwilker\Documents\GitHub\SWERVE-data\data_processed/2015-06-22/sites/southaven/figures\original\GIC_measured_TVA.png
2026-10-06T16:03:28.131992Z INFO  main     Writing C:\Users\lwilker\Documents\GitHub\SWERVE-data\data_processed/2015-06-22/sites/southaven/figures\original\GIC_measured_TVA.pdf
2026-10-06T16:03:28.260028Z INFO  main Reading 'Southaven' data for event '2014-09-11'
2026-10-06T16:03:28.260028Z INFO  main   Reading 'GIC/measured/TVA' data for event '2014-09-11'
2026-10-06T16:03:28.260028Z INFO  main     Reading C:\Users\lwilker\Documents\GitHub\SWERVE-data\data_original\tva\2014-09-11\gic\GIC-measured\gic-southaven_20140911.csv
2026-10-06T16:04:53.790056Z INFO  main Reading 'Southaven' data for event '2015-03-17'
2026-10-06T16:04:53.795551Z INFO  main   Reading 'GIC/measured/TVA' data for event '2015-03-17'
2026-10-06T16:04:53.797557Z INFO  main     Reading C:\Users\lwilker\Documents\GitHub\SWERVE-data\data_original\tva\2015-03-17\gic\GIC-measured\gic-southaven_20150317.csv
2026-10-06T16:04:55.128413Z INFO  main     Running automated error checks on GIC measured data
2026-10-06T16:04:58.307888Z INFO  main     Uniq dts [ns] = [2000000000 4000000000 6000000000]
2026-10-06T16:04:58.307888Z INFO  main     Uniq dts [#]  = 3
2026-10-06T16:04:58.339679Z INFO  main     
Resample to 1m aves and NaN pad or trim to start/stop.
2026-10-06T16:04:58.454797Z INFO  main     Writing C:\Users\lwilker\Documents\GitHub\SWERVE-data\data_processed\2015-03-17\sites\southaven\data\GIC_measured_TVA.pkl
2026-10-06T16:04:58.567332Z INFO  main   Writing C:\Users\lwilker\Documents\GitHub\SWERVE-data\data_processed\2015-03-17\sites\southaven\data\_all.pkl
2026-10-06T16:04:58.626486Z INFO  main Computing stats for 'Southaven' data
2026-10-06T16:04:58.705832Z INFO  main   Uniq dts [ns] = [2000000000 4000000000 6000000000]
2026-10-06T16:04:58.705832Z INFO  main   Uniq dts [#]  = 3
2026-10-06T16:04:58.705832Z INFO  main   Stats for GIC/measured/TVA:
2026-10-06T16:04:58.705832Z INFO  main 
    std: : [0.31478013207265787]
    ave: : [-0.049337236932544694]
    min: : [-1.6400000000000001]
    max: : [3.671]
    n: 1921
    n_valid: : [1921]
    dt_original: : [2000000000, 4000000000, 6000000000]
2026-10-06T16:04:58.963446Z INFO  main Plotting 'Southaven' data for event '2015-03-17'
2026-10-06T16:04:58.963446Z INFO  main   Plotting 'Southaven/GIC/measured/TVA' original vs. modified data for event '2015-03-17'
2026-10-06T16:05:01.156297Z INFO  main     Writing C:\Users\lwilker\Documents\GitHub\SWERVE-data\data_processed/2015-03-17/sites/southaven/figures\original\GIC_measured_TVA.png
2026-10-06T16:05:01.791116Z INFO  main     Writing C:\Users\lwilker\Documents\GitHub\SWERVE-data\data_processed/2015-03-17/sites/southaven/figures\original\GIC_measured_TVA.pdf
2026-10-06T16:05:02.013772Z INFO  main Reading 'Southaven' data for event '2015-06-22'
2026-10-06T16:05:02.013772Z INFO  main   Reading 'GIC/measured/TVA' data for event '2015-06-22'
2026-10-06T16:05:02.013772Z INFO  main     Reading C:\Users\lwilker\Documents\GitHub\SWERVE-data\data_original\tva\2015-06-22\gic\GIC-measured\gic-southaven_20150622.csv
2026-10-06T16:05:03.342268Z INFO  main     Running automated error checks on GIC measured data
2026-10-06T16:05:06.712585Z INFO  main     Uniq dts [ns] = [ 2000000000  4000000000 60000000000]
2026-10-06T16:05:06.712585Z INFO  main     Uniq dts [#]  = 3
2026-10-06T16:05:06.750424Z INFO  main     
Resample to 1m aves and NaN pad or trim to start/stop.
2026-10-06T16:05:06.867397Z INFO  main     Writing C:\Users\lwilker\Documents\GitHub\SWERVE-data\data_processed\2015-06-22\sites\southaven\data\GIC_measured_TVA.pkl
2026-10-06T16:05:06.946404Z INFO  main   Writing C:\Users\lwilker\Documents\GitHub\SWERVE-data\data_processed\2015-06-22\sites\southaven\data\_all.pkl
2026-10-06T16:05:07.017828Z INFO  main Computing stats for 'Southaven' data
2026-10-06T16:05:07.098290Z INFO  main   Uniq dts [ns] = [ 2000000000  4000000000 60000000000]
2026-10-06T16:05:07.098290Z INFO  main   Uniq dts [#]  = 3
2026-10-06T16:05:07.098290Z INFO  main   Stats for GIC/measured/TVA:
2026-10-06T16:05:07.098290Z INFO  main 
    std: : [0.27401731773889826]
    ave: : [0.0110615229325555]
    min: : [-2.6043333333333334]
    max: : [1.8406666666666667]
    n: 1981
    n_valid: : [1981]
    dt_original: : [2000000000, 4000000000, 60000000000]
2026-10-06T16:05:07.098290Z INFO  main Plotting 'Southaven' data for event '2015-06-22'
2026-10-06T16:05:07.107720Z INFO  main   Plotting 'Southaven/GIC/measured/TVA' original vs. modified data for event '2015-06-22'
2026-10-06T16:05:09.107693Z INFO  main     Writing C:\Users\lwilker\Documents\GitHub\SWERVE-data\data_processed/2015-06-22/sites/southaven/figures\original\GIC_measured_TVA.png
2026-10-06T16:05:09.671476Z INFO  main     Writing C:\Users\lwilker\Documents\GitHub\SWERVE-data\data_processed/2015-06-22/sites/southaven/figures\original\GIC_measured_TVA.pdf
2026-10-06T16:05:09.794166Z INFO  main Reading 'Southaven' data for event '2014-09-11'
2026-10-06T16:05:09.794166Z INFO  main   Reading 'GIC/measured/TVA' data for event '2014-09-11'
2026-10-06T16:05:09.805070Z INFO  main     Reading C:\Users\lwilker\Documents\GitHub\SWERVE-data\data_original\tva\2014-09-11\gic\GIC-measured\gic-southaven_20140911.csv
2026-10-06T16:05:33.178203Z INFO  main Reading 'Southaven' data for event '2015-03-17'
2026-10-06T16:05:33.181349Z INFO  main   Reading 'GIC/measured/TVA' data for event '2015-03-17'
2026-10-06T16:05:33.183348Z INFO  main     Reading C:\Users\lwilker\Documents\GitHub\SWERVE-data\data_original\tva\2015-03-17\gic\GIC-measured\gic-southaven_20150317.csv
2026-10-06T16:05:41.773317Z INFO  main     Running automated error checks on GIC measured data
2026-10-06T16:05:44.933586Z INFO  main     Uniq dts [ns] = [2000000000 4000000000 6000000000]
2026-10-06T16:05:44.933586Z INFO  main     Uniq dts [#]  = 3
2026-10-06T16:05:44.970847Z INFO  main     
Resample to 1m aves and NaN pad or trim to start/stop.
2026-10-06T16:05:45.086360Z INFO  main     Writing C:\Users\lwilker\Documents\GitHub\SWERVE-data\data_processed\2015-03-17\sites\southaven\data\GIC_measured_TVA.pkl
2026-10-06T16:05:45.176593Z INFO  main   Writing C:\Users\lwilker\Documents\GitHub\SWERVE-data\data_processed\2015-03-17\sites\southaven\data\_all.pkl
2026-10-06T16:05:45.234513Z INFO  main Computing stats for 'Southaven' data
2026-10-06T16:05:45.316931Z INFO  main   Uniq dts [ns] = [2000000000 4000000000 6000000000]
2026-10-06T16:05:45.316931Z INFO  main   Uniq dts [#]  = 3
2026-10-06T16:05:45.316931Z INFO  main   Stats for GIC/measured/TVA:
2026-10-06T16:05:45.316931Z INFO  main 
    std: : [0.31478013207265787]
    ave: : [-0.049337236932544694]
    min: : [-1.6400000000000001]
    max: : [3.671]
    n: 1921
    n_valid: : [1921]
    dt_original: : [2000000000, 4000000000, 6000000000]
2026-10-06T16:05:45.577088Z INFO  main Plotting 'Southaven' data for event '2015-03-17'
2026-10-06T16:05:45.577088Z INFO  main   Plotting 'Southaven/GIC/measured/TVA' original vs. modified data for event '2015-03-17'
2026-10-06T16:05:47.681966Z INFO  main     Writing C:\Users\lwilker\Documents\GitHub\SWERVE-data\data_processed/2015-03-17/sites/southaven/figures\original\GIC_measured_TVA.png
2026-10-06T16:05:48.288823Z INFO  main     Writing C:\Users\lwilker\Documents\GitHub\SWERVE-data\data_processed/2015-03-17/sites/southaven/figures\original\GIC_measured_TVA.pdf
2026-10-06T16:05:48.522416Z INFO  main Reading 'Southaven' data for event '2015-06-22'
2026-10-06T16:05:48.522416Z INFO  main   Reading 'GIC/measured/TVA' data for event '2015-06-22'
2026-10-06T16:05:48.522416Z INFO  main     Reading C:\Users\lwilker\Documents\GitHub\SWERVE-data\data_original\tva\2015-06-22\gic\GIC-measured\gic-southaven_20150622.csv
2026-10-06T16:05:57.261153Z INFO  main     Running automated error checks on GIC measured data
2026-10-06T16:06:00.700758Z INFO  main     Uniq dts [ns] = [ 2000000000  4000000000 60000000000]
2026-10-06T16:06:00.700758Z INFO  main     Uniq dts [#]  = 3
2026-10-06T16:06:00.765897Z INFO  main     
Resample to 1m aves and NaN pad or trim to start/stop.
2026-10-06T16:06:00.871339Z INFO  main     Writing C:\Users\lwilker\Documents\GitHub\SWERVE-data\data_processed\2015-06-22\sites\southaven\data\GIC_measured_TVA.pkl
2026-10-06T16:06:00.941862Z INFO  main   Writing C:\Users\lwilker\Documents\GitHub\SWERVE-data\data_processed\2015-06-22\sites\southaven\data\_all.pkl
2026-10-06T16:06:01.020215Z INFO  main Computing stats for 'Southaven' data
2026-10-06T16:06:01.104679Z INFO  main   Uniq dts [ns] = [ 2000000000  4000000000 60000000000]
2026-10-06T16:06:01.104679Z INFO  main   Uniq dts [#]  = 3
2026-10-06T16:06:01.104679Z INFO  main   Stats for GIC/measured/TVA:
2026-10-06T16:06:01.104679Z INFO  main 
    std: : [0.27401731773889826]
    ave: : [0.0110615229325555]
    min: : [-2.6043333333333334]
    max: : [1.8406666666666667]
    n: 1981
    n_valid: : [1981]
    dt_original: : [2000000000, 4000000000, 60000000000]
2026-10-06T16:06:01.104679Z INFO  main Plotting 'Southaven' data for event '2015-06-22'
2026-10-06T16:06:01.104679Z INFO  main   Plotting 'Southaven/GIC/measured/TVA' original vs. modified data for event '2015-06-22'
2026-10-06T16:06:03.095377Z INFO  main     Writing C:\Users\lwilker\Documents\GitHub\SWERVE-data\data_processed/2015-06-22/sites/southaven/figures\original\GIC_measured_TVA.png
2026-10-06T16:06:03.650194Z INFO  main     Writing C:\Users\lwilker\Documents\GitHub\SWERVE-data\data_processed/2015-06-22/sites/southaven/figures\original\GIC_measured_TVA.pdf
2026-10-06T16:06:03.797615Z INFO  main Reading 'Southaven' data for event '2014-09-11'
2026-10-06T16:06:03.797615Z INFO  main   Reading 'GIC/measured/TVA' data for event '2014-09-11'
2026-10-06T16:06:03.797615Z INFO  main     Reading C:\Users\lwilker\Documents\GitHub\SWERVE-data\data_original\tva\2014-09-11\gic\GIC-measured\gic-southaven_20140911.csv
2026-10-06T16:08:41.919988Z INFO  main Reading 'Sullivan' data for event '2015-03-17'
2026-10-06T16:08:41.924107Z INFO  main   Reading 'GIC/measured/TVA' data for event '2015-03-17'
2026-10-06T16:08:41.928122Z INFO  main     Reading C:\Users\lwilker\Documents\GitHub\SWERVE-data\data_original\tva\2015-03-17\gic\GIC-measured\gic-sullivan_20150317.csv
2026-10-06T16:08:43.164304Z INFO  main     Running automated error checks on GIC measured data
2026-10-06T16:08:46.571476Z INFO  main     Uniq dts [ns] = [2000000000]
2026-10-06T16:08:46.571476Z INFO  main     Uniq dts [#]  = 1
2026-10-06T16:08:46.619202Z INFO  main     
Resample to 1m aves and NaN pad or trim to start/stop.
2026-10-06T16:08:46.734565Z INFO  main     Writing C:\Users\lwilker\Documents\GitHub\SWERVE-data\data_processed\2015-03-17\sites\sullivan\data\GIC_measured_TVA.pkl
2026-10-06T16:08:46.833581Z INFO  main   Writing C:\Users\lwilker\Documents\GitHub\SWERVE-data\data_processed\2015-03-17\sites\sullivan\data\_all.pkl
2026-10-06T16:08:46.892071Z INFO  main Computing stats for 'Sullivan' data
2026-10-06T16:08:46.979478Z INFO  main   Uniq dts [ns] = [2000000000]
2026-10-06T16:08:46.979478Z INFO  main   Uniq dts [#]  = 1
2026-10-06T16:08:46.980479Z INFO  main   Stats for GIC/measured/TVA:
2026-10-06T16:08:46.980479Z INFO  main 
    std: : [0.18665192786328372]
    ave: : [0.01617421481867083]
    min: : [-1.0813333333333333]
    max: : [1.392]
    n: 1921
    n_valid: : [1921]
    dt_original: : [2000000000]
2026-10-06T16:08:47.355080Z INFO  main Plotting 'Sullivan' data for event '2015-03-17'
2026-10-06T16:08:47.357082Z INFO  main   Plotting 'Sullivan/GIC/measured/TVA' original vs. modified data for event '2015-03-17'
2026-10-06T16:08:49.557041Z INFO  main     Writing C:\Users\lwilker\Documents\GitHub\SWERVE-data\data_processed/2015-03-17/sites/sullivan/figures\original\GIC_measured_TVA.png
2026-10-06T16:08:50.141240Z INFO  main     Writing C:\Users\lwilker\Documents\GitHub\SWERVE-data\data_processed/2015-03-17/sites/sullivan/figures\original\GIC_measured_TVA.pdf
2026-10-06T16:08:50.424641Z INFO  main Reading 'Sullivan' data for event '2015-06-22'
2026-10-06T16:08:50.428431Z INFO  main   Reading 'GIC/measured/TVA' data for event '2015-06-22'
2026-10-06T16:08:50.433524Z INFO  main     Reading C:\Users\lwilker\Documents\GitHub\SWERVE-data\data_original\tva\2015-06-22\gic\GIC-measured\gic-sullivan_20150622.csv
2026-10-06T16:08:51.700045Z INFO  main     Running automated error checks on GIC measured data
2026-10-06T16:08:55.134911Z INFO  main     Uniq dts [ns] = [ 2000000000  4000000000 52000000000 56000000000]
2026-10-06T16:08:55.134911Z INFO  main     Uniq dts [#]  = 4
2026-10-06T16:08:55.172703Z INFO  main     
Resample to 1m aves and NaN pad or trim to start/stop.
2026-10-06T16:08:55.269581Z INFO  main     Writing C:\Users\lwilker\Documents\GitHub\SWERVE-data\data_processed\2015-06-22\sites\sullivan\data\GIC_measured_TVA.pkl
2026-10-06T16:08:55.333667Z INFO  main   Writing C:\Users\lwilker\Documents\GitHub\SWERVE-data\data_processed\2015-06-22\sites\sullivan\data\_all.pkl
2026-10-06T16:08:55.409821Z INFO  main Computing stats for 'Sullivan' data
2026-10-06T16:08:55.490103Z INFO  main   Uniq dts [ns] = [ 2000000000  4000000000  6000000000 52000000000 54000000000 56000000000
 60000000000]
2026-10-06T16:08:55.490103Z INFO  main   Uniq dts [#]  = 7
2026-10-06T16:08:55.490103Z INFO  main   Stats for GIC/measured/TVA:
2026-10-06T16:08:55.490103Z INFO  main 
    std: : [0.16891163311065846]
    ave: : [-0.0065519766313513845]
    min: : [-0.9046666666666667]
    max: : [1.1766666666666665]
    n: 1981
    n_valid: : [1981]
    dt_original: : [2000000000 nanoseconds, 4000000000 nanoseconds, ..., 56000000000 nanoseconds, 60000000000 nanoseconds] (7 elements)
2026-10-06T16:08:55.491102Z INFO  main Plotting 'Sullivan' data for event '2015-06-22'
2026-10-06T16:08:55.494103Z INFO  main   Plotting 'Sullivan/GIC/measured/TVA' original vs. modified data for event '2015-06-22'
2026-10-06T16:08:57.441937Z INFO  main     Writing C:\Users\lwilker\Documents\GitHub\SWERVE-data\data_processed/2015-06-22/sites/sullivan/figures\original\GIC_measured_TVA.png
2026-10-06T16:08:58.005934Z INFO  main     Writing C:\Users\lwilker\Documents\GitHub\SWERVE-data\data_processed/2015-06-22/sites/sullivan/figures\original\GIC_measured_TVA.pdf
2026-10-06T16:08:58.155089Z INFO  main Reading 'Sullivan' data for event '2014-09-11'
2026-10-06T16:08:58.155089Z INFO  main   Reading 'GIC/measured/TVA' data for event '2014-09-11'
2026-10-06T16:08:58.162186Z INFO  main     Reading C:\Users\lwilker\Documents\GitHub\SWERVE-data\data_original\tva\2014-09-11\gic\GIC-measured\gic-sullivan_20140911.csv
2026-10-06T16:09:00.116990Z INFO  main     Running automated error checks on GIC measured data
2026-10-06T16:09:05.153433Z INFO  main     Uniq dts [ns] = [2000000000]
2026-10-06T16:09:05.153433Z INFO  main     Uniq dts [#]  = 1
2026-10-06T16:09:05.252451Z INFO  main     
Resample to 1m aves and NaN pad or trim to start/stop.
2026-10-06T16:09:05.386158Z INFO  main     Writing C:\Users\lwilker\Documents\GitHub\SWERVE-data\data_processed\2014-09-11\sites\sullivan\data\GIC_measured_TVA.pkl
2026-10-06T16:09:05.522364Z INFO  main   Writing C:\Users\lwilker\Documents\GitHub\SWERVE-data\data_processed\2014-09-11\sites\sullivan\data\_all.pkl
2026-10-06T16:09:05.622326Z INFO  main Computing stats for 'Sullivan' data
2026-10-06T16:09:05.750208Z INFO  main   Uniq dts [ns] = [2000000000]
2026-10-06T16:09:05.750208Z INFO  main   Uniq dts [#]  = 1
2026-10-06T16:09:05.750208Z INFO  main   Stats for GIC/measured/TVA:
2026-10-06T16:09:05.750208Z INFO  main 
    std: : [0.13292733859010353]
    ave: : [0.9790503369005151]
    min: : [0.7230000000000001]
    max: : [1.275]
    n: 841
    n_valid: : [841]
    dt_original: : [2000000000]
2026-10-06T16:09:05.750208Z INFO  main Plotting 'Sullivan' data for event '2014-09-11'
2026-10-06T16:09:05.750208Z INFO  main   Plotting 'Sullivan/GIC/measured/TVA' original vs. modified data for event '2014-09-11'
2026-10-06T16:09:07.586202Z INFO  main     Writing C:\Users\lwilker\Documents\GitHub\SWERVE-data\data_processed/2014-09-11/sites/sullivan/figures\original\GIC_measured_TVA.png
2026-10-06T16:09:08.114047Z INFO  main     Writing C:\Users\lwilker\Documents\GitHub\SWERVE-data\data_processed/2014-09-11/sites/sullivan/figures\original\GIC_measured_TVA.pdf
2026-10-06T16:09:08.251136Z INFO  main Reading 'Sullivan' data for event '2023-03-23'
2026-10-06T16:09:08.251136Z INFO  main   Reading 'GIC/measured/TVA' data for event '2023-03-23'
2026-10-06T16:09:08.258814Z INFO  main     Reading C:\Users\lwilker\Documents\GitHub\SWERVE-data\data_original\tva\2023-03-23\gic\GIC-measured\gic-sullivan_20230323.csv
2026-10-06T16:09:10.828006Z INFO  main     Running automated error checks on GIC measured data
2026-10-06T16:09:17.639639Z INFO  main     Uniq dts [ns] = [1000000000 2000000000]
2026-10-06T16:09:17.639639Z INFO  main     Uniq dts [#]  = 2
2026-10-06T16:09:17.774318Z INFO  main     
Resample to 1m aves and NaN pad or trim to start/stop.
2026-10-06T16:09:17.970831Z INFO  main     Writing C:\Users\lwilker\Documents\GitHub\SWERVE-data\data_processed\2023-03-23\sites\sullivan\data\GIC_measured_TVA.pkl
2026-10-06T16:09:18.150345Z INFO  main   Writing C:\Users\lwilker\Documents\GitHub\SWERVE-data\data_processed\2023-03-23\sites\sullivan\data\_all.pkl
2026-10-06T16:09:18.321453Z INFO  main Computing stats for 'Sullivan' data
2026-10-06T16:09:18.471091Z INFO  main   Uniq dts [ns] = [1000000000 2000000000]
2026-10-06T16:09:18.471091Z INFO  main   Uniq dts [#]  = 2
2026-10-06T16:09:18.471091Z INFO  main   Stats for GIC/measured/TVA:
2026-10-06T16:09:18.471091Z INFO  main 
    std: : [0.21508051630497274]
    ave: : [0.0010782853234019923]
    min: : [-1.6583333333333334]
    max: : [1.3428333333333335]
    n: 1561
    n_valid: : [1561]
    dt_original: : [1000000000, 2000000000]
2026-10-06T16:09:18.471091Z INFO  main Plotting 'Sullivan' data for event '2023-03-23'
2026-10-06T16:09:18.471091Z INFO  main   Plotting 'Sullivan/GIC/measured/TVA' original vs. modified data for event '2023-03-23'
2026-10-06T16:09:20.772825Z INFO  main     Writing C:\Users\lwilker\Documents\GitHub\SWERVE-data\data_processed/2023-03-23/sites/sullivan/figures\original\GIC_measured_TVA.png
2026-10-06T16:09:21.298458Z INFO  main     Writing C:\Users\lwilker\Documents\GitHub\SWERVE-data\data_processed/2023-03-23/sites/sullivan/figures\original\GIC_measured_TVA.pdf
2026-10-06T16:09:21.420441Z INFO  main Reading 'Sullivan' data for event '2024-05-10'
2026-10-06T16:09:21.438318Z INFO  main   Reading 'GIC/measured/TVA' data for event '2024-05-10'
2026-10-06T16:09:21.441033Z INFO  main     Reading C:\Users\lwilker\Documents\GitHub\SWERVE-data\data_original\tva\2024-05-10\gic\GIC-measured\gic-sullivan_20240510.csv
2026-10-06T16:09:25.290791Z INFO  main     Running automated error checks on GIC measured data
2026-10-06T16:09:35.283206Z INFO  main     Uniq dts [ns] = [1000000000 2000000000]
2026-10-06T16:09:35.283206Z INFO  main     Uniq dts [#]  = 2
2026-10-06T16:09:35.462107Z INFO  main     
Resample to 1m aves and NaN pad or trim to start/stop.
2026-10-06T16:09:35.763061Z INFO  main     Writing C:\Users\lwilker\Documents\GitHub\SWERVE-data\data_processed\2024-05-10\sites\sullivan\data\GIC_measured_TVA.pkl
2026-10-06T16:09:36.034377Z INFO  main   Writing C:\Users\lwilker\Documents\GitHub\SWERVE-data\data_processed\2024-05-10\sites\sullivan\data\_all.pkl
2026-10-06T16:09:36.396641Z INFO  main Computing stats for 'Sullivan' data
2026-10-06T16:09:36.618427Z INFO  main   Uniq dts [ns] = [1000000000 2000000000]
2026-10-06T16:09:36.618427Z INFO  main   Uniq dts [#]  = 2
2026-10-06T16:09:36.618427Z INFO  main   Stats for GIC/measured/TVA:
2026-10-06T16:09:36.618427Z INFO  main 
    std: : [0.5740293311610496]
    ave: : [-0.005722380700700126]
    min: : [-5.160833333333333]
    max: : [5.2915]
    n: 2341
    n_valid: : [2341]
    dt_original: : [1000000000, 2000000000]
2026-10-06T16:09:36.618427Z INFO  main Plotting 'Sullivan' data for event '2024-05-10'
2026-10-06T16:09:36.618427Z INFO  main   Plotting 'Sullivan/GIC/measured/TVA' original vs. modified data for event '2024-05-10'
2026-10-06T16:09:39.078868Z INFO  main     Writing C:\Users\lwilker\Documents\GitHub\SWERVE-data\data_processed/2024-05-10/sites/sullivan/figures\original\GIC_measured_TVA.png
2026-10-06T16:09:39.605539Z INFO  main     Writing C:\Users\lwilker\Documents\GitHub\SWERVE-data\data_processed/2024-05-10/sites/sullivan/figures\original\GIC_measured_TVA.pdf
2026-10-06T16:09:39.757546Z INFO  main Reading 'Sullivan' data for event '2015-10-07'
2026-10-06T16:09:39.757546Z INFO  main   Reading 'GIC/measured/TVA' data for event '2015-10-07'
2026-10-06T16:09:39.757546Z INFO  main     Reading C:\Users\lwilker\Documents\GitHub\SWERVE-data\data_original\tva\2015-10-07\gic\GIC-measured\gic-sullivan_20151007.csv
2026-10-06T16:09:41.040751Z INFO  main     Running automated error checks on GIC measured data
2026-10-06T16:09:44.262341Z INFO  main     Uniq dts [ns] = [ 2000000000  4000000000  8000000000 10000000000 14000000000 22000000000
 50000000000 56000000000]
2026-10-06T16:09:44.262341Z INFO  main     Uniq dts [#]  = 8
2026-10-06T16:09:44.310686Z INFO  main     
Resample to 1m aves and NaN pad or trim to start/stop.
2026-10-06T16:09:44.423556Z INFO  main     Writing C:\Users\lwilker\Documents\GitHub\SWERVE-data\data_processed\2015-10-07\sites\sullivan\data\GIC_measured_TVA.pkl
2026-10-06T16:09:44.583334Z INFO  main   Writing C:\Users\lwilker\Documents\GitHub\SWERVE-data\data_processed\2015-10-07\sites\sullivan\data\_all.pkl
2026-10-06T16:09:44.691590Z INFO  main Computing stats for 'Sullivan' data
2026-10-06T16:09:44.787221Z INFO  main   Uniq dts [ns] = [ 2000000000  4000000000  6000000000  8000000000 10000000000 14000000000
 22000000000 44000000000 50000000000 56000000000]
2026-10-06T16:09:44.787221Z INFO  main   Uniq dts [#]  = 10
2026-10-06T16:09:44.787221Z INFO  main   Stats for GIC/measured/TVA:
2026-10-06T16:09:44.787221Z INFO  main 
    std: : [0.23808912093989384]
    ave: : [0.038000575399769254]
    min: : [-0.928]
    max: : [0.923]
    n: 1741
    n_valid: : [1741]
    dt_original: : [2000000000 nanoseconds, 4000000000 nanoseconds, ..., 50000000000 nanoseconds, 56000000000 nanoseconds] (10 elements)
2026-10-06T16:09:44.801052Z INFO  main Plotting 'Sullivan' data for event '2015-10-07'
2026-10-06T16:09:44.803058Z INFO  main   Plotting 'Sullivan/GIC/measured/TVA' original vs. modified data for event '2015-10-07'
2026-10-06T16:09:46.944430Z INFO  main     Writing C:\Users\lwilker\Documents\GitHub\SWERVE-data\data_processed/2015-10-07/sites/sullivan/figures\original\GIC_measured_TVA.png
2026-10-06T16:09:47.579374Z INFO  main     Writing C:\Users\lwilker\Documents\GitHub\SWERVE-data\data_processed/2015-10-07/sites/sullivan/figures\original\GIC_measured_TVA.pdf
2026-10-06T16:09:47.700615Z INFO  main Reading 'Bradley' data for event '2015-03-17'
2026-10-06T16:09:47.721678Z INFO  main   Reading 'GIC/measured/TVA' data for event '2015-03-17'
2026-10-06T16:09:47.725138Z INFO  main     Reading C:\Users\lwilker\Documents\GitHub\SWERVE-data\data_original\tva\2015-03-17\gic\GIC-measured\gic-bradley_20150317.csv
2026-10-06T16:09:48.962835Z INFO  main     Running automated error checks on GIC measured data
2026-10-06T16:09:52.378362Z INFO  main     Uniq dts [ns] = [2000000000]
2026-10-06T16:09:52.378362Z INFO  main     Uniq dts [#]  = 1
2026-10-06T16:09:52.496196Z INFO  main     
Resample to 1m aves and NaN pad or trim to start/stop.
2026-10-06T16:09:52.612051Z INFO  main     Writing C:\Users\lwilker\Documents\GitHub\SWERVE-data\data_processed\2015-03-17\sites\bradley\data\GIC_measured_TVA.pkl
2026-10-06T16:09:52.718741Z INFO  main   Writing C:\Users\lwilker\Documents\GitHub\SWERVE-data\data_processed\2015-03-17\sites\bradley\data\_all.pkl
2026-10-06T16:09:52.803149Z INFO  main Computing stats for 'Bradley' data
2026-10-06T16:09:52.887395Z INFO  main   Uniq dts [ns] = [2000000000]
2026-10-06T16:09:52.887395Z INFO  main   Uniq dts [#]  = 1
2026-10-06T16:09:52.887395Z INFO  main   Stats for GIC/measured/TVA:
2026-10-06T16:09:52.887395Z INFO  main 
    std: : [0.41310667289956976]
    ave: : [-0.008641332639250383]
    min: : [-2.353333333333333]
    max: : [2.204333333333333]
    n: 1921
    n_valid: : [1921]
    dt_original: : [2000000000]
2026-10-06T16:09:52.889402Z INFO  main Plotting 'Bradley' data for event '2015-03-17'
2026-10-06T16:09:52.893417Z INFO  main   Plotting 'Bradley/GIC/measured/TVA' original vs. modified data for event '2015-03-17'
2026-10-06T16:09:54.856402Z INFO  main     Writing C:\Users\lwilker\Documents\GitHub\SWERVE-data\data_processed/2015-03-17/sites/bradley/figures\original\GIC_measured_TVA.png
2026-10-06T16:09:55.417422Z INFO  main     Writing C:\Users\lwilker\Documents\GitHub\SWERVE-data\data_processed/2015-03-17/sites/bradley/figures\original\GIC_measured_TVA.pdf
2026-10-06T16:09:55.549440Z INFO  main Reading 'Bradley' data for event '2015-06-22'
2026-10-06T16:09:55.549440Z INFO  main   Reading 'GIC/measured/TVA' data for event '2015-06-22'
2026-10-06T16:09:55.559814Z INFO  main     Reading C:\Users\lwilker\Documents\GitHub\SWERVE-data\data_original\tva\2015-06-22\gic\GIC-measured\gic-bradley_20150622.csv
2026-10-06T16:09:56.825492Z INFO  main     Running automated error checks on GIC measured data
2026-10-06T16:10:00.232904Z INFO  main     Uniq dts [ns] = [ 2000000000 58000000000 60000000000]
2026-10-06T16:10:00.232904Z INFO  main     Uniq dts [#]  = 3
2026-10-06T16:10:00.324743Z INFO  main     
Resample to 1m aves and NaN pad or trim to start/stop.
2026-10-06T16:10:00.436566Z INFO  main     Writing C:\Users\lwilker\Documents\GitHub\SWERVE-data\data_processed\2015-06-22\sites\bradley\data\GIC_measured_TVA.pkl
2026-10-06T16:10:00.516906Z INFO  main   Writing C:\Users\lwilker\Documents\GitHub\SWERVE-data\data_processed\2015-06-22\sites\bradley\data\_all.pkl
2026-10-06T16:10:00.590946Z INFO  main Computing stats for 'Bradley' data
2026-10-06T16:10:00.679756Z INFO  main   Uniq dts [ns] = [ 2000000000 58000000000 60000000000]
2026-10-06T16:10:00.680758Z INFO  main   Uniq dts [#]  = 3
2026-10-06T16:10:00.680758Z INFO  main   Stats for GIC/measured/TVA:
2026-10-06T16:10:00.681788Z INFO  main 
    std: : [0.38278171952798457]
    ave: : [-0.033535098298195544]
    min: : [-1.755]
    max: : [2.3033333333333332]
    n: 1981
    n_valid: : [1981]
    dt_original: : [2000000000, 58000000000, 60000000000]
2026-10-06T16:10:00.683783Z INFO  main Plotting 'Bradley' data for event '2015-06-22'
2026-10-06T16:10:00.686757Z INFO  main   Plotting 'Bradley/GIC/measured/TVA' original vs. modified data for event '2015-06-22'
2026-10-06T16:10:02.672321Z INFO  main     Writing C:\Users\lwilker\Documents\GitHub\SWERVE-data\data_processed/2015-06-22/sites/bradley/figures\original\GIC_measured_TVA.png
2026-10-06T16:10:03.215996Z INFO  main     Writing C:\Users\lwilker\Documents\GitHub\SWERVE-data\data_processed/2015-06-22/sites/bradley/figures\original\GIC_measured_TVA.pdf
2026-10-06T16:10:03.343314Z INFO  main Reading 'Bradley' data for event '2014-09-11'
2026-10-06T16:10:03.343314Z INFO  main   Reading 'GIC/measured/TVA' data for event '2014-09-11'
2026-10-06T16:10:03.349248Z INFO  main     Reading C:\Users\lwilker\Documents\GitHub\SWERVE-data\data_original\tva\2014-09-11\gic\GIC-measured\gic-bradley_20140911.csv
2026-10-06T16:10:05.245560Z INFO  main     Running automated error checks on GIC measured data
2026-10-06T16:10:10.166290Z INFO  main     Uniq dts [ns] = [2000000000]
2026-10-06T16:10:10.166290Z INFO  main     Uniq dts [#]  = 1
2026-10-06T16:10:10.211874Z INFO  main     
Resample to 1m aves and NaN pad or trim to start/stop.
2026-10-06T16:10:10.347550Z INFO  main     Writing C:\Users\lwilker\Documents\GitHub\SWERVE-data\data_processed\2014-09-11\sites\bradley\data\GIC_measured_TVA.pkl
2026-10-06T16:10:10.560808Z INFO  main   Writing C:\Users\lwilker\Documents\GitHub\SWERVE-data\data_processed\2014-09-11\sites\bradley\data\_all.pkl
2026-10-06T16:10:10.679622Z INFO  main Computing stats for 'Bradley' data
2026-10-06T16:10:10.798193Z INFO  main   Uniq dts [ns] = [2000000000 4000000000 6000000000]
2026-10-06T16:10:10.798193Z INFO  main   Uniq dts [#]  = 3
2026-10-06T16:10:10.798193Z INFO  main   Stats for GIC/measured/TVA:
2026-10-06T16:10:10.798193Z INFO  main 
    std: : [0.21813337072666567]
    ave: : [-0.071230677764566]
    min: : [-0.571]
    max: : [0.41500000000000004]
    n: 841
    n_valid: : [841]
    dt_original: : [2000000000, 4000000000, 6000000000]
2026-10-06T16:10:10.801100Z INFO  main Plotting 'Bradley' data for event '2014-09-11'
2026-10-06T16:10:10.801100Z INFO  main   Plotting 'Bradley/GIC/measured/TVA' original vs. modified data for event '2014-09-11'
2026-10-06T16:10:13.161026Z INFO  main     Writing C:\Users\lwilker\Documents\GitHub\SWERVE-data\data_processed/2014-09-11/sites/bradley/figures\original\GIC_measured_TVA.png
2026-10-06T16:10:13.855475Z INFO  main     Writing C:\Users\lwilker\Documents\GitHub\SWERVE-data\data_processed/2014-09-11/sites/bradley/figures\original\GIC_measured_TVA.pdf
2026-10-06T16:10:13.992445Z INFO  main Reading 'Bradley' data for event '2023-03-23'
2026-10-06T16:10:13.992445Z INFO  main   Reading 'GIC/measured/TVA' data for event '2023-03-23'
2026-10-06T16:10:13.992445Z INFO  main     Reading C:\Users\lwilker\Documents\GitHub\SWERVE-data\data_original\tva\2023-03-23\gic\GIC-measured\gic-bradley_20230323.csv
2026-10-06T16:10:16.523159Z INFO  main     Running automated error checks on GIC measured data
2026-10-06T16:10:23.114972Z INFO  main     Uniq dts [ns] = [1000000000]
2026-10-06T16:10:23.114972Z INFO  main     Uniq dts [#]  = 1
2026-10-06T16:10:23.276567Z INFO  main     
Resample to 1m aves and NaN pad or trim to start/stop.
2026-10-06T16:10:23.483943Z INFO  main     Writing C:\Users\lwilker\Documents\GitHub\SWERVE-data\data_processed\2023-03-23\sites\bradley\data\GIC_measured_TVA.pkl
2026-10-06T16:10:23.670211Z INFO  main   Writing C:\Users\lwilker\Documents\GitHub\SWERVE-data\data_processed\2023-03-23\sites\bradley\data\_all.pkl
2026-10-06T16:10:23.862528Z INFO  main Computing stats for 'Bradley' data
2026-10-06T16:10:24.037605Z INFO  main   Uniq dts [ns] = [1000000000]
2026-10-06T16:10:24.037605Z INFO  main   Uniq dts [#]  = 1
2026-10-06T16:10:24.037605Z INFO  main   Stats for GIC/measured/TVA:
2026-10-06T16:10:24.037605Z INFO  main 
    std: : [0.43686308423335396]
    ave: : [0.01856011103993168]
    min: : [-2.322666666666666]
    max: : [2.036166666666667]
    n: 1561
    n_valid: : [1561]
    dt_original: : [1000000000]
2026-10-06T16:10:24.039614Z INFO  main Plotting 'Bradley' data for event '2023-03-23'
2026-10-06T16:10:24.041620Z INFO  main   Plotting 'Bradley/GIC/measured/TVA' original vs. modified data for event '2023-03-23'
2026-10-06T16:10:25.968743Z INFO  main     Writing C:\Users\lwilker\Documents\GitHub\SWERVE-data\data_processed/2023-03-23/sites/bradley/figures\original\GIC_measured_TVA.png
2026-10-06T16:10:26.464038Z INFO  main     Writing C:\Users\lwilker\Documents\GitHub\SWERVE-data\data_processed/2023-03-23/sites/bradley/figures\original\GIC_measured_TVA.pdf
2026-10-06T16:10:26.570702Z INFO  main Reading 'Bradley' data for event '2016-02-17'
2026-10-06T16:10:26.570702Z INFO  main   Reading 'GIC/measured/TVA' data for event '2016-02-17'
2026-10-06T16:10:26.586952Z INFO  main     Reading C:\Users\lwilker\Documents\GitHub\SWERVE-data\data_original\tva\2016-02-17\gic\GIC-measured\gic-bradley_20160217.csv
2026-10-06T16:10:27.223696Z INFO  main     Running automated error checks on GIC measured data
2026-10-06T16:10:28.931708Z INFO  main     Uniq dts [ns] = [2000000000]
2026-10-06T16:10:28.931708Z INFO  main     Uniq dts [#]  = 1
2026-10-06T16:10:29.009751Z INFO  main     
Resample to 1m aves and NaN pad or trim to start/stop.
2026-10-06T16:10:29.086446Z INFO  main     Writing C:\Users\lwilker\Documents\GitHub\SWERVE-data\data_processed\2016-02-17\sites\bradley\data\GIC_measured_TVA.pkl
2026-10-06T16:10:29.126421Z INFO  main   Writing C:\Users\lwilker\Documents\GitHub\SWERVE-data\data_processed\2016-02-17\sites\bradley\data\_all.pkl
2026-10-06T16:10:29.192406Z INFO  main Computing stats for 'Bradley' data
2026-10-06T16:10:29.242736Z INFO  main   Uniq dts [ns] = [2000000000]
2026-10-06T16:10:29.242736Z INFO  main   Uniq dts [#]  = 1
2026-10-06T16:10:29.242736Z INFO  main   Stats for GIC/measured/TVA:
2026-10-06T16:10:29.242736Z INFO  main 
    std: : [0.09316496637062463]
    ave: : [-0.5284660968660968]
    min: : [-0.842]
    max: : [-0.13733333333333334]
    n: 2581
    n_valid: : [1170]
    dt_original: : [2000000000]
2026-10-06T16:10:29.242736Z INFO  main Plotting 'Bradley' data for event '2016-02-17'
2026-10-06T16:10:29.242736Z INFO  main   Plotting 'Bradley/GIC/measured/TVA' original vs. modified data for event '2016-02-17'
2026-10-06T16:10:31.080575Z INFO  main     Writing C:\Users\lwilker\Documents\GitHub\SWERVE-data\data_processed/2016-02-17/sites/bradley/figures\original\GIC_measured_TVA.png
2026-10-06T16:10:31.688916Z INFO  main     Writing C:\Users\lwilker\Documents\GitHub\SWERVE-data\data_processed/2016-02-17/sites/bradley/figures\original\GIC_measured_TVA.pdf
2026-10-06T16:10:31.808918Z INFO  main Reading 'Bradley' data for event '2024-05-10'
2026-10-06T16:10:31.808918Z INFO  main   Reading 'GIC/measured/TVA' data for event '2024-05-10'
2026-10-06T16:10:31.813522Z INFO  main     Reading C:\Users\lwilker\Documents\GitHub\SWERVE-data\data_original\tva\2024-05-10\gic\GIC-measured\gic-bradley_20240510.csv
2026-10-06T16:10:35.635811Z INFO  main     Running automated error checks on GIC measured data
2026-10-06T16:10:45.641819Z INFO  main     Uniq dts [ns] = [1000000000]
2026-10-06T16:10:45.641819Z INFO  main     Uniq dts [#]  = 1
2026-10-06T16:10:45.816349Z INFO  main     
Resample to 1m aves and NaN pad or trim to start/stop.
2026-10-06T16:10:46.102784Z INFO  main     Writing C:\Users\lwilker\Documents\GitHub\SWERVE-data\data_processed\2024-05-10\sites\bradley\data\GIC_measured_TVA.pkl
2026-10-06T16:10:46.392753Z INFO  main   Writing C:\Users\lwilker\Documents\GitHub\SWERVE-data\data_processed\2024-05-10\sites\bradley\data\_all.pkl
2026-10-06T16:10:46.762688Z INFO  main Computing stats for 'Bradley' data
2026-10-06T16:10:46.994389Z INFO  main   Uniq dts [ns] = [1000000000]
2026-10-06T16:10:46.994389Z INFO  main   Uniq dts [#]  = 1
2026-10-06T16:10:46.994389Z INFO  main   Stats for GIC/measured/TVA:
2026-10-06T16:10:46.994389Z INFO  main 
    std: : [0.41146138313725955]
    ave: : [0.005256229531539217]
    min: : [-2.3675]
    max: : [1.7946666666666666]
    n: 2341
    n_valid: : [2341]
    dt_original: : [1000000000]
2026-10-06T16:10:46.994389Z INFO  main Plotting 'Bradley' data for event '2024-05-10'
2026-10-06T16:10:47.000537Z INFO  main   Plotting 'Bradley/GIC/measured/TVA' original vs. modified data for event '2024-05-10'
2026-10-06T16:10:49.530778Z INFO  main     Writing C:\Users\lwilker\Documents\GitHub\SWERVE-data\data_processed/2024-05-10/sites/bradley/figures\original\GIC_measured_TVA.png
2026-10-06T16:10:50.098584Z INFO  main     Writing C:\Users\lwilker\Documents\GitHub\SWERVE-data\data_processed/2024-05-10/sites/bradley/figures\original\GIC_measured_TVA.pdf
2026-10-06T16:10:50.238764Z INFO  main Reading 'Bradley' data for event '2015-10-07'
2026-10-06T16:10:50.243340Z INFO  main   Reading 'GIC/measured/TVA' data for event '2015-10-07'
2026-10-06T16:10:50.247245Z INFO  main     Reading C:\Users\lwilker\Documents\GitHub\SWERVE-data\data_original\tva\2015-10-07\gic\GIC-measured\gic-bradley_20151007.csv
2026-10-06T16:10:51.490598Z INFO  main     Running automated error checks on GIC measured data
2026-10-06T16:10:54.879770Z INFO  main     Uniq dts [ns] = [ 2000000000  4000000000  8000000000 44000000000 46000000000]
2026-10-06T16:10:54.879770Z INFO  main     Uniq dts [#]  = 5
2026-10-06T16:10:54.913931Z INFO  main     
Resample to 1m aves and NaN pad or trim to start/stop.
2026-10-06T16:10:55.018275Z INFO  main     Writing C:\Users\lwilker\Documents\GitHub\SWERVE-data\data_processed\2015-10-07\sites\bradley\data\GIC_measured_TVA.pkl
2026-10-06T16:10:55.179156Z INFO  main   Writing C:\Users\lwilker\Documents\GitHub\SWERVE-data\data_processed\2015-10-07\sites\bradley\data\_all.pkl
2026-10-06T16:10:55.257808Z INFO  main Computing stats for 'Bradley' data
2026-10-06T16:10:55.346441Z INFO  main   Uniq dts [ns] = [ 2000000000  4000000000  8000000000 44000000000 46000000000]
2026-10-06T16:10:55.346441Z INFO  main   Uniq dts [#]  = 5
2026-10-06T16:10:55.346441Z INFO  main   Stats for GIC/measured/TVA:
2026-10-06T16:10:55.346441Z INFO  main 
    std: : [0.33828712466858346]
    ave: : [-0.023329185352247806]
    min: : [-1.8143333333333334]
    max: : [1.5726666666666667]
    n: 1741
    n_valid: : [1741]
    dt_original: : [2000000000 nanoseconds, 4000000000 nanoseconds, ..., 44000000000 nanoseconds, 46000000000 nanoseconds] (5 elements)
2026-10-06T16:10:55.346441Z INFO  main Plotting 'Bradley' data for event '2015-10-07'
2026-10-06T16:10:55.351177Z INFO  main   Plotting 'Bradley/GIC/measured/TVA' original vs. modified data for event '2015-10-07'
2026-10-06T16:10:57.500045Z INFO  main     Writing C:\Users\lwilker\Documents\GitHub\SWERVE-data\data_processed/2015-10-07/sites/bradley/figures\original\GIC_measured_TVA.png
2026-10-06T16:10:58.156196Z INFO  main     Writing C:\Users\lwilker\Documents\GitHub\SWERVE-data\data_processed/2015-10-07/sites/bradley/figures\original\GIC_measured_TVA.pdf
2026-10-06T16:10:58.287557Z INFO  main Reading 'Montgomery' data for event '2015-03-17'
2026-10-06T16:10:58.289556Z INFO  main   Reading 'GIC/measured/TVA' data for event '2015-03-17'
2026-10-06T16:10:58.293260Z INFO  main     Reading C:\Users\lwilker\Documents\GitHub\SWERVE-data\data_original\tva\2015-03-17\gic\GIC-measured\gic-montgomery_20150317.csv
2026-10-06T16:10:59.564605Z INFO  main     Running automated error checks on GIC measured data
2026-10-06T16:11:03.066704Z INFO  main     Uniq dts [ns] = [2000000000]
2026-10-06T16:11:03.066704Z INFO  main     Uniq dts [#]  = 1
2026-10-06T16:11:03.184992Z INFO  main     
Resample to 1m aves and NaN pad or trim to start/stop.
2026-10-06T16:11:03.303842Z INFO  main     Writing C:\Users\lwilker\Documents\GitHub\SWERVE-data\data_processed\2015-03-17\sites\montgomery\data\GIC_measured_TVA.pkl
2026-10-06T16:11:03.408037Z INFO  main   Writing C:\Users\lwilker\Documents\GitHub\SWERVE-data\data_processed\2015-03-17\sites\montgomery\data\_all.pkl
2026-10-06T16:11:03.493957Z INFO  main Computing stats for 'Montgomery' data
2026-10-06T16:11:03.589032Z INFO  main   Uniq dts [ns] = [2000000000]
2026-10-06T16:11:03.589032Z INFO  main   Uniq dts [#]  = 1
2026-10-06T16:11:03.589032Z INFO  main   Stats for GIC/measured/TVA:
2026-10-06T16:11:03.589032Z INFO  main 
    std: : [1.5069537587442778]
    ave: : [-0.09112788478223148]
    min: : [-12.511]
    max: : [10.165]
    n: 1921
    n_valid: : [1921]
    dt_original: : [2000000000]
2026-10-06T16:11:03.589032Z INFO  main Plotting 'Montgomery' data for event '2015-03-17'
2026-10-06T16:11:03.589032Z INFO  main   Plotting 'Montgomery/GIC/measured/TVA' original vs. modified data for event '2015-03-17'
2026-10-06T16:11:05.271899Z INFO  main     Writing C:\Users\lwilker\Documents\GitHub\SWERVE-data\data_processed/2015-03-17/sites/montgomery/figures\original\GIC_measured_TVA.png
2026-10-06T16:11:05.713089Z INFO  main     Writing C:\Users\lwilker\Documents\GitHub\SWERVE-data\data_processed/2015-03-17/sites/montgomery/figures\original\GIC_measured_TVA.pdf
2026-10-06T16:11:05.849466Z INFO  main Reading 'Montgomery' data for event '2015-06-22'
2026-10-06T16:11:05.852226Z INFO  main   Reading 'GIC/measured/TVA' data for event '2015-06-22'
2026-10-06T16:11:05.858519Z INFO  main     Reading C:\Users\lwilker\Documents\GitHub\SWERVE-data\data_original\tva\2015-06-22\gic\GIC-measured\gic-montgomery_20150622.csv
2026-10-06T16:11:07.064361Z INFO  main     Running automated error checks on GIC measured data
2026-10-06T16:11:10.396127Z INFO  main     Uniq dts [ns] = [ 2000000000  4000000000 28000000000 50000000000 58000000000]
2026-10-06T16:11:10.396631Z INFO  main     Uniq dts [#]  = 5
2026-10-06T16:11:10.491761Z INFO  main     
Resample to 1m aves and NaN pad or trim to start/stop.
2026-10-06T16:11:10.617874Z INFO  main     Writing C:\Users\lwilker\Documents\GitHub\SWERVE-data\data_processed\2015-06-22\sites\montgomery\data\GIC_measured_TVA.pkl
2026-10-06T16:11:10.697871Z INFO  main   Writing C:\Users\lwilker\Documents\GitHub\SWERVE-data\data_processed\2015-06-22\sites\montgomery\data\_all.pkl
2026-10-06T16:11:10.771719Z INFO  main Computing stats for 'Montgomery' data
2026-10-06T16:11:10.855387Z INFO  main   Uniq dts [ns] = [ 2000000000  4000000000 28000000000 50000000000 58000000000]
2026-10-06T16:11:10.855387Z INFO  main   Uniq dts [#]  = 5
2026-10-06T16:11:10.855387Z INFO  main   Stats for GIC/measured/TVA:
2026-10-06T16:11:10.855387Z INFO  main 
    std: : [1.0439709729995303]
    ave: : [-0.013849761081476585]
    min: : [-5.583666666666667]
    max: : [7.247]
    n: 1981
    n_valid: : [1981]
    dt_original: : [2000000000 nanoseconds, 4000000000 nanoseconds, ..., 50000000000 nanoseconds, 58000000000 nanoseconds] (5 elements)
2026-10-06T16:11:10.855387Z INFO  main Plotting 'Montgomery' data for event '2015-06-22'
2026-10-06T16:11:10.861623Z INFO  main   Plotting 'Montgomery/GIC/measured/TVA' original vs. modified data for event '2015-06-22'
2026-10-06T16:11:12.628998Z INFO  main     Writing C:\Users\lwilker\Documents\GitHub\SWERVE-data\data_processed/2015-06-22/sites/montgomery/figures\original\GIC_measured_TVA.png
2026-10-06T16:11:13.109553Z INFO  main     Writing C:\Users\lwilker\Documents\GitHub\SWERVE-data\data_processed/2015-06-22/sites/montgomery/figures\original\GIC_measured_TVA.pdf
2026-10-06T16:11:13.244540Z INFO  main Reading 'Montgomery' data for event '2014-09-11'
2026-10-06T16:11:13.244540Z INFO  main   Reading 'GIC/measured/TVA' data for event '2014-09-11'
2026-10-06T16:11:13.250664Z INFO  main     Reading C:\Users\lwilker\Documents\GitHub\SWERVE-data\data_original\tva\2014-09-11\gic\GIC-measured\gic-montgomery_20140911.csv
2026-10-06T16:11:15.156031Z INFO  main     Running automated error checks on GIC measured data
2026-10-06T16:11:20.287232Z INFO  main     Uniq dts [ns] = [2000000000]
2026-10-06T16:11:20.287232Z INFO  main     Uniq dts [#]  = 1
2026-10-06T16:11:20.390525Z INFO  main     
Resample to 1m aves and NaN pad or trim to start/stop.
2026-10-06T16:11:20.550222Z INFO  main     Writing C:\Users\lwilker\Documents\GitHub\SWERVE-data\data_processed\2014-09-11\sites\montgomery\data\GIC_measured_TVA.pkl
2026-10-06T16:11:20.689124Z INFO  main   Writing C:\Users\lwilker\Documents\GitHub\SWERVE-data\data_processed\2014-09-11\sites\montgomery\data\_all.pkl
2026-10-06T16:11:20.799791Z INFO  main Computing stats for 'Montgomery' data
2026-10-06T16:11:20.933583Z INFO  main   Uniq dts [ns] = [ 2000000000 36000000000]
2026-10-06T16:11:20.933583Z INFO  main   Uniq dts [#]  = 2
2026-10-06T16:11:20.933583Z INFO  main   Stats for GIC/measured/TVA:
2026-10-06T16:11:20.935325Z INFO  main 
    std: : [0.4338317199512968]
    ave: : [0.23761474435196195]
    min: : [-1.3126666666666666]
    max: : [1.7806666666666666]
    n: 841
    n_valid: : [841]
    dt_original: : [2000000000, 36000000000]
2026-10-06T16:11:20.935325Z INFO  main Plotting 'Montgomery' data for event '2014-09-11'
2026-10-06T16:11:20.938028Z INFO  main   Plotting 'Montgomery/GIC/measured/TVA' original vs. modified data for event '2014-09-11'
2026-10-06T16:11:22.861716Z INFO  main     Writing C:\Users\lwilker\Documents\GitHub\SWERVE-data\data_processed/2014-09-11/sites/montgomery/figures\original\GIC_measured_TVA.png
2026-10-06T16:11:23.395822Z INFO  main     Writing C:\Users\lwilker\Documents\GitHub\SWERVE-data\data_processed/2014-09-11/sites/montgomery/figures\original\GIC_measured_TVA.pdf
2026-10-06T16:11:23.537178Z INFO  main Reading 'Montgomery' data for event '2023-03-23'
2026-10-06T16:11:23.537178Z INFO  main   Reading 'GIC/measured/TVA' data for event '2023-03-23'
2026-10-06T16:11:23.547796Z INFO  main     Reading C:\Users\lwilker\Documents\GitHub\SWERVE-data\data_original\tva\2023-03-23\gic\GIC-measured\gic-montgomery_20230323.csv
2026-10-06T16:11:26.158092Z INFO  main     Running automated error checks on GIC measured data
2026-10-06T16:11:32.905224Z INFO  main     Uniq dts [ns] = [1000000000 7000000000]
2026-10-06T16:11:32.905224Z INFO  main     Uniq dts [#]  = 2
2026-10-06T16:11:33.055282Z INFO  main     
Resample to 1m aves and NaN pad or trim to start/stop.
2026-10-06T16:11:33.249037Z INFO  main     Writing C:\Users\lwilker\Documents\GitHub\SWERVE-data\data_processed\2023-03-23\sites\montgomery\data\GIC_measured_TVA.pkl
2026-10-06T16:11:33.438231Z INFO  main   Writing C:\Users\lwilker\Documents\GitHub\SWERVE-data\data_processed\2023-03-23\sites\montgomery\data\_all.pkl
2026-10-06T16:11:33.616566Z INFO  main Computing stats for 'Montgomery' data
2026-10-06T16:11:33.776162Z INFO  main   Uniq dts [ns] = [1000000000 2000000000 7000000000]
2026-10-06T16:11:33.780392Z INFO  main   Uniq dts [#]  = 3
2026-10-06T16:11:33.780392Z INFO  main   Stats for GIC/measured/TVA:
2026-10-06T16:11:33.780392Z INFO  main 
    std: : [2.076248301454812]
    ave: : [0.034416162478942754]
    min: : [-13.062166666666666]
    max: : [16.480666666666668]
    n: 1561
    n_valid: : [1561]
    dt_original: : [1000000000, 2000000000, 7000000000]
2026-10-06T16:11:33.781402Z INFO  main Plotting 'Montgomery' data for event '2023-03-23'
2026-10-06T16:11:33.785400Z INFO  main   Plotting 'Montgomery/GIC/measured/TVA' original vs. modified data for event '2023-03-23'
2026-10-06T16:11:35.856254Z INFO  main     Writing C:\Users\lwilker\Documents\GitHub\SWERVE-data\data_processed/2023-03-23/sites/montgomery/figures\original\GIC_measured_TVA.png
2026-10-06T16:11:36.299824Z INFO  main     Writing C:\Users\lwilker\Documents\GitHub\SWERVE-data\data_processed/2023-03-23/sites/montgomery/figures\original\GIC_measured_TVA.pdf
2026-10-06T16:11:36.453012Z INFO  main Reading 'Montgomery' data for event '2016-02-17'
2026-10-06T16:11:36.453012Z INFO  main   Reading 'GIC/measured/TVA' data for event '2016-02-17'
2026-10-06T16:11:36.457267Z INFO  main     Reading C:\Users\lwilker\Documents\GitHub\SWERVE-data\data_original\tva\2016-02-17\gic\GIC-measured\gic-montgomery_20160217.csv
2026-10-06T16:11:37.142570Z INFO  main     Running automated error checks on GIC measured data
2026-10-06T16:11:38.874500Z INFO  main     Uniq dts [ns] = [2000000000]
2026-10-06T16:11:38.874500Z INFO  main     Uniq dts [#]  = 1
2026-10-06T16:11:38.893185Z INFO  main     
Resample to 1m aves and NaN pad or trim to start/stop.
2026-10-06T16:11:38.961339Z INFO  main     Writing C:\Users\lwilker\Documents\GitHub\SWERVE-data\data_processed\2016-02-17\sites\montgomery\data\GIC_measured_TVA.pkl
2026-10-06T16:11:39.009650Z INFO  main   Writing C:\Users\lwilker\Documents\GitHub\SWERVE-data\data_processed\2016-02-17\sites\montgomery\data\_all.pkl
2026-10-06T16:11:39.060431Z INFO  main Computing stats for 'Montgomery' data
2026-10-06T16:11:39.100594Z INFO  main   Uniq dts [ns] = [2000000000]
2026-10-06T16:11:39.102598Z INFO  main   Uniq dts [#]  = 1
2026-10-06T16:11:39.102598Z INFO  main   Stats for GIC/measured/TVA:
2026-10-06T16:11:39.102598Z INFO  main 
    std: : [0.3872351868965157]
    ave: : [-0.3326897435897436]
    min: : [-1.669]
    max: : [1.3816666666666668]
    n: 2581
    n_valid: : [1170]
    dt_original: : [2000000000]
2026-10-06T16:11:39.102598Z INFO  main Plotting 'Montgomery' data for event '2016-02-17'
2026-10-06T16:11:39.102598Z INFO  main   Plotting 'Montgomery/GIC/measured/TVA' original vs. modified data for event '2016-02-17'
2026-10-06T16:11:40.648945Z INFO  main     Writing C:\Users\lwilker\Documents\GitHub\SWERVE-data\data_processed/2016-02-17/sites/montgomery/figures\original\GIC_measured_TVA.png
2026-10-06T16:11:41.200559Z INFO  main     Writing C:\Users\lwilker\Documents\GitHub\SWERVE-data\data_processed/2016-02-17/sites/montgomery/figures\original\GIC_measured_TVA.pdf
2026-10-06T16:11:41.323940Z INFO  main Reading 'Montgomery' data for event '2024-05-10'
2026-10-06T16:11:41.323940Z INFO  main   Reading 'GIC/measured/TVA' data for event '2024-05-10'
2026-10-06T16:11:41.341119Z INFO  main     Reading C:\Users\lwilker\Documents\GitHub\SWERVE-data\data_original\tva\2024-05-10\gic\GIC-measured\gic-montgomery_20240510.csv
2026-10-06T16:11:45.245187Z INFO  main     Running automated error checks on GIC measured data
2026-10-06T16:11:55.477936Z INFO  main     Uniq dts [ns] = [1000000000]
2026-10-06T16:11:55.477936Z INFO  main     Uniq dts [#]  = 1
2026-10-06T16:11:55.703038Z INFO  main     
Resample to 1m aves and NaN pad or trim to start/stop.
2026-10-06T16:11:55.985807Z INFO  main     Writing C:\Users\lwilker\Documents\GitHub\SWERVE-data\data_processed\2024-05-10\sites\montgomery\data\GIC_measured_TVA.pkl
2026-10-06T16:11:56.248610Z INFO  main   Writing C:\Users\lwilker\Documents\GitHub\SWERVE-data\data_processed\2024-05-10\sites\montgomery\data\_all.pkl
2026-10-06T16:11:56.582949Z INFO  main Computing stats for 'Montgomery' data
2026-10-06T16:11:56.836355Z INFO  main   Uniq dts [ns] = [1000000000 2000000000]
2026-10-06T16:11:56.836355Z INFO  main   Uniq dts [#]  = 2
2026-10-06T16:11:56.836355Z INFO  main   Stats for GIC/measured/TVA:
2026-10-06T16:11:56.836355Z INFO  main 
    std: : [3.704430906359362]
    ave: : [0.005764701694432592]
    min: : [-34.30216666666667]
    max: : [22.281]
    n: 2341
    n_valid: : [2341]
    dt_original: : [1000000000, 2000000000]
2026-10-06T16:11:56.838101Z INFO  main Plotting 'Montgomery' data for event '2024-05-10'
2026-10-06T16:11:56.838101Z INFO  main   Plotting 'Montgomery/GIC/measured/TVA' original vs. modified data for event '2024-05-10'
2026-10-06T16:11:59.123456Z INFO  main     Writing C:\Users\lwilker\Documents\GitHub\SWERVE-data\data_processed/2024-05-10/sites/montgomery/figures\original\GIC_measured_TVA.png
2026-10-06T16:11:59.594728Z INFO  main     Writing C:\Users\lwilker\Documents\GitHub\SWERVE-data\data_processed/2024-05-10/sites/montgomery/figures\original\GIC_measured_TVA.pdf
2026-10-06T16:11:59.754207Z INFO  main Reading 'Montgomery' data for event '2015-10-07'
2026-10-06T16:11:59.757206Z INFO  main   Reading 'GIC/measured/TVA' data for event '2015-10-07'
2026-10-06T16:11:59.758208Z INFO  main     Reading C:\Users\lwilker\Documents\GitHub\SWERVE-data\data_original\tva\2015-10-07\gic\GIC-measured\gic-montgomery_20151007.csv
2026-10-06T16:12:01.100765Z INFO  main     Running automated error checks on GIC measured data
2026-10-06T16:12:04.445950Z INFO  main     Uniq dts [ns] = [ 2000000000 22000000000 46000000000 50000000000]
2026-10-06T16:12:04.447956Z INFO  main     Uniq dts [#]  = 4
2026-10-06T16:12:04.486693Z INFO  main     
Resample to 1m aves and NaN pad or trim to start/stop.
2026-10-06T16:12:04.603344Z INFO  main     Writing C:\Users\lwilker\Documents\GitHub\SWERVE-data\data_processed\2015-10-07\sites\montgomery\data\GIC_measured_TVA.pkl
2026-10-06T16:12:04.822810Z INFO  main   Writing C:\Users\lwilker\Documents\GitHub\SWERVE-data\data_processed\2015-10-07\sites\montgomery\data\_all.pkl
2026-10-06T16:12:04.905329Z INFO  main Computing stats for 'Montgomery' data
2026-10-06T16:12:05.011070Z INFO  main   Uniq dts [ns] = [ 2000000000 22000000000 46000000000 50000000000]
2026-10-06T16:12:05.011070Z INFO  main   Uniq dts [#]  = 4
2026-10-06T16:12:05.011070Z INFO  main   Stats for GIC/measured/TVA:
2026-10-06T16:12:05.011070Z INFO  main 
    std: : [0.7469977455761686]
    ave: : [0.10510413298001567]
    min: : [-4.973]
    max: : [4.062666666666667]
    n: 1741
    n_valid: : [1741]
    dt_original: : [2000000000, 22000000000, 46000000000, 50000000000]
2026-10-06T16:12:05.011070Z INFO  main Plotting 'Montgomery' data for event '2015-10-07'
2026-10-06T16:12:05.017900Z INFO  main   Plotting 'Montgomery/GIC/measured/TVA' original vs. modified data for event '2015-10-07'
2026-10-06T16:12:06.717732Z INFO  main     Writing C:\Users\lwilker\Documents\GitHub\SWERVE-data\data_processed/2015-10-07/sites/montgomery/figures\original\GIC_measured_TVA.png
2026-10-06T16:12:07.312987Z INFO  main     Writing C:\Users\lwilker\Documents\GitHub\SWERVE-data\data_processed/2015-10-07/sites/montgomery/figures\original\GIC_measured_TVA.pdf
2026-10-06T16:12:07.448195Z INFO  main Reading 'Southaven' data for event '2015-03-17'
2026-10-06T16:12:07.450776Z INFO  main   Reading 'GIC/measured/TVA' data for event '2015-03-17'
2026-10-06T16:12:07.455233Z INFO  main     Reading C:\Users\lwilker\Documents\GitHub\SWERVE-data\data_original\tva\2015-03-17\gic\GIC-measured\gic-southaven_20150317.csv
2026-10-06T16:12:08.661262Z INFO  main     Running automated error checks on GIC measured data
2026-10-06T16:12:12.029109Z INFO  main     Uniq dts [ns] = [2000000000 4000000000 6000000000]
2026-10-06T16:12:12.029109Z INFO  main     Uniq dts [#]  = 3
2026-10-06T16:12:12.164385Z INFO  main     
Resample to 1m aves and NaN pad or trim to start/stop.
2026-10-06T16:12:12.301586Z INFO  main     Writing C:\Users\lwilker\Documents\GitHub\SWERVE-data\data_processed\2015-03-17\sites\southaven\data\GIC_measured_TVA.pkl
2026-10-06T16:12:12.378846Z INFO  main   Writing C:\Users\lwilker\Documents\GitHub\SWERVE-data\data_processed\2015-03-17\sites\southaven\data\_all.pkl
2026-10-06T16:12:12.468485Z INFO  main Computing stats for 'Southaven' data
2026-10-06T16:12:12.548602Z INFO  main   Uniq dts [ns] = [2000000000 4000000000 6000000000]
2026-10-06T16:12:12.549603Z INFO  main   Uniq dts [#]  = 3
2026-10-06T16:12:12.549603Z INFO  main   Stats for GIC/measured/TVA:
2026-10-06T16:12:12.549603Z INFO  main 
    std: : [0.31478013207265787]
    ave: : [-0.049337236932544694]
    min: : [-1.6400000000000001]
    max: : [3.671]
    n: 1921
    n_valid: : [1921]
    dt_original: : [2000000000, 4000000000, 6000000000]
2026-10-06T16:12:12.549603Z INFO  main Plotting 'Southaven' data for event '2015-03-17'
2026-10-06T16:12:12.554739Z INFO  main   Plotting 'Southaven/GIC/measured/TVA' original vs. modified data for event '2015-03-17'
2026-10-06T16:12:14.509800Z INFO  main     Writing C:\Users\lwilker\Documents\GitHub\SWERVE-data\data_processed/2015-03-17/sites/southaven/figures\original\GIC_measured_TVA.png
2026-10-06T16:12:15.105880Z INFO  main     Writing C:\Users\lwilker\Documents\GitHub\SWERVE-data\data_processed/2015-03-17/sites/southaven/figures\original\GIC_measured_TVA.pdf
2026-10-06T16:12:15.243765Z INFO  main Reading 'Southaven' data for event '2015-06-22'
2026-10-06T16:12:15.243765Z INFO  main   Reading 'GIC/measured/TVA' data for event '2015-06-22'
2026-10-06T16:12:15.249136Z INFO  main     Reading C:\Users\lwilker\Documents\GitHub\SWERVE-data\data_original\tva\2015-06-22\gic\GIC-measured\gic-southaven_20150622.csv
2026-10-06T16:12:16.510863Z INFO  main     Running automated error checks on GIC measured data
2026-10-06T16:12:19.676553Z INFO  main     Uniq dts [ns] = [ 2000000000  4000000000 60000000000]
2026-10-06T16:12:19.676553Z INFO  main     Uniq dts [#]  = 3
2026-10-06T16:12:19.791420Z INFO  main     
Resample to 1m aves and NaN pad or trim to start/stop.
2026-10-06T16:12:19.929303Z INFO  main     Writing C:\Users\lwilker\Documents\GitHub\SWERVE-data\data_processed\2015-06-22\sites\southaven\data\GIC_measured_TVA.pkl
2026-10-06T16:12:20.008356Z INFO  main   Writing C:\Users\lwilker\Documents\GitHub\SWERVE-data\data_processed\2015-06-22\sites\southaven\data\_all.pkl
2026-10-06T16:12:20.125143Z INFO  main Computing stats for 'Southaven' data
2026-10-06T16:12:20.213994Z INFO  main   Uniq dts [ns] = [ 2000000000  4000000000 60000000000]
2026-10-06T16:12:20.213994Z INFO  main   Uniq dts [#]  = 3
2026-10-06T16:12:20.214992Z INFO  main   Stats for GIC/measured/TVA:
2026-10-06T16:12:20.214992Z INFO  main 
    std: : [0.27401731773889826]
    ave: : [0.0110615229325555]
    min: : [-2.6043333333333334]
    max: : [1.8406666666666667]
    n: 1981
    n_valid: : [1981]
    dt_original: : [2000000000, 4000000000, 60000000000]
2026-10-06T16:12:20.216997Z INFO  main Plotting 'Southaven' data for event '2015-06-22'
2026-10-06T16:12:20.219992Z INFO  main   Plotting 'Southaven/GIC/measured/TVA' original vs. modified data for event '2015-06-22'
2026-10-06T16:12:22.200680Z INFO  main     Writing C:\Users\lwilker\Documents\GitHub\SWERVE-data\data_processed/2015-06-22/sites/southaven/figures\original\GIC_measured_TVA.png
2026-10-06T16:12:22.762714Z INFO  main     Writing C:\Users\lwilker\Documents\GitHub\SWERVE-data\data_processed/2015-06-22/sites/southaven/figures\original\GIC_measured_TVA.pdf
2026-10-06T16:12:22.884588Z INFO  main Reading 'Southaven' data for event '2014-09-11'
2026-10-06T16:12:22.888566Z INFO  main   Reading 'GIC/measured/TVA' data for event '2014-09-11'
2026-10-06T16:12:22.891959Z INFO  main     Reading C:\Users\lwilker\Documents\GitHub\SWERVE-data\data_original\tva\2014-09-11\gic\GIC-measured\gic-southaven_20140911.csv
2026-10-06T16:12:24.773177Z INFO  main     Running automated error checks on GIC measured data
2026-10-06T16:12:29.790987Z INFO  main     Uniq dts [ns] = [2000000000]
2026-10-06T16:12:29.790987Z INFO  main     Uniq dts [#]  = 1
2026-10-06T16:12:29.925878Z INFO  main     Baseline offset of 1.28 A corrected. 
Resample to 1m aves and NaN pad or trim to start/stop.
2026-10-06T16:12:30.057588Z INFO  main     Writing C:\Users\lwilker\Documents\GitHub\SWERVE-data\data_processed\2014-09-11\sites\southaven\data\GIC_measured_TVA.pkl
2026-10-06T16:12:30.192354Z INFO  main   Writing C:\Users\lwilker\Documents\GitHub\SWERVE-data\data_processed\2014-09-11\sites\southaven\data\_all.pkl
2026-10-06T16:12:30.331205Z INFO  main Computing stats for 'Southaven' data
2026-10-06T16:12:30.457536Z INFO  main   Uniq dts [ns] = [ 2000000000  4000000000 24000000000]
2026-10-06T16:12:30.457536Z INFO  main   Uniq dts [#]  = 3
2026-10-06T16:12:30.458540Z INFO  main   Stats for GIC/measured/TVA:
2026-10-06T16:12:30.458540Z INFO  main 
    std: : [0.17626447558948286]
    ave: : [-0.022992469282600122]
    min: : [-0.4816666666666667]
    max: : [0.5626666666666666]
    n: 841
    n_valid: : [841]
    dt_original: : [2000000000, 4000000000, 24000000000]
2026-10-06T16:12:30.458540Z INFO  main Plotting 'Southaven' data for event '2014-09-11'
2026-10-06T16:12:30.464324Z INFO  main   Plotting 'Southaven/GIC/measured/TVA' original vs. modified data for event '2014-09-11'
2026-10-06T16:12:32.568557Z INFO  main     Writing C:\Users\lwilker\Documents\GitHub\SWERVE-data\data_processed/2014-09-11/sites/southaven/figures\original\GIC_measured_TVA.png
2026-10-06T16:12:33.154804Z INFO  main     Writing C:\Users\lwilker\Documents\GitHub\SWERVE-data\data_processed/2014-09-11/sites/southaven/figures\original\GIC_measured_TVA.pdf
2026-10-06T16:12:33.280696Z INFO  main Reading 'Southaven' data for event '2023-03-23'
2026-10-06T16:12:33.284635Z INFO  main   Reading 'GIC/measured/TVA' data for event '2023-03-23'
2026-10-06T16:12:33.284635Z INFO  main     Reading C:\Users\lwilker\Documents\GitHub\SWERVE-data\data_original\tva\2023-03-23\gic\GIC-measured\gic-southaven_20230323.csv
2026-10-06T16:12:35.859627Z INFO  main     Running automated error checks on GIC measured data
2026-10-06T16:12:42.722368Z INFO  main     Uniq dts [ns] = [1000000000]
2026-10-06T16:12:42.722368Z INFO  main     Uniq dts [#]  = 1
2026-10-06T16:12:42.839291Z INFO  main     
Resample to 1m aves and NaN pad or trim to start/stop.
2026-10-06T16:12:43.036478Z INFO  main     Writing C:\Users\lwilker\Documents\GitHub\SWERVE-data\data_processed\2023-03-23\sites\southaven\data\GIC_measured_TVA.pkl
2026-10-06T16:12:43.214792Z INFO  main   Writing C:\Users\lwilker\Documents\GitHub\SWERVE-data\data_processed\2023-03-23\sites\southaven\data\_all.pkl
2026-10-06T16:12:43.354236Z INFO  main Computing stats for 'Southaven' data
2026-10-06T16:12:43.526522Z INFO  main   Uniq dts [ns] = [1000000000 2000000000]
2026-10-06T16:12:43.526522Z INFO  main   Uniq dts [#]  = 2
2026-10-06T16:12:43.526522Z INFO  main   Stats for GIC/measured/TVA:
2026-10-06T16:12:43.526522Z INFO  main 
    std: : [0.30432936456291476]
    ave: : [0.054862694853726246]
    min: : [-1.8458333333333334]
    max: : [2.661]
    n: 1561
    n_valid: : [1561]
    dt_original: : [1000000000, 2000000000]
2026-10-06T16:12:43.526522Z INFO  main Plotting 'Southaven' data for event '2023-03-23'
2026-10-06T16:12:43.526522Z INFO  main   Plotting 'Southaven/GIC/measured/TVA' original vs. modified data for event '2023-03-23'
2026-10-06T16:12:45.688529Z INFO  main     Writing C:\Users\lwilker\Documents\GitHub\SWERVE-data\data_processed/2023-03-23/sites/southaven/figures\original\GIC_measured_TVA.png
2026-10-06T16:12:46.262728Z INFO  main     Writing C:\Users\lwilker\Documents\GitHub\SWERVE-data\data_processed/2023-03-23/sites/southaven/figures\original\GIC_measured_TVA.pdf
2026-10-06T16:12:46.410382Z INFO  main Reading 'Southaven' data for event '2016-02-17'
2026-10-06T16:12:46.414073Z INFO  main   Reading 'GIC/measured/TVA' data for event '2016-02-17'
2026-10-06T16:12:46.416137Z INFO  main     Reading C:\Users\lwilker\Documents\GitHub\SWERVE-data\data_original\tva\2016-02-17\gic\GIC-measured\gic-southaven_20160217.csv
2026-10-06T16:12:47.082786Z INFO  main     Running automated error checks on GIC measured data
2026-10-06T16:12:48.783486Z INFO  main     Uniq dts [ns] = [ 2000000000  6000000000 10000000000 26000000000]
2026-10-06T16:12:48.783486Z INFO  main     Uniq dts [#]  = 4
2026-10-06T16:12:48.871575Z INFO  main     
Resample to 1m aves and NaN pad or trim to start/stop.
2026-10-06T16:12:48.955644Z INFO  main     Writing C:\Users\lwilker\Documents\GitHub\SWERVE-data\data_processed\2016-02-17\sites\southaven\data\GIC_measured_TVA.pkl
2026-10-06T16:12:49.011050Z INFO  main   Writing C:\Users\lwilker\Documents\GitHub\SWERVE-data\data_processed\2016-02-17\sites\southaven\data\_all.pkl
2026-10-06T16:12:49.058065Z INFO  main Computing stats for 'Southaven' data
2026-10-06T16:12:49.097853Z INFO  main   Uniq dts [ns] = [ 2000000000  6000000000 10000000000 26000000000]
2026-10-06T16:12:49.099857Z INFO  main   Uniq dts [#]  = 4
2026-10-06T16:12:49.099857Z INFO  main   Stats for GIC/measured/TVA:
2026-10-06T16:12:49.099857Z INFO  main 
    std: : [0.2991222401031243]
    ave: : [0.5261167056908547]
    min: : [-0.31533333333333335]
    max: : [1.1516666666666666]
    n: 2581
    n_valid: : [1170]
    dt_original: : [2000000000, 6000000000, 10000000000, 26000000000]
2026-10-06T16:12:49.102905Z INFO  main Plotting 'Southaven' data for event '2016-02-17'
2026-10-06T16:12:49.103904Z INFO  main   Plotting 'Southaven/GIC/measured/TVA' original vs. modified data for event '2016-02-17'
2026-10-06T16:12:51.578459Z INFO  main     Writing C:\Users\lwilker\Documents\GitHub\SWERVE-data\data_processed/2016-02-17/sites/southaven/figures\original\GIC_measured_TVA.png
2026-10-06T16:12:52.448590Z INFO  main     Writing C:\Users\lwilker\Documents\GitHub\SWERVE-data\data_processed/2016-02-17/sites/southaven/figures\original\GIC_measured_TVA.pdf
2026-10-06T16:12:52.608063Z INFO  main Reading 'Southaven' data for event '2024-05-10'
2026-10-06T16:12:52.617498Z INFO  main   Reading 'GIC/measured/TVA' data for event '2024-05-10'
2026-10-06T16:12:52.620262Z INFO  main     Reading C:\Users\lwilker\Documents\GitHub\SWERVE-data\data_original\tva\2024-05-10\gic\GIC-measured\gic-southaven_20240510.csv
2026-10-06T16:12:56.451440Z INFO  main     Running automated error checks on GIC measured data
2026-10-06T16:13:06.601025Z INFO  main     Uniq dts [ns] = [1000000000 2000000000]
2026-10-06T16:13:06.601025Z INFO  main     Uniq dts [#]  = 2
2026-10-06T16:13:06.822499Z INFO  main     
Resample to 1m aves and NaN pad or trim to start/stop.
2026-10-06T16:13:07.137574Z INFO  main     Writing C:\Users\lwilker\Documents\GitHub\SWERVE-data\data_processed\2024-05-10\sites\southaven\data\GIC_measured_TVA.pkl
2026-10-06T16:13:07.411076Z INFO  main   Writing C:\Users\lwilker\Documents\GitHub\SWERVE-data\data_processed\2024-05-10\sites\southaven\data\_all.pkl
2026-10-06T16:13:07.766195Z INFO  main Computing stats for 'Southaven' data
2026-10-06T16:13:08.012529Z INFO  main   Uniq dts [ns] = [1000000000 2000000000]
2026-10-06T16:13:08.012529Z INFO  main   Uniq dts [#]  = 2
2026-10-06T16:13:08.012529Z INFO  main   Stats for GIC/measured/TVA:
2026-10-06T16:13:08.012529Z INFO  main 
    std: : [0.7662272162538085]
    ave: : [-0.04094764659460321]
    min: : [-7.663666666666667]
    max: : [4.477166666666666]
    n: 2341
    n_valid: : [2341]
    dt_original: : [1000000000, 2000000000]
2026-10-06T16:13:08.012529Z INFO  main Plotting 'Southaven' data for event '2024-05-10'
2026-10-06T16:13:08.012529Z INFO  main   Plotting 'Southaven/GIC/measured/TVA' original vs. modified data for event '2024-05-10'
2026-10-06T16:13:10.440931Z INFO  main     Writing C:\Users\lwilker\Documents\GitHub\SWERVE-data\data_processed/2024-05-10/sites/southaven/figures\original\GIC_measured_TVA.png
2026-10-06T16:13:10.958080Z INFO  main     Writing C:\Users\lwilker\Documents\GitHub\SWERVE-data\data_processed/2024-05-10/sites/southaven/figures\original\GIC_measured_TVA.pdf
2026-10-06T16:13:11.097945Z INFO  main Reading 'Raccoon Mountain' data for event '2015-03-17'
2026-10-06T16:13:11.097945Z INFO  main   Reading 'GIC/measured/TVA' data for event '2015-03-17'
2026-10-06T16:13:11.097945Z INFO  main     Reading C:\Users\lwilker\Documents\GitHub\SWERVE-data\data_original\tva\2015-03-17\gic\GIC-measured\gic-raccoonmountain_20150317.csv
2026-10-06T16:13:12.359270Z INFO  main     Running automated error checks on GIC measured data
2026-10-06T16:13:15.642410Z INFO  main     Uniq dts [ns] = [ 2000000000 10000000000]
2026-10-06T16:13:15.642410Z INFO  main     Uniq dts [#]  = 2
2026-10-06T16:13:15.682310Z INFO  main     
Resample to 1m aves and NaN pad or trim to start/stop.
2026-10-06T16:13:15.797004Z INFO  main     Writing C:\Users\lwilker\Documents\GitHub\SWERVE-data\data_processed\2015-03-17\sites\raccoonmountain\data\GIC_measured_TVA.pkl
2026-10-06T16:13:15.993750Z INFO  main   Reading 'B/measured/TVA' data for event '2015-03-17'
2026-10-06T16:13:16.008863Z INFO  main     Reading C:\Users\lwilker\Documents\GitHub\SWERVE-data\data_original\tva\2015-03-17\mag\raccoonmountain_mag_20240509.csv
2026-10-06T16:23:15.583218Z INFO  main Reading 'Sullivan' data for event '2015-03-17'
2026-10-06T16:23:15.601291Z INFO  main   Reading 'GIC/measured/TVA' data for event '2015-03-17'
2026-10-06T16:23:15.607744Z INFO  main     Reading C:\Users\lwilker\Documents\GitHub\SWERVE-data\data_original\tva\2015-03-17\gic\GIC-measured\gic-sullivan_20150317.csv
2026-10-06T16:23:17.148303Z INFO  main     Running automated error checks on GIC measured data
2026-10-06T16:23:20.446778Z INFO  main     Uniq dts [ns] = [2000000000]
2026-10-06T16:23:20.446778Z INFO  main     Uniq dts [#]  = 1
2026-10-06T16:23:20.484790Z INFO  main     
Resample to 1m aves and NaN pad or trim to start/stop.
2026-10-06T16:23:20.600880Z INFO  main     Writing C:\Users\lwilker\Documents\GitHub\SWERVE-data\data_processed\2015-03-17\sites\sullivan\data\GIC_measured_TVA.pkl
2026-10-06T16:23:20.702013Z INFO  main   Writing C:\Users\lwilker\Documents\GitHub\SWERVE-data\data_processed\2015-03-17\sites\sullivan\data\_all.pkl
2026-10-06T16:23:20.775099Z INFO  main Computing stats for 'Sullivan' data
2026-10-06T16:23:20.857973Z INFO  main   Uniq dts [ns] = [2000000000]
2026-10-06T16:23:20.858974Z INFO  main   Uniq dts [#]  = 1
2026-10-06T16:23:20.858974Z INFO  main   Stats for GIC/measured/TVA:
2026-10-06T16:23:20.858974Z INFO  main 
    std: : [0.18665192786328372]
    ave: : [0.01617421481867083]
    min: : [-1.0813333333333333]
    max: : [1.392]
    n: 1921
    n_valid: : [1921]
    dt_original: : [2000000000]
2026-10-06T16:23:21.124267Z INFO  main Plotting 'Sullivan' data for event '2015-03-17'
2026-10-06T16:23:21.143013Z INFO  main   Plotting 'Sullivan/GIC/measured/TVA' original vs. modified data for event '2015-03-17'
2026-10-06T16:23:23.248961Z INFO  main     Writing C:\Users\lwilker\Documents\GitHub\SWERVE-data\data_processed/2015-03-17/sites/sullivan/figures\original\GIC_measured_TVA.png
2026-10-06T16:23:23.830447Z INFO  main     Writing C:\Users\lwilker\Documents\GitHub\SWERVE-data\data_processed/2015-03-17/sites/sullivan/figures\original\GIC_measured_TVA.pdf
2026-10-06T16:23:24.136472Z INFO  main Reading 'Sullivan' data for event '2015-06-22'
2026-10-06T16:23:24.136472Z INFO  main   Reading 'GIC/measured/TVA' data for event '2015-06-22'
2026-10-06T16:23:24.150224Z INFO  main     Reading C:\Users\lwilker\Documents\GitHub\SWERVE-data\data_original\tva\2015-06-22\gic\GIC-measured\gic-sullivan_20150622.csv
2026-10-06T16:23:25.357548Z INFO  main     Running automated error checks on GIC measured data
2026-10-06T16:23:28.698270Z INFO  main     Uniq dts [ns] = [ 2000000000  4000000000 52000000000 56000000000]
2026-10-06T16:23:28.698270Z INFO  main     Uniq dts [#]  = 4
2026-10-06T16:23:28.744905Z INFO  main     
Resample to 1m aves and NaN pad or trim to start/stop.
2026-10-06T16:23:28.859495Z INFO  main     Writing C:\Users\lwilker\Documents\GitHub\SWERVE-data\data_processed\2015-06-22\sites\sullivan\data\GIC_measured_TVA.pkl
2026-10-06T16:23:28.944649Z INFO  main   Writing C:\Users\lwilker\Documents\GitHub\SWERVE-data\data_processed\2015-06-22\sites\sullivan\data\_all.pkl
2026-10-06T16:23:29.025744Z INFO  main Computing stats for 'Sullivan' data
2026-10-06T16:23:29.155776Z INFO  main   Uniq dts [ns] = [ 2000000000  4000000000  6000000000 52000000000 54000000000 56000000000
 60000000000]
2026-10-06T16:23:29.155776Z INFO  main   Uniq dts [#]  = 7
2026-10-06T16:23:29.155776Z INFO  main   Stats for GIC/measured/TVA:
2026-10-06T16:23:29.155776Z INFO  main 
    std: : [0.16891163311065846]
    ave: : [-0.0065519766313513845]
    min: : [-0.9046666666666667]
    max: : [1.1766666666666665]
    n: 1981
    n_valid: : [1981]
    dt_original: : [2000000000 nanoseconds, 4000000000 nanoseconds, ..., 56000000000 nanoseconds, 60000000000 nanoseconds] (7 elements)
2026-10-06T16:23:29.155776Z INFO  main Plotting 'Sullivan' data for event '2015-06-22'
2026-10-06T16:23:29.159040Z INFO  main   Plotting 'Sullivan/GIC/measured/TVA' original vs. modified data for event '2015-06-22'
2026-10-06T16:23:31.050430Z INFO  main     Writing C:\Users\lwilker\Documents\GitHub\SWERVE-data\data_processed/2015-06-22/sites/sullivan/figures\original\GIC_measured_TVA.png
2026-10-06T16:23:31.624469Z INFO  main     Writing C:\Users\lwilker\Documents\GitHub\SWERVE-data\data_processed/2015-06-22/sites/sullivan/figures\original\GIC_measured_TVA.pdf
2026-10-06T16:23:31.759237Z INFO  main Reading 'Sullivan' data for event '2014-09-11'
2026-10-06T16:23:31.761677Z INFO  main   Reading 'GIC/measured/TVA' data for event '2014-09-11'
2026-10-06T16:23:31.764157Z INFO  main     Reading C:\Users\lwilker\Documents\GitHub\SWERVE-data\data_original\tva\2014-09-11\gic\GIC-measured\gic-sullivan_20140911.csv
2026-10-06T16:23:33.694946Z INFO  main     Running automated error checks on GIC measured data
2026-10-06T16:23:38.852378Z INFO  main     Uniq dts [ns] = [2000000000]
2026-10-06T16:23:38.852378Z INFO  main     Uniq dts [#]  = 1
2026-10-06T16:23:38.985302Z INFO  main     
Resample to 1m aves and NaN pad or trim to start/stop.
2026-10-06T16:23:39.137551Z INFO  main     Writing C:\Users\lwilker\Documents\GitHub\SWERVE-data\data_processed\2014-09-11\sites\sullivan\data\GIC_measured_TVA.pkl
2026-10-06T16:23:39.244352Z INFO  main   Writing C:\Users\lwilker\Documents\GitHub\SWERVE-data\data_processed\2014-09-11\sites\sullivan\data\_all.pkl
2026-10-06T16:23:39.371945Z INFO  main Computing stats for 'Sullivan' data
2026-10-06T16:23:39.506849Z INFO  main   Uniq dts [ns] = [2000000000]
2026-10-06T16:23:39.506849Z INFO  main   Uniq dts [#]  = 1
2026-10-06T16:23:39.506849Z INFO  main   Stats for GIC/measured/TVA:
2026-10-06T16:23:39.506849Z INFO  main 
    std: : [0.13292733859010353]
    ave: : [0.9790503369005151]
    min: : [0.7230000000000001]
    max: : [1.275]
    n: 841
    n_valid: : [841]
    dt_original: : [2000000000]
2026-10-06T16:23:39.506849Z INFO  main Plotting 'Sullivan' data for event '2014-09-11'
2026-10-06T16:23:39.515334Z INFO  main   Plotting 'Sullivan/GIC/measured/TVA' original vs. modified data for event '2014-09-11'
2026-10-06T16:23:41.375166Z INFO  main     Writing C:\Users\lwilker\Documents\GitHub\SWERVE-data\data_processed/2014-09-11/sites/sullivan/figures\original\GIC_measured_TVA.png
2026-10-06T16:23:41.874913Z INFO  main     Writing C:\Users\lwilker\Documents\GitHub\SWERVE-data\data_processed/2014-09-11/sites/sullivan/figures\original\GIC_measured_TVA.pdf
2026-10-06T16:23:42.002311Z INFO  main Reading 'Sullivan' data for event '2023-03-23'
2026-10-06T16:23:42.002311Z INFO  main   Reading 'GIC/measured/TVA' data for event '2023-03-23'
2026-10-06T16:23:42.002311Z INFO  main     Reading C:\Users\lwilker\Documents\GitHub\SWERVE-data\data_original\tva\2023-03-23\gic\GIC-measured\gic-sullivan_20230323.csv
2026-10-06T16:23:44.571793Z INFO  main     Running automated error checks on GIC measured data
2026-10-06T16:23:51.351425Z INFO  main     Uniq dts [ns] = [1000000000 2000000000]
2026-10-06T16:23:51.351425Z INFO  main     Uniq dts [#]  = 2
2026-10-06T16:23:51.490464Z INFO  main     
Resample to 1m aves and NaN pad or trim to start/stop.
2026-10-06T16:23:51.693573Z INFO  main     Writing C:\Users\lwilker\Documents\GitHub\SWERVE-data\data_processed\2023-03-23\sites\sullivan\data\GIC_measured_TVA.pkl
2026-10-06T16:23:51.854176Z INFO  main   Writing C:\Users\lwilker\Documents\GitHub\SWERVE-data\data_processed\2023-03-23\sites\sullivan\data\_all.pkl
2026-10-06T16:23:52.005876Z INFO  main Computing stats for 'Sullivan' data
2026-10-06T16:23:52.171405Z INFO  main   Uniq dts [ns] = [1000000000 2000000000]
2026-10-06T16:23:52.171405Z INFO  main   Uniq dts [#]  = 2
2026-10-06T16:23:52.171405Z INFO  main   Stats for GIC/measured/TVA:
2026-10-06T16:23:52.171405Z INFO  main 
    std: : [0.21508051630497274]
    ave: : [0.0010782853234019923]
    min: : [-1.6583333333333334]
    max: : [1.3428333333333335]
    n: 1561
    n_valid: : [1561]
    dt_original: : [1000000000, 2000000000]
2026-10-06T16:23:52.171405Z INFO  main Plotting 'Sullivan' data for event '2023-03-23'
2026-10-06T16:23:52.187181Z INFO  main   Plotting 'Sullivan/GIC/measured/TVA' original vs. modified data for event '2023-03-23'
2026-10-06T16:23:54.422559Z INFO  main     Writing C:\Users\lwilker\Documents\GitHub\SWERVE-data\data_processed/2023-03-23/sites/sullivan/figures\original\GIC_measured_TVA.png
2026-10-06T16:23:54.953276Z INFO  main     Writing C:\Users\lwilker\Documents\GitHub\SWERVE-data\data_processed/2023-03-23/sites/sullivan/figures\original\GIC_measured_TVA.pdf
2026-10-06T16:23:55.077571Z INFO  main Reading 'Sullivan' data for event '2024-05-10'
2026-10-06T16:23:55.082739Z INFO  main   Reading 'GIC/measured/TVA' data for event '2024-05-10'
2026-10-06T16:23:55.085596Z INFO  main     Reading C:\Users\lwilker\Documents\GitHub\SWERVE-data\data_original\tva\2024-05-10\gic\GIC-measured\gic-sullivan_20240510.csv
2026-10-06T16:23:58.796116Z INFO  main     Running automated error checks on GIC measured data
2026-10-06T16:24:08.872353Z INFO  main     Uniq dts [ns] = [1000000000 2000000000]
2026-10-06T16:24:08.872353Z INFO  main     Uniq dts [#]  = 2
2026-10-06T16:24:09.072407Z INFO  main     
Resample to 1m aves and NaN pad or trim to start/stop.
2026-10-06T16:24:09.396332Z INFO  main     Writing C:\Users\lwilker\Documents\GitHub\SWERVE-data\data_processed\2024-05-10\sites\sullivan\data\GIC_measured_TVA.pkl
2026-10-06T16:24:09.666211Z INFO  main   Writing C:\Users\lwilker\Documents\GitHub\SWERVE-data\data_processed\2024-05-10\sites\sullivan\data\_all.pkl
2026-10-06T16:24:10.048419Z INFO  main Computing stats for 'Sullivan' data
2026-10-06T16:24:10.303046Z INFO  main   Uniq dts [ns] = [1000000000 2000000000]
2026-10-06T16:24:10.303046Z INFO  main   Uniq dts [#]  = 2
2026-10-06T16:24:10.303046Z INFO  main   Stats for GIC/measured/TVA:
2026-10-06T16:24:10.303046Z INFO  main 
    std: : [0.5740293311610496]
    ave: : [-0.005722380700700126]
    min: : [-5.160833333333333]
    max: : [5.2915]
    n: 2341
    n_valid: : [2341]
    dt_original: : [1000000000, 2000000000]
2026-10-06T16:24:10.303046Z INFO  main Plotting 'Sullivan' data for event '2024-05-10'
2026-10-06T16:24:10.303046Z INFO  main   Plotting 'Sullivan/GIC/measured/TVA' original vs. modified data for event '2024-05-10'
2026-10-06T16:24:12.729321Z INFO  main     Writing C:\Users\lwilker\Documents\GitHub\SWERVE-data\data_processed/2024-05-10/sites/sullivan/figures\original\GIC_measured_TVA.png
2026-10-06T16:24:13.268860Z INFO  main     Writing C:\Users\lwilker\Documents\GitHub\SWERVE-data\data_processed/2024-05-10/sites/sullivan/figures\original\GIC_measured_TVA.pdf
2026-10-06T16:24:13.404416Z INFO  main Reading 'Sullivan' data for event '2015-10-07'
2026-10-06T16:24:13.405931Z INFO  main   Reading 'GIC/measured/TVA' data for event '2015-10-07'
2026-10-06T16:24:13.412713Z INFO  main     Reading C:\Users\lwilker\Documents\GitHub\SWERVE-data\data_original\tva\2015-10-07\gic\GIC-measured\gic-sullivan_20151007.csv
2026-10-06T16:24:14.690835Z INFO  main     Running automated error checks on GIC measured data
2026-10-06T16:24:17.962992Z INFO  main     Uniq dts [ns] = [ 2000000000  4000000000  8000000000 10000000000 14000000000 22000000000
 50000000000 56000000000]
2026-10-06T16:24:17.962992Z INFO  main     Uniq dts [#]  = 8
2026-10-06T16:24:18.006300Z INFO  main     
Resample to 1m aves and NaN pad or trim to start/stop.
2026-10-06T16:24:18.119170Z INFO  main     Writing C:\Users\lwilker\Documents\GitHub\SWERVE-data\data_processed\2015-10-07\sites\sullivan\data\GIC_measured_TVA.pkl
2026-10-06T16:24:18.279471Z INFO  main   Writing C:\Users\lwilker\Documents\GitHub\SWERVE-data\data_processed\2015-10-07\sites\sullivan\data\_all.pkl
2026-10-06T16:24:18.370305Z INFO  main Computing stats for 'Sullivan' data
2026-10-06T16:24:18.470500Z INFO  main   Uniq dts [ns] = [ 2000000000  4000000000  6000000000  8000000000 10000000000 14000000000
 22000000000 44000000000 50000000000 56000000000]
2026-10-06T16:24:18.470500Z INFO  main   Uniq dts [#]  = 10
2026-10-06T16:24:18.470500Z INFO  main   Stats for GIC/measured/TVA:
2026-10-06T16:24:18.470500Z INFO  main 
    std: : [0.23808912093989384]
    ave: : [0.038000575399769254]
    min: : [-0.928]
    max: : [0.923]
    n: 1741
    n_valid: : [1741]
    dt_original: : [2000000000 nanoseconds, 4000000000 nanoseconds, ..., 50000000000 nanoseconds, 56000000000 nanoseconds] (10 elements)
2026-10-06T16:24:18.470500Z INFO  main Plotting 'Sullivan' data for event '2015-10-07'
2026-10-06T16:24:18.475123Z INFO  main   Plotting 'Sullivan/GIC/measured/TVA' original vs. modified data for event '2015-10-07'
2026-10-06T16:24:20.655961Z INFO  main     Writing C:\Users\lwilker\Documents\GitHub\SWERVE-data\data_processed/2015-10-07/sites/sullivan/figures\original\GIC_measured_TVA.png
2026-10-06T16:24:21.314627Z INFO  main     Writing C:\Users\lwilker\Documents\GitHub\SWERVE-data\data_processed/2015-10-07/sites/sullivan/figures\original\GIC_measured_TVA.pdf
2026-10-06T16:24:21.454349Z INFO  main Reading 'Bradley' data for event '2015-03-17'
2026-10-06T16:24:21.454349Z INFO  main   Reading 'GIC/measured/TVA' data for event '2015-03-17'
2026-10-06T16:24:21.466197Z INFO  main     Reading C:\Users\lwilker\Documents\GitHub\SWERVE-data\data_original\tva\2015-03-17\gic\GIC-measured\gic-bradley_20150317.csv
2026-10-06T16:24:22.676394Z INFO  main     Running automated error checks on GIC measured data
2026-10-06T16:24:26.003448Z INFO  main     Uniq dts [ns] = [2000000000]
2026-10-06T16:24:26.003448Z INFO  main     Uniq dts [#]  = 1
2026-10-06T16:24:26.038379Z INFO  main     
Resample to 1m aves and NaN pad or trim to start/stop.
2026-10-06T16:24:26.158652Z INFO  main     Writing C:\Users\lwilker\Documents\GitHub\SWERVE-data\data_processed\2015-03-17\sites\bradley\data\GIC_measured_TVA.pkl
2026-10-06T16:24:26.343697Z INFO  main   Writing C:\Users\lwilker\Documents\GitHub\SWERVE-data\data_processed\2015-03-17\sites\bradley\data\_all.pkl
2026-10-06T16:24:26.436690Z INFO  main Computing stats for 'Bradley' data
2026-10-06T16:24:26.529130Z INFO  main   Uniq dts [ns] = [2000000000]
2026-10-06T16:24:26.529130Z INFO  main   Uniq dts [#]  = 1
2026-10-06T16:24:26.529130Z INFO  main   Stats for GIC/measured/TVA:
2026-10-06T16:24:26.529130Z INFO  main 
    std: : [0.41310667289956976]
    ave: : [-0.008641332639250383]
    min: : [-2.353333333333333]
    max: : [2.204333333333333]
    n: 1921
    n_valid: : [1921]
    dt_original: : [2000000000]
2026-10-06T16:24:26.529130Z INFO  main Plotting 'Bradley' data for event '2015-03-17'
2026-10-06T16:24:26.529130Z INFO  main   Plotting 'Bradley/GIC/measured/TVA' original vs. modified data for event '2015-03-17'
2026-10-06T16:24:28.520070Z INFO  main     Writing C:\Users\lwilker\Documents\GitHub\SWERVE-data\data_processed/2015-03-17/sites/bradley/figures\original\GIC_measured_TVA.png
2026-10-06T16:24:29.036847Z INFO  main     Writing C:\Users\lwilker\Documents\GitHub\SWERVE-data\data_processed/2015-03-17/sites/bradley/figures\original\GIC_measured_TVA.pdf
2026-10-06T16:24:29.159444Z INFO  main Reading 'Bradley' data for event '2015-06-22'
2026-10-06T16:24:29.159444Z INFO  main   Reading 'GIC/measured/TVA' data for event '2015-06-22'
2026-10-06T16:24:29.159444Z INFO  main     Reading C:\Users\lwilker\Documents\GitHub\SWERVE-data\data_original\tva\2015-06-22\gic\GIC-measured\gic-bradley_20150622.csv
2026-10-06T16:24:30.418774Z INFO  main     Running automated error checks on GIC measured data
2026-10-06T16:24:33.800051Z INFO  main     Uniq dts [ns] = [ 2000000000 58000000000 60000000000]
2026-10-06T16:24:33.800051Z INFO  main     Uniq dts [#]  = 3
2026-10-06T16:24:33.847138Z INFO  main     
Resample to 1m aves and NaN pad or trim to start/stop.
2026-10-06T16:24:33.972492Z INFO  main     Writing C:\Users\lwilker\Documents\GitHub\SWERVE-data\data_processed\2015-06-22\sites\bradley\data\GIC_measured_TVA.pkl
2026-10-06T16:24:34.120193Z INFO  main   Writing C:\Users\lwilker\Documents\GitHub\SWERVE-data\data_processed\2015-06-22\sites\bradley\data\_all.pkl
2026-10-06T16:24:34.224089Z INFO  main Computing stats for 'Bradley' data
2026-10-06T16:24:34.314271Z INFO  main   Uniq dts [ns] = [ 2000000000 58000000000 60000000000]
2026-10-06T16:24:34.314271Z INFO  main   Uniq dts [#]  = 3
2026-10-06T16:24:34.314271Z INFO  main   Stats for GIC/measured/TVA:
2026-10-06T16:24:34.314271Z INFO  main 
    std: : [0.38278171952798457]
    ave: : [-0.033535098298195544]
    min: : [-1.755]
    max: : [2.3033333333333332]
    n: 1981
    n_valid: : [1981]
    dt_original: : [2000000000, 58000000000, 60000000000]
2026-10-06T16:24:34.322800Z INFO  main Plotting 'Bradley' data for event '2015-06-22'
2026-10-06T16:24:34.322800Z INFO  main   Plotting 'Bradley/GIC/measured/TVA' original vs. modified data for event '2015-06-22'
2026-10-06T16:24:36.231969Z INFO  main     Writing C:\Users\lwilker\Documents\GitHub\SWERVE-data\data_processed/2015-06-22/sites/bradley/figures\original\GIC_measured_TVA.png
2026-10-06T16:24:36.796773Z INFO  main     Writing C:\Users\lwilker\Documents\GitHub\SWERVE-data\data_processed/2015-06-22/sites/bradley/figures\original\GIC_measured_TVA.pdf
2026-10-06T16:24:36.936905Z INFO  main Reading 'Bradley' data for event '2014-09-11'
2026-10-06T16:24:36.936905Z INFO  main   Reading 'GIC/measured/TVA' data for event '2014-09-11'
2026-10-06T16:24:36.948554Z INFO  main     Reading C:\Users\lwilker\Documents\GitHub\SWERVE-data\data_original\tva\2014-09-11\gic\GIC-measured\gic-bradley_20140911.csv
2026-10-06T16:24:38.784159Z INFO  main     Running automated error checks on GIC measured data
2026-10-06T16:24:43.690307Z INFO  main     Uniq dts [ns] = [2000000000]
2026-10-06T16:24:43.690307Z INFO  main     Uniq dts [#]  = 1
2026-10-06T16:24:43.828517Z INFO  main     
Resample to 1m aves and NaN pad or trim to start/stop.
2026-10-06T16:24:43.978831Z INFO  main     Writing C:\Users\lwilker\Documents\GitHub\SWERVE-data\data_processed\2014-09-11\sites\bradley\data\GIC_measured_TVA.pkl
2026-10-06T16:24:44.112058Z INFO  main   Writing C:\Users\lwilker\Documents\GitHub\SWERVE-data\data_processed\2014-09-11\sites\bradley\data\_all.pkl
2026-10-06T16:24:44.246981Z INFO  main Computing stats for 'Bradley' data
2026-10-06T16:24:44.386448Z INFO  main   Uniq dts [ns] = [2000000000 4000000000 6000000000]
2026-10-06T16:24:44.386448Z INFO  main   Uniq dts [#]  = 3
2026-10-06T16:24:44.388456Z INFO  main   Stats for GIC/measured/TVA:
2026-10-06T16:24:44.388456Z INFO  main 
    std: : [0.21813337072666567]
    ave: : [-0.071230677764566]
    min: : [-0.571]
    max: : [0.41500000000000004]
    n: 841
    n_valid: : [841]
    dt_original: : [2000000000, 4000000000, 6000000000]
2026-10-06T16:24:44.388456Z INFO  main Plotting 'Bradley' data for event '2014-09-11'
2026-10-06T16:24:44.392472Z INFO  main   Plotting 'Bradley/GIC/measured/TVA' original vs. modified data for event '2014-09-11'
2026-10-06T16:24:46.696022Z INFO  main     Writing C:\Users\lwilker\Documents\GitHub\SWERVE-data\data_processed/2014-09-11/sites/bradley/figures\original\GIC_measured_TVA.png
2026-10-06T16:24:47.404039Z INFO  main     Writing C:\Users\lwilker\Documents\GitHub\SWERVE-data\data_processed/2014-09-11/sites/bradley/figures\original\GIC_measured_TVA.pdf
2026-10-06T16:24:47.559763Z INFO  main Reading 'Bradley' data for event '2023-03-23'
2026-10-06T16:24:47.559763Z INFO  main   Reading 'GIC/measured/TVA' data for event '2023-03-23'
2026-10-06T16:24:47.559763Z INFO  main     Reading C:\Users\lwilker\Documents\GitHub\SWERVE-data\data_original\tva\2023-03-23\gic\GIC-measured\gic-bradley_20230323.csv
2026-10-06T16:24:50.050658Z INFO  main     Running automated error checks on GIC measured data
2026-10-06T16:24:56.771469Z INFO  main     Uniq dts [ns] = [1000000000]
2026-10-06T16:24:56.771469Z INFO  main     Uniq dts [#]  = 1
2026-10-06T16:24:56.903594Z INFO  main     
Resample to 1m aves and NaN pad or trim to start/stop.
2026-10-06T16:24:57.082785Z INFO  main     Writing C:\Users\lwilker\Documents\GitHub\SWERVE-data\data_processed\2023-03-23\sites\bradley\data\GIC_measured_TVA.pkl
2026-10-06T16:24:57.280961Z INFO  main   Writing C:\Users\lwilker\Documents\GitHub\SWERVE-data\data_processed\2023-03-23\sites\bradley\data\_all.pkl
2026-10-06T16:24:57.446240Z INFO  main Computing stats for 'Bradley' data
2026-10-06T16:24:57.614894Z INFO  main   Uniq dts [ns] = [1000000000]
2026-10-06T16:24:57.623983Z INFO  main   Uniq dts [#]  = 1
2026-10-06T16:24:57.623983Z INFO  main   Stats for GIC/measured/TVA:
2026-10-06T16:24:57.623983Z INFO  main 
    std: : [0.43686308423335396]
    ave: : [0.01856011103993168]
    min: : [-2.322666666666666]
    max: : [2.036166666666667]
    n: 1561
    n_valid: : [1561]
    dt_original: : [1000000000]
2026-10-06T16:24:57.623983Z INFO  main Plotting 'Bradley' data for event '2023-03-23'
2026-10-06T16:24:57.623983Z INFO  main   Plotting 'Bradley/GIC/measured/TVA' original vs. modified data for event '2023-03-23'
2026-10-06T16:24:59.657239Z INFO  main     Writing C:\Users\lwilker\Documents\GitHub\SWERVE-data\data_processed/2023-03-23/sites/bradley/figures\original\GIC_measured_TVA.png
2026-10-06T16:25:00.134255Z INFO  main     Writing C:\Users\lwilker\Documents\GitHub\SWERVE-data\data_processed/2023-03-23/sites/bradley/figures\original\GIC_measured_TVA.pdf
2026-10-06T16:25:00.266631Z INFO  main Reading 'Bradley' data for event '2016-02-17'
2026-10-06T16:25:00.266631Z INFO  main   Reading 'GIC/measured/TVA' data for event '2016-02-17'
2026-10-06T16:25:00.275763Z INFO  main     Reading C:\Users\lwilker\Documents\GitHub\SWERVE-data\data_original\tva\2016-02-17\gic\GIC-measured\gic-bradley_20160217.csv
2026-10-06T16:25:00.909136Z INFO  main     Running automated error checks on GIC measured data
2026-10-06T16:25:02.631599Z INFO  main     Uniq dts [ns] = [2000000000]
2026-10-06T16:25:02.631599Z INFO  main     Uniq dts [#]  = 1
2026-10-06T16:25:02.653802Z INFO  main     
Resample to 1m aves and NaN pad or trim to start/stop.
2026-10-06T16:25:02.740829Z INFO  main     Writing C:\Users\lwilker\Documents\GitHub\SWERVE-data\data_processed\2016-02-17\sites\bradley\data\GIC_measured_TVA.pkl
2026-10-06T16:25:02.786287Z INFO  main   Writing C:\Users\lwilker\Documents\GitHub\SWERVE-data\data_processed\2016-02-17\sites\bradley\data\_all.pkl
2026-10-06T16:25:02.819986Z INFO  main Computing stats for 'Bradley' data
2026-10-06T16:25:02.853327Z INFO  main   Uniq dts [ns] = [2000000000]
2026-10-06T16:25:02.853327Z INFO  main   Uniq dts [#]  = 1
2026-10-06T16:25:02.853327Z INFO  main   Stats for GIC/measured/TVA:
2026-10-06T16:25:02.866888Z INFO  main 
    std: : [0.09316496637062463]
    ave: : [-0.5284660968660968]
    min: : [-0.842]
    max: : [-0.13733333333333334]
    n: 2581
    n_valid: : [1170]
    dt_original: : [2000000000]
2026-10-06T16:25:02.869401Z INFO  main Plotting 'Bradley' data for event '2016-02-17'
2026-10-06T16:25:02.872842Z INFO  main   Plotting 'Bradley/GIC/measured/TVA' original vs. modified data for event '2016-02-17'
2026-10-06T16:25:04.816747Z INFO  main     Writing C:\Users\lwilker\Documents\GitHub\SWERVE-data\data_processed/2016-02-17/sites/bradley/figures\original\GIC_measured_TVA.png
2026-10-06T16:25:05.430020Z INFO  main     Writing C:\Users\lwilker\Documents\GitHub\SWERVE-data\data_processed/2016-02-17/sites/bradley/figures\original\GIC_measured_TVA.pdf
2026-10-06T16:25:05.561285Z INFO  main Reading 'Bradley' data for event '2024-05-10'
2026-10-06T16:25:05.561285Z INFO  main   Reading 'GIC/measured/TVA' data for event '2024-05-10'
2026-10-06T16:25:05.578131Z INFO  main     Reading C:\Users\lwilker\Documents\GitHub\SWERVE-data\data_original\tva\2024-05-10\gic\GIC-measured\gic-bradley_20240510.csv
2026-10-06T16:25:09.367850Z INFO  main     Running automated error checks on GIC measured data
2026-10-06T16:25:19.333035Z INFO  main     Uniq dts [ns] = [1000000000]
2026-10-06T16:25:19.333035Z INFO  main     Uniq dts [#]  = 1
2026-10-06T16:25:19.531383Z INFO  main     
Resample to 1m aves and NaN pad or trim to start/stop.
2026-10-06T16:25:19.800981Z INFO  main     Writing C:\Users\lwilker\Documents\GitHub\SWERVE-data\data_processed\2024-05-10\sites\bradley\data\GIC_measured_TVA.pkl
2026-10-06T16:25:20.059499Z INFO  main   Writing C:\Users\lwilker\Documents\GitHub\SWERVE-data\data_processed\2024-05-10\sites\bradley\data\_all.pkl
2026-10-06T16:25:20.396790Z INFO  main Computing stats for 'Bradley' data
2026-10-06T16:25:20.643367Z INFO  main   Uniq dts [ns] = [1000000000]
2026-10-06T16:25:20.643367Z INFO  main   Uniq dts [#]  = 1
2026-10-06T16:25:20.643367Z INFO  main   Stats for GIC/measured/TVA:
2026-10-06T16:25:20.643367Z INFO  main 
    std: : [0.41146138313725955]
    ave: : [0.005256229531539217]
    min: : [-2.3675]
    max: : [1.7946666666666666]
    n: 2341
    n_valid: : [2341]
    dt_original: : [1000000000]
2026-10-06T16:25:20.643367Z INFO  main Plotting 'Bradley' data for event '2024-05-10'
2026-10-06T16:25:20.643367Z INFO  main   Plotting 'Bradley/GIC/measured/TVA' original vs. modified data for event '2024-05-10'
2026-10-06T16:25:23.094169Z INFO  main     Writing C:\Users\lwilker\Documents\GitHub\SWERVE-data\data_processed/2024-05-10/sites/bradley/figures\original\GIC_measured_TVA.png
2026-10-06T16:25:23.680860Z INFO  main     Writing C:\Users\lwilker\Documents\GitHub\SWERVE-data\data_processed/2024-05-10/sites/bradley/figures\original\GIC_measured_TVA.pdf
2026-10-06T16:25:23.841484Z INFO  main Reading 'Bradley' data for event '2015-10-07'
2026-10-06T16:25:23.841484Z INFO  main   Reading 'GIC/measured/TVA' data for event '2015-10-07'
2026-10-06T16:25:23.841484Z INFO  main     Reading C:\Users\lwilker\Documents\GitHub\SWERVE-data\data_original\tva\2015-10-07\gic\GIC-measured\gic-bradley_20151007.csv
2026-10-06T16:25:25.144024Z INFO  main     Running automated error checks on GIC measured data
2026-10-06T16:25:28.422051Z INFO  main     Uniq dts [ns] = [ 2000000000  4000000000  8000000000 44000000000 46000000000]
2026-10-06T16:25:28.422051Z INFO  main     Uniq dts [#]  = 5
2026-10-06T16:25:28.446550Z INFO  main     
Resample to 1m aves and NaN pad or trim to start/stop.
2026-10-06T16:25:28.578794Z INFO  main     Writing C:\Users\lwilker\Documents\GitHub\SWERVE-data\data_processed\2015-10-07\sites\bradley\data\GIC_measured_TVA.pkl
2026-10-06T16:25:28.726235Z INFO  main   Writing C:\Users\lwilker\Documents\GitHub\SWERVE-data\data_processed\2015-10-07\sites\bradley\data\_all.pkl
2026-10-06T16:25:28.826877Z INFO  main Computing stats for 'Bradley' data
2026-10-06T16:25:28.908396Z INFO  main   Uniq dts [ns] = [ 2000000000  4000000000  8000000000 44000000000 46000000000]
2026-10-06T16:25:28.908396Z INFO  main   Uniq dts [#]  = 5
2026-10-06T16:25:28.909393Z INFO  main   Stats for GIC/measured/TVA:
2026-10-06T16:25:28.909393Z INFO  main 
    std: : [0.33828712466858346]
    ave: : [-0.023329185352247806]
    min: : [-1.8143333333333334]
    max: : [1.5726666666666667]
    n: 1741
    n_valid: : [1741]
    dt_original: : [2000000000 nanoseconds, 4000000000 nanoseconds, ..., 44000000000 nanoseconds, 46000000000 nanoseconds] (5 elements)
2026-10-06T16:25:28.911397Z INFO  main Plotting 'Bradley' data for event '2015-10-07'
2026-10-06T16:25:28.913827Z INFO  main   Plotting 'Bradley/GIC/measured/TVA' original vs. modified data for event '2015-10-07'
2026-10-06T16:25:31.115579Z INFO  main     Writing C:\Users\lwilker\Documents\GitHub\SWERVE-data\data_processed/2015-10-07/sites/bradley/figures\original\GIC_measured_TVA.png
2026-10-06T16:25:31.759410Z INFO  main     Writing C:\Users\lwilker\Documents\GitHub\SWERVE-data\data_processed/2015-10-07/sites/bradley/figures\original\GIC_measured_TVA.pdf
2026-10-06T16:25:31.906436Z INFO  main Reading 'Montgomery' data for event '2015-03-17'
2026-10-06T16:25:31.923767Z INFO  main   Reading 'GIC/measured/TVA' data for event '2015-03-17'
2026-10-06T16:25:31.927690Z INFO  main     Reading C:\Users\lwilker\Documents\GitHub\SWERVE-data\data_original\tva\2015-03-17\gic\GIC-measured\gic-montgomery_20150317.csv
2026-10-06T16:25:33.193336Z INFO  main     Running automated error checks on GIC measured data
2026-10-06T16:25:36.553183Z INFO  main     Uniq dts [ns] = [2000000000]
2026-10-06T16:25:36.553183Z INFO  main     Uniq dts [#]  = 1
2026-10-06T16:25:36.598028Z INFO  main     
Resample to 1m aves and NaN pad or trim to start/stop.
2026-10-06T16:25:36.722380Z INFO  main     Writing C:\Users\lwilker\Documents\GitHub\SWERVE-data\data_processed\2015-03-17\sites\montgomery\data\GIC_measured_TVA.pkl
2026-10-06T16:25:36.868411Z INFO  main   Writing C:\Users\lwilker\Documents\GitHub\SWERVE-data\data_processed\2015-03-17\sites\montgomery\data\_all.pkl
2026-10-06T16:25:36.970689Z INFO  main Computing stats for 'Montgomery' data
2026-10-06T16:25:37.071009Z INFO  main   Uniq dts [ns] = [2000000000]
2026-10-06T16:25:37.071009Z INFO  main   Uniq dts [#]  = 1
2026-10-06T16:25:37.071009Z INFO  main   Stats for GIC/measured/TVA:
2026-10-06T16:25:37.071009Z INFO  main 
    std: : [1.5069537587442778]
    ave: : [-0.09112788478223148]
    min: : [-12.511]
    max: : [10.165]
    n: 1921
    n_valid: : [1921]
    dt_original: : [2000000000]
2026-10-06T16:25:37.071009Z INFO  main Plotting 'Montgomery' data for event '2015-03-17'
2026-10-06T16:25:37.071009Z INFO  main   Plotting 'Montgomery/GIC/measured/TVA' original vs. modified data for event '2015-03-17'
2026-10-06T16:25:38.779193Z INFO  main     Writing C:\Users\lwilker\Documents\GitHub\SWERVE-data\data_processed/2015-03-17/sites/montgomery/figures\original\GIC_measured_TVA.png
2026-10-06T16:25:39.264274Z INFO  main     Writing C:\Users\lwilker\Documents\GitHub\SWERVE-data\data_processed/2015-03-17/sites/montgomery/figures\original\GIC_measured_TVA.pdf
2026-10-06T16:25:39.413592Z INFO  main Reading 'Montgomery' data for event '2015-06-22'
2026-10-06T16:25:39.416591Z INFO  main   Reading 'GIC/measured/TVA' data for event '2015-06-22'
2026-10-06T16:25:39.418595Z INFO  main     Reading C:\Users\lwilker\Documents\GitHub\SWERVE-data\data_original\tva\2015-06-22\gic\GIC-measured\gic-montgomery_20150622.csv
2026-10-06T16:25:40.690843Z INFO  main     Running automated error checks on GIC measured data
2026-10-06T16:25:44.105078Z INFO  main     Uniq dts [ns] = [ 2000000000  4000000000 28000000000 50000000000 58000000000]
2026-10-06T16:25:44.107621Z INFO  main     Uniq dts [#]  = 5
2026-10-06T16:25:44.214043Z INFO  main     
Resample to 1m aves and NaN pad or trim to start/stop.
2026-10-06T16:25:44.347635Z INFO  main     Writing C:\Users\lwilker\Documents\GitHub\SWERVE-data\data_processed\2015-06-22\sites\montgomery\data\GIC_measured_TVA.pkl
2026-10-06T16:25:44.432513Z INFO  main   Writing C:\Users\lwilker\Documents\GitHub\SWERVE-data\data_processed\2015-06-22\sites\montgomery\data\_all.pkl
2026-10-06T16:25:44.507607Z INFO  main Computing stats for 'Montgomery' data
2026-10-06T16:25:44.605926Z INFO  main   Uniq dts [ns] = [ 2000000000  4000000000 28000000000 50000000000 58000000000]
2026-10-06T16:25:44.605926Z INFO  main   Uniq dts [#]  = 5
2026-10-06T16:25:44.605926Z INFO  main   Stats for GIC/measured/TVA:
2026-10-06T16:25:44.605926Z INFO  main 
    std: : [1.0439709729995303]
    ave: : [-0.013849761081476585]
    min: : [-5.583666666666667]
    max: : [7.247]
    n: 1981
    n_valid: : [1981]
    dt_original: : [2000000000 nanoseconds, 4000000000 nanoseconds, ..., 50000000000 nanoseconds, 58000000000 nanoseconds] (5 elements)
2026-10-06T16:25:44.605926Z INFO  main Plotting 'Montgomery' data for event '2015-06-22'
2026-10-06T16:25:44.614958Z INFO  main   Plotting 'Montgomery/GIC/measured/TVA' original vs. modified data for event '2015-06-22'
2026-10-06T16:25:46.375987Z INFO  main     Writing C:\Users\lwilker\Documents\GitHub\SWERVE-data\data_processed/2015-06-22/sites/montgomery/figures\original\GIC_measured_TVA.png
2026-10-06T16:25:46.861466Z INFO  main     Writing C:\Users\lwilker\Documents\GitHub\SWERVE-data\data_processed/2015-06-22/sites/montgomery/figures\original\GIC_measured_TVA.pdf
2026-10-06T16:25:46.994317Z INFO  main Reading 'Montgomery' data for event '2014-09-11'
2026-10-06T16:25:46.994317Z INFO  main   Reading 'GIC/measured/TVA' data for event '2014-09-11'
2026-10-06T16:25:46.994317Z INFO  main     Reading C:\Users\lwilker\Documents\GitHub\SWERVE-data\data_original\tva\2014-09-11\gic\GIC-measured\gic-montgomery_20140911.csv
2026-10-06T16:25:48.855505Z INFO  main     Running automated error checks on GIC measured data
2026-10-06T16:25:53.722975Z INFO  main     Uniq dts [ns] = [2000000000]
2026-10-06T16:25:53.722975Z INFO  main     Uniq dts [#]  = 1
2026-10-06T16:25:53.841445Z INFO  main     
Resample to 1m aves and NaN pad or trim to start/stop.
2026-10-06T16:25:54.002425Z INFO  main     Writing C:\Users\lwilker\Documents\GitHub\SWERVE-data\data_processed\2014-09-11\sites\montgomery\data\GIC_measured_TVA.pkl
2026-10-06T16:25:54.122280Z INFO  main   Writing C:\Users\lwilker\Documents\GitHub\SWERVE-data\data_processed\2014-09-11\sites\montgomery\data\_all.pkl
2026-10-06T16:25:54.241011Z INFO  main Computing stats for 'Montgomery' data
2026-10-06T16:25:54.372826Z INFO  main   Uniq dts [ns] = [ 2000000000 36000000000]
2026-10-06T16:25:54.372826Z INFO  main   Uniq dts [#]  = 2
2026-10-06T16:25:54.372826Z INFO  main   Stats for GIC/measured/TVA:
2026-10-06T16:25:54.372826Z INFO  main 
    std: : [0.4338317199512968]
    ave: : [0.23761474435196195]
    min: : [-1.3126666666666666]
    max: : [1.7806666666666666]
    n: 841
    n_valid: : [841]
    dt_original: : [2000000000, 36000000000]
2026-10-06T16:25:54.372826Z INFO  main Plotting 'Montgomery' data for event '2014-09-11'
2026-10-06T16:25:54.372826Z INFO  main   Plotting 'Montgomery/GIC/measured/TVA' original vs. modified data for event '2014-09-11'
2026-10-06T16:25:56.202526Z INFO  main     Writing C:\Users\lwilker\Documents\GitHub\SWERVE-data\data_processed/2014-09-11/sites/montgomery/figures\original\GIC_measured_TVA.png
2026-10-06T16:25:56.801310Z INFO  main     Writing C:\Users\lwilker\Documents\GitHub\SWERVE-data\data_processed/2014-09-11/sites/montgomery/figures\original\GIC_measured_TVA.pdf
2026-10-06T16:25:56.936187Z INFO  main Reading 'Montgomery' data for event '2023-03-23'
2026-10-06T16:25:56.936187Z INFO  main   Reading 'GIC/measured/TVA' data for event '2023-03-23'
2026-10-06T16:25:56.936187Z INFO  main     Reading C:\Users\lwilker\Documents\GitHub\SWERVE-data\data_original\tva\2023-03-23\gic\GIC-measured\gic-montgomery_20230323.csv
2026-10-06T16:25:59.446573Z INFO  main     Running automated error checks on GIC measured data
2026-10-06T16:26:06.070984Z INFO  main     Uniq dts [ns] = [1000000000 7000000000]
2026-10-06T16:26:06.070984Z INFO  main     Uniq dts [#]  = 2
2026-10-06T16:26:06.243274Z INFO  main     
Resample to 1m aves and NaN pad or trim to start/stop.
2026-10-06T16:26:06.445986Z INFO  main     Writing C:\Users\lwilker\Documents\GitHub\SWERVE-data\data_processed\2023-03-23\sites\montgomery\data\GIC_measured_TVA.pkl
2026-10-06T16:26:06.610781Z INFO  main   Writing C:\Users\lwilker\Documents\GitHub\SWERVE-data\data_processed\2023-03-23\sites\montgomery\data\_all.pkl
2026-10-06T16:26:06.792545Z INFO  main Computing stats for 'Montgomery' data
2026-10-06T16:26:06.946857Z INFO  main   Uniq dts [ns] = [1000000000 2000000000 7000000000]
2026-10-06T16:26:06.946857Z INFO  main   Uniq dts [#]  = 3
2026-10-06T16:26:06.946857Z INFO  main   Stats for GIC/measured/TVA:
2026-10-06T16:26:06.946857Z INFO  main 
    std: : [2.076248301454812]
    ave: : [0.034416162478942754]
    min: : [-13.062166666666666]
    max: : [16.480666666666668]
    n: 1561
    n_valid: : [1561]
    dt_original: : [1000000000, 2000000000, 7000000000]
2026-10-06T16:26:06.946857Z INFO  main Plotting 'Montgomery' data for event '2023-03-23'
2026-10-06T16:26:06.946857Z INFO  main   Plotting 'Montgomery/GIC/measured/TVA' original vs. modified data for event '2023-03-23'
2026-10-06T16:26:09.093631Z INFO  main     Writing C:\Users\lwilker\Documents\GitHub\SWERVE-data\data_processed/2023-03-23/sites/montgomery/figures\original\GIC_measured_TVA.png
2026-10-06T16:26:09.539628Z INFO  main     Writing C:\Users\lwilker\Documents\GitHub\SWERVE-data\data_processed/2023-03-23/sites/montgomery/figures\original\GIC_measured_TVA.pdf
2026-10-06T16:26:09.677938Z INFO  main Reading 'Montgomery' data for event '2016-02-17'
2026-10-06T16:26:09.677938Z INFO  main   Reading 'GIC/measured/TVA' data for event '2016-02-17'
2026-10-06T16:26:09.687870Z INFO  main     Reading C:\Users\lwilker\Documents\GitHub\SWERVE-data\data_original\tva\2016-02-17\gic\GIC-measured\gic-montgomery_20160217.csv
2026-10-06T16:26:10.303079Z INFO  main     Running automated error checks on GIC measured data
2026-10-06T16:26:11.916390Z INFO  main     Uniq dts [ns] = [2000000000]
2026-10-06T16:26:11.916390Z INFO  main     Uniq dts [#]  = 1
2026-10-06T16:26:11.939883Z INFO  main     
Resample to 1m aves and NaN pad or trim to start/stop.
2026-10-06T16:26:12.021597Z INFO  main     Writing C:\Users\lwilker\Documents\GitHub\SWERVE-data\data_processed\2016-02-17\sites\montgomery\data\GIC_measured_TVA.pkl
2026-10-06T16:26:12.061222Z INFO  main   Writing C:\Users\lwilker\Documents\GitHub\SWERVE-data\data_processed\2016-02-17\sites\montgomery\data\_all.pkl
2026-10-06T16:26:12.093846Z INFO  main Computing stats for 'Montgomery' data
2026-10-06T16:26:12.160403Z INFO  main   Uniq dts [ns] = [2000000000]
2026-10-06T16:26:12.160403Z INFO  main   Uniq dts [#]  = 1
2026-10-06T16:26:12.160403Z INFO  main   Stats for GIC/measured/TVA:
2026-10-06T16:26:12.160403Z INFO  main 
    std: : [0.3872351868965157]
    ave: : [-0.3326897435897436]
    min: : [-1.669]
    max: : [1.3816666666666668]
    n: 2581
    n_valid: : [1170]
    dt_original: : [2000000000]
2026-10-06T16:26:12.160403Z INFO  main Plotting 'Montgomery' data for event '2016-02-17'
2026-10-06T16:26:12.160403Z INFO  main   Plotting 'Montgomery/GIC/measured/TVA' original vs. modified data for event '2016-02-17'
2026-10-06T16:26:13.773261Z INFO  main     Writing C:\Users\lwilker\Documents\GitHub\SWERVE-data\data_processed/2016-02-17/sites/montgomery/figures\original\GIC_measured_TVA.png
2026-10-06T16:26:14.327830Z INFO  main     Writing C:\Users\lwilker\Documents\GitHub\SWERVE-data\data_processed/2016-02-17/sites/montgomery/figures\original\GIC_measured_TVA.pdf
2026-10-06T16:26:14.455606Z INFO  main Reading 'Montgomery' data for event '2024-05-10'
2026-10-06T16:26:14.458906Z INFO  main   Reading 'GIC/measured/TVA' data for event '2024-05-10'
2026-10-06T16:26:14.464500Z INFO  main     Reading C:\Users\lwilker\Documents\GitHub\SWERVE-data\data_original\tva\2024-05-10\gic\GIC-measured\gic-montgomery_20240510.csv
2026-10-06T16:26:18.228708Z INFO  main     Running automated error checks on GIC measured data
2026-10-06T16:26:27.964531Z INFO  main     Uniq dts [ns] = [1000000000]
2026-10-06T16:26:27.964531Z INFO  main     Uniq dts [#]  = 1
2026-10-06T16:26:28.140631Z INFO  main     
Resample to 1m aves and NaN pad or trim to start/stop.
2026-10-06T16:26:28.420317Z INFO  main     Writing C:\Users\lwilker\Documents\GitHub\SWERVE-data\data_processed\2024-05-10\sites\montgomery\data\GIC_measured_TVA.pkl
2026-10-06T16:26:28.700071Z INFO  main   Writing C:\Users\lwilker\Documents\GitHub\SWERVE-data\data_processed\2024-05-10\sites\montgomery\data\_all.pkl
2026-10-06T16:26:29.050711Z INFO  main Computing stats for 'Montgomery' data
2026-10-06T16:26:29.307043Z INFO  main   Uniq dts [ns] = [1000000000 2000000000]
2026-10-06T16:26:29.307043Z INFO  main   Uniq dts [#]  = 2
2026-10-06T16:26:29.307043Z INFO  main   Stats for GIC/measured/TVA:
2026-10-06T16:26:29.307043Z INFO  main 
    std: : [3.704430906359362]
    ave: : [0.005764701694432592]
    min: : [-34.30216666666667]
    max: : [22.281]
    n: 2341
    n_valid: : [2341]
    dt_original: : [1000000000, 2000000000]
2026-10-06T16:26:29.307043Z INFO  main Plotting 'Montgomery' data for event '2024-05-10'
2026-10-06T16:26:29.307043Z INFO  main   Plotting 'Montgomery/GIC/measured/TVA' original vs. modified data for event '2024-05-10'
2026-10-06T16:26:31.557944Z INFO  main     Writing C:\Users\lwilker\Documents\GitHub\SWERVE-data\data_processed/2024-05-10/sites/montgomery/figures\original\GIC_measured_TVA.png
2026-10-06T16:26:32.018033Z INFO  main     Writing C:\Users\lwilker\Documents\GitHub\SWERVE-data\data_processed/2024-05-10/sites/montgomery/figures\original\GIC_measured_TVA.pdf
2026-10-06T16:26:32.171281Z INFO  main Reading 'Montgomery' data for event '2015-10-07'
2026-10-06T16:26:32.177212Z INFO  main   Reading 'GIC/measured/TVA' data for event '2015-10-07'
2026-10-06T16:26:32.180425Z INFO  main     Reading C:\Users\lwilker\Documents\GitHub\SWERVE-data\data_original\tva\2015-10-07\gic\GIC-measured\gic-montgomery_20151007.csv
2026-10-06T16:26:33.463428Z INFO  main     Running automated error checks on GIC measured data
2026-10-06T16:26:36.814920Z INFO  main     Uniq dts [ns] = [ 2000000000 22000000000 46000000000 50000000000]
2026-10-06T16:26:36.814920Z INFO  main     Uniq dts [#]  = 4
2026-10-06T16:26:36.857876Z INFO  main     
Resample to 1m aves and NaN pad or trim to start/stop.
2026-10-06T16:26:36.967541Z INFO  main     Writing C:\Users\lwilker\Documents\GitHub\SWERVE-data\data_processed\2015-10-07\sites\montgomery\data\GIC_measured_TVA.pkl
2026-10-06T16:26:37.134024Z INFO  main   Writing C:\Users\lwilker\Documents\GitHub\SWERVE-data\data_processed\2015-10-07\sites\montgomery\data\_all.pkl
2026-10-06T16:26:37.233109Z INFO  main Computing stats for 'Montgomery' data
2026-10-06T16:26:37.338845Z INFO  main   Uniq dts [ns] = [ 2000000000 22000000000 46000000000 50000000000]
2026-10-06T16:26:37.338845Z INFO  main   Uniq dts [#]  = 4
2026-10-06T16:26:37.338845Z INFO  main   Stats for GIC/measured/TVA:
2026-10-06T16:26:37.338845Z INFO  main 
    std: : [0.7469977455761686]
    ave: : [0.10510413298001567]
    min: : [-4.973]
    max: : [4.062666666666667]
    n: 1741
    n_valid: : [1741]
    dt_original: : [2000000000, 22000000000, 46000000000, 50000000000]
2026-10-06T16:26:37.341513Z INFO  main Plotting 'Montgomery' data for event '2015-10-07'
2026-10-06T16:26:37.343522Z INFO  main   Plotting 'Montgomery/GIC/measured/TVA' original vs. modified data for event '2015-10-07'
2026-10-06T16:26:39.120176Z INFO  main     Writing C:\Users\lwilker\Documents\GitHub\SWERVE-data\data_processed/2015-10-07/sites/montgomery/figures\original\GIC_measured_TVA.png
2026-10-06T16:26:39.731349Z INFO  main     Writing C:\Users\lwilker\Documents\GitHub\SWERVE-data\data_processed/2015-10-07/sites/montgomery/figures\original\GIC_measured_TVA.pdf
2026-10-06T16:26:39.851062Z INFO  main Reading 'Southaven' data for event '2015-03-17'
2026-10-06T16:26:39.866765Z INFO  main   Reading 'GIC/measured/TVA' data for event '2015-03-17'
2026-10-06T16:26:39.870175Z INFO  main     Reading C:\Users\lwilker\Documents\GitHub\SWERVE-data\data_original\tva\2015-03-17\gic\GIC-measured\gic-southaven_20150317.csv
2026-10-06T16:26:41.088494Z INFO  main     Running automated error checks on GIC measured data
2026-10-06T16:26:44.397406Z INFO  main     Uniq dts [ns] = [2000000000 4000000000 6000000000]
2026-10-06T16:26:44.397406Z INFO  main     Uniq dts [#]  = 3
2026-10-06T16:26:44.441847Z INFO  main     
Resample to 1m aves and NaN pad or trim to start/stop.
2026-10-06T16:26:44.565620Z INFO  main     Writing C:\Users\lwilker\Documents\GitHub\SWERVE-data\data_processed\2015-03-17\sites\southaven\data\GIC_measured_TVA.pkl
2026-10-06T16:26:44.753712Z INFO  main   Writing C:\Users\lwilker\Documents\GitHub\SWERVE-data\data_processed\2015-03-17\sites\southaven\data\_all.pkl
2026-10-06T16:26:44.836648Z INFO  main Computing stats for 'Southaven' data
2026-10-06T16:26:44.922296Z INFO  main   Uniq dts [ns] = [2000000000 4000000000 6000000000]
2026-10-06T16:26:44.922296Z INFO  main   Uniq dts [#]  = 3
2026-10-06T16:26:44.922296Z INFO  main   Stats for GIC/measured/TVA:
2026-10-06T16:26:44.922296Z INFO  main 
    std: : [0.31478013207265787]
    ave: : [-0.049337236932544694]
    min: : [-1.6400000000000001]
    max: : [3.671]
    n: 1921
    n_valid: : [1921]
    dt_original: : [2000000000, 4000000000, 6000000000]
2026-10-06T16:26:44.931055Z INFO  main Plotting 'Southaven' data for event '2015-03-17'
2026-10-06T16:26:44.932059Z INFO  main   Plotting 'Southaven/GIC/measured/TVA' original vs. modified data for event '2015-03-17'
2026-10-06T16:26:46.807907Z INFO  main     Writing C:\Users\lwilker\Documents\GitHub\SWERVE-data\data_processed/2015-03-17/sites/southaven/figures\original\GIC_measured_TVA.png
2026-10-06T16:26:47.453192Z INFO  main     Writing C:\Users\lwilker\Documents\GitHub\SWERVE-data\data_processed/2015-03-17/sites/southaven/figures\original\GIC_measured_TVA.pdf
2026-10-06T16:26:47.612666Z INFO  main Reading 'Southaven' data for event '2015-06-22'
2026-10-06T16:26:47.626977Z INFO  main   Reading 'GIC/measured/TVA' data for event '2015-06-22'
2026-10-06T16:26:47.633957Z INFO  main     Reading C:\Users\lwilker\Documents\GitHub\SWERVE-data\data_original\tva\2015-06-22\gic\GIC-measured\gic-southaven_20150622.csv
2026-10-06T16:26:48.844631Z INFO  main     Running automated error checks on GIC measured data
2026-10-06T16:26:52.073223Z INFO  main     Uniq dts [ns] = [ 2000000000  4000000000 60000000000]
2026-10-06T16:26:52.073223Z INFO  main     Uniq dts [#]  = 3
2026-10-06T16:26:52.096541Z INFO  main     
Resample to 1m aves and NaN pad or trim to start/stop.
2026-10-06T16:26:52.225945Z INFO  main     Writing C:\Users\lwilker\Documents\GitHub\SWERVE-data\data_processed\2015-06-22\sites\southaven\data\GIC_measured_TVA.pkl
2026-10-06T16:26:52.405157Z INFO  main   Writing C:\Users\lwilker\Documents\GitHub\SWERVE-data\data_processed\2015-06-22\sites\southaven\data\_all.pkl
2026-10-06T16:26:52.486078Z INFO  main Computing stats for 'Southaven' data
2026-10-06T16:26:52.576858Z INFO  main   Uniq dts [ns] = [ 2000000000  4000000000 60000000000]
2026-10-06T16:26:52.576858Z INFO  main   Uniq dts [#]  = 3
2026-10-06T16:26:52.576858Z INFO  main   Stats for GIC/measured/TVA:
2026-10-06T16:26:52.576858Z INFO  main 
    std: : [0.27401731773889826]
    ave: : [0.0110615229325555]
    min: : [-2.6043333333333334]
    max: : [1.8406666666666667]
    n: 1981
    n_valid: : [1981]
    dt_original: : [2000000000, 4000000000, 60000000000]
2026-10-06T16:26:52.576858Z INFO  main Plotting 'Southaven' data for event '2015-06-22'
2026-10-06T16:26:52.576858Z INFO  main   Plotting 'Southaven/GIC/measured/TVA' original vs. modified data for event '2015-06-22'
2026-10-06T16:26:54.589106Z INFO  main     Writing C:\Users\lwilker\Documents\GitHub\SWERVE-data\data_processed/2015-06-22/sites/southaven/figures\original\GIC_measured_TVA.png
2026-10-06T16:26:55.151397Z INFO  main     Writing C:\Users\lwilker\Documents\GitHub\SWERVE-data\data_processed/2015-06-22/sites/southaven/figures\original\GIC_measured_TVA.pdf
2026-10-06T16:26:55.289355Z INFO  main Reading 'Southaven' data for event '2014-09-11'
2026-10-06T16:26:55.293369Z INFO  main   Reading 'GIC/measured/TVA' data for event '2014-09-11'
2026-10-06T16:26:55.296123Z INFO  main     Reading C:\Users\lwilker\Documents\GitHub\SWERVE-data\data_original\tva\2014-09-11\gic\GIC-measured\gic-southaven_20140911.csv
2026-10-06T16:26:57.225658Z INFO  main     Running automated error checks on GIC measured data
2026-10-06T16:27:02.274694Z INFO  main     Uniq dts [ns] = [2000000000]
2026-10-06T16:27:02.274694Z INFO  main     Uniq dts [#]  = 1
2026-10-06T16:27:02.385220Z INFO  main     Baseline offset of 1.28 A corrected. 
Resample to 1m aves and NaN pad or trim to start/stop.
2026-10-06T16:27:02.518477Z INFO  main     Writing C:\Users\lwilker\Documents\GitHub\SWERVE-data\data_processed\2014-09-11\sites\southaven\data\GIC_measured_TVA.pkl
2026-10-06T16:27:02.648566Z INFO  main   Writing C:\Users\lwilker\Documents\GitHub\SWERVE-data\data_processed\2014-09-11\sites\southaven\data\_all.pkl
2026-10-06T16:27:02.782034Z INFO  main Computing stats for 'Southaven' data
2026-10-06T16:27:02.901428Z INFO  main   Uniq dts [ns] = [ 2000000000  4000000000 24000000000]
2026-10-06T16:27:02.901428Z INFO  main   Uniq dts [#]  = 3
2026-10-06T16:27:02.901428Z INFO  main   Stats for GIC/measured/TVA:
2026-10-06T16:27:02.901428Z INFO  main 
    std: : [0.17626447558948286]
    ave: : [-0.022992469282600122]
    min: : [-0.4816666666666667]
    max: : [0.5626666666666666]
    n: 841
    n_valid: : [841]
    dt_original: : [2000000000, 4000000000, 24000000000]
2026-10-06T16:27:02.901428Z INFO  main Plotting 'Southaven' data for event '2014-09-11'
2026-10-06T16:27:02.901428Z INFO  main   Plotting 'Southaven/GIC/measured/TVA' original vs. modified data for event '2014-09-11'
2026-10-06T16:27:04.954909Z INFO  main     Writing C:\Users\lwilker\Documents\GitHub\SWERVE-data\data_processed/2014-09-11/sites/southaven/figures\original\GIC_measured_TVA.png
2026-10-06T16:27:05.549766Z INFO  main     Writing C:\Users\lwilker\Documents\GitHub\SWERVE-data\data_processed/2014-09-11/sites/southaven/figures\original\GIC_measured_TVA.pdf
2026-10-06T16:27:05.696314Z INFO  main Reading 'Southaven' data for event '2023-03-23'
2026-10-06T16:27:05.704894Z INFO  main   Reading 'GIC/measured/TVA' data for event '2023-03-23'
2026-10-06T16:27:05.707320Z INFO  main     Reading C:\Users\lwilker\Documents\GitHub\SWERVE-data\data_original\tva\2023-03-23\gic\GIC-measured\gic-southaven_20230323.csv
2026-10-06T16:27:08.247713Z INFO  main     Running automated error checks on GIC measured data
2026-10-06T16:27:14.786716Z INFO  main     Uniq dts [ns] = [1000000000]
2026-10-06T16:27:14.787716Z INFO  main     Uniq dts [#]  = 1
2026-10-06T16:27:14.922211Z INFO  main     
Resample to 1m aves and NaN pad or trim to start/stop.
2026-10-06T16:27:15.119176Z INFO  main     Writing C:\Users\lwilker\Documents\GitHub\SWERVE-data\data_processed\2023-03-23\sites\southaven\data\GIC_measured_TVA.pkl
2026-10-06T16:27:15.286405Z INFO  main   Writing C:\Users\lwilker\Documents\GitHub\SWERVE-data\data_processed\2023-03-23\sites\southaven\data\_all.pkl
2026-10-06T16:27:15.470655Z INFO  main Computing stats for 'Southaven' data
2026-10-06T16:27:15.636056Z INFO  main   Uniq dts [ns] = [1000000000 2000000000]
2026-10-06T16:27:15.636056Z INFO  main   Uniq dts [#]  = 2
2026-10-06T16:27:15.636056Z INFO  main   Stats for GIC/measured/TVA:
2026-10-06T16:27:15.636056Z INFO  main 
    std: : [0.30432936456291476]
    ave: : [0.054862694853726246]
    min: : [-1.8458333333333334]
    max: : [2.661]
    n: 1561
    n_valid: : [1561]
    dt_original: : [1000000000, 2000000000]
2026-10-06T16:27:15.636056Z INFO  main Plotting 'Southaven' data for event '2023-03-23'
2026-10-06T16:27:15.636056Z INFO  main   Plotting 'Southaven/GIC/measured/TVA' original vs. modified data for event '2023-03-23'
2026-10-06T16:27:17.792292Z INFO  main     Writing C:\Users\lwilker\Documents\GitHub\SWERVE-data\data_processed/2023-03-23/sites/southaven/figures\original\GIC_measured_TVA.png
2026-10-06T16:27:18.337431Z INFO  main     Writing C:\Users\lwilker\Documents\GitHub\SWERVE-data\data_processed/2023-03-23/sites/southaven/figures\original\GIC_measured_TVA.pdf
2026-10-06T16:27:18.470443Z INFO  main Reading 'Southaven' data for event '2016-02-17'
2026-10-06T16:27:18.470443Z INFO  main   Reading 'GIC/measured/TVA' data for event '2016-02-17'
2026-10-06T16:27:18.489633Z INFO  main     Reading C:\Users\lwilker\Documents\GitHub\SWERVE-data\data_original\tva\2016-02-17\gic\GIC-measured\gic-southaven_20160217.csv
2026-10-06T16:27:19.085644Z INFO  main     Running automated error checks on GIC measured data
2026-10-06T16:27:20.683010Z INFO  main     Uniq dts [ns] = [ 2000000000  6000000000 10000000000 26000000000]
2026-10-06T16:27:20.683010Z INFO  main     Uniq dts [#]  = 4
2026-10-06T16:27:20.706236Z INFO  main     
Resample to 1m aves and NaN pad or trim to start/stop.
2026-10-06T16:27:20.798496Z INFO  main     Writing C:\Users\lwilker\Documents\GitHub\SWERVE-data\data_processed\2016-02-17\sites\southaven\data\GIC_measured_TVA.pkl
2026-10-06T16:27:20.844024Z INFO  main   Writing C:\Users\lwilker\Documents\GitHub\SWERVE-data\data_processed\2016-02-17\sites\southaven\data\_all.pkl
2026-10-06T16:27:20.887414Z INFO  main Computing stats for 'Southaven' data
2026-10-06T16:27:20.941846Z INFO  main   Uniq dts [ns] = [ 2000000000  6000000000 10000000000 26000000000]
2026-10-06T16:27:20.941846Z INFO  main   Uniq dts [#]  = 4
2026-10-06T16:27:20.941846Z INFO  main   Stats for GIC/measured/TVA:
2026-10-06T16:27:20.941846Z INFO  main 
    std: : [0.2991222401031243]
    ave: : [0.5261167056908547]
    min: : [-0.31533333333333335]
    max: : [1.1516666666666666]
    n: 2581
    n_valid: : [1170]
    dt_original: : [2000000000, 6000000000, 10000000000, 26000000000]
2026-10-06T16:27:20.943858Z INFO  main Plotting 'Southaven' data for event '2016-02-17'
2026-10-06T16:27:20.946855Z INFO  main   Plotting 'Southaven/GIC/measured/TVA' original vs. modified data for event '2016-02-17'
2026-10-06T16:27:23.504827Z INFO  main     Writing C:\Users\lwilker\Documents\GitHub\SWERVE-data\data_processed/2016-02-17/sites/southaven/figures\original\GIC_measured_TVA.png
2026-10-06T16:27:24.380782Z INFO  main     Writing C:\Users\lwilker\Documents\GitHub\SWERVE-data\data_processed/2016-02-17/sites/southaven/figures\original\GIC_measured_TVA.pdf
2026-10-06T16:27:24.513957Z INFO  main Reading 'Southaven' data for event '2024-05-10'
2026-10-06T16:27:24.513957Z INFO  main   Reading 'GIC/measured/TVA' data for event '2024-05-10'
2026-10-06T16:27:24.524062Z INFO  main     Reading C:\Users\lwilker\Documents\GitHub\SWERVE-data\data_original\tva\2024-05-10\gic\GIC-measured\gic-southaven_20240510.csv
2026-10-06T16:27:28.277041Z INFO  main     Running automated error checks on GIC measured data
2026-10-06T16:27:38.423776Z INFO  main     Uniq dts [ns] = [1000000000 2000000000]
2026-10-06T16:27:38.423776Z INFO  main     Uniq dts [#]  = 2
2026-10-06T16:27:38.642957Z INFO  main     
Resample to 1m aves and NaN pad or trim to start/stop.
2026-10-06T16:27:38.928422Z INFO  main     Writing C:\Users\lwilker\Documents\GitHub\SWERVE-data\data_processed\2024-05-10\sites\southaven\data\GIC_measured_TVA.pkl
2026-10-06T16:27:39.204636Z INFO  main   Writing C:\Users\lwilker\Documents\GitHub\SWERVE-data\data_processed\2024-05-10\sites\southaven\data\_all.pkl
2026-10-06T16:27:39.528295Z INFO  main Computing stats for 'Southaven' data
2026-10-06T16:27:39.798390Z INFO  main   Uniq dts [ns] = [1000000000 2000000000]
2026-10-06T16:27:39.798390Z INFO  main   Uniq dts [#]  = 2
2026-10-06T16:27:39.798390Z INFO  main   Stats for GIC/measured/TVA:
2026-10-06T16:27:39.798390Z INFO  main 
    std: : [0.7662272162538085]
    ave: : [-0.04094764659460321]
    min: : [-7.663666666666667]
    max: : [4.477166666666666]
    n: 2341
    n_valid: : [2341]
    dt_original: : [1000000000, 2000000000]
2026-10-06T16:27:39.798390Z INFO  main Plotting 'Southaven' data for event '2024-05-10'
2026-10-06T16:27:39.798390Z INFO  main   Plotting 'Southaven/GIC/measured/TVA' original vs. modified data for event '2024-05-10'
2026-10-06T16:27:42.190696Z INFO  main     Writing C:\Users\lwilker\Documents\GitHub\SWERVE-data\data_processed/2024-05-10/sites/southaven/figures\original\GIC_measured_TVA.png
2026-10-06T16:27:42.669228Z INFO  main     Writing C:\Users\lwilker\Documents\GitHub\SWERVE-data\data_processed/2024-05-10/sites/southaven/figures\original\GIC_measured_TVA.pdf
2026-10-06T16:27:42.821491Z INFO  main Reading 'Raccoon Mountain' data for event '2015-03-17'
2026-10-06T16:27:42.821491Z INFO  main   Reading 'GIC/measured/TVA' data for event '2015-03-17'
2026-10-06T16:27:42.833394Z INFO  main     Reading C:\Users\lwilker\Documents\GitHub\SWERVE-data\data_original\tva\2015-03-17\gic\GIC-measured\gic-raccoonmountain_20150317.csv
2026-10-06T16:27:44.103183Z INFO  main     Running automated error checks on GIC measured data
2026-10-06T16:27:47.276749Z INFO  main     Uniq dts [ns] = [ 2000000000 10000000000]
2026-10-06T16:27:47.278758Z INFO  main     Uniq dts [#]  = 2
2026-10-06T16:27:47.326880Z INFO  main     
Resample to 1m aves and NaN pad or trim to start/stop.
2026-10-06T16:27:47.415847Z INFO  main     Writing C:\Users\lwilker\Documents\GitHub\SWERVE-data\data_processed\2015-03-17\sites\raccoonmountain\data\GIC_measured_TVA.pkl
2026-10-06T16:27:47.598168Z INFO  main   Reading 'B/measured/TVA' data for event '2015-03-17'
2026-10-06T16:27:47.603056Z INFO  main     Reading C:\Users\lwilker\Documents\GitHub\SWERVE-data\data_original\tva\2015-03-17\mag\raccoonmountain_mag_20240509.csv
2026-10-06T16:33:00.215292Z INFO  main Reading 'Sullivan' data for event '2015-03-17'
2026-10-06T16:33:00.235118Z INFO  main   Reading 'GIC/measured/TVA' data for event '2015-03-17'
2026-10-06T16:33:00.244946Z INFO  main     Reading C:\Users\lwilker\Documents\GitHub\SWERVE-data\data_original\tva\2015-03-17\gic\GIC-measured\gic-sullivan_20150317.csv
2026-10-06T16:33:01.612501Z INFO  main     Running automated error checks on GIC measured data
2026-10-06T16:33:04.829005Z INFO  main     Uniq dts [ns] = [2000000000]
2026-10-06T16:33:04.829005Z INFO  main     Uniq dts [#]  = 1
2026-10-06T16:33:04.875992Z INFO  main     
Resample to 1m aves and NaN pad or trim to start/stop.
2026-10-06T16:33:04.987524Z INFO  main     Writing C:\Users\lwilker\Documents\GitHub\SWERVE-data\data_processed\2015-03-17\sites\sullivan\data\GIC_measured_TVA.pkl
2026-10-06T16:33:05.110701Z INFO  main   Writing C:\Users\lwilker\Documents\GitHub\SWERVE-data\data_processed\2015-03-17\sites\sullivan\data\_all.pkl
2026-10-06T16:33:05.180592Z INFO  main Computing stats for 'Sullivan' data
2026-10-06T16:33:05.254438Z INFO  main   Uniq dts [ns] = [2000000000]
2026-10-06T16:33:05.254438Z INFO  main   Uniq dts [#]  = 1
2026-10-06T16:33:05.254438Z INFO  main   Stats for GIC/measured/TVA:
2026-10-06T16:33:05.254438Z INFO  main 
    std: : [0.18665192786328372]
    ave: : [0.01617421481867083]
    min: : [-1.0813333333333333]
    max: : [1.392]
    n: 1921
    n_valid: : [1921]
    dt_original: : [2000000000]
2026-10-06T16:33:05.523144Z INFO  main Plotting 'Sullivan' data for event '2015-03-17'
2026-10-06T16:33:05.523144Z INFO  main   Plotting 'Sullivan/GIC/measured/TVA' original vs. modified data for event '2015-03-17'
2026-10-06T16:33:07.720261Z INFO  main     Writing C:\Users\lwilker\Documents\GitHub\SWERVE-data\data_processed/2015-03-17/sites/sullivan/figures\original\GIC_measured_TVA.png
2026-10-06T16:33:08.275255Z INFO  main     Writing C:\Users\lwilker\Documents\GitHub\SWERVE-data\data_processed/2015-03-17/sites/sullivan/figures\original\GIC_measured_TVA.pdf
2026-10-06T16:33:08.590583Z INFO  main Reading 'Sullivan' data for event '2015-06-22'
2026-10-06T16:33:08.594595Z INFO  main   Reading 'GIC/measured/TVA' data for event '2015-06-22'
2026-10-06T16:33:08.598398Z INFO  main     Reading C:\Users\lwilker\Documents\GitHub\SWERVE-data\data_original\tva\2015-06-22\gic\GIC-measured\gic-sullivan_20150622.csv
2026-10-06T16:33:09.848366Z INFO  main     Running automated error checks on GIC measured data
2026-10-06T16:33:13.142053Z INFO  main     Uniq dts [ns] = [ 2000000000  4000000000 52000000000 56000000000]
2026-10-06T16:33:13.144059Z INFO  main     Uniq dts [#]  = 4
2026-10-06T16:33:13.184793Z INFO  main     
Resample to 1m aves and NaN pad or trim to start/stop.
2026-10-06T16:33:13.304276Z INFO  main     Writing C:\Users\lwilker\Documents\GitHub\SWERVE-data\data_processed\2015-06-22\sites\sullivan\data\GIC_measured_TVA.pkl
2026-10-06T16:33:13.375054Z INFO  main   Writing C:\Users\lwilker\Documents\GitHub\SWERVE-data\data_processed\2015-06-22\sites\sullivan\data\_all.pkl
2026-10-06T16:33:13.441403Z INFO  main Computing stats for 'Sullivan' data
2026-10-06T16:33:13.526047Z INFO  main   Uniq dts [ns] = [ 2000000000  4000000000  6000000000 52000000000 54000000000 56000000000
 60000000000]
2026-10-06T16:33:13.527042Z INFO  main   Uniq dts [#]  = 7
2026-10-06T16:33:13.527042Z INFO  main   Stats for GIC/measured/TVA:
2026-10-06T16:33:13.527042Z INFO  main 
    std: : [0.16891163311065846]
    ave: : [-0.0065519766313513845]
    min: : [-0.9046666666666667]
    max: : [1.1766666666666665]
    n: 1981
    n_valid: : [1981]
    dt_original: : [2000000000 nanoseconds, 4000000000 nanoseconds, ..., 56000000000 nanoseconds, 60000000000 nanoseconds] (7 elements)
2026-10-06T16:33:13.528048Z INFO  main Plotting 'Sullivan' data for event '2015-06-22'
2026-10-06T16:33:13.530844Z INFO  main   Plotting 'Sullivan/GIC/measured/TVA' original vs. modified data for event '2015-06-22'
2026-10-06T16:33:15.485531Z INFO  main     Writing C:\Users\lwilker\Documents\GitHub\SWERVE-data\data_processed/2015-06-22/sites/sullivan/figures\original\GIC_measured_TVA.png
2026-10-06T16:33:16.109319Z INFO  main     Writing C:\Users\lwilker\Documents\GitHub\SWERVE-data\data_processed/2015-06-22/sites/sullivan/figures\original\GIC_measured_TVA.pdf
2026-10-06T16:33:16.242408Z INFO  main Reading 'Sullivan' data for event '2014-09-11'
2026-10-06T16:33:16.255631Z INFO  main   Reading 'GIC/measured/TVA' data for event '2014-09-11'
2026-10-06T16:33:16.258462Z INFO  main     Reading C:\Users\lwilker\Documents\GitHub\SWERVE-data\data_original\tva\2014-09-11\gic\GIC-measured\gic-sullivan_20140911.csv
2026-10-06T16:33:18.115007Z INFO  main     Running automated error checks on GIC measured data
2026-10-06T16:33:23.083689Z INFO  main     Uniq dts [ns] = [2000000000]
2026-10-06T16:33:23.083689Z INFO  main     Uniq dts [#]  = 1
2026-10-06T16:33:23.172140Z INFO  main     
Resample to 1m aves and NaN pad or trim to start/stop.
2026-10-06T16:33:23.303537Z INFO  main     Writing C:\Users\lwilker\Documents\GitHub\SWERVE-data\data_processed\2014-09-11\sites\sullivan\data\GIC_measured_TVA.pkl
2026-10-06T16:33:23.421890Z INFO  main   Writing C:\Users\lwilker\Documents\GitHub\SWERVE-data\data_processed\2014-09-11\sites\sullivan\data\_all.pkl
2026-10-06T16:33:23.537981Z INFO  main Computing stats for 'Sullivan' data
2026-10-06T16:33:23.671335Z INFO  main   Uniq dts [ns] = [2000000000]
2026-10-06T16:33:23.687291Z INFO  main   Uniq dts [#]  = 1
2026-10-06T16:33:23.687291Z INFO  main   Stats for GIC/measured/TVA:
2026-10-06T16:33:23.688297Z INFO  main 
    std: : [0.13292733859010353]
    ave: : [0.9790503369005151]
    min: : [0.7230000000000001]
    max: : [1.275]
    n: 841
    n_valid: : [841]
    dt_original: : [2000000000]
2026-10-06T16:33:23.688297Z INFO  main Plotting 'Sullivan' data for event '2014-09-11'
2026-10-06T16:33:23.697769Z INFO  main   Plotting 'Sullivan/GIC/measured/TVA' original vs. modified data for event '2014-09-11'
2026-10-06T16:33:25.451435Z INFO  main     Writing C:\Users\lwilker\Documents\GitHub\SWERVE-data\data_processed/2014-09-11/sites/sullivan/figures\original\GIC_measured_TVA.png
2026-10-06T16:33:25.956866Z INFO  main     Writing C:\Users\lwilker\Documents\GitHub\SWERVE-data\data_processed/2014-09-11/sites/sullivan/figures\original\GIC_measured_TVA.pdf
2026-10-06T16:33:26.100654Z INFO  main Reading 'Sullivan' data for event '2023-03-23'
2026-10-06T16:33:26.100654Z INFO  main   Reading 'GIC/measured/TVA' data for event '2023-03-23'
2026-10-06T16:33:26.109098Z INFO  main     Reading C:\Users\lwilker\Documents\GitHub\SWERVE-data\data_original\tva\2023-03-23\gic\GIC-measured\gic-sullivan_20230323.csv
2026-10-06T16:33:28.664789Z INFO  main     Running automated error checks on GIC measured data
2026-10-06T16:33:35.567621Z INFO  main     Uniq dts [ns] = [1000000000 2000000000]
2026-10-06T16:33:35.567621Z INFO  main     Uniq dts [#]  = 2
2026-10-06T16:33:35.712314Z INFO  main     
Resample to 1m aves and NaN pad or trim to start/stop.
2026-10-06T16:33:35.907387Z INFO  main     Writing C:\Users\lwilker\Documents\GitHub\SWERVE-data\data_processed\2023-03-23\sites\sullivan\data\GIC_measured_TVA.pkl
2026-10-06T16:33:36.074500Z INFO  main   Writing C:\Users\lwilker\Documents\GitHub\SWERVE-data\data_processed\2023-03-23\sites\sullivan\data\_all.pkl
2026-10-06T16:33:36.255111Z INFO  main Computing stats for 'Sullivan' data
2026-10-06T16:33:36.455542Z INFO  main   Uniq dts [ns] = [1000000000 2000000000]
2026-10-06T16:33:36.455542Z INFO  main   Uniq dts [#]  = 2
2026-10-06T16:33:36.455542Z INFO  main   Stats for GIC/measured/TVA:
2026-10-06T16:33:36.455542Z INFO  main 
    std: : [0.21508051630497274]
    ave: : [0.0010782853234019923]
    min: : [-1.6583333333333334]
    max: : [1.3428333333333335]
    n: 1561
    n_valid: : [1561]
    dt_original: : [1000000000, 2000000000]
2026-10-06T16:33:36.455542Z INFO  main Plotting 'Sullivan' data for event '2023-03-23'
2026-10-06T16:33:36.455542Z INFO  main   Plotting 'Sullivan/GIC/measured/TVA' original vs. modified data for event '2023-03-23'
2026-10-06T16:33:38.645025Z INFO  main     Writing C:\Users\lwilker\Documents\GitHub\SWERVE-data\data_processed/2023-03-23/sites/sullivan/figures\original\GIC_measured_TVA.png
2026-10-06T16:33:39.176105Z INFO  main     Writing C:\Users\lwilker\Documents\GitHub\SWERVE-data\data_processed/2023-03-23/sites/sullivan/figures\original\GIC_measured_TVA.pdf
2026-10-06T16:33:39.291676Z INFO  main Reading 'Sullivan' data for event '2024-05-10'
2026-10-06T16:33:39.307394Z INFO  main   Reading 'GIC/measured/TVA' data for event '2024-05-10'
2026-10-06T16:33:39.311054Z INFO  main     Reading C:\Users\lwilker\Documents\GitHub\SWERVE-data\data_original\tva\2024-05-10\gic\GIC-measured\gic-sullivan_20240510.csv
2026-10-06T16:33:43.169418Z INFO  main     Running automated error checks on GIC measured data
2026-10-06T16:33:53.310893Z INFO  main     Uniq dts [ns] = [1000000000 2000000000]
2026-10-06T16:33:53.310893Z INFO  main     Uniq dts [#]  = 2
2026-10-06T16:33:53.493447Z INFO  main     
Resample to 1m aves and NaN pad or trim to start/stop.
2026-10-06T16:33:53.783018Z INFO  main     Writing C:\Users\lwilker\Documents\GitHub\SWERVE-data\data_processed\2024-05-10\sites\sullivan\data\GIC_measured_TVA.pkl
2026-10-06T16:33:54.085331Z INFO  main   Writing C:\Users\lwilker\Documents\GitHub\SWERVE-data\data_processed\2024-05-10\sites\sullivan\data\_all.pkl
2026-10-06T16:33:54.485915Z INFO  main Computing stats for 'Sullivan' data
2026-10-06T16:33:54.754260Z INFO  main   Uniq dts [ns] = [1000000000 2000000000]
2026-10-06T16:33:54.754260Z INFO  main   Uniq dts [#]  = 2
2026-10-06T16:33:54.754260Z INFO  main   Stats for GIC/measured/TVA:
2026-10-06T16:33:54.754260Z INFO  main 
    std: : [0.5740293311610496]
    ave: : [-0.005722380700700126]
    min: : [-5.160833333333333]
    max: : [5.2915]
    n: 2341
    n_valid: : [2341]
    dt_original: : [1000000000, 2000000000]
2026-10-06T16:33:54.754260Z INFO  main Plotting 'Sullivan' data for event '2024-05-10'
2026-10-06T16:33:54.754260Z INFO  main   Plotting 'Sullivan/GIC/measured/TVA' original vs. modified data for event '2024-05-10'
2026-10-06T16:33:57.216209Z INFO  main     Writing C:\Users\lwilker\Documents\GitHub\SWERVE-data\data_processed/2024-05-10/sites/sullivan/figures\original\GIC_measured_TVA.png
2026-10-06T16:33:57.758922Z INFO  main     Writing C:\Users\lwilker\Documents\GitHub\SWERVE-data\data_processed/2024-05-10/sites/sullivan/figures\original\GIC_measured_TVA.pdf
2026-10-06T16:33:57.901627Z INFO  main Reading 'Sullivan' data for event '2015-10-07'
2026-10-06T16:33:57.901627Z INFO  main   Reading 'GIC/measured/TVA' data for event '2015-10-07'
2026-10-06T16:33:57.901627Z INFO  main     Reading C:\Users\lwilker\Documents\GitHub\SWERVE-data\data_original\tva\2015-10-07\gic\GIC-measured\gic-sullivan_20151007.csv
2026-10-06T16:33:59.120738Z INFO  main     Running automated error checks on GIC measured data
2026-10-06T16:34:02.414763Z INFO  main     Uniq dts [ns] = [ 2000000000  4000000000  8000000000 10000000000 14000000000 22000000000
 50000000000 56000000000]
2026-10-06T16:34:02.414763Z INFO  main     Uniq dts [#]  = 8
2026-10-06T16:34:02.463984Z INFO  main     
Resample to 1m aves and NaN pad or trim to start/stop.
2026-10-06T16:34:02.573077Z INFO  main     Writing C:\Users\lwilker\Documents\GitHub\SWERVE-data\data_processed\2015-10-07\sites\sullivan\data\GIC_measured_TVA.pkl
2026-10-06T16:34:02.785732Z INFO  main   Writing C:\Users\lwilker\Documents\GitHub\SWERVE-data\data_processed\2015-10-07\sites\sullivan\data\_all.pkl
2026-10-06T16:34:02.905019Z INFO  main Computing stats for 'Sullivan' data
2026-10-06T16:34:03.004438Z INFO  main   Uniq dts [ns] = [ 2000000000  4000000000  6000000000  8000000000 10000000000 14000000000
 22000000000 44000000000 50000000000 56000000000]
2026-10-06T16:34:03.004438Z INFO  main   Uniq dts [#]  = 10
2026-10-06T16:34:03.005438Z INFO  main   Stats for GIC/measured/TVA:
2026-10-06T16:34:03.005438Z INFO  main 
    std: : [0.23808912093989384]
    ave: : [0.038000575399769254]
    min: : [-0.928]
    max: : [0.923]
    n: 1741
    n_valid: : [1741]
    dt_original: : [2000000000 nanoseconds, 4000000000 nanoseconds, ..., 50000000000 nanoseconds, 56000000000 nanoseconds] (10 elements)
2026-10-06T16:34:03.006439Z INFO  main Plotting 'Sullivan' data for event '2015-10-07'
2026-10-06T16:34:03.006439Z INFO  main   Plotting 'Sullivan/GIC/measured/TVA' original vs. modified data for event '2015-10-07'
2026-10-06T16:34:05.170730Z INFO  main     Writing C:\Users\lwilker\Documents\GitHub\SWERVE-data\data_processed/2015-10-07/sites/sullivan/figures\original\GIC_measured_TVA.png
2026-10-06T16:34:05.798646Z INFO  main     Writing C:\Users\lwilker\Documents\GitHub\SWERVE-data\data_processed/2015-10-07/sites/sullivan/figures\original\GIC_measured_TVA.pdf
2026-10-06T16:34:05.930715Z INFO  main Reading 'Bradley' data for event '2015-03-17'
2026-10-06T16:34:05.935825Z INFO  main   Reading 'GIC/measured/TVA' data for event '2015-03-17'
2026-10-06T16:34:05.941204Z INFO  main     Reading C:\Users\lwilker\Documents\GitHub\SWERVE-data\data_original\tva\2015-03-17\gic\GIC-measured\gic-bradley_20150317.csv
2026-10-06T16:34:07.205958Z INFO  main     Running automated error checks on GIC measured data
2026-10-06T16:34:10.563294Z INFO  main     Uniq dts [ns] = [2000000000]
2026-10-06T16:34:10.563294Z INFO  main     Uniq dts [#]  = 1
2026-10-06T16:34:10.691389Z INFO  main     
Resample to 1m aves and NaN pad or trim to start/stop.
2026-10-06T16:34:10.799208Z INFO  main     Writing C:\Users\lwilker\Documents\GitHub\SWERVE-data\data_processed\2015-03-17\sites\bradley\data\GIC_measured_TVA.pkl
2026-10-06T16:34:10.899662Z INFO  main   Writing C:\Users\lwilker\Documents\GitHub\SWERVE-data\data_processed\2015-03-17\sites\bradley\data\_all.pkl
2026-10-06T16:34:10.983544Z INFO  main Computing stats for 'Bradley' data
2026-10-06T16:34:11.067123Z INFO  main   Uniq dts [ns] = [2000000000]
2026-10-06T16:34:11.067123Z INFO  main   Uniq dts [#]  = 1
2026-10-06T16:34:11.067123Z INFO  main   Stats for GIC/measured/TVA:
2026-10-06T16:34:11.067123Z INFO  main 
    std: : [0.41310667289956976]
    ave: : [-0.008641332639250383]
    min: : [-2.353333333333333]
    max: : [2.204333333333333]
    n: 1921
    n_valid: : [1921]
    dt_original: : [2000000000]
2026-10-06T16:34:11.067123Z INFO  main Plotting 'Bradley' data for event '2015-03-17'
2026-10-06T16:34:11.083099Z INFO  main   Plotting 'Bradley/GIC/measured/TVA' original vs. modified data for event '2015-03-17'
2026-10-06T16:34:13.050516Z INFO  main     Writing C:\Users\lwilker\Documents\GitHub\SWERVE-data\data_processed/2015-03-17/sites/bradley/figures\original\GIC_measured_TVA.png
2026-10-06T16:34:13.583483Z INFO  main     Writing C:\Users\lwilker\Documents\GitHub\SWERVE-data\data_processed/2015-03-17/sites/bradley/figures\original\GIC_measured_TVA.pdf
2026-10-06T16:34:13.728352Z INFO  main Reading 'Bradley' data for event '2015-06-22'
2026-10-06T16:34:13.744007Z INFO  main   Reading 'GIC/measured/TVA' data for event '2015-06-22'
2026-10-06T16:34:13.744007Z INFO  main     Reading C:\Users\lwilker\Documents\GitHub\SWERVE-data\data_original\tva\2015-06-22\gic\GIC-measured\gic-bradley_20150622.csv
2026-10-06T16:34:15.008224Z INFO  main     Running automated error checks on GIC measured data
2026-10-06T16:34:18.266414Z INFO  main     Uniq dts [ns] = [ 2000000000 58000000000 60000000000]
2026-10-06T16:34:18.266414Z INFO  main     Uniq dts [#]  = 3
2026-10-06T16:34:18.391587Z INFO  main     
Resample to 1m aves and NaN pad or trim to start/stop.
2026-10-06T16:34:18.575344Z INFO  main     Writing C:\Users\lwilker\Documents\GitHub\SWERVE-data\data_processed\2015-06-22\sites\bradley\data\GIC_measured_TVA.pkl
2026-10-06T16:34:18.675751Z INFO  main   Writing C:\Users\lwilker\Documents\GitHub\SWERVE-data\data_processed\2015-06-22\sites\bradley\data\_all.pkl
2026-10-06T16:34:18.761456Z INFO  main Computing stats for 'Bradley' data
2026-10-06T16:34:18.839489Z INFO  main   Uniq dts [ns] = [ 2000000000 58000000000 60000000000]
2026-10-06T16:34:18.839489Z INFO  main   Uniq dts [#]  = 3
2026-10-06T16:34:18.840488Z INFO  main   Stats for GIC/measured/TVA:
2026-10-06T16:34:18.840488Z INFO  main 
    std: : [0.38278171952798457]
    ave: : [-0.033535098298195544]
    min: : [-1.755]
    max: : [2.3033333333333332]
    n: 1981
    n_valid: : [1981]
    dt_original: : [2000000000, 58000000000, 60000000000]
2026-10-06T16:34:18.840488Z INFO  main Plotting 'Bradley' data for event '2015-06-22'
2026-10-06T16:34:18.844008Z INFO  main   Plotting 'Bradley/GIC/measured/TVA' original vs. modified data for event '2015-06-22'
2026-10-06T16:34:21.916727Z INFO  main     Writing C:\Users\lwilker\Documents\GitHub\SWERVE-data\data_processed/2015-06-22/sites/bradley/figures\original\GIC_measured_TVA.png
2026-10-06T16:34:22.478198Z INFO  main     Writing C:\Users\lwilker\Documents\GitHub\SWERVE-data\data_processed/2015-06-22/sites/bradley/figures\original\GIC_measured_TVA.pdf
2026-10-06T16:34:22.595023Z INFO  main Reading 'Bradley' data for event '2014-09-11'
2026-10-06T16:34:22.611931Z INFO  main   Reading 'GIC/measured/TVA' data for event '2014-09-11'
2026-10-06T16:34:22.611931Z INFO  main     Reading C:\Users\lwilker\Documents\GitHub\SWERVE-data\data_original\tva\2014-09-11\gic\GIC-measured\gic-bradley_20140911.csv
2026-10-06T16:34:24.549405Z INFO  main     Running automated error checks on GIC measured data
2026-10-06T16:34:29.520606Z INFO  main     Uniq dts [ns] = [2000000000]
2026-10-06T16:34:29.520606Z INFO  main     Uniq dts [#]  = 1
2026-10-06T16:34:29.588594Z INFO  main     
Resample to 1m aves and NaN pad or trim to start/stop.
2026-10-06T16:34:29.715564Z INFO  main     Writing C:\Users\lwilker\Documents\GitHub\SWERVE-data\data_processed\2014-09-11\sites\bradley\data\GIC_measured_TVA.pkl
2026-10-06T16:34:29.942797Z INFO  main   Writing C:\Users\lwilker\Documents\GitHub\SWERVE-data\data_processed\2014-09-11\sites\bradley\data\_all.pkl
2026-10-06T16:34:30.066608Z INFO  main Computing stats for 'Bradley' data
2026-10-06T16:34:30.200286Z INFO  main   Uniq dts [ns] = [2000000000 4000000000 6000000000]
2026-10-06T16:34:30.200286Z INFO  main   Uniq dts [#]  = 3
2026-10-06T16:34:30.200286Z INFO  main   Stats for GIC/measured/TVA:
2026-10-06T16:34:30.200286Z INFO  main 
    std: : [0.21813337072666567]
    ave: : [-0.071230677764566]
    min: : [-0.571]
    max: : [0.41500000000000004]
    n: 841
    n_valid: : [841]
    dt_original: : [2000000000, 4000000000, 6000000000]
2026-10-06T16:34:30.200286Z INFO  main Plotting 'Bradley' data for event '2014-09-11'
2026-10-06T16:34:30.200286Z INFO  main   Plotting 'Bradley/GIC/measured/TVA' original vs. modified data for event '2014-09-11'
2026-10-06T16:34:32.468352Z INFO  main     Writing C:\Users\lwilker\Documents\GitHub\SWERVE-data\data_processed/2014-09-11/sites/bradley/figures\original\GIC_measured_TVA.png
2026-10-06T16:34:33.188055Z INFO  main     Writing C:\Users\lwilker\Documents\GitHub\SWERVE-data\data_processed/2014-09-11/sites/bradley/figures\original\GIC_measured_TVA.pdf
2026-10-06T16:34:33.314677Z INFO  main Reading 'Bradley' data for event '2023-03-23'
2026-10-06T16:34:33.320312Z INFO  main   Reading 'GIC/measured/TVA' data for event '2023-03-23'
2026-10-06T16:34:33.322475Z INFO  main     Reading C:\Users\lwilker\Documents\GitHub\SWERVE-data\data_original\tva\2023-03-23\gic\GIC-measured\gic-bradley_20230323.csv
2026-10-06T16:34:35.840182Z INFO  main     Running automated error checks on GIC measured data
2026-10-06T16:34:42.617318Z INFO  main     Uniq dts [ns] = [1000000000]
2026-10-06T16:34:42.617318Z INFO  main     Uniq dts [#]  = 1
2026-10-06T16:34:42.770785Z INFO  main     
Resample to 1m aves and NaN pad or trim to start/stop.
2026-10-06T16:34:42.990121Z INFO  main     Writing C:\Users\lwilker\Documents\GitHub\SWERVE-data\data_processed\2023-03-23\sites\bradley\data\GIC_measured_TVA.pkl
2026-10-06T16:34:43.169318Z INFO  main   Writing C:\Users\lwilker\Documents\GitHub\SWERVE-data\data_processed\2023-03-23\sites\bradley\data\_all.pkl
2026-10-06T16:34:43.368681Z INFO  main Computing stats for 'Bradley' data
2026-10-06T16:34:43.539601Z INFO  main   Uniq dts [ns] = [1000000000]
2026-10-06T16:34:43.539601Z INFO  main   Uniq dts [#]  = 1
2026-10-06T16:34:43.539601Z INFO  main   Stats for GIC/measured/TVA:
2026-10-06T16:34:43.539601Z INFO  main 
    std: : [0.43686308423335396]
    ave: : [0.01856011103993168]
    min: : [-2.322666666666666]
    max: : [2.036166666666667]
    n: 1561
    n_valid: : [1561]
    dt_original: : [1000000000]
2026-10-06T16:34:43.539601Z INFO  main Plotting 'Bradley' data for event '2023-03-23'
2026-10-06T16:34:43.539601Z INFO  main   Plotting 'Bradley/GIC/measured/TVA' original vs. modified data for event '2023-03-23'
2026-10-06T16:34:45.565883Z INFO  main     Writing C:\Users\lwilker\Documents\GitHub\SWERVE-data\data_processed/2023-03-23/sites/bradley/figures\original\GIC_measured_TVA.png
2026-10-06T16:34:46.051807Z INFO  main     Writing C:\Users\lwilker\Documents\GitHub\SWERVE-data\data_processed/2023-03-23/sites/bradley/figures\original\GIC_measured_TVA.pdf
2026-10-06T16:34:46.183641Z INFO  main Reading 'Bradley' data for event '2016-02-17'
2026-10-06T16:34:46.185642Z INFO  main   Reading 'GIC/measured/TVA' data for event '2016-02-17'
2026-10-06T16:34:46.193776Z INFO  main     Reading C:\Users\lwilker\Documents\GitHub\SWERVE-data\data_original\tva\2016-02-17\gic\GIC-measured\gic-bradley_20160217.csv
2026-10-06T16:34:46.894687Z INFO  main     Running automated error checks on GIC measured data
2026-10-06T16:34:48.492930Z INFO  main     Uniq dts [ns] = [2000000000]
2026-10-06T16:34:48.492930Z INFO  main     Uniq dts [#]  = 1
2026-10-06T16:34:48.569580Z INFO  main     
Resample to 1m aves and NaN pad or trim to start/stop.
2026-10-06T16:34:48.659992Z INFO  main     Writing C:\Users\lwilker\Documents\GitHub\SWERVE-data\data_processed\2016-02-17\sites\bradley\data\GIC_measured_TVA.pkl
2026-10-06T16:34:48.722920Z INFO  main   Writing C:\Users\lwilker\Documents\GitHub\SWERVE-data\data_processed\2016-02-17\sites\bradley\data\_all.pkl
2026-10-06T16:34:48.777768Z INFO  main Computing stats for 'Bradley' data
2026-10-06T16:34:48.818429Z INFO  main   Uniq dts [ns] = [2000000000]
2026-10-06T16:34:48.819696Z INFO  main   Uniq dts [#]  = 1
2026-10-06T16:34:48.819696Z INFO  main   Stats for GIC/measured/TVA:
2026-10-06T16:34:48.820145Z INFO  main 
    std: : [0.09316496637062463]
    ave: : [-0.5284660968660968]
    min: : [-0.842]
    max: : [-0.13733333333333334]
    n: 2581
    n_valid: : [1170]
    dt_original: : [2000000000]
2026-10-06T16:34:48.821433Z INFO  main Plotting 'Bradley' data for event '2016-02-17'
2026-10-06T16:34:48.821433Z INFO  main   Plotting 'Bradley/GIC/measured/TVA' original vs. modified data for event '2016-02-17'
2026-10-06T16:34:50.576437Z INFO  main     Writing C:\Users\lwilker\Documents\GitHub\SWERVE-data\data_processed/2016-02-17/sites/bradley/figures\original\GIC_measured_TVA.png
2026-10-06T16:34:51.172838Z INFO  main     Writing C:\Users\lwilker\Documents\GitHub\SWERVE-data\data_processed/2016-02-17/sites/bradley/figures\original\GIC_measured_TVA.pdf
2026-10-06T16:34:51.298083Z INFO  main Reading 'Bradley' data for event '2024-05-10'
2026-10-06T16:34:51.298083Z INFO  main   Reading 'GIC/measured/TVA' data for event '2024-05-10'
2026-10-06T16:34:51.303624Z INFO  main     Reading C:\Users\lwilker\Documents\GitHub\SWERVE-data\data_original\tva\2024-05-10\gic\GIC-measured\gic-bradley_20240510.csv
2026-10-06T16:34:54.933511Z INFO  main     Running automated error checks on GIC measured data
2026-10-06T16:35:04.740220Z INFO  main     Uniq dts [ns] = [1000000000]
2026-10-06T16:35:04.740220Z INFO  main     Uniq dts [#]  = 1
2026-10-06T16:35:04.901750Z INFO  main     
Resample to 1m aves and NaN pad or trim to start/stop.
2026-10-06T16:35:05.183626Z INFO  main     Writing C:\Users\lwilker\Documents\GitHub\SWERVE-data\data_processed\2024-05-10\sites\bradley\data\GIC_measured_TVA.pkl
2026-10-06T16:35:05.446395Z INFO  main   Writing C:\Users\lwilker\Documents\GitHub\SWERVE-data\data_processed\2024-05-10\sites\bradley\data\_all.pkl
2026-10-06T16:35:05.815832Z INFO  main Computing stats for 'Bradley' data
2026-10-06T16:35:06.066892Z INFO  main   Uniq dts [ns] = [1000000000]
2026-10-06T16:35:06.066892Z INFO  main   Uniq dts [#]  = 1
2026-10-06T16:35:06.066892Z INFO  main   Stats for GIC/measured/TVA:
2026-10-06T16:35:06.066892Z INFO  main 
    std: : [0.41146138313725955]
    ave: : [0.005256229531539217]
    min: : [-2.3675]
    max: : [1.7946666666666666]
    n: 2341
    n_valid: : [2341]
    dt_original: : [1000000000]
2026-10-06T16:35:06.066892Z INFO  main Plotting 'Bradley' data for event '2024-05-10'
2026-10-06T16:35:06.066892Z INFO  main   Plotting 'Bradley/GIC/measured/TVA' original vs. modified data for event '2024-05-10'
2026-10-06T16:35:08.506153Z INFO  main     Writing C:\Users\lwilker\Documents\GitHub\SWERVE-data\data_processed/2024-05-10/sites/bradley/figures\original\GIC_measured_TVA.png
2026-10-06T16:35:09.080971Z INFO  main     Writing C:\Users\lwilker\Documents\GitHub\SWERVE-data\data_processed/2024-05-10/sites/bradley/figures\original\GIC_measured_TVA.pdf
2026-10-06T16:35:09.229076Z INFO  main Reading 'Bradley' data for event '2015-10-07'
2026-10-06T16:35:09.232818Z INFO  main   Reading 'GIC/measured/TVA' data for event '2015-10-07'
2026-10-06T16:35:09.239559Z INFO  main     Reading C:\Users\lwilker\Documents\GitHub\SWERVE-data\data_original\tva\2015-10-07\gic\GIC-measured\gic-bradley_20151007.csv
2026-10-06T16:35:10.467663Z INFO  main     Running automated error checks on GIC measured data
2026-10-06T16:35:13.796713Z INFO  main     Uniq dts [ns] = [ 2000000000  4000000000  8000000000 44000000000 46000000000]
2026-10-06T16:35:13.796713Z INFO  main     Uniq dts [#]  = 5
2026-10-06T16:35:13.850378Z INFO  main     
Resample to 1m aves and NaN pad or trim to start/stop.
2026-10-06T16:35:13.950107Z INFO  main     Writing C:\Users\lwilker\Documents\GitHub\SWERVE-data\data_processed\2015-10-07\sites\bradley\data\GIC_measured_TVA.pkl
2026-10-06T16:35:14.115180Z INFO  main   Writing C:\Users\lwilker\Documents\GitHub\SWERVE-data\data_processed\2015-10-07\sites\bradley\data\_all.pkl
2026-10-06T16:35:14.210918Z INFO  main Computing stats for 'Bradley' data
2026-10-06T16:35:14.294148Z INFO  main   Uniq dts [ns] = [ 2000000000  4000000000  8000000000 44000000000 46000000000]
2026-10-06T16:35:14.294148Z INFO  main   Uniq dts [#]  = 5
2026-10-06T16:35:14.294148Z INFO  main   Stats for GIC/measured/TVA:
2026-10-06T16:35:14.295145Z INFO  main 
    std: : [0.33828712466858346]
    ave: : [-0.023329185352247806]
    min: : [-1.8143333333333334]
    max: : [1.5726666666666667]
    n: 1741
    n_valid: : [1741]
    dt_original: : [2000000000 nanoseconds, 4000000000 nanoseconds, ..., 44000000000 nanoseconds, 46000000000 nanoseconds] (5 elements)
2026-10-06T16:35:14.296145Z INFO  main Plotting 'Bradley' data for event '2015-10-07'
2026-10-06T16:35:14.298698Z INFO  main   Plotting 'Bradley/GIC/measured/TVA' original vs. modified data for event '2015-10-07'
2026-10-06T16:35:16.445902Z INFO  main     Writing C:\Users\lwilker\Documents\GitHub\SWERVE-data\data_processed/2015-10-07/sites/bradley/figures\original\GIC_measured_TVA.png
2026-10-06T16:35:17.092412Z INFO  main     Writing C:\Users\lwilker\Documents\GitHub\SWERVE-data\data_processed/2015-10-07/sites/bradley/figures\original\GIC_measured_TVA.pdf
2026-10-06T16:35:17.246825Z INFO  main Reading 'Montgomery' data for event '2015-03-17'
2026-10-06T16:35:17.246825Z INFO  main   Reading 'GIC/measured/TVA' data for event '2015-03-17'
2026-10-06T16:35:17.252335Z INFO  main     Reading C:\Users\lwilker\Documents\GitHub\SWERVE-data\data_original\tva\2015-03-17\gic\GIC-measured\gic-montgomery_20150317.csv
2026-10-06T16:35:18.528671Z INFO  main     Running automated error checks on GIC measured data
2026-10-06T16:35:21.890335Z INFO  main     Uniq dts [ns] = [2000000000]
2026-10-06T16:35:21.890335Z INFO  main     Uniq dts [#]  = 1
2026-10-06T16:35:21.935792Z INFO  main     
Resample to 1m aves and NaN pad or trim to start/stop.
2026-10-06T16:35:22.036470Z INFO  main     Writing C:\Users\lwilker\Documents\GitHub\SWERVE-data\data_processed\2015-03-17\sites\montgomery\data\GIC_measured_TVA.pkl
2026-10-06T16:35:22.192373Z INFO  main   Writing C:\Users\lwilker\Documents\GitHub\SWERVE-data\data_processed\2015-03-17\sites\montgomery\data\_all.pkl
2026-10-06T16:35:22.275039Z INFO  main Computing stats for 'Montgomery' data
2026-10-06T16:35:22.375314Z INFO  main   Uniq dts [ns] = [2000000000]
2026-10-06T16:35:22.375314Z INFO  main   Uniq dts [#]  = 1
2026-10-06T16:35:22.375314Z INFO  main   Stats for GIC/measured/TVA:
2026-10-06T16:35:22.375314Z INFO  main 
    std: : [1.5069537587442778]
    ave: : [-0.09112788478223148]
    min: : [-12.511]
    max: : [10.165]
    n: 1921
    n_valid: : [1921]
    dt_original: : [2000000000]
2026-10-06T16:35:22.375314Z INFO  main Plotting 'Montgomery' data for event '2015-03-17'
2026-10-06T16:35:22.375314Z INFO  main   Plotting 'Montgomery/GIC/measured/TVA' original vs. modified data for event '2015-03-17'
2026-10-06T16:35:24.149081Z INFO  main     Writing C:\Users\lwilker\Documents\GitHub\SWERVE-data\data_processed/2015-03-17/sites/montgomery/figures\original\GIC_measured_TVA.png
2026-10-06T16:35:24.601391Z INFO  main     Writing C:\Users\lwilker\Documents\GitHub\SWERVE-data\data_processed/2015-03-17/sites/montgomery/figures\original\GIC_measured_TVA.pdf
2026-10-06T16:35:24.737798Z INFO  main Reading 'Montgomery' data for event '2015-06-22'
2026-10-06T16:35:24.737798Z INFO  main   Reading 'GIC/measured/TVA' data for event '2015-06-22'
2026-10-06T16:35:24.737798Z INFO  main     Reading C:\Users\lwilker\Documents\GitHub\SWERVE-data\data_original\tva\2015-06-22\gic\GIC-measured\gic-montgomery_20150622.csv
2026-10-06T16:35:25.971319Z INFO  main     Running automated error checks on GIC measured data
2026-10-06T16:35:29.220922Z INFO  main     Uniq dts [ns] = [ 2000000000  4000000000 28000000000 50000000000 58000000000]
2026-10-06T16:35:29.220922Z INFO  main     Uniq dts [#]  = 5
2026-10-06T16:35:29.338831Z INFO  main     
Resample to 1m aves and NaN pad or trim to start/stop.
2026-10-06T16:35:29.469430Z INFO  main     Writing C:\Users\lwilker\Documents\GitHub\SWERVE-data\data_processed\2015-06-22\sites\montgomery\data\GIC_measured_TVA.pkl
2026-10-06T16:35:29.569000Z INFO  main   Writing C:\Users\lwilker\Documents\GitHub\SWERVE-data\data_processed\2015-06-22\sites\montgomery\data\_all.pkl
2026-10-06T16:35:29.646116Z INFO  main Computing stats for 'Montgomery' data
2026-10-06T16:35:29.726233Z INFO  main   Uniq dts [ns] = [ 2000000000  4000000000 28000000000 50000000000 58000000000]
2026-10-06T16:35:29.727234Z INFO  main   Uniq dts [#]  = 5
2026-10-06T16:35:29.727234Z INFO  main   Stats for GIC/measured/TVA:
2026-10-06T16:35:29.727234Z INFO  main 
    std: : [1.0439709729995303]
    ave: : [-0.013849761081476585]
    min: : [-5.583666666666667]
    max: : [7.247]
    n: 1981
    n_valid: : [1981]
    dt_original: : [2000000000 nanoseconds, 4000000000 nanoseconds, ..., 50000000000 nanoseconds, 58000000000 nanoseconds] (5 elements)
2026-10-06T16:35:29.728236Z INFO  main Plotting 'Montgomery' data for event '2015-06-22'
2026-10-06T16:35:29.730237Z INFO  main   Plotting 'Montgomery/GIC/measured/TVA' original vs. modified data for event '2015-06-22'
2026-10-06T16:35:31.486757Z INFO  main     Writing C:\Users\lwilker\Documents\GitHub\SWERVE-data\data_processed/2015-06-22/sites/montgomery/figures\original\GIC_measured_TVA.png
2026-10-06T16:35:31.942888Z INFO  main     Writing C:\Users\lwilker\Documents\GitHub\SWERVE-data\data_processed/2015-06-22/sites/montgomery/figures\original\GIC_measured_TVA.pdf
2026-10-06T16:35:32.097284Z INFO  main Reading 'Montgomery' data for event '2014-09-11'
2026-10-06T16:35:32.097284Z INFO  main   Reading 'GIC/measured/TVA' data for event '2014-09-11'
2026-10-06T16:35:32.110033Z INFO  main     Reading C:\Users\lwilker\Documents\GitHub\SWERVE-data\data_original\tva\2014-09-11\gic\GIC-measured\gic-montgomery_20140911.csv
2026-10-06T16:35:34.055774Z INFO  main     Running automated error checks on GIC measured data
2026-10-06T16:35:39.112942Z INFO  main     Uniq dts [ns] = [2000000000]
2026-10-06T16:35:39.112942Z INFO  main     Uniq dts [#]  = 1
2026-10-06T16:35:39.171478Z INFO  main     
Resample to 1m aves and NaN pad or trim to start/stop.
2026-10-06T16:35:39.312197Z INFO  main     Writing C:\Users\lwilker\Documents\GitHub\SWERVE-data\data_processed\2014-09-11\sites\montgomery\data\GIC_measured_TVA.pkl
2026-10-06T16:35:39.450494Z INFO  main   Writing C:\Users\lwilker\Documents\GitHub\SWERVE-data\data_processed\2014-09-11\sites\montgomery\data\_all.pkl
2026-10-06T16:35:39.575214Z INFO  main Computing stats for 'Montgomery' data
2026-10-06T16:35:39.698279Z INFO  main   Uniq dts [ns] = [ 2000000000 36000000000]
2026-10-06T16:35:39.698279Z INFO  main   Uniq dts [#]  = 2
2026-10-06T16:35:39.700286Z INFO  main   Stats for GIC/measured/TVA:
2026-10-06T16:35:39.700286Z INFO  main 
    std: : [0.4338317199512968]
    ave: : [0.23761474435196195]
    min: : [-1.3126666666666666]
    max: : [1.7806666666666666]
    n: 841
    n_valid: : [841]
    dt_original: : [2000000000, 36000000000]
2026-10-06T16:35:39.700286Z INFO  main Plotting 'Montgomery' data for event '2014-09-11'
2026-10-06T16:35:39.701931Z INFO  main   Plotting 'Montgomery/GIC/measured/TVA' original vs. modified data for event '2014-09-11'
2026-10-06T16:35:41.715735Z INFO  main     Writing C:\Users\lwilker\Documents\GitHub\SWERVE-data\data_processed/2014-09-11/sites/montgomery/figures\original\GIC_measured_TVA.png
2026-10-06T16:35:42.296066Z INFO  main     Writing C:\Users\lwilker\Documents\GitHub\SWERVE-data\data_processed/2014-09-11/sites/montgomery/figures\original\GIC_measured_TVA.pdf
2026-10-06T16:35:42.442320Z INFO  main Reading 'Montgomery' data for event '2023-03-23'
2026-10-06T16:35:42.446860Z INFO  main   Reading 'GIC/measured/TVA' data for event '2023-03-23'
2026-10-06T16:35:42.449273Z INFO  main     Reading C:\Users\lwilker\Documents\GitHub\SWERVE-data\data_original\tva\2023-03-23\gic\GIC-measured\gic-montgomery_20230323.csv
2026-10-06T16:35:44.964422Z INFO  main     Running automated error checks on GIC measured data
2026-10-06T16:35:51.603469Z INFO  main     Uniq dts [ns] = [1000000000 7000000000]
2026-10-06T16:35:51.603469Z INFO  main     Uniq dts [#]  = 2
2026-10-06T16:35:51.748405Z INFO  main     
Resample to 1m aves and NaN pad or trim to start/stop.
2026-10-06T16:35:51.983120Z INFO  main     Writing C:\Users\lwilker\Documents\GitHub\SWERVE-data\data_processed\2023-03-23\sites\montgomery\data\GIC_measured_TVA.pkl
2026-10-06T16:35:52.161387Z INFO  main   Writing C:\Users\lwilker\Documents\GitHub\SWERVE-data\data_processed\2023-03-23\sites\montgomery\data\_all.pkl
2026-10-06T16:35:52.366326Z INFO  main Computing stats for 'Montgomery' data
2026-10-06T16:35:52.516438Z INFO  main   Uniq dts [ns] = [1000000000 2000000000 7000000000]
2026-10-06T16:35:52.516438Z INFO  main   Uniq dts [#]  = 3
2026-10-06T16:35:52.516438Z INFO  main   Stats for GIC/measured/TVA:
2026-10-06T16:35:52.516438Z INFO  main 
    std: : [2.076248301454812]
    ave: : [0.034416162478942754]
    min: : [-13.062166666666666]
    max: : [16.480666666666668]
    n: 1561
    n_valid: : [1561]
    dt_original: : [1000000000, 2000000000, 7000000000]
2026-10-06T16:35:52.516438Z INFO  main Plotting 'Montgomery' data for event '2023-03-23'
2026-10-06T16:35:52.516438Z INFO  main   Plotting 'Montgomery/GIC/measured/TVA' original vs. modified data for event '2023-03-23'
2026-10-06T16:35:54.557988Z INFO  main     Writing C:\Users\lwilker\Documents\GitHub\SWERVE-data\data_processed/2023-03-23/sites/montgomery/figures\original\GIC_measured_TVA.png
2026-10-06T16:35:54.991362Z INFO  main     Writing C:\Users\lwilker\Documents\GitHub\SWERVE-data\data_processed/2023-03-23/sites/montgomery/figures\original\GIC_measured_TVA.pdf
2026-10-06T16:35:55.127997Z INFO  main Reading 'Montgomery' data for event '2016-02-17'
2026-10-06T16:35:55.127997Z INFO  main   Reading 'GIC/measured/TVA' data for event '2016-02-17'
2026-10-06T16:35:55.134321Z INFO  main     Reading C:\Users\lwilker\Documents\GitHub\SWERVE-data\data_original\tva\2016-02-17\gic\GIC-measured\gic-montgomery_20160217.csv
2026-10-06T16:35:55.799624Z INFO  main     Running automated error checks on GIC measured data
2026-10-06T16:35:57.482199Z INFO  main     Uniq dts [ns] = [2000000000]
2026-10-06T16:35:57.482199Z INFO  main     Uniq dts [#]  = 1
2026-10-06T16:35:57.514423Z INFO  main     
Resample to 1m aves and NaN pad or trim to start/stop.
2026-10-06T16:35:57.594951Z INFO  main     Writing C:\Users\lwilker\Documents\GitHub\SWERVE-data\data_processed\2016-02-17\sites\montgomery\data\GIC_measured_TVA.pkl
2026-10-06T16:35:57.653784Z INFO  main   Writing C:\Users\lwilker\Documents\GitHub\SWERVE-data\data_processed\2016-02-17\sites\montgomery\data\_all.pkl
2026-10-06T16:35:57.709575Z INFO  main Computing stats for 'Montgomery' data
2026-10-06T16:35:57.746901Z INFO  main   Uniq dts [ns] = [2000000000]
2026-10-06T16:35:57.746901Z INFO  main   Uniq dts [#]  = 1
2026-10-06T16:35:57.746901Z INFO  main   Stats for GIC/measured/TVA:
2026-10-06T16:35:57.746901Z INFO  main 
    std: : [0.3872351868965157]
    ave: : [-0.3326897435897436]
    min: : [-1.669]
    max: : [1.3816666666666668]
    n: 2581
    n_valid: : [1170]
    dt_original: : [2000000000]
2026-10-06T16:35:57.746901Z INFO  main Plotting 'Montgomery' data for event '2016-02-17'
2026-10-06T16:35:57.746901Z INFO  main   Plotting 'Montgomery/GIC/measured/TVA' original vs. modified data for event '2016-02-17'
2026-10-06T16:35:59.415853Z INFO  main     Writing C:\Users\lwilker\Documents\GitHub\SWERVE-data\data_processed/2016-02-17/sites/montgomery/figures\original\GIC_measured_TVA.png
2026-10-06T16:35:59.987434Z INFO  main     Writing C:\Users\lwilker\Documents\GitHub\SWERVE-data\data_processed/2016-02-17/sites/montgomery/figures\original\GIC_measured_TVA.pdf
2026-10-06T16:36:00.127824Z INFO  main Reading 'Montgomery' data for event '2024-05-10'
2026-10-06T16:36:00.132573Z INFO  main   Reading 'GIC/measured/TVA' data for event '2024-05-10'
2026-10-06T16:36:00.135625Z INFO  main     Reading C:\Users\lwilker\Documents\GitHub\SWERVE-data\data_original\tva\2024-05-10\gic\GIC-measured\gic-montgomery_20240510.csv
2026-10-06T16:36:03.939018Z INFO  main     Running automated error checks on GIC measured data
2026-10-06T16:36:14.035165Z INFO  main     Uniq dts [ns] = [1000000000]
2026-10-06T16:36:14.035165Z INFO  main     Uniq dts [#]  = 1
2026-10-06T16:36:14.228951Z INFO  main     
Resample to 1m aves and NaN pad or trim to start/stop.
2026-10-06T16:36:14.522549Z INFO  main     Writing C:\Users\lwilker\Documents\GitHub\SWERVE-data\data_processed\2024-05-10\sites\montgomery\data\GIC_measured_TVA.pkl
2026-10-06T16:36:14.764193Z INFO  main   Writing C:\Users\lwilker\Documents\GitHub\SWERVE-data\data_processed\2024-05-10\sites\montgomery\data\_all.pkl
2026-10-06T16:36:15.164547Z INFO  main Computing stats for 'Montgomery' data
2026-10-06T16:36:15.394321Z INFO  main   Uniq dts [ns] = [1000000000 2000000000]
2026-10-06T16:36:15.394321Z INFO  main   Uniq dts [#]  = 2
2026-10-06T16:36:15.394321Z INFO  main   Stats for GIC/measured/TVA:
2026-10-06T16:36:15.394321Z INFO  main 
    std: : [3.704430906359362]
    ave: : [0.005764701694432592]
    min: : [-34.30216666666667]
    max: : [22.281]
    n: 2341
    n_valid: : [2341]
    dt_original: : [1000000000, 2000000000]
2026-10-06T16:36:15.396325Z INFO  main Plotting 'Montgomery' data for event '2024-05-10'
2026-10-06T16:36:15.396830Z INFO  main   Plotting 'Montgomery/GIC/measured/TVA' original vs. modified data for event '2024-05-10'
2026-10-06T16:36:17.615252Z INFO  main     Writing C:\Users\lwilker\Documents\GitHub\SWERVE-data\data_processed/2024-05-10/sites/montgomery/figures\original\GIC_measured_TVA.png
2026-10-06T16:36:18.080189Z INFO  main     Writing C:\Users\lwilker\Documents\GitHub\SWERVE-data\data_processed/2024-05-10/sites/montgomery/figures\original\GIC_measured_TVA.pdf
2026-10-06T16:36:18.227312Z INFO  main Reading 'Montgomery' data for event '2015-10-07'
2026-10-06T16:36:18.243959Z INFO  main   Reading 'GIC/measured/TVA' data for event '2015-10-07'
2026-10-06T16:36:18.247851Z INFO  main     Reading C:\Users\lwilker\Documents\GitHub\SWERVE-data\data_original\tva\2015-10-07\gic\GIC-measured\gic-montgomery_20151007.csv
2026-10-06T16:36:19.477522Z INFO  main     Running automated error checks on GIC measured data
2026-10-06T16:36:22.786791Z INFO  main     Uniq dts [ns] = [ 2000000000 22000000000 46000000000 50000000000]
2026-10-06T16:36:22.786791Z INFO  main     Uniq dts [#]  = 4
2026-10-06T16:36:22.826921Z INFO  main     
Resample to 1m aves and NaN pad or trim to start/stop.
2026-10-06T16:36:22.926000Z INFO  main     Writing C:\Users\lwilker\Documents\GitHub\SWERVE-data\data_processed\2015-10-07\sites\montgomery\data\GIC_measured_TVA.pkl
2026-10-06T16:36:23.096601Z INFO  main   Writing C:\Users\lwilker\Documents\GitHub\SWERVE-data\data_processed\2015-10-07\sites\montgomery\data\_all.pkl
2026-10-06T16:36:23.191810Z INFO  main Computing stats for 'Montgomery' data
2026-10-06T16:36:23.280200Z INFO  main   Uniq dts [ns] = [ 2000000000 22000000000 46000000000 50000000000]
2026-10-06T16:36:23.280200Z INFO  main   Uniq dts [#]  = 4
2026-10-06T16:36:23.280200Z INFO  main   Stats for GIC/measured/TVA:
2026-10-06T16:36:23.280200Z INFO  main 
    std: : [0.7469977455761686]
    ave: : [0.10510413298001567]
    min: : [-4.973]
    max: : [4.062666666666667]
    n: 1741
    n_valid: : [1741]
    dt_original: : [2000000000, 22000000000, 46000000000, 50000000000]
2026-10-06T16:36:23.280200Z INFO  main Plotting 'Montgomery' data for event '2015-10-07'
2026-10-06T16:36:23.280200Z INFO  main   Plotting 'Montgomery/GIC/measured/TVA' original vs. modified data for event '2015-10-07'
2026-10-06T16:36:25.061599Z INFO  main     Writing C:\Users\lwilker\Documents\GitHub\SWERVE-data\data_processed/2015-10-07/sites/montgomery/figures\original\GIC_measured_TVA.png
2026-10-06T16:36:25.634979Z INFO  main     Writing C:\Users\lwilker\Documents\GitHub\SWERVE-data\data_processed/2015-10-07/sites/montgomery/figures\original\GIC_measured_TVA.pdf
2026-10-06T16:36:25.755183Z INFO  main Reading 'Southaven' data for event '2015-03-17'
2026-10-06T16:36:25.755183Z INFO  main   Reading 'GIC/measured/TVA' data for event '2015-03-17'
2026-10-06T16:36:25.766342Z INFO  main     Reading C:\Users\lwilker\Documents\GitHub\SWERVE-data\data_original\tva\2015-03-17\gic\GIC-measured\gic-southaven_20150317.csv
2026-10-06T16:36:26.998916Z INFO  main     Running automated error checks on GIC measured data
2026-10-06T16:36:30.259363Z INFO  main     Uniq dts [ns] = [2000000000 4000000000 6000000000]
2026-10-06T16:36:30.259363Z INFO  main     Uniq dts [#]  = 3
2026-10-06T16:36:30.367519Z INFO  main     
Resample to 1m aves and NaN pad or trim to start/stop.
2026-10-06T16:36:30.485792Z INFO  main     Writing C:\Users\lwilker\Documents\GitHub\SWERVE-data\data_processed\2015-03-17\sites\southaven\data\GIC_measured_TVA.pkl
2026-10-06T16:36:30.569587Z INFO  main   Writing C:\Users\lwilker\Documents\GitHub\SWERVE-data\data_processed\2015-03-17\sites\southaven\data\_all.pkl
2026-10-06T16:36:30.669489Z INFO  main Computing stats for 'Southaven' data
2026-10-06T16:36:30.752321Z INFO  main   Uniq dts [ns] = [2000000000 4000000000 6000000000]
2026-10-06T16:36:30.752321Z INFO  main   Uniq dts [#]  = 3
2026-10-06T16:36:30.752321Z INFO  main   Stats for GIC/measured/TVA:
2026-10-06T16:36:30.752321Z INFO  main 
    std: : [0.31478013207265787]
    ave: : [-0.049337236932544694]
    min: : [-1.6400000000000001]
    max: : [3.671]
    n: 1921
    n_valid: : [1921]
    dt_original: : [2000000000, 4000000000, 6000000000]
2026-10-06T16:36:30.764414Z INFO  main Plotting 'Southaven' data for event '2015-03-17'
2026-10-06T16:36:30.764414Z INFO  main   Plotting 'Southaven/GIC/measured/TVA' original vs. modified data for event '2015-03-17'
2026-10-06T16:36:32.690635Z INFO  main     Writing C:\Users\lwilker\Documents\GitHub\SWERVE-data\data_processed/2015-03-17/sites/southaven/figures\original\GIC_measured_TVA.png
2026-10-06T16:36:33.319160Z INFO  main     Writing C:\Users\lwilker\Documents\GitHub\SWERVE-data\data_processed/2015-03-17/sites/southaven/figures\original\GIC_measured_TVA.pdf
2026-10-06T16:36:33.431618Z INFO  main Reading 'Southaven' data for event '2015-06-22'
2026-10-06T16:36:33.431618Z INFO  main   Reading 'GIC/measured/TVA' data for event '2015-06-22'
2026-10-06T16:36:33.450848Z INFO  main     Reading C:\Users\lwilker\Documents\GitHub\SWERVE-data\data_original\tva\2015-06-22\gic\GIC-measured\gic-southaven_20150622.csv
2026-10-06T16:36:34.773725Z INFO  main     Running automated error checks on GIC measured data
2026-10-06T16:36:38.219396Z INFO  main     Uniq dts [ns] = [ 2000000000  4000000000 60000000000]
2026-10-06T16:36:38.222473Z INFO  main     Uniq dts [#]  = 3
2026-10-06T16:36:38.258707Z INFO  main     
Resample to 1m aves and NaN pad or trim to start/stop.
2026-10-06T16:36:38.356686Z INFO  main     Writing C:\Users\lwilker\Documents\GitHub\SWERVE-data\data_processed\2015-06-22\sites\southaven\data\GIC_measured_TVA.pkl
2026-10-06T16:36:38.433478Z INFO  main   Writing C:\Users\lwilker\Documents\GitHub\SWERVE-data\data_processed\2015-06-22\sites\southaven\data\_all.pkl
2026-10-06T16:36:38.525872Z INFO  main Computing stats for 'Southaven' data
2026-10-06T16:36:38.611791Z INFO  main   Uniq dts [ns] = [ 2000000000  4000000000 60000000000]
2026-10-06T16:36:38.611791Z INFO  main   Uniq dts [#]  = 3
2026-10-06T16:36:38.612790Z INFO  main   Stats for GIC/measured/TVA:
2026-10-06T16:36:38.612790Z INFO  main 
    std: : [0.27401731773889826]
    ave: : [0.0110615229325555]
    min: : [-2.6043333333333334]
    max: : [1.8406666666666667]
    n: 1981
    n_valid: : [1981]
    dt_original: : [2000000000, 4000000000, 60000000000]
2026-10-06T16:36:38.612790Z INFO  main Plotting 'Southaven' data for event '2015-06-22'
2026-10-06T16:36:38.612790Z INFO  main   Plotting 'Southaven/GIC/measured/TVA' original vs. modified data for event '2015-06-22'
2026-10-06T16:36:40.588041Z INFO  main     Writing C:\Users\lwilker\Documents\GitHub\SWERVE-data\data_processed/2015-06-22/sites/southaven/figures\original\GIC_measured_TVA.png
2026-10-06T16:36:41.140802Z INFO  main     Writing C:\Users\lwilker\Documents\GitHub\SWERVE-data\data_processed/2015-06-22/sites/southaven/figures\original\GIC_measured_TVA.pdf
2026-10-06T16:36:41.277308Z INFO  main Reading 'Southaven' data for event '2014-09-11'
2026-10-06T16:36:41.277308Z INFO  main   Reading 'GIC/measured/TVA' data for event '2014-09-11'
2026-10-06T16:36:41.287264Z INFO  main     Reading C:\Users\lwilker\Documents\GitHub\SWERVE-data\data_original\tva\2014-09-11\gic\GIC-measured\gic-southaven_20140911.csv
2026-10-06T16:36:43.175758Z INFO  main     Running automated error checks on GIC measured data
2026-10-06T16:36:48.006127Z INFO  main     Uniq dts [ns] = [2000000000]
2026-10-06T16:36:48.006127Z INFO  main     Uniq dts [#]  = 1
2026-10-06T16:36:48.137392Z INFO  main     Baseline offset of 1.28 A corrected. 
Resample to 1m aves and NaN pad or trim to start/stop.
2026-10-06T16:36:48.287345Z INFO  main     Writing C:\Users\lwilker\Documents\GitHub\SWERVE-data\data_processed\2014-09-11\sites\southaven\data\GIC_measured_TVA.pkl
2026-10-06T16:36:48.466592Z INFO  main   Writing C:\Users\lwilker\Documents\GitHub\SWERVE-data\data_processed\2014-09-11\sites\southaven\data\_all.pkl
2026-10-06T16:36:48.620431Z INFO  main Computing stats for 'Southaven' data
2026-10-06T16:36:48.735147Z INFO  main   Uniq dts [ns] = [ 2000000000  4000000000 24000000000]
2026-10-06T16:36:48.735147Z INFO  main   Uniq dts [#]  = 3
2026-10-06T16:36:48.735147Z INFO  main   Stats for GIC/measured/TVA:
2026-10-06T16:36:48.735147Z INFO  main 
    std: : [0.17626447558948286]
    ave: : [-0.022992469282600122]
    min: : [-0.4816666666666667]
    max: : [0.5626666666666666]
    n: 841
    n_valid: : [841]
    dt_original: : [2000000000, 4000000000, 24000000000]
2026-10-06T16:36:48.738151Z INFO  main Plotting 'Southaven' data for event '2014-09-11'
2026-10-06T16:36:48.739179Z INFO  main   Plotting 'Southaven/GIC/measured/TVA' original vs. modified data for event '2014-09-11'
2026-10-06T16:36:50.743646Z INFO  main     Writing C:\Users\lwilker\Documents\GitHub\SWERVE-data\data_processed/2014-09-11/sites/southaven/figures\original\GIC_measured_TVA.png
2026-10-06T16:36:51.339040Z INFO  main     Writing C:\Users\lwilker\Documents\GitHub\SWERVE-data\data_processed/2014-09-11/sites/southaven/figures\original\GIC_measured_TVA.pdf
2026-10-06T16:36:51.474555Z INFO  main Reading 'Southaven' data for event '2023-03-23'
2026-10-06T16:36:51.474555Z INFO  main   Reading 'GIC/measured/TVA' data for event '2023-03-23'
2026-10-06T16:36:51.483945Z INFO  main     Reading C:\Users\lwilker\Documents\GitHub\SWERVE-data\data_original\tva\2023-03-23\gic\GIC-measured\gic-southaven_20230323.csv
2026-10-06T16:36:54.074572Z INFO  main     Running automated error checks on GIC measured data
2026-10-06T16:37:00.810631Z INFO  main     Uniq dts [ns] = [1000000000]
2026-10-06T16:37:00.810631Z INFO  main     Uniq dts [#]  = 1
2026-10-06T16:37:00.957799Z INFO  main     
Resample to 1m aves and NaN pad or trim to start/stop.
2026-10-06T16:37:01.155693Z INFO  main     Writing C:\Users\lwilker\Documents\GitHub\SWERVE-data\data_processed\2023-03-23\sites\southaven\data\GIC_measured_TVA.pkl
2026-10-06T16:37:01.340858Z INFO  main   Writing C:\Users\lwilker\Documents\GitHub\SWERVE-data\data_processed\2023-03-23\sites\southaven\data\_all.pkl
2026-10-06T16:37:01.507048Z INFO  main Computing stats for 'Southaven' data
2026-10-06T16:37:01.673032Z INFO  main   Uniq dts [ns] = [1000000000 2000000000]
2026-10-06T16:37:01.673032Z INFO  main   Uniq dts [#]  = 2
2026-10-06T16:37:01.673032Z INFO  main   Stats for GIC/measured/TVA:
2026-10-06T16:37:01.673032Z INFO  main 
    std: : [0.30432936456291476]
    ave: : [0.054862694853726246]
    min: : [-1.8458333333333334]
    max: : [2.661]
    n: 1561
    n_valid: : [1561]
    dt_original: : [1000000000, 2000000000]
2026-10-06T16:37:01.673032Z INFO  main Plotting 'Southaven' data for event '2023-03-23'
2026-10-06T16:37:01.673032Z INFO  main   Plotting 'Southaven/GIC/measured/TVA' original vs. modified data for event '2023-03-23'
2026-10-06T16:37:03.854955Z INFO  main     Writing C:\Users\lwilker\Documents\GitHub\SWERVE-data\data_processed/2023-03-23/sites/southaven/figures\original\GIC_measured_TVA.png
2026-10-06T16:37:04.406609Z INFO  main     Writing C:\Users\lwilker\Documents\GitHub\SWERVE-data\data_processed/2023-03-23/sites/southaven/figures\original\GIC_measured_TVA.pdf
2026-10-06T16:37:04.564887Z INFO  main Reading 'Southaven' data for event '2016-02-17'
2026-10-06T16:37:04.566892Z INFO  main   Reading 'GIC/measured/TVA' data for event '2016-02-17'
2026-10-06T16:37:04.570135Z INFO  main     Reading C:\Users\lwilker\Documents\GitHub\SWERVE-data\data_original\tva\2016-02-17\gic\GIC-measured\gic-southaven_20160217.csv
2026-10-06T16:37:05.198646Z INFO  main     Running automated error checks on GIC measured data
2026-10-06T16:37:06.836144Z INFO  main     Uniq dts [ns] = [ 2000000000  6000000000 10000000000 26000000000]
2026-10-06T16:37:06.836144Z INFO  main     Uniq dts [#]  = 4
2026-10-06T16:37:06.921455Z INFO  main     
Resample to 1m aves and NaN pad or trim to start/stop.
2026-10-06T16:37:07.022125Z INFO  main     Writing C:\Users\lwilker\Documents\GitHub\SWERVE-data\data_processed\2016-02-17\sites\southaven\data\GIC_measured_TVA.pkl
2026-10-06T16:37:07.086275Z INFO  main   Writing C:\Users\lwilker\Documents\GitHub\SWERVE-data\data_processed\2016-02-17\sites\southaven\data\_all.pkl
2026-10-06T16:37:07.143008Z INFO  main Computing stats for 'Southaven' data
2026-10-06T16:37:07.190069Z INFO  main   Uniq dts [ns] = [ 2000000000  6000000000 10000000000 26000000000]
2026-10-06T16:37:07.190069Z INFO  main   Uniq dts [#]  = 4
2026-10-06T16:37:07.190069Z INFO  main   Stats for GIC/measured/TVA:
2026-10-06T16:37:07.190069Z INFO  main 
    std: : [0.2991222401031243]
    ave: : [0.5261167056908547]
    min: : [-0.31533333333333335]
    max: : [1.1516666666666666]
    n: 2581
    n_valid: : [1170]
    dt_original: : [2000000000, 6000000000, 10000000000, 26000000000]
2026-10-06T16:37:07.190069Z INFO  main Plotting 'Southaven' data for event '2016-02-17'
2026-10-06T16:37:07.190069Z INFO  main   Plotting 'Southaven/GIC/measured/TVA' original vs. modified data for event '2016-02-17'
2026-10-06T16:37:09.682964Z INFO  main     Writing C:\Users\lwilker\Documents\GitHub\SWERVE-data\data_processed/2016-02-17/sites/southaven/figures\original\GIC_measured_TVA.png
2026-10-06T16:37:10.553369Z INFO  main     Writing C:\Users\lwilker\Documents\GitHub\SWERVE-data\data_processed/2016-02-17/sites/southaven/figures\original\GIC_measured_TVA.pdf
2026-10-06T16:37:10.669294Z INFO  main Reading 'Southaven' data for event '2024-05-10'
2026-10-06T16:37:10.683062Z INFO  main   Reading 'GIC/measured/TVA' data for event '2024-05-10'
2026-10-06T16:37:10.688013Z INFO  main     Reading C:\Users\lwilker\Documents\GitHub\SWERVE-data\data_original\tva\2024-05-10\gic\GIC-measured\gic-southaven_20240510.csv
2026-10-06T16:37:14.555973Z INFO  main     Running automated error checks on GIC measured data
2026-10-06T16:37:24.603255Z INFO  main     Uniq dts [ns] = [1000000000 2000000000]
2026-10-06T16:37:24.603255Z INFO  main     Uniq dts [#]  = 2
2026-10-06T16:37:24.825947Z INFO  main     
Resample to 1m aves and NaN pad or trim to start/stop.
2026-10-06T16:37:25.143251Z INFO  main     Writing C:\Users\lwilker\Documents\GitHub\SWERVE-data\data_processed\2024-05-10\sites\southaven\data\GIC_measured_TVA.pkl
2026-10-06T16:37:25.415522Z INFO  main   Writing C:\Users\lwilker\Documents\GitHub\SWERVE-data\data_processed\2024-05-10\sites\southaven\data\_all.pkl
2026-10-06T16:37:25.750122Z INFO  main Computing stats for 'Southaven' data
2026-10-06T16:37:25.982533Z INFO  main   Uniq dts [ns] = [1000000000 2000000000]
2026-10-06T16:37:25.982533Z INFO  main   Uniq dts [#]  = 2
2026-10-06T16:37:25.982533Z INFO  main   Stats for GIC/measured/TVA:
2026-10-06T16:37:25.982533Z INFO  main 
    std: : [0.7662272162538085]
    ave: : [-0.04094764659460321]
    min: : [-7.663666666666667]
    max: : [4.477166666666666]
    n: 2341
    n_valid: : [2341]
    dt_original: : [1000000000, 2000000000]
2026-10-06T16:37:25.982533Z INFO  main Plotting 'Southaven' data for event '2024-05-10'
2026-10-06T16:37:25.982533Z INFO  main   Plotting 'Southaven/GIC/measured/TVA' original vs. modified data for event '2024-05-10'
2026-10-06T16:37:28.363598Z INFO  main     Writing C:\Users\lwilker\Documents\GitHub\SWERVE-data\data_processed/2024-05-10/sites/southaven/figures\original\GIC_measured_TVA.png
2026-10-06T16:37:28.868342Z INFO  main     Writing C:\Users\lwilker\Documents\GitHub\SWERVE-data\data_processed/2024-05-10/sites/southaven/figures\original\GIC_measured_TVA.pdf
2026-10-06T16:37:29.012716Z INFO  main Reading 'Raccoon Mountain' data for event '2015-03-17'
2026-10-06T16:37:29.018403Z INFO  main   Reading 'GIC/measured/TVA' data for event '2015-03-17'
2026-10-06T16:37:29.021634Z INFO  main     Reading C:\Users\lwilker\Documents\GitHub\SWERVE-data\data_original\tva\2015-03-17\gic\GIC-measured\gic-raccoonmountain_20150317.csv
2026-10-06T16:37:30.269411Z INFO  main     Running automated error checks on GIC measured data
2026-10-06T16:37:33.561384Z INFO  main     Uniq dts [ns] = [ 2000000000 10000000000]
2026-10-06T16:37:33.561384Z INFO  main     Uniq dts [#]  = 2
2026-10-06T16:37:33.605222Z INFO  main     
Resample to 1m aves and NaN pad or trim to start/stop.
2026-10-06T16:37:33.725768Z INFO  main     Writing C:\Users\lwilker\Documents\GitHub\SWERVE-data\data_processed\2015-03-17\sites\raccoonmountain\data\GIC_measured_TVA.pkl
2026-10-06T16:37:33.926857Z INFO  main   Reading 'B/measured/TVA' data for event '2015-03-17'
2026-10-06T16:37:33.937974Z INFO  main     Reading C:\Users\lwilker\Documents\GitHub\SWERVE-data\data_original\tva\2015-03-17\mag\raccoonmountain_mag_20240509.csv
2026-10-06T16:47:23.438111Z INFO  main Reading 'Sullivan' data for event '2015-03-17'
2026-10-06T16:47:23.440109Z INFO  main   Reading 'GIC/measured/TVA' data for event '2015-03-17'
2026-10-06T16:47:23.441104Z INFO  main     Reading C:\Users\lwilker\Documents\GitHub\SWERVE-data\data_original\tva\2015-03-17\gic\GIC-measured\gic-sullivan_20150317.csv
2026-10-06T16:47:24.712460Z INFO  main     Running automated error checks on GIC measured data
2026-10-06T16:47:27.956571Z INFO  main     Uniq dts [ns] = [2000000000]
2026-10-06T16:47:27.956571Z INFO  main     Uniq dts [#]  = 1
2026-10-06T16:47:27.996640Z INFO  main     
Resample to 1m aves and NaN pad or trim to start/stop.
2026-10-06T16:47:28.111729Z INFO  main     Writing C:\Users\lwilker\Documents\GitHub\SWERVE-data\data_processed\2015-03-17\sites\sullivan\data\GIC_measured_TVA.pkl
2026-10-06T16:47:28.204489Z INFO  main   Writing C:\Users\lwilker\Documents\GitHub\SWERVE-data\data_processed\2015-03-17\sites\sullivan\data\_all.pkl
2026-10-06T16:47:28.276444Z INFO  main Computing stats for 'Sullivan' data
2026-10-06T16:47:28.363070Z INFO  main   Uniq dts [ns] = [2000000000]
2026-10-06T16:47:28.363070Z INFO  main   Uniq dts [#]  = 1
2026-10-06T16:47:28.363070Z INFO  main   Stats for GIC/measured/TVA:
2026-10-06T16:47:28.363070Z INFO  main 
    std: : [0.18665192786328372]
    ave: : [0.01617421481867083]
    min: : [-1.0813333333333333]
    max: : [1.392]
    n: 1921
    n_valid: : [1921]
    dt_original: : [2000000000]
2026-10-06T16:47:32.253262Z INFO  main Plotting 'Sullivan' data for event '2015-03-17'
2026-10-06T16:47:32.253262Z INFO  main   Plotting 'Sullivan/GIC/measured/TVA' original vs. modified data for event '2015-03-17'
2026-10-06T16:47:35.711217Z INFO  main     Writing C:\Users\lwilker\Documents\GitHub\SWERVE-data\data_processed/2015-03-17/sites/sullivan/figures\original\GIC_measured_TVA.png
2026-10-06T16:47:36.289630Z INFO  main     Writing C:\Users\lwilker\Documents\GitHub\SWERVE-data\data_processed/2015-03-17/sites/sullivan/figures\original\GIC_measured_TVA.pdf
2026-10-06T16:47:39.122704Z INFO  main Reading 'Sullivan' data for event '2015-06-22'
2026-10-06T16:47:39.122704Z INFO  main   Reading 'GIC/measured/TVA' data for event '2015-06-22'
2026-10-06T16:47:39.122704Z INFO  main     Reading C:\Users\lwilker\Documents\GitHub\SWERVE-data\data_original\tva\2015-06-22\gic\GIC-measured\gic-sullivan_20150622.csv
2026-10-06T16:47:40.362218Z INFO  main     Running automated error checks on GIC measured data
2026-10-06T16:47:43.785811Z INFO  main     Uniq dts [ns] = [ 2000000000  4000000000 52000000000 56000000000]
2026-10-06T16:47:43.787817Z INFO  main     Uniq dts [#]  = 4
2026-10-06T16:47:43.824487Z INFO  main     
Resample to 1m aves and NaN pad or trim to start/stop.
2026-10-06T16:47:43.931948Z INFO  main     Writing C:\Users\lwilker\Documents\GitHub\SWERVE-data\data_processed\2015-06-22\sites\sullivan\data\GIC_measured_TVA.pkl
2026-10-06T16:47:44.031670Z INFO  main   Writing C:\Users\lwilker\Documents\GitHub\SWERVE-data\data_processed\2015-06-22\sites\sullivan\data\_all.pkl
2026-10-06T16:47:44.102884Z INFO  main Computing stats for 'Sullivan' data
2026-10-06T16:47:44.195554Z INFO  main   Uniq dts [ns] = [ 2000000000  4000000000  6000000000 52000000000 54000000000 56000000000
 60000000000]
2026-10-06T16:47:44.196555Z INFO  main   Uniq dts [#]  = 7
2026-10-06T16:47:44.196555Z INFO  main   Stats for GIC/measured/TVA:
2026-10-06T16:47:44.196555Z INFO  main 
    std: : [0.16891163311065846]
    ave: : [-0.0065519766313513845]
    min: : [-0.9046666666666667]
    max: : [1.1766666666666665]
    n: 1981
    n_valid: : [1981]
    dt_original: : [2000000000 nanoseconds, 4000000000 nanoseconds, ..., 56000000000 nanoseconds, 60000000000 nanoseconds] (7 elements)
2026-10-06T16:47:44.197554Z INFO  main Plotting 'Sullivan' data for event '2015-06-22'
2026-10-06T16:47:44.199558Z INFO  main   Plotting 'Sullivan/GIC/measured/TVA' original vs. modified data for event '2015-06-22'
2026-10-06T16:47:46.078177Z INFO  main     Writing C:\Users\lwilker\Documents\GitHub\SWERVE-data\data_processed/2015-06-22/sites/sullivan/figures\original\GIC_measured_TVA.png
2026-10-06T16:47:46.675494Z INFO  main     Writing C:\Users\lwilker\Documents\GitHub\SWERVE-data\data_processed/2015-06-22/sites/sullivan/figures\original\GIC_measured_TVA.pdf
2026-10-06T16:47:46.815242Z INFO  main Reading 'Sullivan' data for event '2014-09-11'
2026-10-06T16:47:46.817916Z INFO  main   Reading 'GIC/measured/TVA' data for event '2014-09-11'
2026-10-06T16:47:46.820088Z INFO  main     Reading C:\Users\lwilker\Documents\GitHub\SWERVE-data\data_original\tva\2014-09-11\gic\GIC-measured\gic-sullivan_20140911.csv
2026-10-06T16:47:48.679060Z INFO  main     Running automated error checks on GIC measured data
2026-10-06T16:47:53.572254Z INFO  main     Uniq dts [ns] = [2000000000]
2026-10-06T16:47:53.572254Z INFO  main     Uniq dts [#]  = 1
2026-10-06T16:47:53.681067Z INFO  main     
Resample to 1m aves and NaN pad or trim to start/stop.
2026-10-06T16:47:53.825115Z INFO  main     Writing C:\Users\lwilker\Documents\GitHub\SWERVE-data\data_processed\2014-09-11\sites\sullivan\data\GIC_measured_TVA.pkl
2026-10-06T16:47:53.954143Z INFO  main   Writing C:\Users\lwilker\Documents\GitHub\SWERVE-data\data_processed\2014-09-11\sites\sullivan\data\_all.pkl
2026-10-06T16:47:54.091277Z INFO  main Computing stats for 'Sullivan' data
2026-10-06T16:47:54.223849Z INFO  main   Uniq dts [ns] = [2000000000]
2026-10-06T16:47:54.223849Z INFO  main   Uniq dts [#]  = 1
2026-10-06T16:47:54.223849Z INFO  main   Stats for GIC/measured/TVA:
2026-10-06T16:47:54.223849Z INFO  main 
    std: : [0.13292733859010353]
    ave: : [0.9790503369005151]
    min: : [0.7230000000000001]
    max: : [1.275]
    n: 841
    n_valid: : [841]
    dt_original: : [2000000000]
2026-10-06T16:47:54.225863Z INFO  main Plotting 'Sullivan' data for event '2014-09-11'
2026-10-06T16:47:54.228353Z INFO  main   Plotting 'Sullivan/GIC/measured/TVA' original vs. modified data for event '2014-09-11'
2026-10-06T16:47:56.092303Z INFO  main     Writing C:\Users\lwilker\Documents\GitHub\SWERVE-data\data_processed/2014-09-11/sites/sullivan/figures\original\GIC_measured_TVA.png
2026-10-06T16:47:56.622840Z INFO  main     Writing C:\Users\lwilker\Documents\GitHub\SWERVE-data\data_processed/2014-09-11/sites/sullivan/figures\original\GIC_measured_TVA.pdf
2026-10-06T16:47:56.779629Z INFO  main Reading 'Sullivan' data for event '2023-03-23'
2026-10-06T16:47:56.781642Z INFO  main   Reading 'GIC/measured/TVA' data for event '2023-03-23'
2026-10-06T16:47:56.785890Z INFO  main     Reading C:\Users\lwilker\Documents\GitHub\SWERVE-data\data_original\tva\2023-03-23\gic\GIC-measured\gic-sullivan_20230323.csv
2026-10-06T16:47:59.270160Z INFO  main     Running automated error checks on GIC measured data
2026-10-06T16:48:05.757407Z INFO  main     Uniq dts [ns] = [1000000000 2000000000]
2026-10-06T16:48:05.757407Z INFO  main     Uniq dts [#]  = 2
2026-10-06T16:48:05.868903Z INFO  main     
Resample to 1m aves and NaN pad or trim to start/stop.
2026-10-06T16:48:06.059005Z INFO  main     Writing C:\Users\lwilker\Documents\GitHub\SWERVE-data\data_processed\2023-03-23\sites\sullivan\data\GIC_measured_TVA.pkl
2026-10-06T16:48:06.242573Z INFO  main   Writing C:\Users\lwilker\Documents\GitHub\SWERVE-data\data_processed\2023-03-23\sites\sullivan\data\_all.pkl
2026-10-06T16:48:06.412255Z INFO  main Computing stats for 'Sullivan' data
2026-10-06T16:48:06.561230Z INFO  main   Uniq dts [ns] = [1000000000 2000000000]
2026-10-06T16:48:06.561230Z INFO  main   Uniq dts [#]  = 2
2026-10-06T16:48:06.561230Z INFO  main   Stats for GIC/measured/TVA:
2026-10-06T16:48:06.561230Z INFO  main 
    std: : [0.21508051630497274]
    ave: : [0.0010782853234019923]
    min: : [-1.6583333333333334]
    max: : [1.3428333333333335]
    n: 1561
    n_valid: : [1561]
    dt_original: : [1000000000, 2000000000]
2026-10-06T16:48:06.561230Z INFO  main Plotting 'Sullivan' data for event '2023-03-23'
2026-10-06T16:48:06.577018Z INFO  main   Plotting 'Sullivan/GIC/measured/TVA' original vs. modified data for event '2023-03-23'
2026-10-06T16:48:08.819635Z INFO  main     Writing C:\Users\lwilker\Documents\GitHub\SWERVE-data\data_processed/2023-03-23/sites/sullivan/figures\original\GIC_measured_TVA.png
2026-10-06T16:48:09.345981Z INFO  main     Writing C:\Users\lwilker\Documents\GitHub\SWERVE-data\data_processed/2023-03-23/sites/sullivan/figures\original\GIC_measured_TVA.pdf
2026-10-06T16:48:09.483190Z INFO  main Reading 'Sullivan' data for event '2024-05-10'
2026-10-06T16:48:09.492963Z INFO  main   Reading 'GIC/measured/TVA' data for event '2024-05-10'
2026-10-06T16:48:09.496742Z INFO  main     Reading C:\Users\lwilker\Documents\GitHub\SWERVE-data\data_original\tva\2024-05-10\gic\GIC-measured\gic-sullivan_20240510.csv
2026-10-06T16:48:13.309845Z INFO  main     Running automated error checks on GIC measured data
2026-10-06T16:48:23.274754Z INFO  main     Uniq dts [ns] = [1000000000 2000000000]
2026-10-06T16:48:23.276261Z INFO  main     Uniq dts [#]  = 2
2026-10-06T16:48:23.473078Z INFO  main     
Resample to 1m aves and NaN pad or trim to start/stop.
2026-10-06T16:48:23.778425Z INFO  main     Writing C:\Users\lwilker\Documents\GitHub\SWERVE-data\data_processed\2024-05-10\sites\sullivan\data\GIC_measured_TVA.pkl
2026-10-06T16:48:24.074183Z INFO  main   Writing C:\Users\lwilker\Documents\GitHub\SWERVE-data\data_processed\2024-05-10\sites\sullivan\data\_all.pkl
2026-10-06T16:48:24.508606Z INFO  main Computing stats for 'Sullivan' data
2026-10-06T16:48:24.759913Z INFO  main   Uniq dts [ns] = [1000000000 2000000000]
2026-10-06T16:48:24.759913Z INFO  main   Uniq dts [#]  = 2
2026-10-06T16:48:24.759913Z INFO  main   Stats for GIC/measured/TVA:
2026-10-06T16:48:24.759913Z INFO  main 
    std: : [0.5740293311610496]
    ave: : [-0.005722380700700126]
    min: : [-5.160833333333333]
    max: : [5.2915]
    n: 2341
    n_valid: : [2341]
    dt_original: : [1000000000, 2000000000]
2026-10-06T16:48:24.759913Z INFO  main Plotting 'Sullivan' data for event '2024-05-10'
2026-10-06T16:48:24.759913Z INFO  main   Plotting 'Sullivan/GIC/measured/TVA' original vs. modified data for event '2024-05-10'
2026-10-06T16:48:27.206167Z INFO  main     Writing C:\Users\lwilker\Documents\GitHub\SWERVE-data\data_processed/2024-05-10/sites/sullivan/figures\original\GIC_measured_TVA.png
2026-10-06T16:48:27.720420Z INFO  main     Writing C:\Users\lwilker\Documents\GitHub\SWERVE-data\data_processed/2024-05-10/sites/sullivan/figures\original\GIC_measured_TVA.pdf
2026-10-06T16:48:27.876953Z INFO  main Reading 'Sullivan' data for event '2015-10-07'
2026-10-06T16:48:27.885074Z INFO  main   Reading 'GIC/measured/TVA' data for event '2015-10-07'
2026-10-06T16:48:27.887109Z INFO  main     Reading C:\Users\lwilker\Documents\GitHub\SWERVE-data\data_original\tva\2015-10-07\gic\GIC-measured\gic-sullivan_20151007.csv
2026-10-06T16:48:29.151598Z INFO  main     Running automated error checks on GIC measured data
2026-10-06T16:48:32.489570Z INFO  main     Uniq dts [ns] = [ 2000000000  4000000000  8000000000 10000000000 14000000000 22000000000
 50000000000 56000000000]
2026-10-06T16:48:32.491578Z INFO  main     Uniq dts [#]  = 8
2026-10-06T16:48:32.538062Z INFO  main     
Resample to 1m aves and NaN pad or trim to start/stop.
2026-10-06T16:48:32.639513Z INFO  main     Writing C:\Users\lwilker\Documents\GitHub\SWERVE-data\data_processed\2015-10-07\sites\sullivan\data\GIC_measured_TVA.pkl
2026-10-06T16:48:32.813772Z INFO  main   Writing C:\Users\lwilker\Documents\GitHub\SWERVE-data\data_processed\2015-10-07\sites\sullivan\data\_all.pkl
2026-10-06T16:48:32.901688Z INFO  main Computing stats for 'Sullivan' data
2026-10-06T16:48:32.983787Z INFO  main   Uniq dts [ns] = [ 2000000000  4000000000  6000000000  8000000000 10000000000 14000000000
 22000000000 44000000000 50000000000 56000000000]
2026-10-06T16:48:32.983787Z INFO  main   Uniq dts [#]  = 10
2026-10-06T16:48:32.984787Z INFO  main   Stats for GIC/measured/TVA:
2026-10-06T16:48:32.984787Z INFO  main 
    std: : [0.23808912093989384]
    ave: : [0.038000575399769254]
    min: : [-0.928]
    max: : [0.923]
    n: 1741
    n_valid: : [1741]
    dt_original: : [2000000000 nanoseconds, 4000000000 nanoseconds, ..., 50000000000 nanoseconds, 56000000000 nanoseconds] (10 elements)
2026-10-06T16:48:32.984787Z INFO  main Plotting 'Sullivan' data for event '2015-10-07'
2026-10-06T16:48:32.986788Z INFO  main   Plotting 'Sullivan/GIC/measured/TVA' original vs. modified data for event '2015-10-07'
2026-10-06T16:48:35.134115Z INFO  main     Writing C:\Users\lwilker\Documents\GitHub\SWERVE-data\data_processed/2015-10-07/sites/sullivan/figures\original\GIC_measured_TVA.png
2026-10-06T16:48:35.761395Z INFO  main     Writing C:\Users\lwilker\Documents\GitHub\SWERVE-data\data_processed/2015-10-07/sites/sullivan/figures\original\GIC_measured_TVA.pdf
2026-10-06T16:48:35.887561Z INFO  main Reading 'Bradley' data for event '2015-03-17'
2026-10-06T16:48:35.903275Z INFO  main   Reading 'GIC/measured/TVA' data for event '2015-03-17'
2026-10-06T16:48:35.908774Z INFO  main     Reading C:\Users\lwilker\Documents\GitHub\SWERVE-data\data_original\tva\2015-03-17\gic\GIC-measured\gic-bradley_20150317.csv
2026-10-06T16:48:37.154086Z INFO  main     Running automated error checks on GIC measured data
2026-10-06T16:48:40.335537Z INFO  main     Uniq dts [ns] = [2000000000]
2026-10-06T16:48:40.335537Z INFO  main     Uniq dts [#]  = 1
2026-10-06T16:48:40.420571Z INFO  main     
Resample to 1m aves and NaN pad or trim to start/stop.
2026-10-06T16:48:40.535210Z INFO  main     Writing C:\Users\lwilker\Documents\GitHub\SWERVE-data\data_processed\2015-03-17\sites\bradley\data\GIC_measured_TVA.pkl
2026-10-06T16:48:40.714667Z INFO  main   Writing C:\Users\lwilker\Documents\GitHub\SWERVE-data\data_processed\2015-03-17\sites\bradley\data\_all.pkl
2026-10-06T16:48:40.786350Z INFO  main Computing stats for 'Bradley' data
2026-10-06T16:48:40.884321Z INFO  main   Uniq dts [ns] = [2000000000]
2026-10-06T16:48:40.884321Z INFO  main   Uniq dts [#]  = 1
2026-10-06T16:48:40.884321Z INFO  main   Stats for GIC/measured/TVA:
2026-10-06T16:48:40.884321Z INFO  main 
    std: : [0.41310667289956976]
    ave: : [-0.008641332639250383]
    min: : [-2.353333333333333]
    max: : [2.204333333333333]
    n: 1921
    n_valid: : [1921]
    dt_original: : [2000000000]
2026-10-06T16:48:40.884321Z INFO  main Plotting 'Bradley' data for event '2015-03-17'
2026-10-06T16:48:40.884321Z INFO  main   Plotting 'Bradley/GIC/measured/TVA' original vs. modified data for event '2015-03-17'
2026-10-06T16:48:42.838722Z INFO  main     Writing C:\Users\lwilker\Documents\GitHub\SWERVE-data\data_processed/2015-03-17/sites/bradley/figures\original\GIC_measured_TVA.png
2026-10-06T16:48:43.394876Z INFO  main     Writing C:\Users\lwilker\Documents\GitHub\SWERVE-data\data_processed/2015-03-17/sites/bradley/figures\original\GIC_measured_TVA.pdf
2026-10-06T16:48:43.539372Z INFO  main Reading 'Bradley' data for event '2015-06-22'
2026-10-06T16:48:43.539372Z INFO  main   Reading 'GIC/measured/TVA' data for event '2015-06-22'
2026-10-06T16:48:43.539372Z INFO  main     Reading C:\Users\lwilker\Documents\GitHub\SWERVE-data\data_original\tva\2015-06-22\gic\GIC-measured\gic-bradley_20150622.csv
2026-10-06T16:48:44.754351Z INFO  main     Running automated error checks on GIC measured data
2026-10-06T16:48:47.903033Z INFO  main     Uniq dts [ns] = [ 2000000000 58000000000 60000000000]
2026-10-06T16:48:47.903033Z INFO  main     Uniq dts [#]  = 3
2026-10-06T16:48:48.012582Z INFO  main     
Resample to 1m aves and NaN pad or trim to start/stop.
2026-10-06T16:48:48.129403Z INFO  main     Writing C:\Users\lwilker\Documents\GitHub\SWERVE-data\data_processed\2015-06-22\sites\bradley\data\GIC_measured_TVA.pkl
2026-10-06T16:48:48.229399Z INFO  main   Writing C:\Users\lwilker\Documents\GitHub\SWERVE-data\data_processed\2015-06-22\sites\bradley\data\_all.pkl
2026-10-06T16:48:48.317561Z INFO  main Computing stats for 'Bradley' data
2026-10-06T16:48:48.397297Z INFO  main   Uniq dts [ns] = [ 2000000000 58000000000 60000000000]
2026-10-06T16:48:48.397297Z INFO  main   Uniq dts [#]  = 3
2026-10-06T16:48:48.397297Z INFO  main   Stats for GIC/measured/TVA:
2026-10-06T16:48:48.397297Z INFO  main 
    std: : [0.38278171952798457]
    ave: : [-0.033535098298195544]
    min: : [-1.755]
    max: : [2.3033333333333332]
    n: 1981
    n_valid: : [1981]
    dt_original: : [2000000000, 58000000000, 60000000000]
2026-10-06T16:48:48.397297Z INFO  main Plotting 'Bradley' data for event '2015-06-22'
2026-10-06T16:48:48.397297Z INFO  main   Plotting 'Bradley/GIC/measured/TVA' original vs. modified data for event '2015-06-22'
2026-10-06T16:48:50.289734Z INFO  main     Writing C:\Users\lwilker\Documents\GitHub\SWERVE-data\data_processed/2015-06-22/sites/bradley/figures\original\GIC_measured_TVA.png
2026-10-06T16:48:50.890875Z INFO  main     Writing C:\Users\lwilker\Documents\GitHub\SWERVE-data\data_processed/2015-06-22/sites/bradley/figures\original\GIC_measured_TVA.pdf
2026-10-06T16:48:51.024548Z INFO  main Reading 'Bradley' data for event '2014-09-11'
2026-10-06T16:48:51.024548Z INFO  main   Reading 'GIC/measured/TVA' data for event '2014-09-11'
2026-10-06T16:48:51.032488Z INFO  main     Reading C:\Users\lwilker\Documents\GitHub\SWERVE-data\data_original\tva\2014-09-11\gic\GIC-measured\gic-bradley_20140911.csv
2026-10-06T16:48:52.835245Z INFO  main     Running automated error checks on GIC measured data
2026-10-06T16:48:57.763416Z INFO  main     Uniq dts [ns] = [2000000000]
2026-10-06T16:48:57.763416Z INFO  main     Uniq dts [#]  = 1
2026-10-06T16:48:57.887528Z INFO  main     
Resample to 1m aves and NaN pad or trim to start/stop.
2026-10-06T16:48:58.020190Z INFO  main     Writing C:\Users\lwilker\Documents\GitHub\SWERVE-data\data_processed\2014-09-11\sites\bradley\data\GIC_measured_TVA.pkl
2026-10-06T16:48:58.170386Z INFO  main   Writing C:\Users\lwilker\Documents\GitHub\SWERVE-data\data_processed\2014-09-11\sites\bradley\data\_all.pkl
2026-10-06T16:48:58.287821Z INFO  main Computing stats for 'Bradley' data
2026-10-06T16:48:58.404411Z INFO  main   Uniq dts [ns] = [2000000000 4000000000 6000000000]
2026-10-06T16:48:58.404411Z INFO  main   Uniq dts [#]  = 3
2026-10-06T16:48:58.404411Z INFO  main   Stats for GIC/measured/TVA:
2026-10-06T16:48:58.404411Z INFO  main 
    std: : [0.21813337072666567]
    ave: : [-0.071230677764566]
    min: : [-0.571]
    max: : [0.41500000000000004]
    n: 841
    n_valid: : [841]
    dt_original: : [2000000000, 4000000000, 6000000000]
2026-10-06T16:48:58.404411Z INFO  main Plotting 'Bradley' data for event '2014-09-11'
2026-10-06T16:48:58.404411Z INFO  main   Plotting 'Bradley/GIC/measured/TVA' original vs. modified data for event '2014-09-11'
2026-10-06T16:49:00.705357Z INFO  main     Writing C:\Users\lwilker\Documents\GitHub\SWERVE-data\data_processed/2014-09-11/sites/bradley/figures\original\GIC_measured_TVA.png
2026-10-06T16:49:01.445421Z INFO  main     Writing C:\Users\lwilker\Documents\GitHub\SWERVE-data\data_processed/2014-09-11/sites/bradley/figures\original\GIC_measured_TVA.pdf
2026-10-06T16:49:01.580672Z INFO  main Reading 'Bradley' data for event '2023-03-23'
2026-10-06T16:49:01.580672Z INFO  main   Reading 'GIC/measured/TVA' data for event '2023-03-23'
2026-10-06T16:49:01.587052Z INFO  main     Reading C:\Users\lwilker\Documents\GitHub\SWERVE-data\data_original\tva\2023-03-23\gic\GIC-measured\gic-bradley_20230323.csv
2026-10-06T16:49:04.125664Z INFO  main     Running automated error checks on GIC measured data
2026-10-06T16:49:10.874903Z INFO  main     Uniq dts [ns] = [1000000000]
2026-10-06T16:49:10.874903Z INFO  main     Uniq dts [#]  = 1
2026-10-06T16:49:11.008232Z INFO  main     
Resample to 1m aves and NaN pad or trim to start/stop.
2026-10-06T16:49:11.204925Z INFO  main     Writing C:\Users\lwilker\Documents\GitHub\SWERVE-data\data_processed\2023-03-23\sites\bradley\data\GIC_measured_TVA.pkl
2026-10-06T16:49:11.387614Z INFO  main   Writing C:\Users\lwilker\Documents\GitHub\SWERVE-data\data_processed\2023-03-23\sites\bradley\data\_all.pkl
2026-10-06T16:49:11.573143Z INFO  main Computing stats for 'Bradley' data
2026-10-06T16:49:11.724085Z INFO  main   Uniq dts [ns] = [1000000000]
2026-10-06T16:49:11.724085Z INFO  main   Uniq dts [#]  = 1
2026-10-06T16:49:11.724085Z INFO  main   Stats for GIC/measured/TVA:
2026-10-06T16:49:11.724085Z INFO  main 
    std: : [0.43686308423335396]
    ave: : [0.01856011103993168]
    min: : [-2.322666666666666]
    max: : [2.036166666666667]
    n: 1561
    n_valid: : [1561]
    dt_original: : [1000000000]
2026-10-06T16:49:11.724085Z INFO  main Plotting 'Bradley' data for event '2023-03-23'
2026-10-06T16:49:11.724085Z INFO  main   Plotting 'Bradley/GIC/measured/TVA' original vs. modified data for event '2023-03-23'
2026-10-06T16:49:13.898058Z INFO  main     Writing C:\Users\lwilker\Documents\GitHub\SWERVE-data\data_processed/2023-03-23/sites/bradley/figures\original\GIC_measured_TVA.png
2026-10-06T16:49:14.367647Z INFO  main     Writing C:\Users\lwilker\Documents\GitHub\SWERVE-data\data_processed/2023-03-23/sites/bradley/figures\original\GIC_measured_TVA.pdf
2026-10-06T16:49:14.479873Z INFO  main Reading 'Bradley' data for event '2016-02-17'
2026-10-06T16:49:14.484950Z INFO  main   Reading 'GIC/measured/TVA' data for event '2016-02-17'
2026-10-06T16:49:14.484950Z INFO  main     Reading C:\Users\lwilker\Documents\GitHub\SWERVE-data\data_original\tva\2016-02-17\gic\GIC-measured\gic-bradley_20160217.csv
2026-10-06T16:49:15.138943Z INFO  main     Running automated error checks on GIC measured data
2026-10-06T16:49:16.800895Z INFO  main     Uniq dts [ns] = [2000000000]
2026-10-06T16:49:16.800895Z INFO  main     Uniq dts [#]  = 1
2026-10-06T16:49:16.834219Z INFO  main     
Resample to 1m aves and NaN pad or trim to start/stop.
2026-10-06T16:49:16.921448Z INFO  main     Writing C:\Users\lwilker\Documents\GitHub\SWERVE-data\data_processed\2016-02-17\sites\bradley\data\GIC_measured_TVA.pkl
2026-10-06T16:49:16.958113Z INFO  main   Writing C:\Users\lwilker\Documents\GitHub\SWERVE-data\data_processed\2016-02-17\sites\bradley\data\_all.pkl
2026-10-06T16:49:17.012422Z INFO  main Computing stats for 'Bradley' data
2026-10-06T16:49:17.039944Z INFO  main   Uniq dts [ns] = [2000000000]
2026-10-06T16:49:17.039944Z INFO  main   Uniq dts [#]  = 1
2026-10-06T16:49:17.039944Z INFO  main   Stats for GIC/measured/TVA:
2026-10-06T16:49:17.039944Z INFO  main 
    std: : [0.09316496637062463]
    ave: : [-0.5284660968660968]
    min: : [-0.842]
    max: : [-0.13733333333333334]
    n: 2581
    n_valid: : [1170]
    dt_original: : [2000000000]
2026-10-06T16:49:17.039944Z INFO  main Plotting 'Bradley' data for event '2016-02-17'
2026-10-06T16:49:17.055402Z INFO  main   Plotting 'Bradley/GIC/measured/TVA' original vs. modified data for event '2016-02-17'
2026-10-06T16:49:18.849655Z INFO  main     Writing C:\Users\lwilker\Documents\GitHub\SWERVE-data\data_processed/2016-02-17/sites/bradley/figures\original\GIC_measured_TVA.png
2026-10-06T16:49:19.441032Z INFO  main     Writing C:\Users\lwilker\Documents\GitHub\SWERVE-data\data_processed/2016-02-17/sites/bradley/figures\original\GIC_measured_TVA.pdf
2026-10-06T16:49:19.568495Z INFO  main Reading 'Bradley' data for event '2024-05-10'
2026-10-06T16:49:19.568495Z INFO  main   Reading 'GIC/measured/TVA' data for event '2024-05-10'
2026-10-06T16:49:19.577985Z INFO  main     Reading C:\Users\lwilker\Documents\GitHub\SWERVE-data\data_original\tva\2024-05-10\gic\GIC-measured\gic-bradley_20240510.csv
2026-10-06T16:49:23.359918Z INFO  main     Running automated error checks on GIC measured data
2026-10-06T16:49:33.077826Z INFO  main     Uniq dts [ns] = [1000000000]
2026-10-06T16:49:33.077826Z INFO  main     Uniq dts [#]  = 1
2026-10-06T16:49:33.260333Z INFO  main     
Resample to 1m aves and NaN pad or trim to start/stop.
2026-10-06T16:49:33.562562Z INFO  main     Writing C:\Users\lwilker\Documents\GitHub\SWERVE-data\data_processed\2024-05-10\sites\bradley\data\GIC_measured_TVA.pkl
2026-10-06T16:49:33.862147Z INFO  main   Writing C:\Users\lwilker\Documents\GitHub\SWERVE-data\data_processed\2024-05-10\sites\bradley\data\_all.pkl
2026-10-06T16:49:34.226456Z INFO  main Computing stats for 'Bradley' data
2026-10-06T16:49:34.473341Z INFO  main   Uniq dts [ns] = [1000000000]
2026-10-06T16:49:34.473341Z INFO  main   Uniq dts [#]  = 1
2026-10-06T16:49:34.473341Z INFO  main   Stats for GIC/measured/TVA:
2026-10-06T16:49:34.473341Z INFO  main 
    std: : [0.41146138313725955]
    ave: : [0.005256229531539217]
    min: : [-2.3675]
    max: : [1.7946666666666666]
    n: 2341
    n_valid: : [2341]
    dt_original: : [1000000000]
2026-10-06T16:49:34.487856Z INFO  main Plotting 'Bradley' data for event '2024-05-10'
2026-10-06T16:49:34.493215Z INFO  main   Plotting 'Bradley/GIC/measured/TVA' original vs. modified data for event '2024-05-10'
2026-10-06T16:49:36.949442Z INFO  main     Writing C:\Users\lwilker\Documents\GitHub\SWERVE-data\data_processed/2024-05-10/sites/bradley/figures\original\GIC_measured_TVA.png
2026-10-06T16:49:37.554278Z INFO  main     Writing C:\Users\lwilker\Documents\GitHub\SWERVE-data\data_processed/2024-05-10/sites/bradley/figures\original\GIC_measured_TVA.pdf
2026-10-06T16:49:37.686710Z INFO  main Reading 'Bradley' data for event '2015-10-07'
2026-10-06T16:49:37.702270Z INFO  main   Reading 'GIC/measured/TVA' data for event '2015-10-07'
2026-10-06T16:49:37.705675Z INFO  main     Reading C:\Users\lwilker\Documents\GitHub\SWERVE-data\data_original\tva\2015-10-07\gic\GIC-measured\gic-bradley_20151007.csv
2026-10-06T16:49:38.940401Z INFO  main     Running automated error checks on GIC measured data
2026-10-06T16:49:42.261873Z INFO  main     Uniq dts [ns] = [ 2000000000  4000000000  8000000000 44000000000 46000000000]
2026-10-06T16:49:42.261873Z INFO  main     Uniq dts [#]  = 5
2026-10-06T16:49:42.302907Z INFO  main     
Resample to 1m aves and NaN pad or trim to start/stop.
2026-10-06T16:49:42.418895Z INFO  main     Writing C:\Users\lwilker\Documents\GitHub\SWERVE-data\data_processed\2015-10-07\sites\bradley\data\GIC_measured_TVA.pkl
2026-10-06T16:49:42.565927Z INFO  main   Writing C:\Users\lwilker\Documents\GitHub\SWERVE-data\data_processed\2015-10-07\sites\bradley\data\_all.pkl
2026-10-06T16:49:42.667173Z INFO  main Computing stats for 'Bradley' data
2026-10-06T16:49:42.742247Z INFO  main   Uniq dts [ns] = [ 2000000000  4000000000  8000000000 44000000000 46000000000]
2026-10-06T16:49:42.743248Z INFO  main   Uniq dts [#]  = 5
2026-10-06T16:49:42.743248Z INFO  main   Stats for GIC/measured/TVA:
2026-10-06T16:49:42.743248Z INFO  main 
    std: : [0.33828712466858346]
    ave: : [-0.023329185352247806]
    min: : [-1.8143333333333334]
    max: : [1.5726666666666667]
    n: 1741
    n_valid: : [1741]
    dt_original: : [2000000000 nanoseconds, 4000000000 nanoseconds, ..., 44000000000 nanoseconds, 46000000000 nanoseconds] (5 elements)
2026-10-06T16:49:42.745261Z INFO  main Plotting 'Bradley' data for event '2015-10-07'
2026-10-06T16:49:42.748251Z INFO  main   Plotting 'Bradley/GIC/measured/TVA' original vs. modified data for event '2015-10-07'
2026-10-06T16:49:45.000201Z INFO  main     Writing C:\Users\lwilker\Documents\GitHub\SWERVE-data\data_processed/2015-10-07/sites/bradley/figures\original\GIC_measured_TVA.png
2026-10-06T16:49:45.675227Z INFO  main     Writing C:\Users\lwilker\Documents\GitHub\SWERVE-data\data_processed/2015-10-07/sites/bradley/figures\original\GIC_measured_TVA.pdf
2026-10-06T16:49:45.797752Z INFO  main Reading 'Montgomery' data for event '2015-03-17'
2026-10-06T16:49:45.800265Z INFO  main   Reading 'GIC/measured/TVA' data for event '2015-03-17'
2026-10-06T16:49:45.802293Z INFO  main     Reading C:\Users\lwilker\Documents\GitHub\SWERVE-data\data_original\tva\2015-03-17\gic\GIC-measured\gic-montgomery_20150317.csv
2026-10-06T16:49:47.081600Z INFO  main     Running automated error checks on GIC measured data
2026-10-06T16:49:50.378652Z INFO  main     Uniq dts [ns] = [2000000000]
2026-10-06T16:49:50.378652Z INFO  main     Uniq dts [#]  = 1
2026-10-06T16:49:50.478224Z INFO  main     
Resample to 1m aves and NaN pad or trim to start/stop.
2026-10-06T16:49:50.618360Z INFO  main     Writing C:\Users\lwilker\Documents\GitHub\SWERVE-data\data_processed\2015-03-17\sites\montgomery\data\GIC_measured_TVA.pkl
2026-10-06T16:49:50.715988Z INFO  main   Writing C:\Users\lwilker\Documents\GitHub\SWERVE-data\data_processed\2015-03-17\sites\montgomery\data\_all.pkl
2026-10-06T16:49:50.795760Z INFO  main Computing stats for 'Montgomery' data
2026-10-06T16:49:50.894840Z INFO  main   Uniq dts [ns] = [2000000000]
2026-10-06T16:49:50.894840Z INFO  main   Uniq dts [#]  = 1
2026-10-06T16:49:50.894840Z INFO  main   Stats for GIC/measured/TVA:
2026-10-06T16:49:50.894840Z INFO  main 
    std: : [1.5069537587442778]
    ave: : [-0.09112788478223148]
    min: : [-12.511]
    max: : [10.165]
    n: 1921
    n_valid: : [1921]
    dt_original: : [2000000000]
2026-10-06T16:49:50.894840Z INFO  main Plotting 'Montgomery' data for event '2015-03-17'
2026-10-06T16:49:50.905102Z INFO  main   Plotting 'Montgomery/GIC/measured/TVA' original vs. modified data for event '2015-03-17'
2026-10-06T16:49:52.641351Z INFO  main     Writing C:\Users\lwilker\Documents\GitHub\SWERVE-data\data_processed/2015-03-17/sites/montgomery/figures\original\GIC_measured_TVA.png
2026-10-06T16:49:53.123710Z INFO  main     Writing C:\Users\lwilker\Documents\GitHub\SWERVE-data\data_processed/2015-03-17/sites/montgomery/figures\original\GIC_measured_TVA.pdf
2026-10-06T16:49:53.267791Z INFO  main Reading 'Montgomery' data for event '2015-06-22'
2026-10-06T16:49:53.273240Z INFO  main   Reading 'GIC/measured/TVA' data for event '2015-06-22'
2026-10-06T16:49:53.277022Z INFO  main     Reading C:\Users\lwilker\Documents\GitHub\SWERVE-data\data_original\tva\2015-06-22\gic\GIC-measured\gic-montgomery_20150622.csv
2026-10-06T16:49:54.528362Z INFO  main     Running automated error checks on GIC measured data
2026-10-06T16:49:57.800190Z INFO  main     Uniq dts [ns] = [ 2000000000  4000000000 28000000000 50000000000 58000000000]
2026-10-06T16:49:57.801403Z INFO  main     Uniq dts [#]  = 5
2026-10-06T16:49:57.842492Z INFO  main     
Resample to 1m aves and NaN pad or trim to start/stop.
2026-10-06T16:49:57.958772Z INFO  main     Writing C:\Users\lwilker\Documents\GitHub\SWERVE-data\data_processed\2015-06-22\sites\montgomery\data\GIC_measured_TVA.pkl
2026-10-06T16:49:58.088222Z INFO  main   Writing C:\Users\lwilker\Documents\GitHub\SWERVE-data\data_processed\2015-06-22\sites\montgomery\data\_all.pkl
2026-10-06T16:49:58.187789Z INFO  main Computing stats for 'Montgomery' data
2026-10-06T16:49:58.267207Z INFO  main   Uniq dts [ns] = [ 2000000000  4000000000 28000000000 50000000000 58000000000]
2026-10-06T16:49:58.268207Z INFO  main   Uniq dts [#]  = 5
2026-10-06T16:49:58.268207Z INFO  main   Stats for GIC/measured/TVA:
2026-10-06T16:49:58.268207Z INFO  main 
    std: : [1.0439709729995303]
    ave: : [-0.013849761081476585]
    min: : [-5.583666666666667]
    max: : [7.247]
    n: 1981
    n_valid: : [1981]
    dt_original: : [2000000000 nanoseconds, 4000000000 nanoseconds, ..., 50000000000 nanoseconds, 58000000000 nanoseconds] (5 elements)
2026-10-06T16:49:58.269207Z INFO  main Plotting 'Montgomery' data for event '2015-06-22'
2026-10-06T16:49:58.270207Z INFO  main   Plotting 'Montgomery/GIC/measured/TVA' original vs. modified data for event '2015-06-22'
2026-10-06T16:49:59.995976Z INFO  main     Writing C:\Users\lwilker\Documents\GitHub\SWERVE-data\data_processed/2015-06-22/sites/montgomery/figures\original\GIC_measured_TVA.png
2026-10-06T16:50:00.481605Z INFO  main     Writing C:\Users\lwilker\Documents\GitHub\SWERVE-data\data_processed/2015-06-22/sites/montgomery/figures\original\GIC_measured_TVA.pdf
2026-10-06T16:50:00.618399Z INFO  main Reading 'Montgomery' data for event '2014-09-11'
2026-10-06T16:50:00.634080Z INFO  main   Reading 'GIC/measured/TVA' data for event '2014-09-11'
2026-10-06T16:50:00.637857Z INFO  main     Reading C:\Users\lwilker\Documents\GitHub\SWERVE-data\data_original\tva\2014-09-11\gic\GIC-measured\gic-montgomery_20140911.csv
2026-10-06T16:50:02.502075Z INFO  main     Running automated error checks on GIC measured data
2026-10-06T16:50:07.514372Z INFO  main     Uniq dts [ns] = [2000000000]
2026-10-06T16:50:07.514372Z INFO  main     Uniq dts [#]  = 1
2026-10-06T16:50:07.635923Z INFO  main     
Resample to 1m aves and NaN pad or trim to start/stop.
2026-10-06T16:50:07.774024Z INFO  main     Writing C:\Users\lwilker\Documents\GitHub\SWERVE-data\data_processed\2014-09-11\sites\montgomery\data\GIC_measured_TVA.pkl
2026-10-06T16:50:07.896259Z INFO  main   Writing C:\Users\lwilker\Documents\GitHub\SWERVE-data\data_processed\2014-09-11\sites\montgomery\data\_all.pkl
2026-10-06T16:50:08.015001Z INFO  main Computing stats for 'Montgomery' data
2026-10-06T16:50:08.147129Z INFO  main   Uniq dts [ns] = [ 2000000000 36000000000]
2026-10-06T16:50:08.147129Z INFO  main   Uniq dts [#]  = 2
2026-10-06T16:50:08.147129Z INFO  main   Stats for GIC/measured/TVA:
2026-10-06T16:50:08.147129Z INFO  main 
    std: : [0.4338317199512968]
    ave: : [0.23761474435196195]
    min: : [-1.3126666666666666]
    max: : [1.7806666666666666]
    n: 841
    n_valid: : [841]
    dt_original: : [2000000000, 36000000000]
2026-10-06T16:50:08.147129Z INFO  main Plotting 'Montgomery' data for event '2014-09-11'
2026-10-06T16:50:08.147129Z INFO  main   Plotting 'Montgomery/GIC/measured/TVA' original vs. modified data for event '2014-09-11'
2026-10-06T16:50:09.989926Z INFO  main     Writing C:\Users\lwilker\Documents\GitHub\SWERVE-data\data_processed/2014-09-11/sites/montgomery/figures\original\GIC_measured_TVA.png
2026-10-06T16:50:10.554983Z INFO  main     Writing C:\Users\lwilker\Documents\GitHub\SWERVE-data\data_processed/2014-09-11/sites/montgomery/figures\original\GIC_measured_TVA.pdf
2026-10-06T16:50:10.678309Z INFO  main Reading 'Montgomery' data for event '2023-03-23'
2026-10-06T16:50:10.678309Z INFO  main   Reading 'GIC/measured/TVA' data for event '2023-03-23'
2026-10-06T16:50:10.688696Z INFO  main     Reading C:\Users\lwilker\Documents\GitHub\SWERVE-data\data_original\tva\2023-03-23\gic\GIC-measured\gic-montgomery_20230323.csv
2026-10-06T16:50:13.218904Z INFO  main     Running automated error checks on GIC measured data
2026-10-06T16:50:19.896839Z INFO  main     Uniq dts [ns] = [1000000000 7000000000]
2026-10-06T16:50:19.896839Z INFO  main     Uniq dts [#]  = 2
2026-10-06T16:50:20.049918Z INFO  main     
Resample to 1m aves and NaN pad or trim to start/stop.
2026-10-06T16:50:20.248910Z INFO  main     Writing C:\Users\lwilker\Documents\GitHub\SWERVE-data\data_processed\2023-03-23\sites\montgomery\data\GIC_measured_TVA.pkl
2026-10-06T16:50:20.416478Z INFO  main   Writing C:\Users\lwilker\Documents\GitHub\SWERVE-data\data_processed\2023-03-23\sites\montgomery\data\_all.pkl
2026-10-06T16:50:20.563742Z INFO  main Computing stats for 'Montgomery' data
2026-10-06T16:50:20.716624Z INFO  main   Uniq dts [ns] = [1000000000 2000000000 7000000000]
2026-10-06T16:50:20.732365Z INFO  main   Uniq dts [#]  = 3
2026-10-06T16:50:20.732365Z INFO  main   Stats for GIC/measured/TVA:
2026-10-06T16:50:20.732365Z INFO  main 
    std: : [2.076248301454812]
    ave: : [0.034416162478942754]
    min: : [-13.062166666666666]
    max: : [16.480666666666668]
    n: 1561
    n_valid: : [1561]
    dt_original: : [1000000000, 2000000000, 7000000000]
2026-10-06T16:50:20.732365Z INFO  main Plotting 'Montgomery' data for event '2023-03-23'
2026-10-06T16:50:20.732365Z INFO  main   Plotting 'Montgomery/GIC/measured/TVA' original vs. modified data for event '2023-03-23'
2026-10-06T16:50:22.823049Z INFO  main     Writing C:\Users\lwilker\Documents\GitHub\SWERVE-data\data_processed/2023-03-23/sites/montgomery/figures\original\GIC_measured_TVA.png
2026-10-06T16:50:23.279528Z INFO  main     Writing C:\Users\lwilker\Documents\GitHub\SWERVE-data\data_processed/2023-03-23/sites/montgomery/figures\original\GIC_measured_TVA.pdf
2026-10-06T16:50:23.415920Z INFO  main Reading 'Montgomery' data for event '2016-02-17'
2026-10-06T16:50:23.433692Z INFO  main   Reading 'GIC/measured/TVA' data for event '2016-02-17'
2026-10-06T16:50:23.436952Z INFO  main     Reading C:\Users\lwilker\Documents\GitHub\SWERVE-data\data_original\tva\2016-02-17\gic\GIC-measured\gic-montgomery_20160217.csv
2026-10-06T16:50:24.079482Z INFO  main     Running automated error checks on GIC measured data
2026-10-06T16:50:25.615373Z INFO  main     Uniq dts [ns] = [2000000000]
2026-10-06T16:50:25.615373Z INFO  main     Uniq dts [#]  = 1
2026-10-06T16:50:25.653192Z INFO  main     
Resample to 1m aves and NaN pad or trim to start/stop.
2026-10-06T16:50:25.724500Z INFO  main     Writing C:\Users\lwilker\Documents\GitHub\SWERVE-data\data_processed\2016-02-17\sites\montgomery\data\GIC_measured_TVA.pkl
2026-10-06T16:50:25.773189Z INFO  main   Writing C:\Users\lwilker\Documents\GitHub\SWERVE-data\data_processed\2016-02-17\sites\montgomery\data\_all.pkl
2026-10-06T16:50:25.810303Z INFO  main Computing stats for 'Montgomery' data
2026-10-06T16:50:25.851953Z INFO  main   Uniq dts [ns] = [2000000000]
2026-10-06T16:50:25.852958Z INFO  main   Uniq dts [#]  = 1
2026-10-06T16:50:25.852958Z INFO  main   Stats for GIC/measured/TVA:
2026-10-06T16:50:25.852958Z INFO  main 
    std: : [0.3872351868965157]
    ave: : [-0.3326897435897436]
    min: : [-1.669]
    max: : [1.3816666666666668]
    n: 2581
    n_valid: : [1170]
    dt_original: : [2000000000]
2026-10-06T16:50:25.853954Z INFO  main Plotting 'Montgomery' data for event '2016-02-17'
2026-10-06T16:50:25.854955Z INFO  main   Plotting 'Montgomery/GIC/measured/TVA' original vs. modified data for event '2016-02-17'
2026-10-06T16:50:27.398108Z INFO  main     Writing C:\Users\lwilker\Documents\GitHub\SWERVE-data\data_processed/2016-02-17/sites/montgomery/figures\original\GIC_measured_TVA.png
2026-10-06T16:50:27.953916Z INFO  main     Writing C:\Users\lwilker\Documents\GitHub\SWERVE-data\data_processed/2016-02-17/sites/montgomery/figures\original\GIC_measured_TVA.pdf
2026-10-06T16:50:28.084561Z INFO  main Reading 'Montgomery' data for event '2024-05-10'
2026-10-06T16:50:28.087368Z INFO  main   Reading 'GIC/measured/TVA' data for event '2024-05-10'
2026-10-06T16:50:28.089556Z INFO  main     Reading C:\Users\lwilker\Documents\GitHub\SWERVE-data\data_original\tva\2024-05-10\gic\GIC-measured\gic-montgomery_20240510.csv
2026-10-06T16:50:31.943338Z INFO  main     Running automated error checks on GIC measured data
2026-10-06T16:50:41.859978Z INFO  main     Uniq dts [ns] = [1000000000]
2026-10-06T16:50:41.859978Z INFO  main     Uniq dts [#]  = 1
2026-10-06T16:50:42.031870Z INFO  main     
Resample to 1m aves and NaN pad or trim to start/stop.
2026-10-06T16:50:42.327018Z INFO  main     Writing C:\Users\lwilker\Documents\GitHub\SWERVE-data\data_processed\2024-05-10\sites\montgomery\data\GIC_measured_TVA.pkl
2026-10-06T16:50:42.598746Z INFO  main   Writing C:\Users\lwilker\Documents\GitHub\SWERVE-data\data_processed\2024-05-10\sites\montgomery\data\_all.pkl
2026-10-06T16:50:43.037103Z INFO  main Computing stats for 'Montgomery' data
2026-10-06T16:50:43.265325Z INFO  main   Uniq dts [ns] = [1000000000 2000000000]
2026-10-06T16:50:43.266386Z INFO  main   Uniq dts [#]  = 2
2026-10-06T16:50:43.266386Z INFO  main   Stats for GIC/measured/TVA:
2026-10-06T16:50:43.266386Z INFO  main 
    std: : [3.704430906359362]
    ave: : [0.005764701694432592]
    min: : [-34.30216666666667]
    max: : [22.281]
    n: 2341
    n_valid: : [2341]
    dt_original: : [1000000000, 2000000000]
2026-10-06T16:50:43.266897Z INFO  main Plotting 'Montgomery' data for event '2024-05-10'
2026-10-06T16:50:43.268914Z INFO  main   Plotting 'Montgomery/GIC/measured/TVA' original vs. modified data for event '2024-05-10'
2026-10-06T16:50:45.621922Z INFO  main     Writing C:\Users\lwilker\Documents\GitHub\SWERVE-data\data_processed/2024-05-10/sites/montgomery/figures\original\GIC_measured_TVA.png
2026-10-06T16:50:46.066420Z INFO  main     Writing C:\Users\lwilker\Documents\GitHub\SWERVE-data\data_processed/2024-05-10/sites/montgomery/figures\original\GIC_measured_TVA.pdf
2026-10-06T16:50:46.212768Z INFO  main Reading 'Montgomery' data for event '2015-10-07'
2026-10-06T16:50:46.212768Z INFO  main   Reading 'GIC/measured/TVA' data for event '2015-10-07'
2026-10-06T16:50:46.212768Z INFO  main     Reading C:\Users\lwilker\Documents\GitHub\SWERVE-data\data_original\tva\2015-10-07\gic\GIC-measured\gic-montgomery_20151007.csv
2026-10-06T16:50:47.499628Z INFO  main     Running automated error checks on GIC measured data
2026-10-06T16:50:50.870445Z INFO  main     Uniq dts [ns] = [ 2000000000 22000000000 46000000000 50000000000]
2026-10-06T16:50:50.870445Z INFO  main     Uniq dts [#]  = 4
2026-10-06T16:50:50.916081Z INFO  main     
Resample to 1m aves and NaN pad or trim to start/stop.
2026-10-06T16:50:51.012873Z INFO  main     Writing C:\Users\lwilker\Documents\GitHub\SWERVE-data\data_processed\2015-10-07\sites\montgomery\data\GIC_measured_TVA.pkl
2026-10-06T16:50:51.159702Z INFO  main   Writing C:\Users\lwilker\Documents\GitHub\SWERVE-data\data_processed\2015-10-07\sites\montgomery\data\_all.pkl
2026-10-06T16:50:51.237216Z INFO  main Computing stats for 'Montgomery' data
2026-10-06T16:50:51.316226Z INFO  main   Uniq dts [ns] = [ 2000000000 22000000000 46000000000 50000000000]
2026-10-06T16:50:51.316226Z INFO  main   Uniq dts [#]  = 4
2026-10-06T16:50:51.317228Z INFO  main   Stats for GIC/measured/TVA:
2026-10-06T16:50:51.317228Z INFO  main 
    std: : [0.7469977455761686]
    ave: : [0.10510413298001567]
    min: : [-4.973]
    max: : [4.062666666666667]
    n: 1741
    n_valid: : [1741]
    dt_original: : [2000000000, 22000000000, 46000000000, 50000000000]
2026-10-06T16:50:51.318228Z INFO  main Plotting 'Montgomery' data for event '2015-10-07'
2026-10-06T16:50:51.320227Z INFO  main   Plotting 'Montgomery/GIC/measured/TVA' original vs. modified data for event '2015-10-07'
2026-10-06T16:50:53.103777Z INFO  main     Writing C:\Users\lwilker\Documents\GitHub\SWERVE-data\data_processed/2015-10-07/sites/montgomery/figures\original\GIC_measured_TVA.png
2026-10-06T16:50:53.673286Z INFO  main     Writing C:\Users\lwilker\Documents\GitHub\SWERVE-data\data_processed/2015-10-07/sites/montgomery/figures\original\GIC_measured_TVA.pdf
2026-10-06T16:50:53.792034Z INFO  main Reading 'Southaven' data for event '2015-03-17'
2026-10-06T16:50:53.792034Z INFO  main   Reading 'GIC/measured/TVA' data for event '2015-03-17'
2026-10-06T16:50:53.800664Z INFO  main     Reading C:\Users\lwilker\Documents\GitHub\SWERVE-data\data_original\tva\2015-03-17\gic\GIC-measured\gic-southaven_20150317.csv
2026-10-06T16:50:55.083754Z INFO  main     Running automated error checks on GIC measured data
2026-10-06T16:50:58.281912Z INFO  main     Uniq dts [ns] = [2000000000 4000000000 6000000000]
2026-10-06T16:50:58.281912Z INFO  main     Uniq dts [#]  = 3
2026-10-06T16:50:58.331345Z INFO  main     
Resample to 1m aves and NaN pad or trim to start/stop.
2026-10-06T16:50:58.423374Z INFO  main     Writing C:\Users\lwilker\Documents\GitHub\SWERVE-data\data_processed\2015-03-17\sites\southaven\data\GIC_measured_TVA.pkl
2026-10-06T16:50:58.586124Z INFO  main   Writing C:\Users\lwilker\Documents\GitHub\SWERVE-data\data_processed\2015-03-17\sites\southaven\data\_all.pkl
2026-10-06T16:50:58.684984Z INFO  main Computing stats for 'Southaven' data
2026-10-06T16:50:58.804607Z INFO  main   Uniq dts [ns] = [2000000000 4000000000 6000000000]
2026-10-06T16:50:58.804607Z INFO  main   Uniq dts [#]  = 3
2026-10-06T16:50:58.804607Z INFO  main   Stats for GIC/measured/TVA:
2026-10-06T16:50:58.804607Z INFO  main 
    std: : [0.31478013207265787]
    ave: : [-0.049337236932544694]
    min: : [-1.6400000000000001]
    max: : [3.671]
    n: 1921
    n_valid: : [1921]
    dt_original: : [2000000000, 4000000000, 6000000000]
2026-10-06T16:50:58.804607Z INFO  main Plotting 'Southaven' data for event '2015-03-17'
2026-10-06T16:50:58.804607Z INFO  main   Plotting 'Southaven/GIC/measured/TVA' original vs. modified data for event '2015-03-17'
2026-10-06T16:51:00.681027Z INFO  main     Writing C:\Users\lwilker\Documents\GitHub\SWERVE-data\data_processed/2015-03-17/sites/southaven/figures\original\GIC_measured_TVA.png
2026-10-06T16:51:01.308192Z INFO  main     Writing C:\Users\lwilker\Documents\GitHub\SWERVE-data\data_processed/2015-03-17/sites/southaven/figures\original\GIC_measured_TVA.pdf
2026-10-06T16:51:01.419645Z INFO  main Reading 'Southaven' data for event '2015-06-22'
2026-10-06T16:51:01.419645Z INFO  main   Reading 'GIC/measured/TVA' data for event '2015-06-22'
2026-10-06T16:51:01.425924Z INFO  main     Reading C:\Users\lwilker\Documents\GitHub\SWERVE-data\data_original\tva\2015-06-22\gic\GIC-measured\gic-southaven_20150622.csv
2026-10-06T16:51:02.702051Z INFO  main     Running automated error checks on GIC measured data
2026-10-06T16:51:06.041831Z INFO  main     Uniq dts [ns] = [ 2000000000  4000000000 60000000000]
2026-10-06T16:51:06.041831Z INFO  main     Uniq dts [#]  = 3
2026-10-06T16:51:06.096689Z INFO  main     
Resample to 1m aves and NaN pad or trim to start/stop.
2026-10-06T16:51:06.198860Z INFO  main     Writing C:\Users\lwilker\Documents\GitHub\SWERVE-data\data_processed\2015-06-22\sites\southaven\data\GIC_measured_TVA.pkl
2026-10-06T16:51:06.332021Z INFO  main   Writing C:\Users\lwilker\Documents\GitHub\SWERVE-data\data_processed\2015-06-22\sites\southaven\data\_all.pkl
2026-10-06T16:51:06.431930Z INFO  main Computing stats for 'Southaven' data
2026-10-06T16:51:06.516961Z INFO  main   Uniq dts [ns] = [ 2000000000  4000000000 60000000000]
2026-10-06T16:51:06.516961Z INFO  main   Uniq dts [#]  = 3
2026-10-06T16:51:06.516961Z INFO  main   Stats for GIC/measured/TVA:
2026-10-06T16:51:06.516961Z INFO  main 
    std: : [0.27401731773889826]
    ave: : [0.0110615229325555]
    min: : [-2.6043333333333334]
    max: : [1.8406666666666667]
    n: 1981
    n_valid: : [1981]
    dt_original: : [2000000000, 4000000000, 60000000000]
2026-10-06T16:51:06.516961Z INFO  main Plotting 'Southaven' data for event '2015-06-22'
2026-10-06T16:51:06.516961Z INFO  main   Plotting 'Southaven/GIC/measured/TVA' original vs. modified data for event '2015-06-22'
2026-10-06T16:51:08.484551Z INFO  main     Writing C:\Users\lwilker\Documents\GitHub\SWERVE-data\data_processed/2015-06-22/sites/southaven/figures\original\GIC_measured_TVA.png
2026-10-06T16:51:08.999253Z INFO  main     Writing C:\Users\lwilker\Documents\GitHub\SWERVE-data\data_processed/2015-06-22/sites/southaven/figures\original\GIC_measured_TVA.pdf
2026-10-06T16:51:09.113099Z INFO  main Reading 'Southaven' data for event '2014-09-11'
2026-10-06T16:51:09.113099Z INFO  main   Reading 'GIC/measured/TVA' data for event '2014-09-11'
2026-10-06T16:51:09.123516Z INFO  main     Reading C:\Users\lwilker\Documents\GitHub\SWERVE-data\data_original\tva\2014-09-11\gic\GIC-measured\gic-southaven_20140911.csv
2026-10-06T16:51:10.971318Z INFO  main     Running automated error checks on GIC measured data
2026-10-06T16:51:15.719619Z INFO  main     Uniq dts [ns] = [2000000000]
2026-10-06T16:51:15.719619Z INFO  main     Uniq dts [#]  = 1
2026-10-06T16:51:15.872587Z INFO  main     Baseline offset of 1.28 A corrected. 
Resample to 1m aves and NaN pad or trim to start/stop.
2026-10-06T16:51:16.005812Z INFO  main     Writing C:\Users\lwilker\Documents\GitHub\SWERVE-data\data_processed\2014-09-11\sites\southaven\data\GIC_measured_TVA.pkl
2026-10-06T16:51:16.125098Z INFO  main   Writing C:\Users\lwilker\Documents\GitHub\SWERVE-data\data_processed\2014-09-11\sites\southaven\data\_all.pkl
2026-10-06T16:51:16.256517Z INFO  main Computing stats for 'Southaven' data
2026-10-06T16:51:16.374213Z INFO  main   Uniq dts [ns] = [ 2000000000  4000000000 24000000000]
2026-10-06T16:51:16.374213Z INFO  main   Uniq dts [#]  = 3
2026-10-06T16:51:16.374213Z INFO  main   Stats for GIC/measured/TVA:
2026-10-06T16:51:16.374213Z INFO  main 
    std: : [0.17626447558948286]
    ave: : [-0.022992469282600122]
    min: : [-0.4816666666666667]
    max: : [0.5626666666666666]
    n: 841
    n_valid: : [841]
    dt_original: : [2000000000, 4000000000, 24000000000]
2026-10-06T16:51:16.374213Z INFO  main Plotting 'Southaven' data for event '2014-09-11'
2026-10-06T16:51:16.374213Z INFO  main   Plotting 'Southaven/GIC/measured/TVA' original vs. modified data for event '2014-09-11'
2026-10-06T16:51:18.401272Z INFO  main     Writing C:\Users\lwilker\Documents\GitHub\SWERVE-data\data_processed/2014-09-11/sites/southaven/figures\original\GIC_measured_TVA.png
2026-10-06T16:51:19.003628Z INFO  main     Writing C:\Users\lwilker\Documents\GitHub\SWERVE-data\data_processed/2014-09-11/sites/southaven/figures\original\GIC_measured_TVA.pdf
2026-10-06T16:51:19.157668Z INFO  main Reading 'Southaven' data for event '2023-03-23'
2026-10-06T16:51:19.165844Z INFO  main   Reading 'GIC/measured/TVA' data for event '2023-03-23'
2026-10-06T16:51:19.169440Z INFO  main     Reading C:\Users\lwilker\Documents\GitHub\SWERVE-data\data_original\tva\2023-03-23\gic\GIC-measured\gic-southaven_20230323.csv
2026-10-06T16:51:21.617684Z INFO  main     Running automated error checks on GIC measured data
2026-10-06T16:51:28.398500Z INFO  main     Uniq dts [ns] = [1000000000]
2026-10-06T16:51:28.398500Z INFO  main     Uniq dts [#]  = 1
2026-10-06T16:51:28.519322Z INFO  main     
Resample to 1m aves and NaN pad or trim to start/stop.
2026-10-06T16:51:28.708854Z INFO  main     Writing C:\Users\lwilker\Documents\GitHub\SWERVE-data\data_processed\2023-03-23\sites\southaven\data\GIC_measured_TVA.pkl
2026-10-06T16:51:28.895037Z INFO  main   Writing C:\Users\lwilker\Documents\GitHub\SWERVE-data\data_processed\2023-03-23\sites\southaven\data\_all.pkl
2026-10-06T16:51:29.077160Z INFO  main Computing stats for 'Southaven' data
2026-10-06T16:51:29.251664Z INFO  main   Uniq dts [ns] = [1000000000 2000000000]
2026-10-06T16:51:29.251664Z INFO  main   Uniq dts [#]  = 2
2026-10-06T16:51:29.251664Z INFO  main   Stats for GIC/measured/TVA:
2026-10-06T16:51:29.251664Z INFO  main 
    std: : [0.30432936456291476]
    ave: : [0.054862694853726246]
    min: : [-1.8458333333333334]
    max: : [2.661]
    n: 1561
    n_valid: : [1561]
    dt_original: : [1000000000, 2000000000]
2026-10-06T16:51:29.251664Z INFO  main Plotting 'Southaven' data for event '2023-03-23'
2026-10-06T16:51:29.255292Z INFO  main   Plotting 'Southaven/GIC/measured/TVA' original vs. modified data for event '2023-03-23'
2026-10-06T16:51:31.341147Z INFO  main     Writing C:\Users\lwilker\Documents\GitHub\SWERVE-data\data_processed/2023-03-23/sites/southaven/figures\original\GIC_measured_TVA.png
2026-10-06T16:51:31.907821Z INFO  main     Writing C:\Users\lwilker\Documents\GitHub\SWERVE-data\data_processed/2023-03-23/sites/southaven/figures\original\GIC_measured_TVA.pdf
2026-10-06T16:51:32.045836Z INFO  main Reading 'Southaven' data for event '2016-02-17'
2026-10-06T16:51:32.045836Z INFO  main   Reading 'GIC/measured/TVA' data for event '2016-02-17'
2026-10-06T16:51:32.052551Z INFO  main     Reading C:\Users\lwilker\Documents\GitHub\SWERVE-data\data_original\tva\2016-02-17\gic\GIC-measured\gic-southaven_20160217.csv
2026-10-06T16:51:32.701489Z INFO  main     Running automated error checks on GIC measured data
2026-10-06T16:51:34.340201Z INFO  main     Uniq dts [ns] = [ 2000000000  6000000000 10000000000 26000000000]
2026-10-06T16:51:34.340201Z INFO  main     Uniq dts [#]  = 4
2026-10-06T16:51:34.448609Z INFO  main     
Resample to 1m aves and NaN pad or trim to start/stop.
2026-10-06T16:51:34.519426Z INFO  main     Writing C:\Users\lwilker\Documents\GitHub\SWERVE-data\data_processed\2016-02-17\sites\southaven\data\GIC_measured_TVA.pkl
2026-10-06T16:51:34.579776Z INFO  main   Writing C:\Users\lwilker\Documents\GitHub\SWERVE-data\data_processed\2016-02-17\sites\southaven\data\_all.pkl
2026-10-06T16:51:34.621051Z INFO  main Computing stats for 'Southaven' data
2026-10-06T16:51:34.665339Z INFO  main   Uniq dts [ns] = [ 2000000000  6000000000 10000000000 26000000000]
2026-10-06T16:51:34.665339Z INFO  main   Uniq dts [#]  = 4
2026-10-06T16:51:34.665339Z INFO  main   Stats for GIC/measured/TVA:
2026-10-06T16:51:34.665339Z INFO  main 
    std: : [0.2991222401031243]
    ave: : [0.5261167056908547]
    min: : [-0.31533333333333335]
    max: : [1.1516666666666666]
    n: 2581
    n_valid: : [1170]
    dt_original: : [2000000000, 6000000000, 10000000000, 26000000000]
2026-10-06T16:51:34.667345Z INFO  main Plotting 'Southaven' data for event '2016-02-17'
2026-10-06T16:51:34.667345Z INFO  main   Plotting 'Southaven/GIC/measured/TVA' original vs. modified data for event '2016-02-17'
2026-10-06T16:51:37.236061Z INFO  main     Writing C:\Users\lwilker\Documents\GitHub\SWERVE-data\data_processed/2016-02-17/sites/southaven/figures\original\GIC_measured_TVA.png
2026-10-06T16:51:38.166006Z INFO  main     Writing C:\Users\lwilker\Documents\GitHub\SWERVE-data\data_processed/2016-02-17/sites/southaven/figures\original\GIC_measured_TVA.pdf
2026-10-06T16:51:38.302354Z INFO  main Reading 'Southaven' data for event '2024-05-10'
2026-10-06T16:51:38.308562Z INFO  main   Reading 'GIC/measured/TVA' data for event '2024-05-10'
2026-10-06T16:51:38.310785Z INFO  main     Reading C:\Users\lwilker\Documents\GitHub\SWERVE-data\data_original\tva\2024-05-10\gic\GIC-measured\gic-southaven_20240510.csv
2026-10-06T16:51:42.112788Z INFO  main     Running automated error checks on GIC measured data
2026-10-06T16:51:52.320734Z INFO  main     Uniq dts [ns] = [1000000000 2000000000]
2026-10-06T16:51:52.322741Z INFO  main     Uniq dts [#]  = 2
2026-10-06T16:51:52.461124Z INFO  main     
Resample to 1m aves and NaN pad or trim to start/stop.
2026-10-06T16:51:52.730680Z INFO  main     Writing C:\Users\lwilker\Documents\GitHub\SWERVE-data\data_processed\2024-05-10\sites\southaven\data\GIC_measured_TVA.pkl
2026-10-06T16:51:53.058016Z INFO  main   Writing C:\Users\lwilker\Documents\GitHub\SWERVE-data\data_processed\2024-05-10\sites\southaven\data\_all.pkl
2026-10-06T16:51:53.335755Z INFO  main Computing stats for 'Southaven' data
2026-10-06T16:51:53.586678Z INFO  main   Uniq dts [ns] = [1000000000 2000000000]
2026-10-06T16:51:53.586678Z INFO  main   Uniq dts [#]  = 2
2026-10-06T16:51:53.586678Z INFO  main   Stats for GIC/measured/TVA:
2026-10-06T16:51:53.586678Z INFO  main 
    std: : [0.7662272162538085]
    ave: : [-0.04094764659460321]
    min: : [-7.663666666666667]
    max: : [4.477166666666666]
    n: 2341
    n_valid: : [2341]
    dt_original: : [1000000000, 2000000000]
2026-10-06T16:51:53.602617Z INFO  main Plotting 'Southaven' data for event '2024-05-10'
2026-10-06T16:51:53.605403Z INFO  main   Plotting 'Southaven/GIC/measured/TVA' original vs. modified data for event '2024-05-10'
2026-10-06T16:51:56.066335Z INFO  main     Writing C:\Users\lwilker\Documents\GitHub\SWERVE-data\data_processed/2024-05-10/sites/southaven/figures\original\GIC_measured_TVA.png
2026-10-06T16:51:56.600771Z INFO  main     Writing C:\Users\lwilker\Documents\GitHub\SWERVE-data\data_processed/2024-05-10/sites/southaven/figures\original\GIC_measured_TVA.pdf
2026-10-06T16:51:56.757272Z INFO  main Reading 'Raccoon Mountain' data for event '2015-03-17'
2026-10-06T16:51:56.761469Z INFO  main   Reading 'GIC/measured/TVA' data for event '2015-03-17'
2026-10-06T16:51:56.764947Z INFO  main     Reading C:\Users\lwilker\Documents\GitHub\SWERVE-data\data_original\tva\2015-03-17\gic\GIC-measured\gic-raccoonmountain_20150317.csv
2026-10-06T16:51:58.000643Z INFO  main     Running automated error checks on GIC measured data
2026-10-06T16:52:01.250720Z INFO  main     Uniq dts [ns] = [ 2000000000 10000000000]
2026-10-06T16:52:01.250720Z INFO  main     Uniq dts [#]  = 2
2026-10-06T16:52:01.299515Z INFO  main     
Resample to 1m aves and NaN pad or trim to start/stop.
2026-10-06T16:52:01.405053Z INFO  main     Writing C:\Users\lwilker\Documents\GitHub\SWERVE-data\data_processed\2015-03-17\sites\raccoonmountain\data\GIC_measured_TVA.pkl
2026-10-06T16:52:01.551767Z INFO  main   Reading 'B/measured/TVA' data for event '2015-03-17'
2026-10-06T16:52:01.551767Z INFO  main     Reading C:\Users\lwilker\Documents\GitHub\SWERVE-data\data_original\tva\2015-03-17\mag\raccoonmountain_mag_20240509.csv
2026-10-06T17:04:22.630139Z INFO  main Reading 'Sullivan' data for event '2015-03-17'
2026-10-06T17:04:22.638198Z INFO  main   Reading 'GIC/measured/TVA' data for event '2015-03-17'
2026-10-06T17:04:22.640190Z INFO  main     Reading C:\Users\lwilker\Documents\GitHub\SWERVE-data\data_original\tva\2015-03-17\gic\GIC-measured\gic-sullivan_20150317.csv
2026-10-06T17:04:23.980540Z INFO  main     Running automated error checks on GIC measured data
2026-10-06T17:04:27.207602Z INFO  main     Uniq dts [ns] = [2000000000]
2026-10-06T17:04:27.209610Z INFO  main     Uniq dts [#]  = 1
2026-10-06T17:04:27.263298Z INFO  main     
Resample to 1m aves and NaN pad or trim to start/stop.
2026-10-06T17:04:27.360140Z INFO  main     Writing C:\Users\lwilker\Documents\GitHub\SWERVE-data\data_processed\2015-03-17\sites\sullivan\data\GIC_measured_TVA.pkl
2026-10-06T17:04:27.459461Z INFO  main   Writing C:\Users\lwilker\Documents\GitHub\SWERVE-data\data_processed\2015-03-17\sites\sullivan\data\_all.pkl
2026-10-06T17:04:27.521303Z INFO  main Computing stats for 'Sullivan' data
2026-10-06T17:04:27.596379Z INFO  main   Uniq dts [ns] = [2000000000]
2026-10-06T17:04:27.596379Z INFO  main   Uniq dts [#]  = 1
2026-10-06T17:04:27.597432Z INFO  main   Stats for GIC/measured/TVA:
2026-10-06T17:04:27.597917Z INFO  main 
    std: : [0.18665192786328372]
    ave: : [0.01617421481867083]
    min: : [-1.0813333333333333]
    max: : [1.392]
    n: 1921
    n_valid: : [1921]
    dt_original: : [2000000000]
2026-10-06T17:04:27.959936Z INFO  main Plotting 'Sullivan' data for event '2015-03-17'
2026-10-06T17:04:27.966375Z INFO  main   Plotting 'Sullivan/GIC/measured/TVA' original vs. modified data for event '2015-03-17'
2026-10-06T17:04:30.091028Z INFO  main     Writing C:\Users\lwilker\Documents\GitHub\SWERVE-data\data_processed/2015-03-17/sites/sullivan/figures\original\GIC_measured_TVA.png
2026-10-06T17:04:30.633095Z INFO  main     Writing C:\Users\lwilker\Documents\GitHub\SWERVE-data\data_processed/2015-03-17/sites/sullivan/figures\original\GIC_measured_TVA.pdf
2026-10-06T17:04:30.915337Z INFO  main Reading 'Sullivan' data for event '2015-06-22'
2026-10-06T17:04:30.928354Z INFO  main   Reading 'GIC/measured/TVA' data for event '2015-06-22'
2026-10-06T17:04:30.931355Z INFO  main     Reading C:\Users\lwilker\Documents\GitHub\SWERVE-data\data_original\tva\2015-06-22\gic\GIC-measured\gic-sullivan_20150622.csv
2026-10-06T17:04:32.172437Z INFO  main     Running automated error checks on GIC measured data
2026-10-06T17:04:35.559993Z INFO  main     Uniq dts [ns] = [ 2000000000  4000000000 52000000000 56000000000]
2026-10-06T17:04:35.559993Z INFO  main     Uniq dts [#]  = 4
2026-10-06T17:04:35.606750Z INFO  main     
Resample to 1m aves and NaN pad or trim to start/stop.
2026-10-06T17:04:35.701498Z INFO  main     Writing C:\Users\lwilker\Documents\GitHub\SWERVE-data\data_processed\2015-06-22\sites\sullivan\data\GIC_measured_TVA.pkl
2026-10-06T17:04:35.767488Z INFO  main   Writing C:\Users\lwilker\Documents\GitHub\SWERVE-data\data_processed\2015-06-22\sites\sullivan\data\_all.pkl
2026-10-06T17:04:35.831576Z INFO  main Computing stats for 'Sullivan' data
2026-10-06T17:04:35.912078Z INFO  main   Uniq dts [ns] = [ 2000000000  4000000000  6000000000 52000000000 54000000000 56000000000
 60000000000]
2026-10-06T17:04:35.912078Z INFO  main   Uniq dts [#]  = 7
2026-10-06T17:04:35.913079Z INFO  main   Stats for GIC/measured/TVA:
2026-10-06T17:04:35.913079Z INFO  main 
    std: : [0.16891163311065846]
    ave: : [-0.0065519766313513845]
    min: : [-0.9046666666666667]
    max: : [1.1766666666666665]
    n: 1981
    n_valid: : [1981]
    dt_original: : [2000000000 nanoseconds, 4000000000 nanoseconds, ..., 56000000000 nanoseconds, 60000000000 nanoseconds] (7 elements)
2026-10-06T17:04:35.914079Z INFO  main Plotting 'Sullivan' data for event '2015-06-22'
2026-10-06T17:04:35.919078Z INFO  main   Plotting 'Sullivan/GIC/measured/TVA' original vs. modified data for event '2015-06-22'
2026-10-06T17:04:37.862122Z INFO  main     Writing C:\Users\lwilker\Documents\GitHub\SWERVE-data\data_processed/2015-06-22/sites/sullivan/figures\original\GIC_measured_TVA.png
2026-10-06T17:04:38.431243Z INFO  main     Writing C:\Users\lwilker\Documents\GitHub\SWERVE-data\data_processed/2015-06-22/sites/sullivan/figures\original\GIC_measured_TVA.pdf
2026-10-06T17:04:38.565157Z INFO  main Reading 'Sullivan' data for event '2014-09-11'
2026-10-06T17:04:38.581483Z INFO  main   Reading 'GIC/measured/TVA' data for event '2014-09-11'
2026-10-06T17:04:38.584682Z INFO  main     Reading C:\Users\lwilker\Documents\GitHub\SWERVE-data\data_original\tva\2014-09-11\gic\GIC-measured\gic-sullivan_20140911.csv
2026-10-06T17:04:40.549029Z INFO  main     Running automated error checks on GIC measured data
2026-10-06T17:04:45.627254Z INFO  main     Uniq dts [ns] = [2000000000]
2026-10-06T17:04:45.627254Z INFO  main     Uniq dts [#]  = 1
2026-10-06T17:04:45.758545Z INFO  main     
Resample to 1m aves and NaN pad or trim to start/stop.
2026-10-06T17:04:45.902117Z INFO  main     Writing C:\Users\lwilker\Documents\GitHub\SWERVE-data\data_processed\2014-09-11\sites\sullivan\data\GIC_measured_TVA.pkl
2026-10-06T17:04:46.025876Z INFO  main   Writing C:\Users\lwilker\Documents\GitHub\SWERVE-data\data_processed\2014-09-11\sites\sullivan\data\_all.pkl
2026-10-06T17:04:46.149901Z INFO  main Computing stats for 'Sullivan' data
2026-10-06T17:04:46.290778Z INFO  main   Uniq dts [ns] = [2000000000]
2026-10-06T17:04:46.290778Z INFO  main   Uniq dts [#]  = 1
2026-10-06T17:04:46.290778Z INFO  main   Stats for GIC/measured/TVA:
2026-10-06T17:04:46.290778Z INFO  main 
    std: : [0.13292733859010353]
    ave: : [0.9790503369005151]
    min: : [0.7230000000000001]
    max: : [1.275]
    n: 841
    n_valid: : [841]
    dt_original: : [2000000000]
2026-10-06T17:04:46.290778Z INFO  main Plotting 'Sullivan' data for event '2014-09-11'
2026-10-06T17:04:46.295473Z INFO  main   Plotting 'Sullivan/GIC/measured/TVA' original vs. modified data for event '2014-09-11'
2026-10-06T17:04:48.051379Z INFO  main     Writing C:\Users\lwilker\Documents\GitHub\SWERVE-data\data_processed/2014-09-11/sites/sullivan/figures\original\GIC_measured_TVA.png
2026-10-06T17:04:48.565075Z INFO  main     Writing C:\Users\lwilker\Documents\GitHub\SWERVE-data\data_processed/2014-09-11/sites/sullivan/figures\original\GIC_measured_TVA.pdf
2026-10-06T17:04:48.705367Z INFO  main Reading 'Sullivan' data for event '2023-03-23'
2026-10-06T17:04:48.724247Z INFO  main   Reading 'GIC/measured/TVA' data for event '2023-03-23'
2026-10-06T17:04:48.728263Z INFO  main     Reading C:\Users\lwilker\Documents\GitHub\SWERVE-data\data_original\tva\2023-03-23\gic\GIC-measured\gic-sullivan_20230323.csv
2026-10-06T17:04:51.254878Z INFO  main     Running automated error checks on GIC measured data
2026-10-06T17:04:58.029812Z INFO  main     Uniq dts [ns] = [1000000000 2000000000]
2026-10-06T17:04:58.029812Z INFO  main     Uniq dts [#]  = 2
2026-10-06T17:04:58.101377Z INFO  main     
Resample to 1m aves and NaN pad or trim to start/stop.
2026-10-06T17:04:58.312726Z INFO  main     Writing C:\Users\lwilker\Documents\GitHub\SWERVE-data\data_processed\2023-03-23\sites\sullivan\data\GIC_measured_TVA.pkl
2026-10-06T17:04:58.495274Z INFO  main   Writing C:\Users\lwilker\Documents\GitHub\SWERVE-data\data_processed\2023-03-23\sites\sullivan\data\_all.pkl
2026-10-06T17:04:58.659044Z INFO  main Computing stats for 'Sullivan' data
2026-10-06T17:04:58.814053Z INFO  main   Uniq dts [ns] = [1000000000 2000000000]
2026-10-06T17:04:58.814053Z INFO  main   Uniq dts [#]  = 2
2026-10-06T17:04:58.814053Z INFO  main   Stats for GIC/measured/TVA:
2026-10-06T17:04:58.814053Z INFO  main 
    std: : [0.21508051630497274]
    ave: : [0.0010782853234019923]
    min: : [-1.6583333333333334]
    max: : [1.3428333333333335]
    n: 1561
    n_valid: : [1561]
    dt_original: : [1000000000, 2000000000]
2026-10-06T17:04:58.814053Z INFO  main Plotting 'Sullivan' data for event '2023-03-23'
2026-10-06T17:04:58.814053Z INFO  main   Plotting 'Sullivan/GIC/measured/TVA' original vs. modified data for event '2023-03-23'
2026-10-06T17:05:00.957701Z INFO  main     Writing C:\Users\lwilker\Documents\GitHub\SWERVE-data\data_processed/2023-03-23/sites/sullivan/figures\original\GIC_measured_TVA.png
2026-10-06T17:05:01.459899Z INFO  main     Writing C:\Users\lwilker\Documents\GitHub\SWERVE-data\data_processed/2023-03-23/sites/sullivan/figures\original\GIC_measured_TVA.pdf
2026-10-06T17:05:01.595627Z INFO  main Reading 'Sullivan' data for event '2024-05-10'
2026-10-06T17:05:01.609137Z INFO  main   Reading 'GIC/measured/TVA' data for event '2024-05-10'
2026-10-06T17:05:01.612170Z INFO  main     Reading C:\Users\lwilker\Documents\GitHub\SWERVE-data\data_original\tva\2024-05-10\gic\GIC-measured\gic-sullivan_20240510.csv
2026-10-06T17:05:05.424933Z INFO  main     Running automated error checks on GIC measured data
2026-10-06T17:05:15.309066Z INFO  main     Uniq dts [ns] = [1000000000 2000000000]
2026-10-06T17:05:15.309066Z INFO  main     Uniq dts [#]  = 2
2026-10-06T17:05:15.499537Z INFO  main     
Resample to 1m aves and NaN pad or trim to start/stop.
2026-10-06T17:05:15.808832Z INFO  main     Writing C:\Users\lwilker\Documents\GitHub\SWERVE-data\data_processed\2024-05-10\sites\sullivan\data\GIC_measured_TVA.pkl
2026-10-06T17:05:16.152277Z INFO  main   Writing C:\Users\lwilker\Documents\GitHub\SWERVE-data\data_processed\2024-05-10\sites\sullivan\data\_all.pkl
2026-10-06T17:05:16.522402Z INFO  main Computing stats for 'Sullivan' data
2026-10-06T17:05:16.757868Z INFO  main   Uniq dts [ns] = [1000000000 2000000000]
2026-10-06T17:05:16.759882Z INFO  main   Uniq dts [#]  = 2
2026-10-06T17:05:16.759882Z INFO  main   Stats for GIC/measured/TVA:
2026-10-06T17:05:16.759882Z INFO  main 
    std: : [0.5740293311610496]
    ave: : [-0.005722380700700126]
    min: : [-5.160833333333333]
    max: : [5.2915]
    n: 2341
    n_valid: : [2341]
    dt_original: : [1000000000, 2000000000]
2026-10-06T17:05:16.759882Z INFO  main Plotting 'Sullivan' data for event '2024-05-10'
2026-10-06T17:05:16.761893Z INFO  main   Plotting 'Sullivan/GIC/measured/TVA' original vs. modified data for event '2024-05-10'
2026-10-06T17:05:19.215093Z INFO  main     Writing C:\Users\lwilker\Documents\GitHub\SWERVE-data\data_processed/2024-05-10/sites/sullivan/figures\original\GIC_measured_TVA.png
2026-10-06T17:05:19.747492Z INFO  main     Writing C:\Users\lwilker\Documents\GitHub\SWERVE-data\data_processed/2024-05-10/sites/sullivan/figures\original\GIC_measured_TVA.pdf
2026-10-06T17:05:19.897097Z INFO  main Reading 'Sullivan' data for event '2015-10-07'
2026-10-06T17:05:19.907468Z INFO  main   Reading 'GIC/measured/TVA' data for event '2015-10-07'
2026-10-06T17:05:19.907468Z INFO  main     Reading C:\Users\lwilker\Documents\GitHub\SWERVE-data\data_original\tva\2015-10-07\gic\GIC-measured\gic-sullivan_20151007.csv
2026-10-06T17:05:21.183420Z INFO  main     Running automated error checks on GIC measured data
2026-10-06T17:05:24.463979Z INFO  main     Uniq dts [ns] = [ 2000000000  4000000000  8000000000 10000000000 14000000000 22000000000
 50000000000 56000000000]
2026-10-06T17:05:24.463979Z INFO  main     Uniq dts [#]  = 8
2026-10-06T17:05:24.518421Z INFO  main     
Resample to 1m aves and NaN pad or trim to start/stop.
2026-10-06T17:05:24.640502Z INFO  main     Writing C:\Users\lwilker\Documents\GitHub\SWERVE-data\data_processed\2015-10-07\sites\sullivan\data\GIC_measured_TVA.pkl
2026-10-06T17:05:24.807542Z INFO  main   Writing C:\Users\lwilker\Documents\GitHub\SWERVE-data\data_processed\2015-10-07\sites\sullivan\data\_all.pkl
2026-10-06T17:05:24.879047Z INFO  main Computing stats for 'Sullivan' data
2026-10-06T17:05:24.979013Z INFO  main   Uniq dts [ns] = [ 2000000000  4000000000  6000000000  8000000000 10000000000 14000000000
 22000000000 44000000000 50000000000 56000000000]
2026-10-06T17:05:24.979013Z INFO  main   Uniq dts [#]  = 10
2026-10-06T17:05:24.979013Z INFO  main   Stats for GIC/measured/TVA:
2026-10-06T17:05:24.979013Z INFO  main 
    std: : [0.23808912093989384]
    ave: : [0.038000575399769254]
    min: : [-0.928]
    max: : [0.923]
    n: 1741
    n_valid: : [1741]
    dt_original: : [2000000000 nanoseconds, 4000000000 nanoseconds, ..., 50000000000 nanoseconds, 56000000000 nanoseconds] (10 elements)
2026-10-06T17:05:24.979013Z INFO  main Plotting 'Sullivan' data for event '2015-10-07'
2026-10-06T17:05:24.979013Z INFO  main   Plotting 'Sullivan/GIC/measured/TVA' original vs. modified data for event '2015-10-07'
2026-10-06T17:05:27.062111Z INFO  main     Writing C:\Users\lwilker\Documents\GitHub\SWERVE-data\data_processed/2015-10-07/sites/sullivan/figures\original\GIC_measured_TVA.png
2026-10-06T17:05:27.687652Z INFO  main     Writing C:\Users\lwilker\Documents\GitHub\SWERVE-data\data_processed/2015-10-07/sites/sullivan/figures\original\GIC_measured_TVA.pdf
2026-10-06T17:05:27.825900Z INFO  main Reading 'Bradley' data for event '2015-03-17'
2026-10-06T17:05:27.833672Z INFO  main   Reading 'GIC/measured/TVA' data for event '2015-03-17'
2026-10-06T17:05:27.836666Z INFO  main     Reading C:\Users\lwilker\Documents\GitHub\SWERVE-data\data_original\tva\2015-03-17\gic\GIC-measured\gic-bradley_20150317.csv
2026-10-06T17:05:29.082947Z INFO  main     Running automated error checks on GIC measured data
2026-10-06T17:05:32.436405Z INFO  main     Uniq dts [ns] = [2000000000]
2026-10-06T17:05:32.436405Z INFO  main     Uniq dts [#]  = 1
2026-10-06T17:05:32.481294Z INFO  main     
Resample to 1m aves and NaN pad or trim to start/stop.
2026-10-06T17:05:32.572180Z INFO  main     Writing C:\Users\lwilker\Documents\GitHub\SWERVE-data\data_processed\2015-03-17\sites\bradley\data\GIC_measured_TVA.pkl
2026-10-06T17:05:32.766886Z INFO  main   Writing C:\Users\lwilker\Documents\GitHub\SWERVE-data\data_processed\2015-03-17\sites\bradley\data\_all.pkl
2026-10-06T17:05:32.839595Z INFO  main Computing stats for 'Bradley' data
2026-10-06T17:05:32.970938Z INFO  main   Uniq dts [ns] = [2000000000]
2026-10-06T17:05:32.970938Z INFO  main   Uniq dts [#]  = 1
2026-10-06T17:05:32.970938Z INFO  main   Stats for GIC/measured/TVA:
2026-10-06T17:05:32.970938Z INFO  main 
    std: : [0.41310667289956976]
    ave: : [-0.008641332639250383]
    min: : [-2.353333333333333]
    max: : [2.204333333333333]
    n: 1921
    n_valid: : [1921]
    dt_original: : [2000000000]
2026-10-06T17:05:32.970938Z INFO  main Plotting 'Bradley' data for event '2015-03-17'
2026-10-06T17:05:32.970938Z INFO  main   Plotting 'Bradley/GIC/measured/TVA' original vs. modified data for event '2015-03-17'
2026-10-06T17:05:34.940587Z INFO  main     Writing C:\Users\lwilker\Documents\GitHub\SWERVE-data\data_processed/2015-03-17/sites/bradley/figures\original\GIC_measured_TVA.png
2026-10-06T17:05:35.458786Z INFO  main     Writing C:\Users\lwilker\Documents\GitHub\SWERVE-data\data_processed/2015-03-17/sites/bradley/figures\original\GIC_measured_TVA.pdf
2026-10-06T17:05:35.617253Z INFO  main Reading 'Bradley' data for event '2015-06-22'
2026-10-06T17:05:35.626355Z INFO  main   Reading 'GIC/measured/TVA' data for event '2015-06-22'
2026-10-06T17:05:35.629015Z INFO  main     Reading C:\Users\lwilker\Documents\GitHub\SWERVE-data\data_original\tva\2015-06-22\gic\GIC-measured\gic-bradley_20150622.csv
2026-10-06T17:05:36.849805Z INFO  main     Running automated error checks on GIC measured data
2026-10-06T17:05:40.173514Z INFO  main     Uniq dts [ns] = [ 2000000000 58000000000 60000000000]
2026-10-06T17:05:40.173514Z INFO  main     Uniq dts [#]  = 3
2026-10-06T17:05:40.282278Z INFO  main     
Resample to 1m aves and NaN pad or trim to start/stop.
2026-10-06T17:05:40.398750Z INFO  main     Writing C:\Users\lwilker\Documents\GitHub\SWERVE-data\data_processed\2015-06-22\sites\bradley\data\GIC_measured_TVA.pkl
2026-10-06T17:05:40.514754Z INFO  main   Writing C:\Users\lwilker\Documents\GitHub\SWERVE-data\data_processed\2015-06-22\sites\bradley\data\_all.pkl
2026-10-06T17:05:40.610098Z INFO  main Computing stats for 'Bradley' data
2026-10-06T17:05:40.696675Z INFO  main   Uniq dts [ns] = [ 2000000000 58000000000 60000000000]
2026-10-06T17:05:40.696675Z INFO  main   Uniq dts [#]  = 3
2026-10-06T17:05:40.696675Z INFO  main   Stats for GIC/measured/TVA:
2026-10-06T17:05:40.697684Z INFO  main 
    std: : [0.38278171952798457]
    ave: : [-0.033535098298195544]
    min: : [-1.755]
    max: : [2.3033333333333332]
    n: 1981
    n_valid: : [1981]
    dt_original: : [2000000000, 58000000000, 60000000000]
2026-10-06T17:05:40.698680Z INFO  main Plotting 'Bradley' data for event '2015-06-22'
2026-10-06T17:05:40.698680Z INFO  main   Plotting 'Bradley/GIC/measured/TVA' original vs. modified data for event '2015-06-22'
2026-10-06T17:05:42.726775Z INFO  main     Writing C:\Users\lwilker\Documents\GitHub\SWERVE-data\data_processed/2015-06-22/sites/bradley/figures\original\GIC_measured_TVA.png
2026-10-06T17:05:43.260387Z INFO  main     Writing C:\Users\lwilker\Documents\GitHub\SWERVE-data\data_processed/2015-06-22/sites/bradley/figures\original\GIC_measured_TVA.pdf
2026-10-06T17:05:43.379600Z INFO  main Reading 'Bradley' data for event '2014-09-11'
2026-10-06T17:05:43.392614Z INFO  main   Reading 'GIC/measured/TVA' data for event '2014-09-11'
2026-10-06T17:05:43.394717Z INFO  main     Reading C:\Users\lwilker\Documents\GitHub\SWERVE-data\data_original\tva\2014-09-11\gic\GIC-measured\gic-bradley_20140911.csv
2026-10-06T17:05:45.342608Z INFO  main     Running automated error checks on GIC measured data
2026-10-06T17:05:50.393703Z INFO  main     Uniq dts [ns] = [2000000000]
2026-10-06T17:05:50.393703Z INFO  main     Uniq dts [#]  = 1
2026-10-06T17:05:50.507856Z INFO  main     
Resample to 1m aves and NaN pad or trim to start/stop.
2026-10-06T17:05:50.652362Z INFO  main     Writing C:\Users\lwilker\Documents\GitHub\SWERVE-data\data_processed\2014-09-11\sites\bradley\data\GIC_measured_TVA.pkl
2026-10-06T17:05:50.787118Z INFO  main   Writing C:\Users\lwilker\Documents\GitHub\SWERVE-data\data_processed\2014-09-11\sites\bradley\data\_all.pkl
2026-10-06T17:05:50.906036Z INFO  main Computing stats for 'Bradley' data
2026-10-06T17:05:51.038700Z INFO  main   Uniq dts [ns] = [2000000000 4000000000 6000000000]
2026-10-06T17:05:51.038700Z INFO  main   Uniq dts [#]  = 3
2026-10-06T17:05:51.038700Z INFO  main   Stats for GIC/measured/TVA:
2026-10-06T17:05:51.038700Z INFO  main 
    std: : [0.21813337072666567]
    ave: : [-0.071230677764566]
    min: : [-0.571]
    max: : [0.41500000000000004]
    n: 841
    n_valid: : [841]
    dt_original: : [2000000000, 4000000000, 6000000000]
2026-10-06T17:05:51.038700Z INFO  main Plotting 'Bradley' data for event '2014-09-11'
2026-10-06T17:05:51.038700Z INFO  main   Plotting 'Bradley/GIC/measured/TVA' original vs. modified data for event '2014-09-11'
2026-10-06T17:05:53.348707Z INFO  main     Writing C:\Users\lwilker\Documents\GitHub\SWERVE-data\data_processed/2014-09-11/sites/bradley/figures\original\GIC_measured_TVA.png
2026-10-06T17:05:54.099253Z INFO  main     Writing C:\Users\lwilker\Documents\GitHub\SWERVE-data\data_processed/2014-09-11/sites/bradley/figures\original\GIC_measured_TVA.pdf
2026-10-06T17:05:54.218914Z INFO  main Reading 'Bradley' data for event '2023-03-23'
2026-10-06T17:05:54.241143Z INFO  main   Reading 'GIC/measured/TVA' data for event '2023-03-23'
2026-10-06T17:05:54.246342Z INFO  main     Reading C:\Users\lwilker\Documents\GitHub\SWERVE-data\data_original\tva\2023-03-23\gic\GIC-measured\gic-bradley_20230323.csv
2026-10-06T17:05:56.825563Z INFO  main     Running automated error checks on GIC measured data
2026-10-06T17:06:03.696991Z INFO  main     Uniq dts [ns] = [1000000000]
2026-10-06T17:06:03.696991Z INFO  main     Uniq dts [#]  = 1
2026-10-06T17:06:03.812710Z INFO  main     
Resample to 1m aves and NaN pad or trim to start/stop.
2026-10-06T17:06:04.027450Z INFO  main     Writing C:\Users\lwilker\Documents\GitHub\SWERVE-data\data_processed\2023-03-23\sites\bradley\data\GIC_measured_TVA.pkl
2026-10-06T17:06:04.196832Z INFO  main   Writing C:\Users\lwilker\Documents\GitHub\SWERVE-data\data_processed\2023-03-23\sites\bradley\data\_all.pkl
2026-10-06T17:06:04.379288Z INFO  main Computing stats for 'Bradley' data
2026-10-06T17:06:04.527616Z INFO  main   Uniq dts [ns] = [1000000000]
2026-10-06T17:06:04.527616Z INFO  main   Uniq dts [#]  = 1
2026-10-06T17:06:04.527616Z INFO  main   Stats for GIC/measured/TVA:
2026-10-06T17:06:04.527616Z INFO  main 
    std: : [0.43686308423335396]
    ave: : [0.01856011103993168]
    min: : [-2.322666666666666]
    max: : [2.036166666666667]
    n: 1561
    n_valid: : [1561]
    dt_original: : [1000000000]
2026-10-06T17:06:04.527616Z INFO  main Plotting 'Bradley' data for event '2023-03-23'
2026-10-06T17:06:04.527616Z INFO  main   Plotting 'Bradley/GIC/measured/TVA' original vs. modified data for event '2023-03-23'
2026-10-06T17:06:06.484354Z INFO  main     Writing C:\Users\lwilker\Documents\GitHub\SWERVE-data\data_processed/2023-03-23/sites/bradley/figures\original\GIC_measured_TVA.png
2026-10-06T17:06:06.967067Z INFO  main     Writing C:\Users\lwilker\Documents\GitHub\SWERVE-data\data_processed/2023-03-23/sites/bradley/figures\original\GIC_measured_TVA.pdf
2026-10-06T17:06:07.091199Z INFO  main Reading 'Bradley' data for event '2016-02-17'
2026-10-06T17:06:07.101050Z INFO  main   Reading 'GIC/measured/TVA' data for event '2016-02-17'
2026-10-06T17:06:07.103974Z INFO  main     Reading C:\Users\lwilker\Documents\GitHub\SWERVE-data\data_original\tva\2016-02-17\gic\GIC-measured\gic-bradley_20160217.csv
2026-10-06T17:06:07.735102Z INFO  main     Running automated error checks on GIC measured data
2026-10-06T17:06:09.425857Z INFO  main     Uniq dts [ns] = [2000000000]
2026-10-06T17:06:09.425857Z INFO  main     Uniq dts [#]  = 1
2026-10-06T17:06:09.447261Z INFO  main     
Resample to 1m aves and NaN pad or trim to start/stop.
2026-10-06T17:06:09.535949Z INFO  main     Writing C:\Users\lwilker\Documents\GitHub\SWERVE-data\data_processed\2016-02-17\sites\bradley\data\GIC_measured_TVA.pkl
2026-10-06T17:06:09.561773Z INFO  main   Writing C:\Users\lwilker\Documents\GitHub\SWERVE-data\data_processed\2016-02-17\sites\bradley\data\_all.pkl
2026-10-06T17:06:09.622487Z INFO  main Computing stats for 'Bradley' data
2026-10-06T17:06:09.670233Z INFO  main   Uniq dts [ns] = [2000000000]
2026-10-06T17:06:09.672238Z INFO  main   Uniq dts [#]  = 1
2026-10-06T17:06:09.672238Z INFO  main   Stats for GIC/measured/TVA:
2026-10-06T17:06:09.672238Z INFO  main 
    std: : [0.09316496637062463]
    ave: : [-0.5284660968660968]
    min: : [-0.842]
    max: : [-0.13733333333333334]
    n: 2581
    n_valid: : [1170]
    dt_original: : [2000000000]
2026-10-06T17:06:09.672238Z INFO  main Plotting 'Bradley' data for event '2016-02-17'
2026-10-06T17:06:09.677950Z INFO  main   Plotting 'Bradley/GIC/measured/TVA' original vs. modified data for event '2016-02-17'
2026-10-06T17:06:11.424001Z INFO  main     Writing C:\Users\lwilker\Documents\GitHub\SWERVE-data\data_processed/2016-02-17/sites/bradley/figures\original\GIC_measured_TVA.png
2026-10-06T17:06:12.037327Z INFO  main     Writing C:\Users\lwilker\Documents\GitHub\SWERVE-data\data_processed/2016-02-17/sites/bradley/figures\original\GIC_measured_TVA.pdf
2026-10-06T17:06:12.203157Z INFO  main Reading 'Bradley' data for event '2024-05-10'
2026-10-06T17:06:12.212238Z INFO  main   Reading 'GIC/measured/TVA' data for event '2024-05-10'
2026-10-06T17:06:12.213712Z INFO  main     Reading C:\Users\lwilker\Documents\GitHub\SWERVE-data\data_original\tva\2024-05-10\gic\GIC-measured\gic-bradley_20240510.csv
2026-10-06T17:06:15.996583Z INFO  main     Running automated error checks on GIC measured data
2026-10-06T17:06:25.723915Z INFO  main     Uniq dts [ns] = [1000000000]
2026-10-06T17:06:25.725422Z INFO  main     Uniq dts [#]  = 1
2026-10-06T17:06:25.920784Z INFO  main     
Resample to 1m aves and NaN pad or trim to start/stop.
2026-10-06T17:06:26.211256Z INFO  main     Writing C:\Users\lwilker\Documents\GitHub\SWERVE-data\data_processed\2024-05-10\sites\bradley\data\GIC_measured_TVA.pkl
2026-10-06T17:06:26.470779Z INFO  main   Writing C:\Users\lwilker\Documents\GitHub\SWERVE-data\data_processed\2024-05-10\sites\bradley\data\_all.pkl
2026-10-06T17:06:26.800530Z INFO  main Computing stats for 'Bradley' data
2026-10-06T17:06:27.038686Z INFO  main   Uniq dts [ns] = [1000000000]
2026-10-06T17:06:27.038686Z INFO  main   Uniq dts [#]  = 1
2026-10-06T17:06:27.038686Z INFO  main   Stats for GIC/measured/TVA:
2026-10-06T17:06:27.038686Z INFO  main 
    std: : [0.41146138313725955]
    ave: : [0.005256229531539217]
    min: : [-2.3675]
    max: : [1.7946666666666666]
    n: 2341
    n_valid: : [2341]
    dt_original: : [1000000000]
2026-10-06T17:06:27.038686Z INFO  main Plotting 'Bradley' data for event '2024-05-10'
2026-10-06T17:06:27.040698Z INFO  main   Plotting 'Bradley/GIC/measured/TVA' original vs. modified data for event '2024-05-10'
2026-10-06T17:06:29.514912Z INFO  main     Writing C:\Users\lwilker\Documents\GitHub\SWERVE-data\data_processed/2024-05-10/sites/bradley/figures\original\GIC_measured_TVA.png
2026-10-06T17:06:30.116704Z INFO  main     Writing C:\Users\lwilker\Documents\GitHub\SWERVE-data\data_processed/2024-05-10/sites/bradley/figures\original\GIC_measured_TVA.pdf
2026-10-06T17:06:30.271650Z INFO  main Reading 'Bradley' data for event '2015-10-07'
2026-10-06T17:06:30.280189Z INFO  main   Reading 'GIC/measured/TVA' data for event '2015-10-07'
2026-10-06T17:06:30.282186Z INFO  main     Reading C:\Users\lwilker\Documents\GitHub\SWERVE-data\data_original\tva\2015-10-07\gic\GIC-measured\gic-bradley_20151007.csv
2026-10-06T17:06:31.539457Z INFO  main     Running automated error checks on GIC measured data
2026-10-06T17:06:34.889048Z INFO  main     Uniq dts [ns] = [ 2000000000  4000000000  8000000000 44000000000 46000000000]
2026-10-06T17:06:34.889048Z INFO  main     Uniq dts [#]  = 5
2026-10-06T17:06:34.921848Z INFO  main     
Resample to 1m aves and NaN pad or trim to start/stop.
2026-10-06T17:06:35.038031Z INFO  main     Writing C:\Users\lwilker\Documents\GitHub\SWERVE-data\data_processed\2015-10-07\sites\bradley\data\GIC_measured_TVA.pkl
2026-10-06T17:06:35.216497Z INFO  main   Writing C:\Users\lwilker\Documents\GitHub\SWERVE-data\data_processed\2015-10-07\sites\bradley\data\_all.pkl
2026-10-06T17:06:35.308883Z INFO  main Computing stats for 'Bradley' data
2026-10-06T17:06:35.387676Z INFO  main   Uniq dts [ns] = [ 2000000000  4000000000  8000000000 44000000000 46000000000]
2026-10-06T17:06:35.387676Z INFO  main   Uniq dts [#]  = 5
2026-10-06T17:06:35.387676Z INFO  main   Stats for GIC/measured/TVA:
2026-10-06T17:06:35.387676Z INFO  main 
    std: : [0.33828712466858346]
    ave: : [-0.023329185352247806]
    min: : [-1.8143333333333334]
    max: : [1.5726666666666667]
    n: 1741
    n_valid: : [1741]
    dt_original: : [2000000000 nanoseconds, 4000000000 nanoseconds, ..., 44000000000 nanoseconds, 46000000000 nanoseconds] (5 elements)
2026-10-06T17:06:35.387676Z INFO  main Plotting 'Bradley' data for event '2015-10-07'
2026-10-06T17:06:35.387676Z INFO  main   Plotting 'Bradley/GIC/measured/TVA' original vs. modified data for event '2015-10-07'
2026-10-06T17:06:37.584784Z INFO  main     Writing C:\Users\lwilker\Documents\GitHub\SWERVE-data\data_processed/2015-10-07/sites/bradley/figures\original\GIC_measured_TVA.png
2026-10-06T17:06:38.242572Z INFO  main     Writing C:\Users\lwilker\Documents\GitHub\SWERVE-data\data_processed/2015-10-07/sites/bradley/figures\original\GIC_measured_TVA.pdf
2026-10-06T17:06:38.385932Z INFO  main Reading 'Montgomery' data for event '2015-03-17'
2026-10-06T17:06:38.400472Z INFO  main   Reading 'GIC/measured/TVA' data for event '2015-03-17'
2026-10-06T17:06:38.402256Z INFO  main     Reading C:\Users\lwilker\Documents\GitHub\SWERVE-data\data_original\tva\2015-03-17\gic\GIC-measured\gic-montgomery_20150317.csv
2026-10-06T17:06:39.669948Z INFO  main     Running automated error checks on GIC measured data
2026-10-06T17:06:42.990782Z INFO  main     Uniq dts [ns] = [2000000000]
2026-10-06T17:06:42.990782Z INFO  main     Uniq dts [#]  = 1
2026-10-06T17:06:43.081393Z INFO  main     
Resample to 1m aves and NaN pad or trim to start/stop.
2026-10-06T17:06:43.180522Z INFO  main     Writing C:\Users\lwilker\Documents\GitHub\SWERVE-data\data_processed\2015-03-17\sites\montgomery\data\GIC_measured_TVA.pkl
2026-10-06T17:06:43.281456Z INFO  main   Writing C:\Users\lwilker\Documents\GitHub\SWERVE-data\data_processed\2015-03-17\sites\montgomery\data\_all.pkl
2026-10-06T17:06:43.364470Z INFO  main Computing stats for 'Montgomery' data
2026-10-06T17:06:43.464605Z INFO  main   Uniq dts [ns] = [2000000000]
2026-10-06T17:06:43.464605Z INFO  main   Uniq dts [#]  = 1
2026-10-06T17:06:43.464605Z INFO  main   Stats for GIC/measured/TVA:
2026-10-06T17:06:43.464605Z INFO  main 
    std: : [1.5069537587442778]
    ave: : [-0.09112788478223148]
    min: : [-12.511]
    max: : [10.165]
    n: 1921
    n_valid: : [1921]
    dt_original: : [2000000000]
2026-10-06T17:06:43.464605Z INFO  main Plotting 'Montgomery' data for event '2015-03-17'
2026-10-06T17:06:43.464605Z INFO  main   Plotting 'Montgomery/GIC/measured/TVA' original vs. modified data for event '2015-03-17'
2026-10-06T17:06:45.218169Z INFO  main     Writing C:\Users\lwilker\Documents\GitHub\SWERVE-data\data_processed/2015-03-17/sites/montgomery/figures\original\GIC_measured_TVA.png
2026-10-06T17:06:45.720068Z INFO  main     Writing C:\Users\lwilker\Documents\GitHub\SWERVE-data\data_processed/2015-03-17/sites/montgomery/figures\original\GIC_measured_TVA.pdf
2026-10-06T17:06:45.844065Z INFO  main Reading 'Montgomery' data for event '2015-06-22'
2026-10-06T17:06:45.855646Z INFO  main   Reading 'GIC/measured/TVA' data for event '2015-06-22'
2026-10-06T17:06:45.860275Z INFO  main     Reading C:\Users\lwilker\Documents\GitHub\SWERVE-data\data_original\tva\2015-06-22\gic\GIC-measured\gic-montgomery_20150622.csv
2026-10-06T17:06:47.120705Z INFO  main     Running automated error checks on GIC measured data
2026-10-06T17:06:50.404623Z INFO  main     Uniq dts [ns] = [ 2000000000  4000000000 28000000000 50000000000 58000000000]
2026-10-06T17:06:50.404623Z INFO  main     Uniq dts [#]  = 5
2026-10-06T17:06:50.445916Z INFO  main     
Resample to 1m aves and NaN pad or trim to start/stop.
2026-10-06T17:06:50.557836Z INFO  main     Writing C:\Users\lwilker\Documents\GitHub\SWERVE-data\data_processed\2015-06-22\sites\montgomery\data\GIC_measured_TVA.pkl
2026-10-06T17:06:50.707547Z INFO  main   Writing C:\Users\lwilker\Documents\GitHub\SWERVE-data\data_processed\2015-06-22\sites\montgomery\data\_all.pkl
2026-10-06T17:06:50.784316Z INFO  main Computing stats for 'Montgomery' data
2026-10-06T17:06:50.858245Z INFO  main   Uniq dts [ns] = [ 2000000000  4000000000 28000000000 50000000000 58000000000]
2026-10-06T17:06:50.858245Z INFO  main   Uniq dts [#]  = 5
2026-10-06T17:06:50.858245Z INFO  main   Stats for GIC/measured/TVA:
2026-10-06T17:06:50.858245Z INFO  main 
    std: : [1.0439709729995303]
    ave: : [-0.013849761081476585]
    min: : [-5.583666666666667]
    max: : [7.247]
    n: 1981
    n_valid: : [1981]
    dt_original: : [2000000000 nanoseconds, 4000000000 nanoseconds, ..., 50000000000 nanoseconds, 58000000000 nanoseconds] (5 elements)
2026-10-06T17:06:50.858245Z INFO  main Plotting 'Montgomery' data for event '2015-06-22'
2026-10-06T17:06:50.874135Z INFO  main   Plotting 'Montgomery/GIC/measured/TVA' original vs. modified data for event '2015-06-22'
2026-10-06T17:06:52.595630Z INFO  main     Writing C:\Users\lwilker\Documents\GitHub\SWERVE-data\data_processed/2015-06-22/sites/montgomery/figures\original\GIC_measured_TVA.png
2026-10-06T17:06:53.026832Z INFO  main     Writing C:\Users\lwilker\Documents\GitHub\SWERVE-data\data_processed/2015-06-22/sites/montgomery/figures\original\GIC_measured_TVA.pdf
2026-10-06T17:06:53.155852Z INFO  main Reading 'Montgomery' data for event '2014-09-11'
2026-10-06T17:06:53.172218Z INFO  main   Reading 'GIC/measured/TVA' data for event '2014-09-11'
2026-10-06T17:06:53.176098Z INFO  main     Reading C:\Users\lwilker\Documents\GitHub\SWERVE-data\data_original\tva\2014-09-11\gic\GIC-measured\gic-montgomery_20140911.csv
2026-10-06T17:06:55.048862Z INFO  main     Running automated error checks on GIC measured data
2026-10-06T17:06:59.933365Z INFO  main     Uniq dts [ns] = [2000000000]
2026-10-06T17:06:59.933365Z INFO  main     Uniq dts [#]  = 1
2026-10-06T17:07:00.059388Z INFO  main     
Resample to 1m aves and NaN pad or trim to start/stop.
2026-10-06T17:07:00.177884Z INFO  main     Writing C:\Users\lwilker\Documents\GitHub\SWERVE-data\data_processed\2014-09-11\sites\montgomery\data\GIC_measured_TVA.pkl
2026-10-06T17:07:00.300228Z INFO  main   Writing C:\Users\lwilker\Documents\GitHub\SWERVE-data\data_processed\2014-09-11\sites\montgomery\data\_all.pkl
2026-10-06T17:07:00.400347Z INFO  main Computing stats for 'Montgomery' data
2026-10-06T17:07:00.515754Z INFO  main   Uniq dts [ns] = [ 2000000000 36000000000]
2026-10-06T17:07:00.515754Z INFO  main   Uniq dts [#]  = 2
2026-10-06T17:07:00.515754Z INFO  main   Stats for GIC/measured/TVA:
2026-10-06T17:07:00.515754Z INFO  main 
    std: : [0.4338317199512968]
    ave: : [0.23761474435196195]
    min: : [-1.3126666666666666]
    max: : [1.7806666666666666]
    n: 841
    n_valid: : [841]
    dt_original: : [2000000000, 36000000000]
2026-10-06T17:07:00.515754Z INFO  main Plotting 'Montgomery' data for event '2014-09-11'
2026-10-06T17:07:00.534526Z INFO  main   Plotting 'Montgomery/GIC/measured/TVA' original vs. modified data for event '2014-09-11'
2026-10-06T17:07:02.434113Z INFO  main     Writing C:\Users\lwilker\Documents\GitHub\SWERVE-data\data_processed/2014-09-11/sites/montgomery/figures\original\GIC_measured_TVA.png
2026-10-06T17:07:02.997769Z INFO  main     Writing C:\Users\lwilker\Documents\GitHub\SWERVE-data\data_processed/2014-09-11/sites/montgomery/figures\original\GIC_measured_TVA.pdf
2026-10-06T17:07:03.129167Z INFO  main Reading 'Montgomery' data for event '2023-03-23'
2026-10-06T17:07:03.139882Z INFO  main   Reading 'GIC/measured/TVA' data for event '2023-03-23'
2026-10-06T17:07:03.145041Z INFO  main     Reading C:\Users\lwilker\Documents\GitHub\SWERVE-data\data_original\tva\2023-03-23\gic\GIC-measured\gic-montgomery_20230323.csv
2026-10-06T17:07:05.674730Z INFO  main     Running automated error checks on GIC measured data
2026-10-06T17:07:12.153491Z INFO  main     Uniq dts [ns] = [1000000000 7000000000]
2026-10-06T17:07:12.155499Z INFO  main     Uniq dts [#]  = 2
2026-10-06T17:07:12.275236Z INFO  main     
Resample to 1m aves and NaN pad or trim to start/stop.
2026-10-06T17:07:12.469254Z INFO  main     Writing C:\Users\lwilker\Documents\GitHub\SWERVE-data\data_processed\2023-03-23\sites\montgomery\data\GIC_measured_TVA.pkl
2026-10-06T17:07:12.637372Z INFO  main   Writing C:\Users\lwilker\Documents\GitHub\SWERVE-data\data_processed\2023-03-23\sites\montgomery\data\_all.pkl
2026-10-06T17:07:12.820841Z INFO  main Computing stats for 'Montgomery' data
2026-10-06T17:07:12.987631Z INFO  main   Uniq dts [ns] = [1000000000 2000000000 7000000000]
2026-10-06T17:07:12.987631Z INFO  main   Uniq dts [#]  = 3
2026-10-06T17:07:12.987631Z INFO  main   Stats for GIC/measured/TVA:
2026-10-06T17:07:12.987631Z INFO  main 
    std: : [2.076248301454812]
    ave: : [0.034416162478942754]
    min: : [-13.062166666666666]
    max: : [16.480666666666668]
    n: 1561
    n_valid: : [1561]
    dt_original: : [1000000000, 2000000000, 7000000000]
2026-10-06T17:07:12.987631Z INFO  main Plotting 'Montgomery' data for event '2023-03-23'
2026-10-06T17:07:13.003347Z INFO  main   Plotting 'Montgomery/GIC/measured/TVA' original vs. modified data for event '2023-03-23'
2026-10-06T17:07:14.942646Z INFO  main     Writing C:\Users\lwilker\Documents\GitHub\SWERVE-data\data_processed/2023-03-23/sites/montgomery/figures\original\GIC_measured_TVA.png
2026-10-06T17:07:15.368675Z INFO  main     Writing C:\Users\lwilker\Documents\GitHub\SWERVE-data\data_processed/2023-03-23/sites/montgomery/figures\original\GIC_measured_TVA.pdf
2026-10-06T17:07:15.517782Z INFO  main Reading 'Montgomery' data for event '2016-02-17'
2026-10-06T17:07:15.537055Z INFO  main   Reading 'GIC/measured/TVA' data for event '2016-02-17'
2026-10-06T17:07:15.540075Z INFO  main     Reading C:\Users\lwilker\Documents\GitHub\SWERVE-data\data_original\tva\2016-02-17\gic\GIC-measured\gic-montgomery_20160217.csv
2026-10-06T17:07:16.190399Z INFO  main     Running automated error checks on GIC measured data
2026-10-06T17:07:17.866574Z INFO  main     Uniq dts [ns] = [2000000000]
2026-10-06T17:07:17.866574Z INFO  main     Uniq dts [#]  = 1
2026-10-06T17:07:17.887721Z INFO  main     
Resample to 1m aves and NaN pad or trim to start/stop.
2026-10-06T17:07:17.966172Z INFO  main     Writing C:\Users\lwilker\Documents\GitHub\SWERVE-data\data_processed\2016-02-17\sites\montgomery\data\GIC_measured_TVA.pkl
2026-10-06T17:07:18.004045Z INFO  main   Writing C:\Users\lwilker\Documents\GitHub\SWERVE-data\data_processed\2016-02-17\sites\montgomery\data\_all.pkl
2026-10-06T17:07:18.037317Z INFO  main Computing stats for 'Montgomery' data
2026-10-06T17:07:18.084046Z INFO  main   Uniq dts [ns] = [2000000000]
2026-10-06T17:07:18.085389Z INFO  main   Uniq dts [#]  = 1
2026-10-06T17:07:18.085389Z INFO  main   Stats for GIC/measured/TVA:
2026-10-06T17:07:18.085889Z INFO  main 
    std: : [0.3872351868965157]
    ave: : [-0.3326897435897436]
    min: : [-1.669]
    max: : [1.3816666666666668]
    n: 2581
    n_valid: : [1170]
    dt_original: : [2000000000]
2026-10-06T17:07:18.085889Z INFO  main Plotting 'Montgomery' data for event '2016-02-17'
2026-10-06T17:07:18.085889Z INFO  main   Plotting 'Montgomery/GIC/measured/TVA' original vs. modified data for event '2016-02-17'
2026-10-06T17:07:19.791096Z INFO  main     Writing C:\Users\lwilker\Documents\GitHub\SWERVE-data\data_processed/2016-02-17/sites/montgomery/figures\original\GIC_measured_TVA.png
2026-10-06T17:07:20.338431Z INFO  main     Writing C:\Users\lwilker\Documents\GitHub\SWERVE-data\data_processed/2016-02-17/sites/montgomery/figures\original\GIC_measured_TVA.pdf
2026-10-06T17:07:20.461063Z INFO  main Reading 'Montgomery' data for event '2024-05-10'
2026-10-06T17:07:20.470690Z INFO  main   Reading 'GIC/measured/TVA' data for event '2024-05-10'
2026-10-06T17:07:20.472716Z INFO  main     Reading C:\Users\lwilker\Documents\GitHub\SWERVE-data\data_original\tva\2024-05-10\gic\GIC-measured\gic-montgomery_20240510.csv
2026-10-06T17:07:24.282783Z INFO  main     Running automated error checks on GIC measured data
2026-10-06T17:07:34.377723Z INFO  main     Uniq dts [ns] = [1000000000]
2026-10-06T17:07:34.377723Z INFO  main     Uniq dts [#]  = 1
2026-10-06T17:07:34.567981Z INFO  main     
Resample to 1m aves and NaN pad or trim to start/stop.
2026-10-06T17:07:34.878426Z INFO  main     Writing C:\Users\lwilker\Documents\GitHub\SWERVE-data\data_processed\2024-05-10\sites\montgomery\data\GIC_measured_TVA.pkl
2026-10-06T17:07:35.102350Z INFO  main   Writing C:\Users\lwilker\Documents\GitHub\SWERVE-data\data_processed\2024-05-10\sites\montgomery\data\_all.pkl
2026-10-06T17:07:35.457032Z INFO  main Computing stats for 'Montgomery' data
2026-10-06T17:07:35.680870Z INFO  main   Uniq dts [ns] = [1000000000 2000000000]
2026-10-06T17:07:35.680870Z INFO  main   Uniq dts [#]  = 2
2026-10-06T17:07:35.680870Z INFO  main   Stats for GIC/measured/TVA:
2026-10-06T17:07:35.680870Z INFO  main 
    std: : [3.704430906359362]
    ave: : [0.005764701694432592]
    min: : [-34.30216666666667]
    max: : [22.281]
    n: 2341
    n_valid: : [2341]
    dt_original: : [1000000000, 2000000000]
2026-10-06T17:07:35.680870Z INFO  main Plotting 'Montgomery' data for event '2024-05-10'
2026-10-06T17:07:35.680870Z INFO  main   Plotting 'Montgomery/GIC/measured/TVA' original vs. modified data for event '2024-05-10'
2026-10-06T17:07:38.018600Z INFO  main     Writing C:\Users\lwilker\Documents\GitHub\SWERVE-data\data_processed/2024-05-10/sites/montgomery/figures\original\GIC_measured_TVA.png
2026-10-06T17:07:38.502780Z INFO  main     Writing C:\Users\lwilker\Documents\GitHub\SWERVE-data\data_processed/2024-05-10/sites/montgomery/figures\original\GIC_measured_TVA.pdf
2026-10-06T17:07:38.649457Z INFO  main Reading 'Montgomery' data for event '2015-10-07'
2026-10-06T17:07:38.669957Z INFO  main   Reading 'GIC/measured/TVA' data for event '2015-10-07'
2026-10-06T17:07:38.671999Z INFO  main     Reading C:\Users\lwilker\Documents\GitHub\SWERVE-data\data_original\tva\2015-10-07\gic\GIC-measured\gic-montgomery_20151007.csv
2026-10-06T17:07:39.895622Z INFO  main     Running automated error checks on GIC measured data
2026-10-06T17:07:43.267279Z INFO  main     Uniq dts [ns] = [ 2000000000 22000000000 46000000000 50000000000]
2026-10-06T17:07:43.267279Z INFO  main     Uniq dts [#]  = 4
2026-10-06T17:07:43.317702Z INFO  main     
Resample to 1m aves and NaN pad or trim to start/stop.
2026-10-06T17:07:43.414412Z INFO  main     Writing C:\Users\lwilker\Documents\GitHub\SWERVE-data\data_processed\2015-10-07\sites\montgomery\data\GIC_measured_TVA.pkl
2026-10-06T17:07:43.560393Z INFO  main   Writing C:\Users\lwilker\Documents\GitHub\SWERVE-data\data_processed\2015-10-07\sites\montgomery\data\_all.pkl
2026-10-06T17:07:43.648449Z INFO  main Computing stats for 'Montgomery' data
2026-10-06T17:07:43.732153Z INFO  main   Uniq dts [ns] = [ 2000000000 22000000000 46000000000 50000000000]
2026-10-06T17:07:43.732153Z INFO  main   Uniq dts [#]  = 4
2026-10-06T17:07:43.732153Z INFO  main   Stats for GIC/measured/TVA:
2026-10-06T17:07:43.732153Z INFO  main 
    std: : [0.7469977455761686]
    ave: : [0.10510413298001567]
    min: : [-4.973]
    max: : [4.062666666666667]
    n: 1741
    n_valid: : [1741]
    dt_original: : [2000000000, 22000000000, 46000000000, 50000000000]
2026-10-06T17:07:43.732153Z INFO  main Plotting 'Montgomery' data for event '2015-10-07'
2026-10-06T17:07:43.732153Z INFO  main   Plotting 'Montgomery/GIC/measured/TVA' original vs. modified data for event '2015-10-07'
2026-10-06T17:07:45.461533Z INFO  main     Writing C:\Users\lwilker\Documents\GitHub\SWERVE-data\data_processed/2015-10-07/sites/montgomery/figures\original\GIC_measured_TVA.png
2026-10-06T17:07:46.040332Z INFO  main     Writing C:\Users\lwilker\Documents\GitHub\SWERVE-data\data_processed/2015-10-07/sites/montgomery/figures\original\GIC_measured_TVA.pdf
2026-10-06T17:07:46.169710Z INFO  main Reading 'Southaven' data for event '2015-03-17'
2026-10-06T17:07:46.180960Z INFO  main   Reading 'GIC/measured/TVA' data for event '2015-03-17'
2026-10-06T17:07:46.183612Z INFO  main     Reading C:\Users\lwilker\Documents\GitHub\SWERVE-data\data_original\tva\2015-03-17\gic\GIC-measured\gic-southaven_20150317.csv
2026-10-06T17:07:47.468094Z INFO  main     Running automated error checks on GIC measured data
2026-10-06T17:07:50.806782Z INFO  main     Uniq dts [ns] = [2000000000 4000000000 6000000000]
2026-10-06T17:07:50.806782Z INFO  main     Uniq dts [#]  = 3
2026-10-06T17:07:50.871301Z INFO  main     
Resample to 1m aves and NaN pad or trim to start/stop.
2026-10-06T17:07:50.975552Z INFO  main     Writing C:\Users\lwilker\Documents\GitHub\SWERVE-data\data_processed\2015-03-17\sites\southaven\data\GIC_measured_TVA.pkl
2026-10-06T17:07:51.149288Z INFO  main   Writing C:\Users\lwilker\Documents\GitHub\SWERVE-data\data_processed\2015-03-17\sites\southaven\data\_all.pkl
2026-10-06T17:07:51.257564Z INFO  main Computing stats for 'Southaven' data
2026-10-06T17:07:51.345301Z INFO  main   Uniq dts [ns] = [2000000000 4000000000 6000000000]
2026-10-06T17:07:51.345301Z INFO  main   Uniq dts [#]  = 3
2026-10-06T17:07:51.345301Z INFO  main   Stats for GIC/measured/TVA:
2026-10-06T17:07:51.345301Z INFO  main 
    std: : [0.31478013207265787]
    ave: : [-0.049337236932544694]
    min: : [-1.6400000000000001]
    max: : [3.671]
    n: 1921
    n_valid: : [1921]
    dt_original: : [2000000000, 4000000000, 6000000000]
2026-10-06T17:07:51.345301Z INFO  main Plotting 'Southaven' data for event '2015-03-17'
2026-10-06T17:07:51.345301Z INFO  main   Plotting 'Southaven/GIC/measured/TVA' original vs. modified data for event '2015-03-17'
2026-10-06T17:07:53.203065Z INFO  main     Writing C:\Users\lwilker\Documents\GitHub\SWERVE-data\data_processed/2015-03-17/sites/southaven/figures\original\GIC_measured_TVA.png
2026-10-06T17:07:53.816695Z INFO  main     Writing C:\Users\lwilker\Documents\GitHub\SWERVE-data\data_processed/2015-03-17/sites/southaven/figures\original\GIC_measured_TVA.pdf
2026-10-06T17:07:53.961998Z INFO  main Reading 'Southaven' data for event '2015-06-22'
2026-10-06T17:07:53.972169Z INFO  main   Reading 'GIC/measured/TVA' data for event '2015-06-22'
2026-10-06T17:07:53.974980Z INFO  main     Reading C:\Users\lwilker\Documents\GitHub\SWERVE-data\data_original\tva\2015-06-22\gic\GIC-measured\gic-southaven_20150622.csv
2026-10-06T17:07:55.261218Z INFO  main     Running automated error checks on GIC measured data
2026-10-06T17:07:58.509046Z INFO  main     Uniq dts [ns] = [ 2000000000  4000000000 60000000000]
2026-10-06T17:07:58.509046Z INFO  main     Uniq dts [#]  = 3
2026-10-06T17:07:58.562315Z INFO  main     
Resample to 1m aves and NaN pad or trim to start/stop.
2026-10-06T17:07:58.668561Z INFO  main     Writing C:\Users\lwilker\Documents\GitHub\SWERVE-data\data_processed\2015-06-22\sites\southaven\data\GIC_measured_TVA.pkl
2026-10-06T17:07:58.803916Z INFO  main   Writing C:\Users\lwilker\Documents\GitHub\SWERVE-data\data_processed\2015-06-22\sites\southaven\data\_all.pkl
2026-10-06T17:07:58.902218Z INFO  main Computing stats for 'Southaven' data
2026-10-06T17:07:58.985832Z INFO  main   Uniq dts [ns] = [ 2000000000  4000000000 60000000000]
2026-10-06T17:07:58.985832Z INFO  main   Uniq dts [#]  = 3
2026-10-06T17:07:58.985832Z INFO  main   Stats for GIC/measured/TVA:
2026-10-06T17:07:58.985832Z INFO  main 
    std: : [0.27401731773889826]
    ave: : [0.0110615229325555]
    min: : [-2.6043333333333334]
    max: : [1.8406666666666667]
    n: 1981
    n_valid: : [1981]
    dt_original: : [2000000000, 4000000000, 60000000000]
2026-10-06T17:07:58.985832Z INFO  main Plotting 'Southaven' data for event '2015-06-22'
2026-10-06T17:07:58.985832Z INFO  main   Plotting 'Southaven/GIC/measured/TVA' original vs. modified data for event '2015-06-22'
2026-10-06T17:08:01.005379Z INFO  main     Writing C:\Users\lwilker\Documents\GitHub\SWERVE-data\data_processed/2015-06-22/sites/southaven/figures\original\GIC_measured_TVA.png
2026-10-06T17:08:01.536426Z INFO  main     Writing C:\Users\lwilker\Documents\GitHub\SWERVE-data\data_processed/2015-06-22/sites/southaven/figures\original\GIC_measured_TVA.pdf
2026-10-06T17:08:01.666182Z INFO  main Reading 'Southaven' data for event '2014-09-11'
2026-10-06T17:08:01.684848Z INFO  main   Reading 'GIC/measured/TVA' data for event '2014-09-11'
2026-10-06T17:08:01.686882Z INFO  main     Reading C:\Users\lwilker\Documents\GitHub\SWERVE-data\data_original\tva\2014-09-11\gic\GIC-measured\gic-southaven_20140911.csv
2026-10-06T17:08:03.557629Z INFO  main     Running automated error checks on GIC measured data
2026-10-06T17:08:08.521471Z INFO  main     Uniq dts [ns] = [2000000000]
2026-10-06T17:08:08.521471Z INFO  main     Uniq dts [#]  = 1
2026-10-06T17:08:08.642640Z INFO  main     Baseline offset of 1.28 A corrected. 
Resample to 1m aves and NaN pad or trim to start/stop.
2026-10-06T17:08:08.793555Z INFO  main     Writing C:\Users\lwilker\Documents\GitHub\SWERVE-data\data_processed\2014-09-11\sites\southaven\data\GIC_measured_TVA.pkl
2026-10-06T17:08:08.924483Z INFO  main   Writing C:\Users\lwilker\Documents\GitHub\SWERVE-data\data_processed\2014-09-11\sites\southaven\data\_all.pkl
2026-10-06T17:08:09.043986Z INFO  main Computing stats for 'Southaven' data
2026-10-06T17:08:09.166484Z INFO  main   Uniq dts [ns] = [ 2000000000  4000000000 24000000000]
2026-10-06T17:08:09.175503Z INFO  main   Uniq dts [#]  = 3
2026-10-06T17:08:09.175503Z INFO  main   Stats for GIC/measured/TVA:
2026-10-06T17:08:09.176509Z INFO  main 
    std: : [0.17626447558948286]
    ave: : [-0.022992469282600122]
    min: : [-0.4816666666666667]
    max: : [0.5626666666666666]
    n: 841
    n_valid: : [841]
    dt_original: : [2000000000, 4000000000, 24000000000]
2026-10-06T17:08:09.176509Z INFO  main Plotting 'Southaven' data for event '2014-09-11'
2026-10-06T17:08:09.176509Z INFO  main   Plotting 'Southaven/GIC/measured/TVA' original vs. modified data for event '2014-09-11'
2026-10-06T17:08:11.248647Z INFO  main     Writing C:\Users\lwilker\Documents\GitHub\SWERVE-data\data_processed/2014-09-11/sites/southaven/figures\original\GIC_measured_TVA.png
2026-10-06T17:08:11.862019Z INFO  main     Writing C:\Users\lwilker\Documents\GitHub\SWERVE-data\data_processed/2014-09-11/sites/southaven/figures\original\GIC_measured_TVA.pdf
2026-10-06T17:08:12.006196Z INFO  main Reading 'Southaven' data for event '2023-03-23'
2026-10-06T17:08:12.017298Z INFO  main   Reading 'GIC/measured/TVA' data for event '2023-03-23'
2026-10-06T17:08:12.019629Z INFO  main     Reading C:\Users\lwilker\Documents\GitHub\SWERVE-data\data_original\tva\2023-03-23\gic\GIC-measured\gic-southaven_20230323.csv
2026-10-06T17:08:14.618279Z INFO  main     Running automated error checks on GIC measured data
2026-10-06T17:08:21.276329Z INFO  main     Uniq dts [ns] = [1000000000]
2026-10-06T17:08:21.276329Z INFO  main     Uniq dts [#]  = 1
2026-10-06T17:08:21.414554Z INFO  main     
Resample to 1m aves and NaN pad or trim to start/stop.
2026-10-06T17:08:21.596611Z INFO  main     Writing C:\Users\lwilker\Documents\GitHub\SWERVE-data\data_processed\2023-03-23\sites\southaven\data\GIC_measured_TVA.pkl
2026-10-06T17:08:21.763144Z INFO  main   Writing C:\Users\lwilker\Documents\GitHub\SWERVE-data\data_processed\2023-03-23\sites\southaven\data\_all.pkl
2026-10-06T17:08:21.931857Z INFO  main Computing stats for 'Southaven' data
2026-10-06T17:08:22.111798Z INFO  main   Uniq dts [ns] = [1000000000 2000000000]
2026-10-06T17:08:22.111798Z INFO  main   Uniq dts [#]  = 2
2026-10-06T17:08:22.111798Z INFO  main   Stats for GIC/measured/TVA:
2026-10-06T17:08:22.111798Z INFO  main 
    std: : [0.30432936456291476]
    ave: : [0.054862694853726246]
    min: : [-1.8458333333333334]
    max: : [2.661]
    n: 1561
    n_valid: : [1561]
    dt_original: : [1000000000, 2000000000]
2026-10-06T17:08:22.111798Z INFO  main Plotting 'Southaven' data for event '2023-03-23'
2026-10-06T17:08:22.125878Z INFO  main   Plotting 'Southaven/GIC/measured/TVA' original vs. modified data for event '2023-03-23'
2026-10-06T17:08:24.178581Z INFO  main     Writing C:\Users\lwilker\Documents\GitHub\SWERVE-data\data_processed/2023-03-23/sites/southaven/figures\original\GIC_measured_TVA.png
2026-10-06T17:08:24.741534Z INFO  main     Writing C:\Users\lwilker\Documents\GitHub\SWERVE-data\data_processed/2023-03-23/sites/southaven/figures\original\GIC_measured_TVA.pdf
2026-10-06T17:08:24.878643Z INFO  main Reading 'Southaven' data for event '2016-02-17'
2026-10-06T17:08:24.899005Z INFO  main   Reading 'GIC/measured/TVA' data for event '2016-02-17'
2026-10-06T17:08:24.901008Z INFO  main     Reading C:\Users\lwilker\Documents\GitHub\SWERVE-data\data_original\tva\2016-02-17\gic\GIC-measured\gic-southaven_20160217.csv
2026-10-06T17:08:25.523313Z INFO  main     Running automated error checks on GIC measured data
2026-10-06T17:08:27.233111Z INFO  main     Uniq dts [ns] = [ 2000000000  6000000000 10000000000 26000000000]
2026-10-06T17:08:27.233111Z INFO  main     Uniq dts [#]  = 4
2026-10-06T17:08:27.336069Z INFO  main     
Resample to 1m aves and NaN pad or trim to start/stop.
2026-10-06T17:08:27.416937Z INFO  main     Writing C:\Users\lwilker\Documents\GitHub\SWERVE-data\data_processed\2016-02-17\sites\southaven\data\GIC_measured_TVA.pkl
2026-10-06T17:08:27.479628Z INFO  main   Writing C:\Users\lwilker\Documents\GitHub\SWERVE-data\data_processed\2016-02-17\sites\southaven\data\_all.pkl
2026-10-06T17:08:27.534757Z INFO  main Computing stats for 'Southaven' data
2026-10-06T17:08:27.562368Z INFO  main   Uniq dts [ns] = [ 2000000000  6000000000 10000000000 26000000000]
2026-10-06T17:08:27.578363Z INFO  main   Uniq dts [#]  = 4
2026-10-06T17:08:27.579373Z INFO  main   Stats for GIC/measured/TVA:
2026-10-06T17:08:27.579373Z INFO  main 
    std: : [0.2991222401031243]
    ave: : [0.5261167056908547]
    min: : [-0.31533333333333335]
    max: : [1.1516666666666666]
    n: 2581
    n_valid: : [1170]
    dt_original: : [2000000000, 6000000000, 10000000000, 26000000000]
2026-10-06T17:08:27.580198Z INFO  main Plotting 'Southaven' data for event '2016-02-17'
2026-10-06T17:08:27.580198Z INFO  main   Plotting 'Southaven/GIC/measured/TVA' original vs. modified data for event '2016-02-17'
2026-10-06T17:08:30.058843Z INFO  main     Writing C:\Users\lwilker\Documents\GitHub\SWERVE-data\data_processed/2016-02-17/sites/southaven/figures\original\GIC_measured_TVA.png
2026-10-06T17:08:30.944681Z INFO  main     Writing C:\Users\lwilker\Documents\GitHub\SWERVE-data\data_processed/2016-02-17/sites/southaven/figures\original\GIC_measured_TVA.pdf
2026-10-06T17:08:31.089415Z INFO  main Reading 'Southaven' data for event '2024-05-10'
2026-10-06T17:08:31.100593Z INFO  main   Reading 'GIC/measured/TVA' data for event '2024-05-10'
2026-10-06T17:08:31.104542Z INFO  main     Reading C:\Users\lwilker\Documents\GitHub\SWERVE-data\data_original\tva\2024-05-10\gic\GIC-measured\gic-southaven_20240510.csv
2026-10-06T17:08:34.936842Z INFO  main     Running automated error checks on GIC measured data
2026-10-06T17:08:44.875181Z INFO  main     Uniq dts [ns] = [1000000000 2000000000]
2026-10-06T17:08:44.875181Z INFO  main     Uniq dts [#]  = 2
2026-10-06T17:08:44.998983Z INFO  main     
Resample to 1m aves and NaN pad or trim to start/stop.
2026-10-06T17:08:45.313992Z INFO  main     Writing C:\Users\lwilker\Documents\GitHub\SWERVE-data\data_processed\2024-05-10\sites\southaven\data\GIC_measured_TVA.pkl
2026-10-06T17:08:45.671575Z INFO  main   Writing C:\Users\lwilker\Documents\GitHub\SWERVE-data\data_processed\2024-05-10\sites\southaven\data\_all.pkl
2026-10-06T17:08:45.953281Z INFO  main Computing stats for 'Southaven' data
2026-10-06T17:08:46.204888Z INFO  main   Uniq dts [ns] = [1000000000 2000000000]
2026-10-06T17:08:46.204888Z INFO  main   Uniq dts [#]  = 2
2026-10-06T17:08:46.204888Z INFO  main   Stats for GIC/measured/TVA:
2026-10-06T17:08:46.204888Z INFO  main 
    std: : [0.7662272162538085]
    ave: : [-0.04094764659460321]
    min: : [-7.663666666666667]
    max: : [4.477166666666666]
    n: 2341
    n_valid: : [2341]
    dt_original: : [1000000000, 2000000000]
2026-10-06T17:08:46.204888Z INFO  main Plotting 'Southaven' data for event '2024-05-10'
2026-10-06T17:08:46.204888Z INFO  main   Plotting 'Southaven/GIC/measured/TVA' original vs. modified data for event '2024-05-10'
2026-10-06T17:08:48.638548Z INFO  main     Writing C:\Users\lwilker\Documents\GitHub\SWERVE-data\data_processed/2024-05-10/sites/southaven/figures\original\GIC_measured_TVA.png
2026-10-06T17:08:49.164699Z INFO  main     Writing C:\Users\lwilker\Documents\GitHub\SWERVE-data\data_processed/2024-05-10/sites/southaven/figures\original\GIC_measured_TVA.pdf
2026-10-06T17:08:49.324939Z INFO  main Reading 'Raccoon Mountain' data for event '2015-03-17'
2026-10-06T17:08:49.333640Z INFO  main   Reading 'GIC/measured/TVA' data for event '2015-03-17'
2026-10-06T17:08:49.336626Z INFO  main     Reading C:\Users\lwilker\Documents\GitHub\SWERVE-data\data_original\tva\2015-03-17\gic\GIC-measured\gic-raccoonmountain_20150317.csv
2026-10-06T17:08:50.585383Z INFO  main     Running automated error checks on GIC measured data
2026-10-06T17:08:53.821562Z INFO  main     Uniq dts [ns] = [ 2000000000 10000000000]
2026-10-06T17:08:53.821562Z INFO  main     Uniq dts [#]  = 2
2026-10-06T17:08:53.874314Z INFO  main     
Resample to 1m aves and NaN pad or trim to start/stop.
2026-10-06T17:08:53.971746Z INFO  main     Writing C:\Users\lwilker\Documents\GitHub\SWERVE-data\data_processed\2015-03-17\sites\raccoonmountain\data\GIC_measured_TVA.pkl
2026-10-06T17:08:54.171536Z INFO  main   Writing C:\Users\lwilker\Documents\GitHub\SWERVE-data\data_processed\2015-03-17\sites\raccoonmountain\data\_all.pkl
2026-10-06T17:08:54.243702Z INFO  main Computing stats for 'Raccoon Mountain' data
2026-10-06T17:08:54.341515Z INFO  main   Uniq dts [ns] = [  2000000000   4000000000  10000000000  48000000000  60000000000
 120000000000]
2026-10-06T17:08:54.341515Z INFO  main   Uniq dts [#]  = 6
2026-10-06T17:08:54.341515Z INFO  main   Stats for GIC/measured/TVA:
2026-10-06T17:08:54.341515Z INFO  main 
    std: : [0.5780779792678303]
    ave: : [0.03234534630734526]
    min: : [-3.8906666666666667]
    max: : [4.276333333333333]
    n: 1921
    n_valid: : [1921]
    dt_original: : [2000000000 nanoseconds, 4000000000 nanoseconds, ..., 60000000000 nanoseconds, 120000000000 nanoseconds] (6 elements)
2026-10-06T17:08:54.341515Z INFO  main Plotting 'Raccoon Mountain' data for event '2015-03-17'
2026-10-06T17:08:54.341515Z INFO  main   Plotting 'Raccoon Mountain/GIC/measured/TVA' original vs. modified data for event '2015-03-17'
2026-10-06T17:08:56.030419Z INFO  main     Writing C:\Users\lwilker\Documents\GitHub\SWERVE-data\data_processed/2015-03-17/sites/raccoonmountain/figures\original\GIC_measured_TVA.png
2026-10-06T17:08:56.476596Z INFO  main     Writing C:\Users\lwilker\Documents\GitHub\SWERVE-data\data_processed/2015-03-17/sites/raccoonmountain/figures\original\GIC_measured_TVA.pdf
2026-10-06T17:08:56.606179Z INFO  main Reading 'Raccoon Mountain' data for event '2015-06-22'
2026-10-06T17:08:56.617206Z INFO  main   Reading 'GIC/measured/TVA' data for event '2015-06-22'
2026-10-06T17:08:56.618205Z INFO  main     Reading C:\Users\lwilker\Documents\GitHub\SWERVE-data\data_original\tva\2015-06-22\gic\GIC-measured\gic-raccoonmountain_20150622.csv
2026-10-06T17:08:57.884849Z INFO  main     Running automated error checks on GIC measured data
2026-10-06T17:09:01.073219Z INFO  main     Uniq dts [ns] = [ 2000000000 50000000000 58000000000]
2026-10-06T17:09:01.073219Z INFO  main     Uniq dts [#]  = 3
2026-10-06T17:09:01.102414Z INFO  main     
Resample to 1m aves and NaN pad or trim to start/stop.
2026-10-06T17:09:01.218046Z INFO  main     Writing C:\Users\lwilker\Documents\GitHub\SWERVE-data\data_processed\2015-06-22\sites\raccoonmountain\data\GIC_measured_TVA.pkl
2026-10-06T17:09:01.400560Z INFO  main   Writing C:\Users\lwilker\Documents\GitHub\SWERVE-data\data_processed\2015-06-22\sites\raccoonmountain\data\_all.pkl
2026-10-06T17:09:01.534415Z INFO  main Computing stats for 'Raccoon Mountain' data
2026-10-06T17:09:01.614910Z INFO  main   Uniq dts [ns] = [ 2000000000 50000000000 58000000000]
2026-10-06T17:09:01.614910Z INFO  main   Uniq dts [#]  = 3
2026-10-06T17:09:01.614910Z INFO  main   Stats for GIC/measured/TVA:
2026-10-06T17:09:01.614910Z INFO  main 
    std: : [0.11115635934673515]
    ave: : [0.026589168529602653]
    min: : [-0.483]
    max: : [0.5973333333333333]
    n: 1981
    n_valid: : [1981]
    dt_original: : [2000000000, 50000000000, 58000000000]
2026-10-06T17:09:01.615917Z INFO  main Plotting 'Raccoon Mountain' data for event '2015-06-22'
2026-10-06T17:09:01.617914Z INFO  main   Plotting 'Raccoon Mountain/GIC/measured/TVA' original vs. modified data for event '2015-06-22'
2026-10-06T17:09:03.426244Z INFO  main     Writing C:\Users\lwilker\Documents\GitHub\SWERVE-data\data_processed/2015-06-22/sites/raccoonmountain/figures\original\GIC_measured_TVA.png
2026-10-06T17:09:03.975078Z INFO  main     Writing C:\Users\lwilker\Documents\GitHub\SWERVE-data\data_processed/2015-06-22/sites/raccoonmountain/figures\original\GIC_measured_TVA.pdf
2026-10-06T17:09:04.111899Z INFO  main Reading 'Raccoon Mountain' data for event '2014-09-11'
2026-10-06T17:09:04.126716Z INFO  main   Reading 'GIC/measured/TVA' data for event '2014-09-11'
2026-10-06T17:09:04.128709Z INFO  main     Reading C:\Users\lwilker\Documents\GitHub\SWERVE-data\data_original\tva\2014-09-11\gic\GIC-measured\gic-raccoonmountain_20140911.csv
2026-10-06T17:09:06.106264Z INFO  main     Running automated error checks on GIC measured data
2026-10-06T17:09:11.100278Z INFO  main     Uniq dts [ns] = [2000000000]
2026-10-06T17:09:11.100278Z INFO  main     Uniq dts [#]  = 1
2026-10-06T17:09:11.240366Z INFO  main     
Resample to 1m aves and NaN pad or trim to start/stop.
2026-10-06T17:09:11.373779Z INFO  main     Writing C:\Users\lwilker\Documents\GitHub\SWERVE-data\data_processed\2014-09-11\sites\raccoonmountain\data\GIC_measured_TVA.pkl
2026-10-06T17:09:11.509860Z INFO  main   Writing C:\Users\lwilker\Documents\GitHub\SWERVE-data\data_processed\2014-09-11\sites\raccoonmountain\data\_all.pkl
2026-10-06T17:09:11.625565Z INFO  main Computing stats for 'Raccoon Mountain' data
2026-10-06T17:09:11.759929Z INFO  main   Uniq dts [ns] = [2000000000 4000000000]
2026-10-06T17:09:11.759929Z INFO  main   Uniq dts [#]  = 2
2026-10-06T17:09:11.759929Z INFO  main   Stats for GIC/measured/TVA:
2026-10-06T17:09:11.759929Z INFO  main 
    std: : [0.40630015023267024]
    ave: : [-0.08256956004756244]
    min: : [-1.4026666666666665]
    max: : [1.6513333333333333]
    n: 841
    n_valid: : [841]
    dt_original: : [2000000000, 4000000000]
2026-10-06T17:09:11.761265Z INFO  main Plotting 'Raccoon Mountain' data for event '2014-09-11'
2026-10-06T17:09:11.764196Z INFO  main   Plotting 'Raccoon Mountain/GIC/measured/TVA' original vs. modified data for event '2014-09-11'
2026-10-06T17:09:13.519258Z INFO  main     Writing C:\Users\lwilker\Documents\GitHub\SWERVE-data\data_processed/2014-09-11/sites/raccoonmountain/figures\original\GIC_measured_TVA.png
2026-10-06T17:09:14.024494Z INFO  main     Writing C:\Users\lwilker\Documents\GitHub\SWERVE-data\data_processed/2014-09-11/sites/raccoonmountain/figures\original\GIC_measured_TVA.pdf
2026-10-06T17:09:14.159487Z INFO  main Reading 'Raccoon Mountain' data for event '2023-03-23'
2026-10-06T17:09:14.177911Z INFO  main   Reading 'GIC/measured/TVA' data for event '2023-03-23'
2026-10-06T17:09:14.180999Z INFO  main     Reading C:\Users\lwilker\Documents\GitHub\SWERVE-data\data_original\tva\2023-03-23\gic\GIC-measured\gic-raccoonmountain_20230323.csv
2026-10-06T17:09:16.803193Z INFO  main     Running automated error checks on GIC measured data
2026-10-06T17:09:23.228387Z INFO  main     Uniq dts [ns] = [1000000000]
2026-10-06T17:09:23.228387Z INFO  main     Uniq dts [#]  = 1
2026-10-06T17:09:23.378375Z INFO  main     
Resample to 1m aves and NaN pad or trim to start/stop.
2026-10-06T17:09:23.608272Z INFO  main     Writing C:\Users\lwilker\Documents\GitHub\SWERVE-data\data_processed\2023-03-23\sites\raccoonmountain\data\GIC_measured_TVA.pkl
2026-10-06T17:09:23.810760Z INFO  main   Writing C:\Users\lwilker\Documents\GitHub\SWERVE-data\data_processed\2023-03-23\sites\raccoonmountain\data\_all.pkl
2026-10-06T17:09:23.930851Z INFO  main Computing stats for 'Raccoon Mountain' data
2026-10-06T17:09:24.113411Z INFO  main   Uniq dts [ns] = [1000000000]
2026-10-06T17:09:24.113411Z INFO  main   Uniq dts [#]  = 1
2026-10-06T17:09:24.113411Z INFO  main   Stats for GIC/measured/TVA:
2026-10-06T17:09:24.113411Z INFO  main 
    std: : [0.5196717617117524]
    ave: : [-0.008009822763185992]
    min: : [-2.719666666666667]
    max: : [2.320333333333333]
    n: 1561
    n_valid: : [1561]
    dt_original: : [1000000000]
2026-10-06T17:09:24.113411Z INFO  main Plotting 'Raccoon Mountain' data for event '2023-03-23'
2026-10-06T17:09:24.113411Z INFO  main   Plotting 'Raccoon Mountain/GIC/measured/TVA' original vs. modified data for event '2023-03-23'
2026-10-06T17:09:26.059601Z INFO  main     Writing C:\Users\lwilker\Documents\GitHub\SWERVE-data\data_processed/2023-03-23/sites/raccoonmountain/figures\original\GIC_measured_TVA.png
2026-10-06T17:09:26.548205Z INFO  main     Writing C:\Users\lwilker\Documents\GitHub\SWERVE-data\data_processed/2023-03-23/sites/raccoonmountain/figures\original\GIC_measured_TVA.pdf
2026-10-06T17:09:26.677813Z INFO  main Reading 'Raccoon Mountain' data for event '2024-05-10'
2026-10-06T17:09:26.687707Z INFO  main   Reading 'GIC/measured/TVA' data for event '2024-05-10'
2026-10-06T17:09:26.689711Z INFO  main     Reading C:\Users\lwilker\Documents\GitHub\SWERVE-data\data_original\tva\2024-05-10\gic\GIC-measured\gic-raccoonmountain_20240510.csv
2026-10-06T17:09:30.459011Z INFO  main     Running automated error checks on GIC measured data
2026-10-06T17:09:40.571756Z INFO  main     Uniq dts [ns] = [1000000000]
2026-10-06T17:09:40.571756Z INFO  main     Uniq dts [#]  = 1
2026-10-06T17:09:40.732938Z INFO  main     
Resample to 1m aves and NaN pad or trim to start/stop.
2026-10-06T17:09:41.024767Z INFO  main     Writing C:\Users\lwilker\Documents\GitHub\SWERVE-data\data_processed\2024-05-10\sites\raccoonmountain\data\GIC_measured_TVA.pkl
2026-10-06T17:09:41.295119Z INFO  main   Reading 'B/measured/TVA' data for event '2024-05-10'
2026-10-06T17:09:41.310809Z INFO  main     Reading C:\Users\lwilker\Documents\GitHub\SWERVE-data\data_original\tva\2024-05-10\mag\raccoonmountain_mag_20240509.csv
2026-10-06T17:09:46.962099Z INFO  main     Remove baseline then Resample to 1m aves and NaN pad or trim to start/stop.
2026-10-06T17:09:47.339650Z INFO  main     Writing C:\Users\lwilker\Documents\GitHub\SWERVE-data\data_processed\2024-05-10\sites\raccoonmountain\data\B_measured_TVA.pkl
2026-10-06T17:09:47.669552Z INFO  main   Writing C:\Users\lwilker\Documents\GitHub\SWERVE-data\data_processed\2024-05-10\sites\raccoonmountain\data\_all.pkl
2026-10-06T17:09:48.351670Z INFO  main Computing stats for 'Raccoon Mountain' data
2026-10-06T17:09:48.584231Z INFO  main   Uniq dts [ns] = [1000000000]
2026-10-06T17:09:48.586235Z INFO  main   Uniq dts [#]  = 1
2026-10-06T17:09:48.586235Z INFO  main   Stats for GIC/measured/TVA:
2026-10-06T17:09:48.586235Z INFO  main 
    std: : [0.7810793926189692]
    ave: : [-0.010044639043143956]
    min: : [-7.449666666666667]
    max: : [5.535]
    n: 2341
    n_valid: : [2341]
    dt_original: : [1000000000]
2026-10-06T17:09:48.908573Z INFO  main   Uniq dts [ns] = [1000000000 2000000000 3000000000 4000000000]
2026-10-06T17:09:48.908573Z INFO  main   Uniq dts [#]  = 4
2026-10-06T17:09:48.908573Z INFO  main   Stats for B/measured/TVA:
2026-10-06T17:09:48.908573Z INFO  main 
    std: : [109.92838406073302, 73.97894580881052, 71.27997410503565, 92.46899344878547]
    ave: : [-152.5386413410139, -38.158603490010776, 24.669333416799994, 183.7136149200331]
    min: : [-469.3436666666682, -299.46316666666667, -224.58300000000284, 0.5782112046286219]
    max: : [364.2179999999984, 173.1003333333333, 357.51016666666305, 530.9351233010776]
    n: 2341
    n_valid: : [2341, 2341, 2341, 2341]
    dt_original: : [1000000000, 2000000000, 3000000000, 4000000000]
2026-10-06T17:09:48.908573Z INFO  main Plotting 'Raccoon Mountain' data for event '2024-05-10'
2026-10-06T17:09:48.908573Z INFO  main   Plotting 'Raccoon Mountain/GIC/measured/TVA' original vs. modified data for event '2024-05-10'
2026-10-06T17:09:51.226946Z INFO  main     Writing C:\Users\lwilker\Documents\GitHub\SWERVE-data\data_processed/2024-05-10/sites/raccoonmountain/figures\original\GIC_measured_TVA.png
2026-10-06T17:09:51.805930Z INFO  main     Writing C:\Users\lwilker\Documents\GitHub\SWERVE-data\data_processed/2024-05-10/sites/raccoonmountain/figures\original\GIC_measured_TVA.pdf
2026-10-06T17:09:51.956542Z INFO  main   Plotting 'Raccoon Mountain/B/measured/TVA' original vs. modified data for event '2024-05-10'
2026-10-06T17:09:58.368296Z INFO  main     Writing C:\Users\lwilker\Documents\GitHub\SWERVE-data\data_processed/2024-05-10/sites/raccoonmountain/figures\original\B_measured_TVA_Bx.png
2026-10-06T17:09:58.723183Z INFO  main     Writing C:\Users\lwilker\Documents\GitHub\SWERVE-data\data_processed/2024-05-10/sites/raccoonmountain/figures\original\B_measured_TVA_Bx.pdf
2026-10-06T17:09:59.114102Z INFO  main     Writing C:\Users\lwilker\Documents\GitHub\SWERVE-data\data_processed/2024-05-10/sites/raccoonmountain/figures\original\B_measured_TVA_By.png
2026-10-06T17:09:59.538148Z INFO  main     Writing C:\Users\lwilker\Documents\GitHub\SWERVE-data\data_processed/2024-05-10/sites/raccoonmountain/figures\original\B_measured_TVA_By.pdf
2026-10-06T17:09:59.898661Z INFO  main     Writing C:\Users\lwilker\Documents\GitHub\SWERVE-data\data_processed/2024-05-10/sites/raccoonmountain/figures\original\B_measured_TVA_Bz.png
2026-10-06T17:10:00.248299Z INFO  main     Writing C:\Users\lwilker\Documents\GitHub\SWERVE-data\data_processed/2024-05-10/sites/raccoonmountain/figures\original\B_measured_TVA_Bz.pdf
2026-10-06T17:10:00.551028Z INFO  main Reading 'Shelby' data for event '2015-03-17'
2026-10-06T17:10:00.561234Z INFO  main   Reading 'GIC/measured/TVA' data for event '2015-03-17'
2026-10-06T17:10:00.564185Z INFO  main     Reading C:\Users\lwilker\Documents\GitHub\SWERVE-data\data_original\tva\2015-03-17\gic\GIC-measured\gic-shelby_20150317.csv
2026-10-06T17:10:01.850308Z INFO  main     Running automated error checks on GIC measured data
2026-10-06T17:10:05.209411Z INFO  main     Uniq dts [ns] = [2000000000]
2026-10-06T17:10:05.209411Z INFO  main     Uniq dts [#]  = 1
2026-10-06T17:10:05.245273Z INFO  main     
Resample to 1m aves and NaN pad or trim to start/stop.
2026-10-06T17:10:05.347364Z INFO  main     Writing C:\Users\lwilker\Documents\GitHub\SWERVE-data\data_processed\2015-03-17\sites\shelby\data\GIC_measured_TVA.pkl
2026-10-06T17:10:05.594535Z INFO  main   Writing C:\Users\lwilker\Documents\GitHub\SWERVE-data\data_processed\2015-03-17\sites\shelby\data\_all.pkl
2026-10-06T17:10:05.682318Z INFO  main Computing stats for 'Shelby' data
2026-10-06T17:10:05.757132Z INFO  main   Uniq dts [ns] = [2000000000]
2026-10-06T17:10:05.758106Z INFO  main   Uniq dts [#]  = 1
2026-10-06T17:10:05.758106Z INFO  main   Stats for GIC/measured/TVA:
2026-10-06T17:10:05.758106Z INFO  main 
    std: : [0.30075067159811775]
    ave: : [-0.015428249175776499]
    min: : [-1.5713333333333332]
    max: : [3.7423333333333333]
    n: 1921
    n_valid: : [1921]
    dt_original: : [2000000000]
2026-10-06T17:10:05.760108Z INFO  main Plotting 'Shelby' data for event '2015-03-17'
2026-10-06T17:10:05.764101Z INFO  main   Plotting 'Shelby/GIC/measured/TVA' original vs. modified data for event '2015-03-17'
2026-10-06T17:10:07.649083Z INFO  main     Writing C:\Users\lwilker\Documents\GitHub\SWERVE-data\data_processed/2015-03-17/sites/shelby/figures\original\GIC_measured_TVA.png
2026-10-06T17:10:08.171506Z INFO  main     Writing C:\Users\lwilker\Documents\GitHub\SWERVE-data\data_processed/2015-03-17/sites/shelby/figures\original\GIC_measured_TVA.pdf
2026-10-06T17:10:08.314897Z INFO  main Reading 'Shelby' data for event '2015-06-22'
2026-10-06T17:10:08.331593Z INFO  main   Reading 'GIC/measured/TVA' data for event '2015-06-22'
2026-10-06T17:10:08.334934Z INFO  main     Reading C:\Users\lwilker\Documents\GitHub\SWERVE-data\data_original\tva\2015-06-22\gic\GIC-measured\gic-shelby_20150622.csv
2026-10-06T17:10:09.573040Z INFO  main     Running automated error checks on GIC measured data
2026-10-06T17:10:12.788375Z INFO  main     Uniq dts [ns] = [ 2000000000  4000000000  6000000000  8000000000 10000000000 12000000000
 14000000000 16000000000 60000000000]
2026-10-06T17:10:12.788375Z INFO  main     Uniq dts [#]  = 9
2026-10-06T17:10:12.910309Z INFO  main     
Resample to 1m aves and NaN pad or trim to start/stop.
2026-10-06T17:10:13.036752Z INFO  main     Writing C:\Users\lwilker\Documents\GitHub\SWERVE-data\data_processed\2015-06-22\sites\shelby\data\GIC_measured_TVA.pkl
2026-10-06T17:10:13.151818Z INFO  main   Writing C:\Users\lwilker\Documents\GitHub\SWERVE-data\data_processed\2015-06-22\sites\shelby\data\_all.pkl
2026-10-06T17:10:13.217165Z INFO  main Computing stats for 'Shelby' data
2026-10-06T17:10:13.292696Z INFO  main   Uniq dts [ns] = [ 2000000000  4000000000  6000000000  8000000000 10000000000 12000000000
 14000000000 16000000000 60000000000]
2026-10-06T17:10:13.292696Z INFO  main   Uniq dts [#]  = 9
2026-10-06T17:10:13.292696Z INFO  main   Stats for GIC/measured/TVA:
2026-10-06T17:10:13.292696Z INFO  main 
    std: : [0.306431632828315]
    ave: : [-0.026500689901532162]
    min: : [-2.1510000000000002]
    max: : [1.8496666666666668]
    n: 1981
    n_valid: : [1981]
    dt_original: : [2000000000 nanoseconds, 4000000000 nanoseconds, ..., 16000000000 nanoseconds, 60000000000 nanoseconds] (9 elements)
2026-10-06T17:10:13.292696Z INFO  main Plotting 'Shelby' data for event '2015-06-22'
2026-10-06T17:10:13.292696Z INFO  main   Plotting 'Shelby/GIC/measured/TVA' original vs. modified data for event '2015-06-22'
2026-10-06T17:10:15.076738Z INFO  main     Writing C:\Users\lwilker\Documents\GitHub\SWERVE-data\data_processed/2015-06-22/sites/shelby/figures\original\GIC_measured_TVA.png
2026-10-06T17:10:15.591811Z INFO  main     Writing C:\Users\lwilker\Documents\GitHub\SWERVE-data\data_processed/2015-06-22/sites/shelby/figures\original\GIC_measured_TVA.pdf
2026-10-06T17:10:15.727317Z INFO  main Reading 'Shelby' data for event '2023-03-23'
2026-10-06T17:10:15.737807Z INFO  main   Reading 'GIC/measured/TVA' data for event '2023-03-23'
2026-10-06T17:10:15.744173Z INFO  main     Reading C:\Users\lwilker\Documents\GitHub\SWERVE-data\data_original\tva\2023-03-23\gic\GIC-measured\gic-shelby_20230323.csv
2026-10-06T17:10:18.262614Z INFO  main     Running automated error checks on GIC measured data
2026-10-06T17:10:24.933179Z INFO  main     Uniq dts [ns] = [1000000000]
2026-10-06T17:10:24.949265Z INFO  main     Uniq dts [#]  = 1
2026-10-06T17:10:25.109745Z INFO  main     
Resample to 1m aves and NaN pad or trim to start/stop.
2026-10-06T17:10:25.299684Z INFO  main     Writing C:\Users\lwilker\Documents\GitHub\SWERVE-data\data_processed\2023-03-23\sites\shelby\data\GIC_measured_TVA.pkl
2026-10-06T17:10:25.491967Z INFO  main   Writing C:\Users\lwilker\Documents\GitHub\SWERVE-data\data_processed\2023-03-23\sites\shelby\data\_all.pkl
2026-10-06T17:10:25.680669Z INFO  main Computing stats for 'Shelby' data
2026-10-06T17:10:25.813565Z INFO  main   Uniq dts [ns] = [1000000000]
2026-10-06T17:10:25.813565Z INFO  main   Uniq dts [#]  = 1
2026-10-06T17:10:25.813565Z INFO  main   Stats for GIC/measured/TVA:
2026-10-06T17:10:25.813565Z INFO  main 
    std: : [0.28979153379994804]
    ave: : [0.003649049754430918]
    min: : [-1.8926666666666667]
    max: : [3.0973333333333333]
    n: 1561
    n_valid: : [1561]
    dt_original: : [1000000000]
2026-10-06T17:10:25.829210Z INFO  main Plotting 'Shelby' data for event '2023-03-23'
2026-10-06T17:10:25.830436Z INFO  main   Plotting 'Shelby/GIC/measured/TVA' original vs. modified data for event '2023-03-23'
2026-10-06T17:10:27.793510Z INFO  main     Writing C:\Users\lwilker\Documents\GitHub\SWERVE-data\data_processed/2023-03-23/sites/shelby/figures\original\GIC_measured_TVA.png
2026-10-06T17:10:28.244412Z INFO  main     Writing C:\Users\lwilker\Documents\GitHub\SWERVE-data\data_processed/2023-03-23/sites/shelby/figures\original\GIC_measured_TVA.pdf
2026-10-06T17:10:28.384799Z INFO  main Reading 'Shelby' data for event '2016-02-17'
2026-10-06T17:10:28.392062Z INFO  main   Reading 'GIC/measured/TVA' data for event '2016-02-17'
2026-10-06T17:10:28.395107Z INFO  main     Reading C:\Users\lwilker\Documents\GitHub\SWERVE-data\data_original\tva\2016-02-17\gic\GIC-measured\gic-shelby_20160217.csv
2026-10-06T17:10:29.036245Z INFO  main     Running automated error checks on GIC measured data
2026-10-06T17:10:30.782285Z INFO  main     Uniq dts [ns] = [2000000000]
2026-10-06T17:10:30.782285Z INFO  main     Uniq dts [#]  = 1
2026-10-06T17:10:30.807726Z INFO  main     
Resample to 1m aves and NaN pad or trim to start/stop.
2026-10-06T17:10:30.896141Z INFO  main     Writing C:\Users\lwilker\Documents\GitHub\SWERVE-data\data_processed\2016-02-17\sites\shelby\data\GIC_measured_TVA.pkl
2026-10-06T17:10:30.947702Z INFO  main   Writing C:\Users\lwilker\Documents\GitHub\SWERVE-data\data_processed\2016-02-17\sites\shelby\data\_all.pkl
2026-10-06T17:10:30.997879Z INFO  main Computing stats for 'Shelby' data
2026-10-06T17:10:31.028081Z INFO  main   Uniq dts [ns] = [2000000000]
2026-10-06T17:10:31.028081Z INFO  main   Uniq dts [#]  = 1
2026-10-06T17:10:31.028081Z INFO  main   Stats for GIC/measured/TVA:
2026-10-06T17:10:31.028081Z INFO  main 
    std: : [0.3595942310716555]
    ave: : [-0.5485137971775041]
    min: : [-1.1566666666666667]
    max: : [0.14733333333333334]
    n: 2581
    n_valid: : [1170]
    dt_original: : [2000000000]
2026-10-06T17:10:31.043393Z INFO  main Plotting 'Shelby' data for event '2016-02-17'
2026-10-06T17:10:31.044700Z INFO  main   Plotting 'Shelby/GIC/measured/TVA' original vs. modified data for event '2016-02-17'
2026-10-06T17:10:33.003306Z INFO  main     Writing C:\Users\lwilker\Documents\GitHub\SWERVE-data\data_processed/2016-02-17/sites/shelby/figures\original\GIC_measured_TVA.png
2026-10-06T17:10:33.694623Z INFO  main     Writing C:\Users\lwilker\Documents\GitHub\SWERVE-data\data_processed/2016-02-17/sites/shelby/figures\original\GIC_measured_TVA.pdf
2026-10-06T17:10:33.805999Z INFO  main Reading 'Shelby' data for event '2024-05-10'
2026-10-06T17:10:33.823297Z INFO  main   Reading 'GIC/measured/TVA' data for event '2024-05-10'
2026-10-06T17:10:33.833622Z INFO  main     Reading C:\Users\lwilker\Documents\GitHub\SWERVE-data\data_original\tva\2024-05-10\gic\GIC-measured\gic-shelby_20240510.csv
2026-10-06T17:10:37.560488Z INFO  main     Running automated error checks on GIC measured data
2026-10-06T17:10:47.429462Z INFO  main     Uniq dts [ns] = [1000000000]
2026-10-06T17:10:47.429462Z INFO  main     Uniq dts [#]  = 1
2026-10-06T17:10:47.611478Z INFO  main     
Resample to 1m aves and NaN pad or trim to start/stop.
2026-10-06T17:10:47.917887Z INFO  main     Writing C:\Users\lwilker\Documents\GitHub\SWERVE-data\data_processed\2024-05-10\sites\shelby\data\GIC_measured_TVA.pkl
2026-10-06T17:10:48.172359Z INFO  main   Writing C:\Users\lwilker\Documents\GitHub\SWERVE-data\data_processed\2024-05-10\sites\shelby\data\_all.pkl
2026-10-06T17:10:48.589425Z INFO  main Computing stats for 'Shelby' data
2026-10-06T17:10:48.812024Z INFO  main   Uniq dts [ns] = [1000000000]
2026-10-06T17:10:48.812024Z INFO  main   Uniq dts [#]  = 1
2026-10-06T17:10:48.812024Z INFO  main   Stats for GIC/measured/TVA:
2026-10-06T17:10:48.812024Z INFO  main 
    std: : [0.8354860972986257]
    ave: : [-0.007822796525701265]
    min: : [-9.093166666666667]
    max: : [4.3625]
    n: 2341
    n_valid: : [2341]
    dt_original: : [1000000000]
2026-10-06T17:10:48.812024Z INFO  main Plotting 'Shelby' data for event '2024-05-10'
2026-10-06T17:10:48.821578Z INFO  main   Plotting 'Shelby/GIC/measured/TVA' original vs. modified data for event '2024-05-10'
2026-10-06T17:10:51.223010Z INFO  main     Writing C:\Users\lwilker\Documents\GitHub\SWERVE-data\data_processed/2024-05-10/sites/shelby/figures\original\GIC_measured_TVA.png
2026-10-06T17:10:51.675407Z INFO  main     Writing C:\Users\lwilker\Documents\GitHub\SWERVE-data\data_processed/2024-05-10/sites/shelby/figures\original\GIC_measured_TVA.pdf
2026-10-06T17:10:51.825457Z INFO  main Reading 'Shelby' data for event '2015-10-07'
2026-10-06T17:10:51.843826Z INFO  main   Reading 'GIC/measured/TVA' data for event '2015-10-07'
2026-10-06T17:10:51.846818Z INFO  main     Reading C:\Users\lwilker\Documents\GitHub\SWERVE-data\data_original\tva\2015-10-07\gic\GIC-measured\gic-shelby_20151007.csv
2026-10-06T17:10:53.108859Z INFO  main     Running automated error checks on GIC measured data
2026-10-06T17:10:56.430996Z INFO  main     Uniq dts [ns] = [  2000000000   4000000000   6000000000   8000000000  10000000000
  12000000000  44000000000 296000000000]
2026-10-06T17:10:56.430996Z INFO  main     Uniq dts [#]  = 8
2026-10-06T17:10:56.459904Z INFO  main     
Resample to 1m aves and NaN pad or trim to start/stop.
2026-10-06T17:10:56.568643Z INFO  main     Writing C:\Users\lwilker\Documents\GitHub\SWERVE-data\data_processed\2015-10-07\sites\shelby\data\GIC_measured_TVA.pkl
2026-10-06T17:10:56.751317Z INFO  main   Writing C:\Users\lwilker\Documents\GitHub\SWERVE-data\data_processed\2015-10-07\sites\shelby\data\_all.pkl
2026-10-06T17:10:56.839419Z INFO  main Computing stats for 'Shelby' data
2026-10-06T17:10:56.919294Z INFO  main   Uniq dts [ns] = [  2000000000   4000000000   6000000000   8000000000  10000000000
  12000000000  44000000000 296000000000]
2026-10-06T17:10:56.919294Z INFO  main   Uniq dts [#]  = 8
2026-10-06T17:10:56.919294Z INFO  main   Stats for GIC/measured/TVA:
2026-10-06T17:10:56.920290Z INFO  main 
    std: : [0.7517665715227865]
    ave: : [0.018925356729819598]
    min: : [-3.659666666666667]
    max: : [3.387]
    n: 1741
    n_valid: : [1737]
    dt_original: : [2000000000 nanoseconds, 4000000000 nanoseconds, ..., 44000000000 nanoseconds, 296000000000 nanoseconds] (8 elements)
2026-10-06T17:10:56.920290Z INFO  main Plotting 'Shelby' data for event '2015-10-07'
2026-10-06T17:10:56.923515Z INFO  main   Plotting 'Shelby/GIC/measured/TVA' original vs. modified data for event '2015-10-07'
2026-10-06T17:10:58.800739Z INFO  main     Writing C:\Users\lwilker\Documents\GitHub\SWERVE-data\data_processed/2015-10-07/sites/shelby/figures\original\GIC_measured_TVA.png
2026-10-06T17:10:59.326327Z INFO  main     Writing C:\Users\lwilker\Documents\GitHub\SWERVE-data\data_processed/2015-10-07/sites/shelby/figures\original\GIC_measured_TVA.pdf
2026-10-06T17:10:59.471334Z INFO  main Reading 'Weakley' data for event '2015-03-17'
2026-10-06T17:10:59.488851Z INFO  main   Reading 'GIC/measured/TVA' data for event '2015-03-17'
2026-10-06T17:10:59.491067Z INFO  main     Reading C:\Users\lwilker\Documents\GitHub\SWERVE-data\data_original\tva\2015-03-17\gic\GIC-measured\gic-weakley_20150317.csv
2026-10-06T17:11:00.782100Z INFO  main     Running automated error checks on GIC measured data
2026-10-06T17:11:04.098139Z INFO  main     Uniq dts [ns] = [2000000000]
2026-10-06T17:11:04.100142Z INFO  main     Uniq dts [#]  = 1
2026-10-06T17:11:04.134378Z INFO  main     
Resample to 1m aves and NaN pad or trim to start/stop.
2026-10-06T17:11:04.251462Z INFO  main     Writing C:\Users\lwilker\Documents\GitHub\SWERVE-data\data_processed\2015-03-17\sites\weakley\data\GIC_measured_TVA.pkl
2026-10-06T17:11:04.460454Z INFO  main   Writing C:\Users\lwilker\Documents\GitHub\SWERVE-data\data_processed\2015-03-17\sites\weakley\data\_all.pkl
2026-10-06T17:11:04.549778Z INFO  main Computing stats for 'Weakley' data
2026-10-06T17:11:04.650194Z INFO  main   Uniq dts [ns] = [2000000000]
2026-10-06T17:11:04.650194Z INFO  main   Uniq dts [#]  = 1
2026-10-06T17:11:04.650194Z INFO  main   Stats for GIC/measured/TVA:
2026-10-06T17:11:04.650194Z INFO  main 
    std: : [0.8942350925666465]
    ave: : [0.013739198334200939]
    min: : [-8.019666666666668]
    max: : [6.694333333333334]
    n: 1921
    n_valid: : [1921]
    dt_original: : [2000000000]
2026-10-06T17:11:04.650194Z INFO  main Plotting 'Weakley' data for event '2015-03-17'
2026-10-06T17:11:04.655894Z INFO  main   Plotting 'Weakley/GIC/measured/TVA' original vs. modified data for event '2015-03-17'
2026-10-06T17:11:06.412607Z INFO  main     Writing C:\Users\lwilker\Documents\GitHub\SWERVE-data\data_processed/2015-03-17/sites/weakley/figures\original\GIC_measured_TVA.png
2026-10-06T17:11:06.877495Z INFO  main     Writing C:\Users\lwilker\Documents\GitHub\SWERVE-data\data_processed/2015-03-17/sites/weakley/figures\original\GIC_measured_TVA.pdf
2026-10-06T17:11:07.022793Z INFO  main Reading 'Weakley' data for event '2015-06-22'
2026-10-06T17:11:07.030342Z INFO  main   Reading 'GIC/measured/TVA' data for event '2015-06-22'
2026-10-06T17:11:07.034068Z INFO  main     Reading C:\Users\lwilker\Documents\GitHub\SWERVE-data\data_original\tva\2015-06-22\gic\GIC-measured\gic-weakley_20150622.csv
2026-10-06T17:11:08.209622Z INFO  main     Running automated error checks on GIC measured data
2026-10-06T17:11:11.216884Z INFO  main     Uniq dts [ns] = [ 2000000000 12000000000 56000000000 58000000000]
2026-10-06T17:11:11.216884Z INFO  main     Uniq dts [#]  = 4
2026-10-06T17:11:11.276528Z INFO  main     
Resample to 1m aves and NaN pad or trim to start/stop.
2026-10-06T17:11:11.376705Z INFO  main     Writing C:\Users\lwilker\Documents\GitHub\SWERVE-data\data_processed\2015-06-22\sites\weakley\data\GIC_measured_TVA.pkl
2026-10-06T17:11:11.492953Z INFO  main   Writing C:\Users\lwilker\Documents\GitHub\SWERVE-data\data_processed\2015-06-22\sites\weakley\data\_all.pkl
2026-10-06T17:11:11.574741Z INFO  main Computing stats for 'Weakley' data
2026-10-06T17:11:11.649016Z INFO  main   Uniq dts [ns] = [  2000000000  12000000000  56000000000  58000000000 128000000000]
2026-10-06T17:11:11.649016Z INFO  main   Uniq dts [#]  = 5
2026-10-06T17:11:11.649016Z INFO  main   Stats for GIC/measured/TVA:
2026-10-06T17:11:11.650017Z INFO  main 
    std: : [1.1556842945770684]
    ave: : [-0.02594706044418311]
    min: : [-5.527666666666667]
    max: : [7.4783333333333335]
    n: 1981
    n_valid: : [1981]
    dt_original: : [2000000000 nanoseconds, 12000000000 nanoseconds, ..., 58000000000 nanoseconds, 128000000000 nanoseconds] (5 elements)
2026-10-06T17:11:11.650017Z INFO  main Plotting 'Weakley' data for event '2015-06-22'
2026-10-06T17:11:11.654016Z INFO  main   Plotting 'Weakley/GIC/measured/TVA' original vs. modified data for event '2015-06-22'
2026-10-06T17:11:12.475180Z INFO  main     Writing C:\Users\lwilker\Documents\GitHub\SWERVE-data\data_processed/2015-06-22/sites/weakley/figures\original\GIC_measured_TVA.png
2026-10-06T17:11:12.943840Z INFO  main     Writing C:\Users\lwilker\Documents\GitHub\SWERVE-data\data_processed/2015-06-22/sites/weakley/figures\original\GIC_measured_TVA.pdf
2026-10-06T17:11:13.102196Z INFO  main Reading 'Weakley' data for event '2023-03-23'
2026-10-06T17:11:13.108819Z INFO  main   Reading 'GIC/measured/TVA' data for event '2023-03-23'
2026-10-06T17:11:13.111818Z INFO  main     Reading C:\Users\lwilker\Documents\GitHub\SWERVE-data\data_original\tva\2023-03-23\gic\GIC-measured\gic-weakley_20230323.csv
2026-10-06T17:11:15.711463Z INFO  main     Running automated error checks on GIC measured data
2026-10-06T17:11:22.334693Z INFO  main     Uniq dts [ns] = [1000000000]
2026-10-06T17:11:22.334693Z INFO  main     Uniq dts [#]  = 1
2026-10-06T17:11:22.465110Z INFO  main     
Resample to 1m aves and NaN pad or trim to start/stop.
2026-10-06T17:11:22.663376Z INFO  main     Writing C:\Users\lwilker\Documents\GitHub\SWERVE-data\data_processed\2023-03-23\sites\weakley\data\GIC_measured_TVA.pkl
2026-10-06T17:11:22.819172Z INFO  main   Writing C:\Users\lwilker\Documents\GitHub\SWERVE-data\data_processed\2023-03-23\sites\weakley\data\_all.pkl
2026-10-06T17:11:22.980934Z INFO  main Computing stats for 'Weakley' data
2026-10-06T17:11:23.130548Z INFO  main   Uniq dts [ns] = [1000000000]
2026-10-06T17:11:23.130548Z INFO  main   Uniq dts [#]  = 1
2026-10-06T17:11:23.130548Z INFO  main   Stats for GIC/measured/TVA:
2026-10-06T17:11:23.130548Z INFO  main 
    std: : [1.221040965806202]
    ave: : [-0.004568439034806741]
    min: : [-9.114833333333333]
    max: : [7.813833333333333]
    n: 1561
    n_valid: : [1561]
    dt_original: : [1000000000]
2026-10-06T17:11:23.130548Z INFO  main Plotting 'Weakley' data for event '2023-03-23'
2026-10-06T17:11:23.130548Z INFO  main   Plotting 'Weakley/GIC/measured/TVA' original vs. modified data for event '2023-03-23'
2026-10-06T17:11:25.145985Z INFO  main     Writing C:\Users\lwilker\Documents\GitHub\SWERVE-data\data_processed/2023-03-23/sites/weakley/figures\original\GIC_measured_TVA.png
2026-10-06T17:11:25.618838Z INFO  main     Writing C:\Users\lwilker\Documents\GitHub\SWERVE-data\data_processed/2023-03-23/sites/weakley/figures\original\GIC_measured_TVA.pdf
2026-10-06T17:11:25.749058Z INFO  main Reading 'Weakley' data for event '2016-02-17'
2026-10-06T17:11:25.757008Z INFO  main   Reading 'GIC/measured/TVA' data for event '2016-02-17'
2026-10-06T17:11:25.758785Z INFO  main     Reading C:\Users\lwilker\Documents\GitHub\SWERVE-data\data_original\tva\2016-02-17\gic\GIC-measured\gic-weakley_20160217.csv
2026-10-06T17:11:26.381782Z INFO  main     Running automated error checks on GIC measured data
2026-10-06T17:11:28.057855Z INFO  main     Uniq dts [ns] = [2000000000]
2026-10-06T17:11:28.057855Z INFO  main     Uniq dts [#]  = 1
2026-10-06T17:11:28.082070Z INFO  main     
Resample to 1m aves and NaN pad or trim to start/stop.
2026-10-06T17:11:28.169653Z INFO  main     Writing C:\Users\lwilker\Documents\GitHub\SWERVE-data\data_processed\2016-02-17\sites\weakley\data\GIC_measured_TVA.pkl
2026-10-06T17:11:28.215677Z INFO  main   Writing C:\Users\lwilker\Documents\GitHub\SWERVE-data\data_processed\2016-02-17\sites\weakley\data\_all.pkl
2026-10-06T17:11:28.248141Z INFO  main Computing stats for 'Weakley' data
2026-10-06T17:11:28.298484Z INFO  main   Uniq dts [ns] = [2000000000]
2026-10-06T17:11:28.298484Z INFO  main   Uniq dts [#]  = 1
2026-10-06T17:11:28.298484Z INFO  main   Stats for GIC/measured/TVA:
2026-10-06T17:11:28.298484Z INFO  main 
    std: : [0.4194711749989246]
    ave: : [-0.13310769230769232]
    min: : [-1.7963333333333333]
    max: : [1.6923333333333335]
    n: 2581
    n_valid: : [1170]
    dt_original: : [2000000000]
2026-10-06T17:11:28.298484Z INFO  main Plotting 'Weakley' data for event '2016-02-17'
2026-10-06T17:11:28.298484Z INFO  main   Plotting 'Weakley/GIC/measured/TVA' original vs. modified data for event '2016-02-17'
2026-10-06T17:11:29.812335Z INFO  main     Writing C:\Users\lwilker\Documents\GitHub\SWERVE-data\data_processed/2016-02-17/sites/weakley/figures\original\GIC_measured_TVA.png
2026-10-06T17:11:30.392236Z INFO  main     Writing C:\Users\lwilker\Documents\GitHub\SWERVE-data\data_processed/2016-02-17/sites/weakley/figures\original\GIC_measured_TVA.pdf
2026-10-06T17:11:30.540935Z INFO  main Reading 'Weakley' data for event '2024-05-10'
2026-10-06T17:11:30.549936Z INFO  main   Reading 'GIC/measured/TVA' data for event '2024-05-10'
2026-10-06T17:11:30.552001Z INFO  main     Reading C:\Users\lwilker\Documents\GitHub\SWERVE-data\data_original\tva\2024-05-10\gic\GIC-measured\gic-weakley_20240510.csv
2026-10-06T17:11:34.422625Z INFO  main     Running automated error checks on GIC measured data
2026-10-06T17:11:44.543460Z INFO  main     Uniq dts [ns] = [1000000000]
2026-10-06T17:11:44.543460Z INFO  main     Uniq dts [#]  = 1
2026-10-06T17:11:44.746962Z INFO  main     
Resample to 1m aves and NaN pad or trim to start/stop.
2026-10-06T17:11:45.024332Z INFO  main     Writing C:\Users\lwilker\Documents\GitHub\SWERVE-data\data_processed\2024-05-10\sites\weakley\data\GIC_measured_TVA.pkl
2026-10-06T17:11:45.294156Z INFO  main   Writing C:\Users\lwilker\Documents\GitHub\SWERVE-data\data_processed\2024-05-10\sites\weakley\data\_all.pkl
2026-10-06T17:11:45.683566Z INFO  main Computing stats for 'Weakley' data
2026-10-06T17:11:45.941914Z INFO  main   Uniq dts [ns] = [1000000000]
2026-10-06T17:11:45.941914Z INFO  main   Uniq dts [#]  = 1
2026-10-06T17:11:45.941914Z INFO  main   Stats for GIC/measured/TVA:
2026-10-06T17:11:45.941914Z INFO  main 
    std: : [0.8882174429556832]
    ave: : [-0.011024134985049136]
    min: : [-3.6356666666666664]
    max: : [5.1075]
    n: 2341
    n_valid: : [2341]
    dt_original: : [1000000000]
2026-10-06T17:11:45.941914Z INFO  main Plotting 'Weakley' data for event '2024-05-10'
2026-10-06T17:11:45.941914Z INFO  main   Plotting 'Weakley/GIC/measured/TVA' original vs. modified data for event '2024-05-10'
2026-10-06T17:11:48.257288Z INFO  main     Writing C:\Users\lwilker\Documents\GitHub\SWERVE-data\data_processed/2024-05-10/sites/weakley/figures\original\GIC_measured_TVA.png
2026-10-06T17:11:48.823056Z INFO  main     Writing C:\Users\lwilker\Documents\GitHub\SWERVE-data\data_processed/2024-05-10/sites/weakley/figures\original\GIC_measured_TVA.pdf
2026-10-06T17:11:48.977747Z INFO  main Reading 'Weakley' data for event '2015-10-07'
2026-10-06T17:11:48.996357Z INFO  main   Reading 'GIC/measured/TVA' data for event '2015-10-07'
2026-10-06T17:11:48.999427Z INFO  main     Reading C:\Users\lwilker\Documents\GitHub\SWERVE-data\data_original\tva\2015-10-07\gic\GIC-measured\gic-weakley_20151007.csv
2026-10-06T17:11:50.245672Z INFO  main     Running automated error checks on GIC measured data
2026-10-06T17:11:53.536841Z INFO  main     Uniq dts [ns] = [ 2000000000 16000000000 48000000000 54000000000]
2026-10-06T17:11:53.536841Z INFO  main     Uniq dts [#]  = 4
2026-10-06T17:11:53.594254Z INFO  main     
Resample to 1m aves and NaN pad or trim to start/stop.
2026-10-06T17:11:53.691657Z INFO  main     Writing C:\Users\lwilker\Documents\GitHub\SWERVE-data\data_processed\2015-10-07\sites\weakley\data\GIC_measured_TVA.pkl
2026-10-06T17:11:53.887629Z INFO  main   Writing C:\Users\lwilker\Documents\GitHub\SWERVE-data\data_processed\2015-10-07\sites\weakley\data\_all.pkl
2026-10-06T17:11:53.976913Z INFO  main Computing stats for 'Weakley' data
2026-10-06T17:11:54.050816Z INFO  main   Uniq dts [ns] = [ 2000000000 16000000000 48000000000 54000000000]
2026-10-06T17:11:54.051799Z INFO  main   Uniq dts [#]  = 4
2026-10-06T17:11:54.051799Z INFO  main   Stats for GIC/measured/TVA:
2026-10-06T17:11:54.051799Z INFO  main 
    std: : [0.7571088032072767]
    ave: : [0.11575951102564744]
    min: : [-4.662333333333334]
    max: : [3.4226666666666667]
    n: 1741
    n_valid: : [1741]
    dt_original: : [2000000000, 16000000000, 48000000000, 54000000000]
2026-10-06T17:11:54.051799Z INFO  main Plotting 'Weakley' data for event '2015-10-07'
2026-10-06T17:11:54.053799Z INFO  main   Plotting 'Weakley/GIC/measured/TVA' original vs. modified data for event '2015-10-07'
2026-10-06T17:11:55.734354Z INFO  main     Writing C:\Users\lwilker\Documents\GitHub\SWERVE-data\data_processed/2015-10-07/sites/weakley/figures\original\GIC_measured_TVA.png
2026-10-06T17:11:56.339079Z INFO  main     Writing C:\Users\lwilker\Documents\GitHub\SWERVE-data\data_processed/2015-10-07/sites/weakley/figures\original\GIC_measured_TVA.pdf
2026-10-06T17:11:56.478710Z INFO  main Reading 'Widows Creek' data for event '2015-03-17'
2026-10-06T17:11:56.493146Z INFO  main   Reading 'GIC/measured/TVA' data for event '2015-03-17'
2026-10-06T17:11:56.495766Z INFO  main     Reading C:\Users\lwilker\Documents\GitHub\SWERVE-data\data_original\tva\2015-03-17\gic\GIC-measured\gic-widowscreek_20150317.csv
2026-10-06T17:11:57.754178Z INFO  main     Running automated error checks on GIC measured data
2026-10-06T17:12:01.085643Z INFO  main     Uniq dts [ns] = [2000000000]
2026-10-06T17:12:01.085643Z INFO  main     Uniq dts [#]  = 1
2026-10-06T17:12:01.121874Z INFO  main     
Resample to 1m aves and NaN pad or trim to start/stop.
2026-10-06T17:12:01.225280Z INFO  main     Writing C:\Users\lwilker\Documents\GitHub\SWERVE-data\data_processed\2015-03-17\sites\widowscreek\data\GIC_measured_TVA.pkl
2026-10-06T17:12:01.381943Z INFO  main   Writing C:\Users\lwilker\Documents\GitHub\SWERVE-data\data_processed\2015-03-17\sites\widowscreek\data\_all.pkl
2026-10-06T17:12:01.466924Z INFO  main Computing stats for 'Widows Creek' data
2026-10-06T17:12:01.542156Z INFO  main   Uniq dts [ns] = [2000000000]
2026-10-06T17:12:01.542156Z INFO  main   Uniq dts [#]  = 1
2026-10-06T17:12:01.542156Z INFO  main   Stats for GIC/measured/TVA:
2026-10-06T17:12:01.542156Z INFO  main 
    std: : [0.8654123445982143]
    ave: : [-0.036435884088148525]
    min: : [-6.303666666666667]
    max: : [4.666333333333333]
    n: 1921
    n_valid: : [1921]
    dt_original: : [2000000000]
2026-10-06T17:12:01.543137Z INFO  main Plotting 'Widows Creek' data for event '2015-03-17'
2026-10-06T17:12:01.547135Z INFO  main   Plotting 'Widows Creek/GIC/measured/TVA' original vs. modified data for event '2015-03-17'
2026-10-06T17:12:03.325954Z INFO  main     Writing C:\Users\lwilker\Documents\GitHub\SWERVE-data\data_processed/2015-03-17/sites/widowscreek/figures\original\GIC_measured_TVA.png
2026-10-06T17:12:03.770005Z INFO  main     Writing C:\Users\lwilker\Documents\GitHub\SWERVE-data\data_processed/2015-03-17/sites/widowscreek/figures\original\GIC_measured_TVA.pdf
2026-10-06T17:12:03.913875Z INFO  main Reading 'Widows Creek' data for event '2015-06-22'
2026-10-06T17:12:03.919628Z INFO  main   Reading 'GIC/measured/TVA' data for event '2015-06-22'
2026-10-06T17:12:03.923515Z INFO  main     Reading C:\Users\lwilker\Documents\GitHub\SWERVE-data\data_original\tva\2015-06-22\gic\GIC-measured\gic-widowscreek_20150622.csv
2026-10-06T17:12:05.226918Z INFO  main     Running automated error checks on GIC measured data
2026-10-06T17:12:08.557926Z INFO  main     Uniq dts [ns] = [ 2000000000  6000000000  8000000000 56000000000 58000000000]
2026-10-06T17:12:08.559673Z INFO  main     Uniq dts [#]  = 5
2026-10-06T17:12:08.609735Z INFO  main     
Resample to 1m aves and NaN pad or trim to start/stop.
2026-10-06T17:12:08.713256Z INFO  main     Writing C:\Users\lwilker\Documents\GitHub\SWERVE-data\data_processed\2015-06-22\sites\widowscreek\data\GIC_measured_TVA.pkl
2026-10-06T17:12:08.908215Z INFO  main   Writing C:\Users\lwilker\Documents\GitHub\SWERVE-data\data_processed\2015-06-22\sites\widowscreek\data\_all.pkl
2026-10-06T17:12:08.988526Z INFO  main Computing stats for 'Widows Creek' data
2026-10-06T17:12:09.094069Z INFO  main   Uniq dts [ns] = [ 2000000000  6000000000  8000000000 56000000000 58000000000]
2026-10-06T17:12:09.095061Z INFO  main   Uniq dts [#]  = 5
2026-10-06T17:12:09.095061Z INFO  main   Stats for GIC/measured/TVA:
2026-10-06T17:12:09.096045Z INFO  main 
    std: : [0.6264571653495025]
    ave: : [0.02406867213533126]
    min: : [-8.101666666666667]
    max: : [4.417333333333334]
    n: 1981
    n_valid: : [1981]
    dt_original: : [2000000000 nanoseconds, 6000000000 nanoseconds, ..., 56000000000 nanoseconds, 58000000000 nanoseconds] (5 elements)
2026-10-06T17:12:09.096045Z INFO  main Plotting 'Widows Creek' data for event '2015-06-22'
2026-10-06T17:12:09.097552Z INFO  main   Plotting 'Widows Creek/GIC/measured/TVA' original vs. modified data for event '2015-06-22'
2026-10-06T17:12:10.873358Z INFO  main     Writing C:\Users\lwilker\Documents\GitHub\SWERVE-data\data_processed/2015-06-22/sites/widowscreek/figures\original\GIC_measured_TVA.png
2026-10-06T17:12:11.322998Z INFO  main     Writing C:\Users\lwilker\Documents\GitHub\SWERVE-data\data_processed/2015-06-22/sites/widowscreek/figures\original\GIC_measured_TVA.pdf
2026-10-06T17:12:11.457579Z INFO  main Reading 'Widows Creek' data for event '2014-09-11'
2026-10-06T17:12:11.467714Z INFO  main   Reading 'GIC/measured/TVA' data for event '2014-09-11'
2026-10-06T17:12:11.470711Z INFO  main     Reading C:\Users\lwilker\Documents\GitHub\SWERVE-data\data_original\tva\2014-09-11\gic\GIC-measured\gic-widowscreek_20140911.csv
2026-10-06T17:12:13.393405Z INFO  main     Running automated error checks on GIC measured data
2026-10-06T17:12:18.304893Z INFO  main     Uniq dts [ns] = [2000000000]
2026-10-06T17:12:18.304893Z INFO  main     Uniq dts [#]  = 1
2026-10-06T17:12:18.441797Z INFO  main     
Resample to 1m aves and NaN pad or trim to start/stop.
2026-10-06T17:12:18.572132Z INFO  main     Writing C:\Users\lwilker\Documents\GitHub\SWERVE-data\data_processed\2014-09-11\sites\widowscreek\data\GIC_measured_TVA.pkl
2026-10-06T17:12:18.730247Z INFO  main   Writing C:\Users\lwilker\Documents\GitHub\SWERVE-data\data_processed\2014-09-11\sites\widowscreek\data\_all.pkl
2026-10-06T17:12:18.868633Z INFO  main Computing stats for 'Widows Creek' data
2026-10-06T17:12:18.986645Z INFO  main   Uniq dts [ns] = [ 2000000000 20000000000]
2026-10-06T17:12:18.986645Z INFO  main   Uniq dts [#]  = 2
2026-10-06T17:12:18.986645Z INFO  main   Stats for GIC/measured/TVA:
2026-10-06T17:12:18.986645Z INFO  main 
    std: : [0.5101739492789971]
    ave: : [0.06706341656757826]
    min: : [-2.121]
    max: : [2.1093333333333333]
    n: 841
    n_valid: : [841]
    dt_original: : [2000000000, 20000000000]
2026-10-06T17:12:18.986645Z INFO  main Plotting 'Widows Creek' data for event '2014-09-11'
2026-10-06T17:12:18.986645Z INFO  main   Plotting 'Widows Creek/GIC/measured/TVA' original vs. modified data for event '2014-09-11'
2026-10-06T17:12:20.816396Z INFO  main     Writing C:\Users\lwilker\Documents\GitHub\SWERVE-data\data_processed/2014-09-11/sites/widowscreek/figures\original\GIC_measured_TVA.png
2026-10-06T17:12:21.314096Z INFO  main     Writing C:\Users\lwilker\Documents\GitHub\SWERVE-data\data_processed/2014-09-11/sites/widowscreek/figures\original\GIC_measured_TVA.pdf
2026-10-06T17:12:21.450276Z INFO  main Reading 'Widows Creek' data for event '2023-03-23'
2026-10-06T17:12:21.463041Z INFO  main   Reading 'GIC/measured/TVA' data for event '2023-03-23'
2026-10-06T17:12:21.467547Z INFO  main     Reading C:\Users\lwilker\Documents\GitHub\SWERVE-data\data_original\tva\2023-03-23\gic\GIC-measured\gic-widowscreek_20230323.csv
2026-10-06T17:12:24.074326Z INFO  main     Running automated error checks on GIC measured data
2026-10-06T17:12:30.737587Z INFO  main     Uniq dts [ns] = [1000000000]
2026-10-06T17:12:30.737587Z INFO  main     Uniq dts [#]  = 1
2026-10-06T17:12:30.892100Z INFO  main     
Resample to 1m aves and NaN pad or trim to start/stop.
2026-10-06T17:12:31.106195Z INFO  main     Writing C:\Users\lwilker\Documents\GitHub\SWERVE-data\data_processed\2023-03-23\sites\widowscreek\data\GIC_measured_TVA.pkl
2026-10-06T17:12:31.290971Z INFO  main   Writing C:\Users\lwilker\Documents\GitHub\SWERVE-data\data_processed\2023-03-23\sites\widowscreek\data\_all.pkl
2026-10-06T17:12:31.458049Z INFO  main Computing stats for 'Widows Creek' data
2026-10-06T17:12:31.658454Z INFO  main   Uniq dts [ns] = [1000000000]
2026-10-06T17:12:31.658454Z INFO  main   Uniq dts [#]  = 1
2026-10-06T17:12:31.658454Z INFO  main   Stats for GIC/measured/TVA:
2026-10-06T17:12:31.658454Z INFO  main 
    std: : [0.3747177630167672]
    ave: : [-0.06695622464232329]
    min: : [-2.506666666666667]
    max: : [1.7510000000000001]
    n: 1561
    n_valid: : [1561]
    dt_original: : [1000000000]
2026-10-06T17:12:31.658454Z INFO  main Plotting 'Widows Creek' data for event '2023-03-23'
2026-10-06T17:12:31.658454Z INFO  main   Plotting 'Widows Creek/GIC/measured/TVA' original vs. modified data for event '2023-03-23'
2026-10-06T17:12:33.742220Z INFO  main     Writing C:\Users\lwilker\Documents\GitHub\SWERVE-data\data_processed/2023-03-23/sites/widowscreek/figures\original\GIC_measured_TVA.png
2026-10-06T17:12:34.210013Z INFO  main     Writing C:\Users\lwilker\Documents\GitHub\SWERVE-data\data_processed/2023-03-23/sites/widowscreek/figures\original\GIC_measured_TVA.pdf
2026-10-06T17:12:34.324953Z INFO  main Reading 'Widows Creek' data for event '2016-02-17'
2026-10-06T17:12:34.345609Z INFO  main   Reading 'GIC/measured/TVA' data for event '2016-02-17'
2026-10-06T17:12:34.347649Z INFO  main     Reading C:\Users\lwilker\Documents\GitHub\SWERVE-data\data_original\tva\2016-02-17\gic\GIC-measured\gic-widowscreek_20160217.csv
2026-10-06T17:12:34.991996Z INFO  main     Running automated error checks on GIC measured data
2026-10-06T17:12:36.609104Z INFO  main     Uniq dts [ns] = [2000000000]
2026-10-06T17:12:36.609104Z INFO  main     Uniq dts [#]  = 1
2026-10-06T17:12:36.630797Z INFO  main     
Resample to 1m aves and NaN pad or trim to start/stop.
2026-10-06T17:12:36.703868Z INFO  main     Writing C:\Users\lwilker\Documents\GitHub\SWERVE-data\data_processed\2016-02-17\sites\widowscreek\data\GIC_measured_TVA.pkl
2026-10-06T17:12:36.806900Z INFO  main   Writing C:\Users\lwilker\Documents\GitHub\SWERVE-data\data_processed\2016-02-17\sites\widowscreek\data\_all.pkl
2026-10-06T17:12:36.873847Z INFO  main Computing stats for 'Widows Creek' data
2026-10-06T17:12:36.927533Z INFO  main   Uniq dts [ns] = [2000000000]
2026-10-06T17:12:36.927533Z INFO  main   Uniq dts [#]  = 1
2026-10-06T17:12:36.927533Z INFO  main   Stats for GIC/measured/TVA:
2026-10-06T17:12:36.927533Z INFO  main 
    std: : [0.2833575298609485]
    ave: : [0.2023022792022792]
    min: : [-0.9626666666666667]
    max: : [1.219]
    n: 2581
    n_valid: : [1170]
    dt_original: : [2000000000]
2026-10-06T17:12:36.927533Z INFO  main Plotting 'Widows Creek' data for event '2016-02-17'
2026-10-06T17:12:36.927533Z INFO  main   Plotting 'Widows Creek/GIC/measured/TVA' original vs. modified data for event '2016-02-17'
2026-10-06T17:12:38.636281Z INFO  main     Writing C:\Users\lwilker\Documents\GitHub\SWERVE-data\data_processed/2016-02-17/sites/widowscreek/figures\original\GIC_measured_TVA.png
2026-10-06T17:12:39.168580Z INFO  main     Writing C:\Users\lwilker\Documents\GitHub\SWERVE-data\data_processed/2016-02-17/sites/widowscreek/figures\original\GIC_measured_TVA.pdf
2026-10-06T17:12:39.271515Z INFO  main Reading 'Widows Creek' data for event '2015-10-07'
2026-10-06T17:12:39.290788Z INFO  main   Reading 'GIC/measured/TVA' data for event '2015-10-07'
2026-10-06T17:12:39.292875Z INFO  main     Reading C:\Users\lwilker\Documents\GitHub\SWERVE-data\data_original\tva\2015-10-07\gic\GIC-measured\gic-widowscreek_20151007.csv
2026-10-06T17:12:40.610060Z INFO  main     Running automated error checks on GIC measured data
2026-10-06T17:12:43.816100Z INFO  main     Uniq dts [ns] = [ 2000000000  8000000000 52000000000 62000000000]
2026-10-06T17:12:43.818105Z INFO  main     Uniq dts [#]  = 4
2026-10-06T17:12:43.850431Z INFO  main     
Resample to 1m aves and NaN pad or trim to start/stop.
2026-10-06T17:12:43.971010Z INFO  main     Writing C:\Users\lwilker\Documents\GitHub\SWERVE-data\data_processed\2015-10-07\sites\widowscreek\data\GIC_measured_TVA.pkl
2026-10-06T17:12:44.155758Z INFO  main   Writing C:\Users\lwilker\Documents\GitHub\SWERVE-data\data_processed\2015-10-07\sites\widowscreek\data\_all.pkl
2026-10-06T17:12:44.255919Z INFO  main Computing stats for 'Widows Creek' data
2026-10-06T17:12:44.350422Z INFO  main   Uniq dts [ns] = [ 2000000000  8000000000 52000000000 62000000000]
2026-10-06T17:12:44.350422Z INFO  main   Uniq dts [#]  = 4
2026-10-06T17:12:44.350422Z INFO  main   Stats for GIC/measured/TVA:
2026-10-06T17:12:44.350422Z INFO  main 
    std: : [0.5994568276620426]
    ave: : [-0.04795479723969098]
    min: : [-3.030333333333333]
    max: : [2.0913333333333335]
    n: 1741
    n_valid: : [1741]
    dt_original: : [2000000000, 8000000000, 52000000000, 62000000000]
2026-10-06T17:12:44.356475Z INFO  main Plotting 'Widows Creek' data for event '2015-10-07'
2026-10-06T17:12:44.356475Z INFO  main   Plotting 'Widows Creek/GIC/measured/TVA' original vs. modified data for event '2015-10-07'
2026-10-06T17:12:46.364852Z INFO  main     Writing C:\Users\lwilker\Documents\GitHub\SWERVE-data\data_processed/2015-10-07/sites/widowscreek/figures\original\GIC_measured_TVA.png
2026-10-06T17:12:46.961938Z INFO  main     Writing C:\Users\lwilker\Documents\GitHub\SWERVE-data\data_processed/2015-10-07/sites/widowscreek/figures\original\GIC_measured_TVA.pdf
2026-10-06T17:12:47.075591Z INFO  main Reading 'Paradise' data for event '2015-06-22'
2026-10-06T17:12:47.081394Z INFO  main   Reading 'GIC/measured/TVA' data for event '2015-06-22'
2026-10-06T17:12:47.088509Z INFO  main     Reading C:\Users\lwilker\Documents\GitHub\SWERVE-data\data_original\tva\2015-06-22\gic\GIC-measured\gic-paradise_20150622.csv
2026-10-06T17:12:48.343664Z INFO  main     Running automated error checks on GIC measured data
2026-10-06T17:12:51.776552Z INFO  main     Uniq dts [ns] = [ 2000000000  4000000000 50000000000 54000000000 58000000000]
2026-10-06T17:12:51.776552Z INFO  main     Uniq dts [#]  = 5
2026-10-06T17:12:51.812894Z INFO  main     
Resample to 1m aves and NaN pad or trim to start/stop.
2026-10-06T17:12:51.914887Z INFO  main     Writing C:\Users\lwilker\Documents\GitHub\SWERVE-data\data_processed\2015-06-22\sites\paradise\data\GIC_measured_TVA.pkl
2026-10-06T17:12:52.090696Z INFO  main   Writing C:\Users\lwilker\Documents\GitHub\SWERVE-data\data_processed\2015-06-22\sites\paradise\data\_all.pkl
2026-10-06T17:12:52.181085Z INFO  main Computing stats for 'Paradise' data
2026-10-06T17:12:52.276945Z INFO  main   Uniq dts [ns] = [ 2000000000  4000000000 20000000000 50000000000 54000000000 58000000000]
2026-10-06T17:12:52.276945Z INFO  main   Uniq dts [#]  = 6
2026-10-06T17:12:52.276945Z INFO  main   Stats for GIC/measured/TVA:
2026-10-06T17:12:52.280987Z INFO  main 
    std: : [2.013031740829898]
    ave: : [-0.043903492748549725]
    min: : [-11.933]
    max: : [11.637333333333334]
    n: 1981
    n_valid: : [1981]
    dt_original: : [2000000000 nanoseconds, 4000000000 nanoseconds, ..., 54000000000 nanoseconds, 58000000000 nanoseconds] (6 elements)
2026-10-06T17:12:52.280987Z INFO  main Plotting 'Paradise' data for event '2015-06-22'
2026-10-06T17:12:52.280987Z INFO  main   Plotting 'Paradise/GIC/measured/TVA' original vs. modified data for event '2015-06-22'
2026-10-06T17:12:53.986116Z INFO  main     Writing C:\Users\lwilker\Documents\GitHub\SWERVE-data\data_processed/2015-06-22/sites/paradise/figures\original\GIC_measured_TVA.png
2026-10-06T17:12:54.456087Z INFO  main     Writing C:\Users\lwilker\Documents\GitHub\SWERVE-data\data_processed/2015-06-22/sites/paradise/figures\original\GIC_measured_TVA.pdf
2026-10-06T17:12:54.585042Z INFO  main Reading 'Paradise' data for event '2014-09-11'
2026-10-06T17:12:54.592541Z INFO  main   Reading 'GIC/measured/TVA' data for event '2014-09-11'
2026-10-06T17:12:54.596082Z INFO  main     Reading C:\Users\lwilker\Documents\GitHub\SWERVE-data\data_original\tva\2014-09-11\gic\GIC-measured\gic-paradise_20140911.csv
2026-10-06T17:12:56.506659Z INFO  main     Running automated error checks on GIC measured data
2026-10-06T17:13:01.430080Z INFO  main     Uniq dts [ns] = [2000000000]
2026-10-06T17:13:01.430080Z INFO  main     Uniq dts [#]  = 1
2026-10-06T17:13:01.534688Z INFO  main     
Resample to 1m aves and NaN pad or trim to start/stop.
2026-10-06T17:13:01.670778Z INFO  main     Writing C:\Users\lwilker\Documents\GitHub\SWERVE-data\data_processed\2014-09-11\sites\paradise\data\GIC_measured_TVA.pkl
2026-10-06T17:13:01.802637Z INFO  main   Writing C:\Users\lwilker\Documents\GitHub\SWERVE-data\data_processed\2014-09-11\sites\paradise\data\_all.pkl
2026-10-06T17:13:01.919638Z INFO  main Computing stats for 'Paradise' data
2026-10-06T17:13:02.036381Z INFO  main   Uniq dts [ns] = [ 2000000000  4000000000  6000000000  8000000000 18000000000 20000000000
 22000000000]
2026-10-06T17:13:02.036381Z INFO  main   Uniq dts [#]  = 7
2026-10-06T17:13:02.036381Z INFO  main   Stats for GIC/measured/TVA:
2026-10-06T17:13:02.036381Z INFO  main 
    std: : [1.0370251938090596]
    ave: : [0.2087669441141498]
    min: : [-2.6383333333333336]
    max: : [4.881666666666666]
    n: 841
    n_valid: : [841]
    dt_original: : [2000000000 nanoseconds, 4000000000 nanoseconds, ..., 20000000000 nanoseconds, 22000000000 nanoseconds] (7 elements)
2026-10-06T17:13:02.036381Z INFO  main Plotting 'Paradise' data for event '2014-09-11'
2026-10-06T17:13:02.036381Z INFO  main   Plotting 'Paradise/GIC/measured/TVA' original vs. modified data for event '2014-09-11'
2026-10-06T17:13:03.888045Z INFO  main     Writing C:\Users\lwilker\Documents\GitHub\SWERVE-data\data_processed/2014-09-11/sites/paradise/figures\original\GIC_measured_TVA.png
2026-10-06T17:13:04.404409Z INFO  main     Writing C:\Users\lwilker\Documents\GitHub\SWERVE-data\data_processed/2014-09-11/sites/paradise/figures\original\GIC_measured_TVA.pdf
2026-10-06T17:13:04.564985Z INFO  main Reading 'Paradise' data for event '2016-02-17'
2026-10-06T17:13:04.572515Z INFO  main   Reading 'GIC/measured/TVA' data for event '2016-02-17'
2026-10-06T17:13:04.575568Z INFO  main     Reading C:\Users\lwilker\Documents\GitHub\SWERVE-data\data_original\tva\2016-02-17\gic\GIC-measured\gic-paradise_20160217.csv
2026-10-06T17:13:05.200449Z INFO  main     Running automated error checks on GIC measured data
2026-10-06T17:13:06.895898Z INFO  main     Uniq dts [ns] = [ 2000000000  6000000000 10000000000 20000000000]
2026-10-06T17:13:06.895898Z INFO  main     Uniq dts [#]  = 4
2026-10-06T17:13:06.916401Z INFO  main     
Resample to 1m aves and NaN pad or trim to start/stop.
2026-10-06T17:13:06.988651Z INFO  main     Writing C:\Users\lwilker\Documents\GitHub\SWERVE-data\data_processed\2016-02-17\sites\paradise\data\GIC_measured_TVA.pkl
2026-10-06T17:13:07.036327Z INFO  main   Writing C:\Users\lwilker\Documents\GitHub\SWERVE-data\data_processed\2016-02-17\sites\paradise\data\_all.pkl
2026-10-06T17:13:07.122823Z INFO  main Computing stats for 'Paradise' data
2026-10-06T17:13:07.168646Z INFO  main   Uniq dts [ns] = [ 2000000000  6000000000 10000000000 20000000000]
2026-10-06T17:13:07.168646Z INFO  main   Uniq dts [#]  = 4
2026-10-06T17:13:07.168646Z INFO  main   Stats for GIC/measured/TVA:
2026-10-06T17:13:07.169860Z INFO  main 
    std: : [0.8594050485920913]
    ave: : [0.12861006595463784]
    min: : [-2.6686666666666667]
    max: : [4.138]
    n: 2581
    n_valid: : [1170]
    dt_original: : [2000000000, 6000000000, 10000000000, 20000000000]
2026-10-06T17:13:07.170975Z INFO  main Plotting 'Paradise' data for event '2016-02-17'
2026-10-06T17:13:07.172950Z INFO  main   Plotting 'Paradise/GIC/measured/TVA' original vs. modified data for event '2016-02-17'
2026-10-06T17:13:08.840594Z INFO  main     Writing C:\Users\lwilker\Documents\GitHub\SWERVE-data\data_processed/2016-02-17/sites/paradise/figures\original\GIC_measured_TVA.png
2026-10-06T17:13:09.415531Z INFO  main     Writing C:\Users\lwilker\Documents\GitHub\SWERVE-data\data_processed/2016-02-17/sites/paradise/figures\original\GIC_measured_TVA.pdf
2026-10-06T17:13:09.544711Z INFO  main Reading 'Paradise' data for event '2024-05-10'
2026-10-06T17:13:09.553390Z INFO  main   Reading 'B/measured/TVA' data for event '2024-05-10'
2026-10-06T17:13:09.555385Z INFO  main     Reading C:\Users\lwilker\Documents\GitHub\SWERVE-data\data_original\tva\2024-05-10\mag\paradise_mag_20240509.csv
2026-10-06T17:13:15.156641Z INFO  main     Remove baseline then Resample to 1m aves and NaN pad or trim to start/stop.
2026-10-06T17:13:15.553448Z INFO  main     Writing C:\Users\lwilker\Documents\GitHub\SWERVE-data\data_processed\2024-05-10\sites\paradise\data\B_measured_TVA.pkl
2026-10-06T17:13:15.830009Z INFO  main   Writing C:\Users\lwilker\Documents\GitHub\SWERVE-data\data_processed\2024-05-10\sites\paradise\data\_all.pkl
2026-10-06T17:13:16.166842Z INFO  main Computing stats for 'Paradise' data
2026-10-06T17:13:16.486092Z INFO  main   Uniq dts [ns] = [1000000000 2000000000 3000000000]
2026-10-06T17:13:16.486092Z INFO  main   Uniq dts [#]  = 3
2026-10-06T17:13:16.486092Z INFO  main   Stats for B/measured/TVA:
2026-10-06T17:13:16.486092Z INFO  main 
    std: : [120.94426639428703, 69.65911214032094, 92.58610816416291, 98.31205041920995]
    ave: : [-157.5777290766182, -42.95335468810705, 25.821526381840897, 191.07866431422175]
    min: : [-573.1811666666673, -295.8923333333332, -216.56266666666525, 4.125587693692435]
    max: : [447.0439999999993, 201.11383333333342, 555.059500000001, 624.5854996458543]
    n: 2341
    n_valid: : [2341, 2341, 2341, 2341]
    dt_original: : [1000000000, 2000000000, 3000000000]
2026-10-06T17:13:16.486092Z INFO  main Plotting 'Paradise' data for event '2024-05-10'
2026-10-06T17:13:16.486092Z INFO  main   Plotting 'Paradise/B/measured/TVA' original vs. modified data for event '2024-05-10'
2026-10-06T17:13:22.782248Z INFO  main     Writing C:\Users\lwilker\Documents\GitHub\SWERVE-data\data_processed/2024-05-10/sites/paradise/figures\original\B_measured_TVA_Bx.png
2026-10-06T17:13:23.143455Z INFO  main     Writing C:\Users\lwilker\Documents\GitHub\SWERVE-data\data_processed/2024-05-10/sites/paradise/figures\original\B_measured_TVA_Bx.pdf
2026-10-06T17:13:23.483978Z INFO  main     Writing C:\Users\lwilker\Documents\GitHub\SWERVE-data\data_processed/2024-05-10/sites/paradise/figures\original\B_measured_TVA_By.png
2026-10-06T17:13:23.939077Z INFO  main     Writing C:\Users\lwilker\Documents\GitHub\SWERVE-data\data_processed/2024-05-10/sites/paradise/figures\original\B_measured_TVA_By.pdf
2026-10-06T17:13:24.269255Z INFO  main     Writing C:\Users\lwilker\Documents\GitHub\SWERVE-data\data_processed/2024-05-10/sites/paradise/figures\original\B_measured_TVA_Bz.png
2026-10-06T17:13:24.609616Z INFO  main     Writing C:\Users\lwilker\Documents\GitHub\SWERVE-data\data_processed/2024-05-10/sites/paradise/figures\original\B_measured_TVA_Bz.pdf
2026-10-06T17:13:24.929116Z INFO  main Reading 'Paradise' data for event '2015-10-07'
2026-10-06T17:13:24.939951Z INFO  main   Reading 'GIC/measured/TVA' data for event '2015-10-07'
2026-10-06T17:13:24.943175Z INFO  main     Reading C:\Users\lwilker\Documents\GitHub\SWERVE-data\data_original\tva\2015-10-07\gic\GIC-measured\gic-paradise_20151007.csv
2026-10-06T17:13:26.246900Z INFO  main     Running automated error checks on GIC measured data
2026-10-06T17:13:29.556336Z INFO  main     Uniq dts [ns] = [ 2000000000  4000000000  6000000000 10000000000 18000000000 20000000000
 24000000000 46000000000 48000000000]
2026-10-06T17:13:29.556336Z INFO  main     Uniq dts [#]  = 9
2026-10-06T17:13:29.697646Z INFO  main     
Resample to 1m aves and NaN pad or trim to start/stop.
2026-10-06T17:13:29.829267Z INFO  main     Writing C:\Users\lwilker\Documents\GitHub\SWERVE-data\data_processed\2015-10-07\sites\paradise\data\GIC_measured_TVA.pkl
2026-10-06T17:13:29.930335Z INFO  main   Writing C:\Users\lwilker\Documents\GitHub\SWERVE-data\data_processed\2015-10-07\sites\paradise\data\_all.pkl
2026-10-06T17:13:30.026267Z INFO  main Computing stats for 'Paradise' data
2026-10-06T17:13:30.104094Z INFO  main   Uniq dts [ns] = [ 2000000000  4000000000  6000000000 10000000000 16000000000 18000000000
 20000000000 24000000000 46000000000 48000000000]
2026-10-06T17:13:30.105091Z INFO  main   Uniq dts [#]  = 10
2026-10-06T17:13:30.105091Z INFO  main   Stats for GIC/measured/TVA:
2026-10-06T17:13:30.105091Z INFO  main 
    std: : [1.582407188698732]
    ave: : [0.19003932881432534]
    min: : [-8.282]
    max: : [8.197]
    n: 1741
    n_valid: : [1741]
    dt_original: : [2000000000 nanoseconds, 4000000000 nanoseconds, ..., 46000000000 nanoseconds, 48000000000 nanoseconds] (10 elements)
2026-10-06T17:13:30.106092Z INFO  main Plotting 'Paradise' data for event '2015-10-07'
2026-10-06T17:13:30.109091Z INFO  main   Plotting 'Paradise/GIC/measured/TVA' original vs. modified data for event '2015-10-07'
2026-10-06T17:13:32.086748Z INFO  main     Writing C:\Users\lwilker\Documents\GitHub\SWERVE-data\data_processed/2015-10-07/sites/paradise/figures\original\GIC_measured_TVA.png
2026-10-06T17:13:32.767260Z INFO  main     Writing C:\Users\lwilker\Documents\GitHub\SWERVE-data\data_processed/2015-10-07/sites/paradise/figures\original\GIC_measured_TVA.pdf
2026-10-06T17:13:32.925466Z INFO  main Reading 'East Point' data for event '2015-06-22'
2026-10-06T17:13:32.937320Z INFO  main   Reading 'GIC/measured/TVA' data for event '2015-06-22'
2026-10-06T17:13:32.937320Z INFO  main     Reading C:\Users\lwilker\Documents\GitHub\SWERVE-data\data_original\tva\2015-06-22\gic\GIC-measured\gic-eastpoint_20150622.csv
2026-10-06T17:13:34.225454Z INFO  main     Running automated error checks on GIC measured data
2026-10-06T17:13:37.449809Z INFO  main     Uniq dts [ns] = [ 2000000000 44000000000 62000000000]
2026-10-06T17:13:37.451558Z INFO  main     Uniq dts [#]  = 3
2026-10-06T17:13:37.566022Z INFO  main     
Resample to 1m aves and NaN pad or trim to start/stop.
2026-10-06T17:13:37.662685Z INFO  main     Writing C:\Users\lwilker\Documents\GitHub\SWERVE-data\data_processed\2015-06-22\sites\eastpoint\data\GIC_measured_TVA.pkl
2026-10-06T17:13:37.752650Z INFO  main   Writing C:\Users\lwilker\Documents\GitHub\SWERVE-data\data_processed\2015-06-22\sites\eastpoint\data\_all.pkl
2026-10-06T17:13:37.842317Z INFO  main Computing stats for 'East Point' data
2026-10-06T17:13:37.940134Z INFO  main   Uniq dts [ns] = [ 2000000000 44000000000 62000000000]
2026-10-06T17:13:37.940134Z INFO  main   Uniq dts [#]  = 3
2026-10-06T17:13:37.940134Z INFO  main   Stats for GIC/measured/TVA:
2026-10-06T17:13:37.940134Z INFO  main 
    std: : [0.1879857631602274]
    ave: : [-0.006125260487451309]
    min: : [-0.5609999999999999]
    max: : [1.3003333333333333]
    n: 1981
    n_valid: : [1981]
    dt_original: : [2000000000, 44000000000, 62000000000]
2026-10-06T17:13:37.940134Z INFO  main Plotting 'East Point' data for event '2015-06-22'
2026-10-06T17:13:37.942899Z INFO  main   Plotting 'East Point/GIC/measured/TVA' original vs. modified data for event '2015-06-22'
2026-10-06T17:13:39.877427Z INFO  main     Writing C:\Users\lwilker\Documents\GitHub\SWERVE-data\data_processed/2015-06-22/sites/eastpoint/figures\original\GIC_measured_TVA.png
2026-10-06T17:13:40.443836Z INFO  main     Writing C:\Users\lwilker\Documents\GitHub\SWERVE-data\data_processed/2015-06-22/sites/eastpoint/figures\original\GIC_measured_TVA.pdf
2026-10-06T17:13:40.569306Z INFO  main Reading 'East Point' data for event '2024-05-10'
2026-10-06T17:13:40.590799Z INFO  main   Reading 'GIC/measured/TVA' data for event '2024-05-10'
2026-10-06T17:13:40.593559Z INFO  main     Reading C:\Users\lwilker\Documents\GitHub\SWERVE-data\data_original\tva\2024-05-10\gic\GIC-measured\gic-eastpoint_20240510.csv
2026-10-06T17:13:44.373562Z INFO  main     Running automated error checks on GIC measured data
2026-10-06T17:13:54.587816Z INFO  main     Uniq dts [ns] = [1000000000]
2026-10-06T17:13:54.587816Z INFO  main     Uniq dts [#]  = 1
2026-10-06T17:13:54.707280Z INFO  main     
Resample to 1m aves and NaN pad or trim to start/stop.
2026-10-06T17:13:55.016784Z INFO  main     Writing C:\Users\lwilker\Documents\GitHub\SWERVE-data\data_processed\2024-05-10\sites\eastpoint\data\GIC_measured_TVA.pkl
2026-10-06T17:13:55.384100Z INFO  main   Writing C:\Users\lwilker\Documents\GitHub\SWERVE-data\data_processed\2024-05-10\sites\eastpoint\data\_all.pkl
2026-10-06T17:13:55.669423Z INFO  main Computing stats for 'East Point' data
2026-10-06T17:13:55.886615Z INFO  main   Uniq dts [ns] = [1000000000]
2026-10-06T17:13:55.886615Z INFO  main   Uniq dts [#]  = 1
2026-10-06T17:13:55.886615Z INFO  main   Stats for GIC/measured/TVA:
2026-10-06T17:13:55.886615Z INFO  main 
    std: : [0.4865400963447246]
    ave: : [0.007945180122454794]
    min: : [-3.077]
    max: : [3.716333333333333]
    n: 2341
    n_valid: : [2341]
    dt_original: : [1000000000]
2026-10-06T17:13:55.902428Z INFO  main Plotting 'East Point' data for event '2024-05-10'
2026-10-06T17:13:55.904258Z INFO  main   Plotting 'East Point/GIC/measured/TVA' original vs. modified data for event '2024-05-10'
2026-10-06T17:13:58.216548Z INFO  main     Writing C:\Users\lwilker\Documents\GitHub\SWERVE-data\data_processed/2024-05-10/sites/eastpoint/figures\original\GIC_measured_TVA.png
2026-10-06T17:13:58.765127Z INFO  main     Writing C:\Users\lwilker\Documents\GitHub\SWERVE-data\data_processed/2024-05-10/sites/eastpoint/figures\original\GIC_measured_TVA.pdf
2026-10-06T17:13:58.900943Z INFO  main Reading 'Bull Run' data for event '2015-06-22'
2026-10-06T17:13:58.910414Z INFO  main   Reading 'GIC/measured/TVA' data for event '2015-06-22'
2026-10-06T17:13:58.914219Z INFO  main     Reading C:\Users\lwilker\Documents\GitHub\SWERVE-data\data_original\tva\2015-06-22\gic\GIC-measured\gic-bullrun_20150622.csv
2026-10-06T17:14:00.152083Z INFO  main     Running automated error checks on GIC measured data
2026-10-06T17:14:03.412807Z INFO  main     Uniq dts [ns] = [ 2000000000  4000000000  6000000000  8000000000 16000000000 60000000000]
2026-10-06T17:14:03.412807Z INFO  main     Uniq dts [#]  = 6
2026-10-06T17:14:03.464026Z INFO  main     
Resample to 1m aves and NaN pad or trim to start/stop.
2026-10-06T17:14:03.570931Z INFO  main     Writing C:\Users\lwilker\Documents\GitHub\SWERVE-data\data_processed\2015-06-22\sites\bullrun\data\GIC_measured_TVA.pkl
2026-10-06T17:14:03.748603Z INFO  main   Writing C:\Users\lwilker\Documents\GitHub\SWERVE-data\data_processed\2015-06-22\sites\bullrun\data\_all.pkl
2026-10-06T17:14:03.858869Z INFO  main Computing stats for 'Bull Run' data
2026-10-06T17:14:03.960892Z INFO  main   Uniq dts [ns] = [ 2000000000  4000000000  6000000000  8000000000 16000000000 60000000000]
2026-10-06T17:14:03.960892Z INFO  main   Uniq dts [#]  = 6
2026-10-06T17:14:03.960892Z INFO  main   Stats for GIC/measured/TVA:
2026-10-06T17:14:03.960892Z INFO  main 
    std: : [0.5616522084284746]
    ave: : [-0.02863824692627741]
    min: : [-3.837]
    max: : [6.431666666666667]
    n: 1981
    n_valid: : [1981]
    dt_original: : [2000000000 nanoseconds, 4000000000 nanoseconds, ..., 16000000000 nanoseconds, 60000000000 nanoseconds] (6 elements)
2026-10-06T17:14:03.960892Z INFO  main Plotting 'Bull Run' data for event '2015-06-22'
2026-10-06T17:14:03.960892Z INFO  main   Plotting 'Bull Run/GIC/measured/TVA' original vs. modified data for event '2015-06-22'
2026-10-06T17:14:05.775149Z INFO  main     Writing C:\Users\lwilker\Documents\GitHub\SWERVE-data\data_processed/2015-06-22/sites/bullrun/figures\original\GIC_measured_TVA.png
2026-10-06T17:14:06.246181Z INFO  main     Writing C:\Users\lwilker\Documents\GitHub\SWERVE-data\data_processed/2015-06-22/sites/bullrun/figures\original\GIC_measured_TVA.pdf
2026-10-06T17:14:06.387213Z INFO  main Reading 'Bull Run' data for event '2023-03-23'
2026-10-06T17:14:06.404016Z INFO  main   Reading 'GIC/measured/TVA' data for event '2023-03-23'
2026-10-06T17:14:06.405883Z INFO  main     Reading C:\Users\lwilker\Documents\GitHub\SWERVE-data\data_original\tva\2023-03-23\gic\GIC-measured\gic-bullrun_20230323.csv
2026-10-06T17:14:08.931568Z INFO  main     Running automated error checks on GIC measured data
2026-10-06T17:14:15.555338Z INFO  main     Uniq dts [ns] = [1000000000]
2026-10-06T17:14:15.555338Z INFO  main     Uniq dts [#]  = 1
2026-10-06T17:14:15.693871Z INFO  main     
Resample to 1m aves and NaN pad or trim to start/stop.
2026-10-06T17:14:15.903720Z INFO  main     Writing C:\Users\lwilker\Documents\GitHub\SWERVE-data\data_processed\2023-03-23\sites\bullrun\data\GIC_measured_TVA.pkl
2026-10-06T17:14:16.084253Z INFO  main   Writing C:\Users\lwilker\Documents\GitHub\SWERVE-data\data_processed\2023-03-23\sites\bullrun\data\_all.pkl
2026-10-06T17:14:16.251600Z INFO  main Computing stats for 'Bull Run' data
2026-10-06T17:14:16.406994Z INFO  main   Uniq dts [ns] = [1000000000]
2026-10-06T17:14:16.406994Z INFO  main   Uniq dts [#]  = 1
2026-10-06T17:14:16.406994Z INFO  main   Stats for GIC/measured/TVA:
2026-10-06T17:14:16.406994Z INFO  main 
    std: : [0.6464000139819323]
    ave: : [-0.02034070040572282]
    min: : [-3.181833333333333]
    max: : [3.9063333333333334]
    n: 1561
    n_valid: : [1561]
    dt_original: : [1000000000]
2026-10-06T17:14:16.406994Z INFO  main Plotting 'Bull Run' data for event '2023-03-23'
2026-10-06T17:14:16.422651Z INFO  main   Plotting 'Bull Run/GIC/measured/TVA' original vs. modified data for event '2023-03-23'
2026-10-06T17:14:18.566942Z INFO  main     Writing C:\Users\lwilker\Documents\GitHub\SWERVE-data\data_processed/2023-03-23/sites/bullrun/figures\original\GIC_measured_TVA.png
2026-10-06T17:14:19.059106Z INFO  main     Writing C:\Users\lwilker\Documents\GitHub\SWERVE-data\data_processed/2023-03-23/sites/bullrun/figures\original\GIC_measured_TVA.pdf
2026-10-06T17:14:19.197775Z INFO  main Reading 'Bull Run' data for event '2016-02-17'
2026-10-06T17:14:19.202910Z INFO  main   Reading 'GIC/measured/TVA' data for event '2016-02-17'
2026-10-06T17:14:19.209268Z INFO  main     Reading C:\Users\lwilker\Documents\GitHub\SWERVE-data\data_original\tva\2016-02-17\gic\GIC-measured\gic-bullrun_20160217.csv
2026-10-06T17:14:19.875907Z INFO  main     Running automated error checks on GIC measured data
2026-10-06T17:14:21.541008Z INFO  main     Uniq dts [ns] = [2000000000]
2026-10-06T17:14:21.541008Z INFO  main     Uniq dts [#]  = 1
2026-10-06T17:14:21.568298Z INFO  main     
Resample to 1m aves and NaN pad or trim to start/stop.
2026-10-06T17:14:21.639830Z INFO  main     Writing C:\Users\lwilker\Documents\GitHub\SWERVE-data\data_processed\2016-02-17\sites\bullrun\data\GIC_measured_TVA.pkl
2026-10-06T17:14:21.692070Z INFO  main   Writing C:\Users\lwilker\Documents\GitHub\SWERVE-data\data_processed\2016-02-17\sites\bullrun\data\_all.pkl
2026-10-06T17:14:21.741918Z INFO  main Computing stats for 'Bull Run' data
2026-10-06T17:14:21.790198Z INFO  main   Uniq dts [ns] = [2000000000]
2026-10-06T17:14:21.790198Z INFO  main   Uniq dts [#]  = 1
2026-10-06T17:14:21.790198Z INFO  main   Stats for GIC/measured/TVA:
2026-10-06T17:14:21.790198Z INFO  main 
    std: : [0.20457265116719525]
    ave: : [-0.10873202346793166]
    min: : [-0.8223333333333332]
    max: : [0.6596666666666666]
    n: 2581
    n_valid: : [1170]
    dt_original: : [2000000000]
2026-10-06T17:14:21.790198Z INFO  main Plotting 'Bull Run' data for event '2016-02-17'
2026-10-06T17:14:21.798772Z INFO  main   Plotting 'Bull Run/GIC/measured/TVA' original vs. modified data for event '2016-02-17'
2026-10-06T17:14:23.715104Z INFO  main     Writing C:\Users\lwilker\Documents\GitHub\SWERVE-data\data_processed/2016-02-17/sites/bullrun/figures\original\GIC_measured_TVA.png
2026-10-06T17:14:24.375291Z INFO  main     Writing C:\Users\lwilker\Documents\GitHub\SWERVE-data\data_processed/2016-02-17/sites/bullrun/figures\original\GIC_measured_TVA.pdf
2026-10-06T17:14:24.515078Z INFO  main Reading 'Bull Run' data for event '2024-05-10'
2026-10-06T17:14:24.524402Z INFO  main   Reading 'GIC/measured/TVA' data for event '2024-05-10'
2026-10-06T17:14:24.526398Z INFO  main     Reading C:\Users\lwilker\Documents\GitHub\SWERVE-data\data_original\tva\2024-05-10\gic\GIC-measured\gic-bullrun_20240510.csv
2026-10-06T17:14:28.294043Z INFO  main     Running automated error checks on GIC measured data
2026-10-06T17:14:38.208841Z INFO  main     Uniq dts [ns] = [1000000000]
2026-10-06T17:14:38.208841Z INFO  main     Uniq dts [#]  = 1
2026-10-06T17:14:38.431963Z INFO  main     
Resample to 1m aves and NaN pad or trim to start/stop.
2026-10-06T17:14:38.719106Z INFO  main     Writing C:\Users\lwilker\Documents\GitHub\SWERVE-data\data_processed\2024-05-10\sites\bullrun\data\GIC_measured_TVA.pkl
2026-10-06T17:14:38.965350Z INFO  main   Reading 'B/measured/TVA' data for event '2024-05-10'
2026-10-06T17:14:38.967965Z INFO  main     Reading C:\Users\lwilker\Documents\GitHub\SWERVE-data\data_original\tva\2024-05-10\mag\bullrun_mag_20240509.csv
2026-10-06T17:14:44.774914Z INFO  main     Remove baseline then Resample to 1m aves and NaN pad or trim to start/stop.
2026-10-06T17:14:45.164355Z INFO  main     Writing C:\Users\lwilker\Documents\GitHub\SWERVE-data\data_processed\2024-05-10\sites\bullrun\data\B_measured_TVA.pkl
2026-10-06T17:14:45.515946Z INFO  main   Writing C:\Users\lwilker\Documents\GitHub\SWERVE-data\data_processed\2024-05-10\sites\bullrun\data\_all.pkl
2026-10-06T17:14:46.134382Z INFO  main Computing stats for 'Bull Run' data
2026-10-06T17:14:46.360310Z INFO  main   Uniq dts [ns] = [1000000000]
2026-10-06T17:14:46.360310Z INFO  main   Uniq dts [#]  = 1
2026-10-06T17:14:46.360310Z INFO  main   Stats for GIC/measured/TVA:
2026-10-06T17:14:46.360310Z INFO  main 
    std: : [1.5045709152904927]
    ave: : [0.02516666666666667]
    min: : [-13.748166666666666]
    max: : [14.058]
    n: 2341
    n_valid: : [2341]
    dt_original: : [1000000000]
2026-10-06T17:14:46.670287Z INFO  main   Uniq dts [ns] = [1000000000]
2026-10-06T17:14:46.670287Z INFO  main   Uniq dts [#]  = 1
2026-10-06T17:14:46.670287Z INFO  main   Stats for B/measured/TVA:
2026-10-06T17:14:46.670287Z INFO  main 
    std: : [112.60737207367171, 87.37002495699609, 85.2510986110005, 96.12848235853116]
    ave: : [-160.79414730172243, -35.00097152214138, 2.5938832407794363, 195.40044649921407]
    min: : [-513.5193333333333, -347.23799999999994, -286.33733333333413, 5.386857447330596]
    max: : [362.2596666666666, 219.13350000000008, 394.9526666666655, 614.6266756749555]
    n: 2341
    n_valid: : [2341, 2341, 2341, 2341]
    dt_original: : [1000000000]
2026-10-06T17:14:46.670287Z INFO  main Plotting 'Bull Run' data for event '2024-05-10'
2026-10-06T17:14:46.679880Z INFO  main   Plotting 'Bull Run/GIC/measured/TVA' original vs. modified data for event '2024-05-10'
2026-10-06T17:14:49.009830Z INFO  main     Writing C:\Users\lwilker\Documents\GitHub\SWERVE-data\data_processed/2024-05-10/sites/bullrun/figures\original\GIC_measured_TVA.png
2026-10-06T17:14:49.533571Z INFO  main     Writing C:\Users\lwilker\Documents\GitHub\SWERVE-data\data_processed/2024-05-10/sites/bullrun/figures\original\GIC_measured_TVA.pdf
2026-10-06T17:14:49.689131Z INFO  main   Plotting 'Bull Run/B/measured/TVA' original vs. modified data for event '2024-05-10'
2026-10-06T17:14:56.212536Z INFO  main     Writing C:\Users\lwilker\Documents\GitHub\SWERVE-data\data_processed/2024-05-10/sites/bullrun/figures\original\B_measured_TVA_Bx.png
2026-10-06T17:14:56.572317Z INFO  main     Writing C:\Users\lwilker\Documents\GitHub\SWERVE-data\data_processed/2024-05-10/sites/bullrun/figures\original\B_measured_TVA_Bx.pdf
2026-10-06T17:14:56.944197Z INFO  main     Writing C:\Users\lwilker\Documents\GitHub\SWERVE-data\data_processed/2024-05-10/sites/bullrun/figures\original\B_measured_TVA_By.png
2026-10-06T17:14:57.426786Z INFO  main     Writing C:\Users\lwilker\Documents\GitHub\SWERVE-data\data_processed/2024-05-10/sites/bullrun/figures\original\B_measured_TVA_By.pdf
2026-10-06T17:14:57.795495Z INFO  main     Writing C:\Users\lwilker\Documents\GitHub\SWERVE-data\data_processed/2024-05-10/sites/bullrun/figures\original\B_measured_TVA_Bz.png
2026-10-06T17:14:58.153844Z INFO  main     Writing C:\Users\lwilker\Documents\GitHub\SWERVE-data\data_processed/2024-05-10/sites/bullrun/figures\original\B_measured_TVA_Bz.pdf
2026-10-06T17:14:58.478871Z INFO  main Reading 'Bull Run' data for event '2015-10-07'
2026-10-06T17:14:58.489858Z INFO  main   Reading 'GIC/measured/TVA' data for event '2015-10-07'
2026-10-06T17:14:58.492374Z INFO  main     Reading C:\Users\lwilker\Documents\GitHub\SWERVE-data\data_original\tva\2015-10-07\gic\GIC-measured\gic-bullrun_20151007.csv
2026-10-06T17:14:59.752974Z INFO  main     Running automated error checks on GIC measured data
2026-10-06T17:15:02.984665Z INFO  main     Uniq dts [ns] = [ 2000000000  4000000000  6000000000 48000000000 52000000000 62000000000]
2026-10-06T17:15:02.984665Z INFO  main     Uniq dts [#]  = 6
2026-10-06T17:15:03.027796Z INFO  main     
Resample to 1m aves and NaN pad or trim to start/stop.
2026-10-06T17:15:03.121582Z INFO  main     Writing C:\Users\lwilker\Documents\GitHub\SWERVE-data\data_processed\2015-10-07\sites\bullrun\data\GIC_measured_TVA.pkl
2026-10-06T17:15:03.384362Z INFO  main   Writing C:\Users\lwilker\Documents\GitHub\SWERVE-data\data_processed\2015-10-07\sites\bullrun\data\_all.pkl
2026-10-06T17:15:03.486711Z INFO  main Computing stats for 'Bull Run' data
2026-10-06T17:15:03.570762Z INFO  main   Uniq dts [ns] = [ 2000000000  4000000000  6000000000  8000000000 48000000000 52000000000
 62000000000]
2026-10-06T17:15:03.570762Z INFO  main   Uniq dts [#]  = 7
2026-10-06T17:15:03.570762Z INFO  main   Stats for GIC/measured/TVA:
2026-10-06T17:15:03.570762Z INFO  main 
    std: : [0.4396125127625416]
    ave: : [0.052730577172533405]
    min: : [-1.469]
    max: : [2.179333333333333]
    n: 1741
    n_valid: : [1740]
    dt_original: : [2000000000 nanoseconds, 4000000000 nanoseconds, ..., 52000000000 nanoseconds, 62000000000 nanoseconds] (7 elements)
2026-10-06T17:15:03.570762Z INFO  main Plotting 'Bull Run' data for event '2015-10-07'
2026-10-06T17:15:03.586492Z INFO  main   Plotting 'Bull Run/GIC/measured/TVA' original vs. modified data for event '2015-10-07'
2026-10-06T17:15:05.533731Z INFO  main     Writing C:\Users\lwilker\Documents\GitHub\SWERVE-data\data_processed/2015-10-07/sites/bullrun/figures\original\GIC_measured_TVA.png
2026-10-06T17:15:06.144017Z INFO  main     Writing C:\Users\lwilker\Documents\GitHub\SWERVE-data\data_processed/2015-10-07/sites/bullrun/figures\original\GIC_measured_TVA.pdf
2026-10-06T17:15:06.264825Z INFO  main Reading 'Rutherford' data for event '2015-06-22'
2026-10-06T17:15:06.273448Z INFO  main   Reading 'GIC/measured/TVA' data for event '2015-06-22'
2026-10-06T17:15:06.276017Z INFO  main     Reading C:\Users\lwilker\Documents\GitHub\SWERVE-data\data_original\tva\2015-06-22\gic\GIC-measured\gic-rutherford_20150622.csv
2026-10-06T17:15:07.551016Z INFO  main     Running automated error checks on GIC measured data
2026-10-06T17:15:10.710972Z INFO  main     Uniq dts [ns] = [ 2000000000  4000000000  6000000000  8000000000 10000000000 12000000000
 44000000000 62000000000]
2026-10-06T17:15:10.710972Z INFO  main     Uniq dts [#]  = 8
2026-10-06T17:15:10.753653Z INFO  main     
Resample to 1m aves and NaN pad or trim to start/stop.
2026-10-06T17:15:10.855814Z INFO  main     Writing C:\Users\lwilker\Documents\GitHub\SWERVE-data\data_processed\2015-06-22\sites\rutherford\data\GIC_measured_TVA.pkl
2026-10-06T17:15:11.026438Z INFO  main   Writing C:\Users\lwilker\Documents\GitHub\SWERVE-data\data_processed\2015-06-22\sites\rutherford\data\_all.pkl
2026-10-06T17:15:11.097998Z INFO  main Computing stats for 'Rutherford' data
2026-10-06T17:15:11.190330Z INFO  main   Uniq dts [ns] = [ 2000000000  4000000000  6000000000  8000000000 10000000000 12000000000
 44000000000 62000000000]
2026-10-06T17:15:11.190330Z INFO  main   Uniq dts [#]  = 8
2026-10-06T17:15:11.191329Z INFO  main   Stats for GIC/measured/TVA:
2026-10-06T17:15:11.191510Z INFO  main 
    std: : [0.22718369369707456]
    ave: : [-0.006153146249704125]
    min: : [-0.8053333333333333]
    max: : [1.279]
    n: 1981
    n_valid: : [1981]
    dt_original: : [2000000000 nanoseconds, 4000000000 nanoseconds, ..., 44000000000 nanoseconds, 62000000000 nanoseconds] (8 elements)
2026-10-06T17:15:11.193571Z INFO  main Plotting 'Rutherford' data for event '2015-06-22'
2026-10-06T17:15:11.196563Z INFO  main   Plotting 'Rutherford/GIC/measured/TVA' original vs. modified data for event '2015-06-22'
2026-10-06T17:15:13.133950Z INFO  main     Writing C:\Users\lwilker\Documents\GitHub\SWERVE-data\data_processed/2015-06-22/sites/rutherford/figures\original\GIC_measured_TVA.png
2026-10-06T17:15:13.731493Z INFO  main     Writing C:\Users\lwilker\Documents\GitHub\SWERVE-data\data_processed/2015-06-22/sites/rutherford/figures\original\GIC_measured_TVA.pdf
2026-10-06T17:15:13.876494Z INFO  main Reading 'Rutherford' data for event '2023-03-23'
2026-10-06T17:15:13.885282Z INFO  main   Reading 'GIC/measured/TVA' data for event '2023-03-23'
2026-10-06T17:15:13.887096Z INFO  main     Reading C:\Users\lwilker\Documents\GitHub\SWERVE-data\data_original\tva\2023-03-23\gic\GIC-measured\gic-rutherford_20230323.csv
2026-10-06T17:15:16.395155Z INFO  main     Running automated error checks on GIC measured data
2026-10-06T17:15:22.973624Z INFO  main     Uniq dts [ns] = [1000000000]
2026-10-06T17:15:22.973624Z INFO  main     Uniq dts [#]  = 1
2026-10-06T17:15:23.173654Z INFO  main     
Resample to 1m aves and NaN pad or trim to start/stop.
2026-10-06T17:15:23.367472Z INFO  main     Writing C:\Users\lwilker\Documents\GitHub\SWERVE-data\data_processed\2023-03-23\sites\rutherford\data\GIC_measured_TVA.pkl
2026-10-06T17:15:23.574527Z INFO  main   Writing C:\Users\lwilker\Documents\GitHub\SWERVE-data\data_processed\2023-03-23\sites\rutherford\data\_all.pkl
2026-10-06T17:15:23.772335Z INFO  main Computing stats for 'Rutherford' data
2026-10-06T17:15:23.933694Z INFO  main   Uniq dts [ns] = [1000000000]
2026-10-06T17:15:23.933694Z INFO  main   Uniq dts [#]  = 1
2026-10-06T17:15:23.933694Z INFO  main   Stats for GIC/measured/TVA:
2026-10-06T17:15:23.934712Z INFO  main 
    std: : [0.26580026781356686]
    ave: : [0.011038650437753575]
    min: : [-1.4358333333333335]
    max: : [2.4656666666666665]
    n: 1561
    n_valid: : [1561]
    dt_original: : [1000000000]
2026-10-06T17:15:23.935457Z INFO  main Plotting 'Rutherford' data for event '2023-03-23'
2026-10-06T17:15:23.937196Z INFO  main   Plotting 'Rutherford/GIC/measured/TVA' original vs. modified data for event '2023-03-23'
2026-10-06T17:15:26.174346Z INFO  main     Writing C:\Users\lwilker\Documents\GitHub\SWERVE-data\data_processed/2023-03-23/sites/rutherford/figures\original\GIC_measured_TVA.png
2026-10-06T17:15:26.843323Z INFO  main     Writing C:\Users\lwilker\Documents\GitHub\SWERVE-data\data_processed/2023-03-23/sites/rutherford/figures\original\GIC_measured_TVA.pdf
2026-10-06T17:15:26.999928Z INFO  main Reading 'Rutherford' data for event '2016-02-17'
2026-10-06T17:15:27.001933Z INFO  main   Reading 'GIC/measured/TVA' data for event '2016-02-17'
2026-10-06T17:15:27.008561Z INFO  main     Reading C:\Users\lwilker\Documents\GitHub\SWERVE-data\data_original\tva\2016-02-17\gic\GIC-measured\gic-rutherford_20160217.csv
2026-10-06T17:15:27.648287Z INFO  main     Running automated error checks on GIC measured data
2026-10-06T17:15:29.339316Z INFO  main     Uniq dts [ns] = [2000000000]
2026-10-06T17:15:29.339316Z INFO  main     Uniq dts [#]  = 1
2026-10-06T17:15:29.361151Z INFO  main     
Resample to 1m aves and NaN pad or trim to start/stop.
2026-10-06T17:15:29.446415Z INFO  main     Writing C:\Users\lwilker\Documents\GitHub\SWERVE-data\data_processed\2016-02-17\sites\rutherford\data\GIC_measured_TVA.pkl
2026-10-06T17:15:29.579177Z INFO  main   Writing C:\Users\lwilker\Documents\GitHub\SWERVE-data\data_processed\2016-02-17\sites\rutherford\data\_all.pkl
2026-10-06T17:15:29.645793Z INFO  main Computing stats for 'Rutherford' data
2026-10-06T17:15:29.683923Z INFO  main   Uniq dts [ns] = [2000000000]
2026-10-06T17:15:29.683923Z INFO  main   Uniq dts [#]  = 1
2026-10-06T17:15:29.683923Z INFO  main   Stats for GIC/measured/TVA:
2026-10-06T17:15:29.683923Z INFO  main 
    std: : [0.14739928179190018]
    ave: : [-0.2692372785707268]
    min: : [-0.599]
    max: : [0.04758620689655172]
    n: 2581
    n_valid: : [1170]
    dt_original: : [2000000000]
2026-10-06T17:15:29.683923Z INFO  main Plotting 'Rutherford' data for event '2016-02-17'
2026-10-06T17:15:29.683923Z INFO  main   Plotting 'Rutherford/GIC/measured/TVA' original vs. modified data for event '2016-02-17'
2026-10-06T17:15:32.123928Z INFO  main     Writing C:\Users\lwilker\Documents\GitHub\SWERVE-data\data_processed/2016-02-17/sites/rutherford/figures\original\GIC_measured_TVA.png
2026-10-06T17:15:33.094441Z INFO  main     Writing C:\Users\lwilker\Documents\GitHub\SWERVE-data\data_processed/2016-02-17/sites/rutherford/figures\original\GIC_measured_TVA.pdf
2026-10-06T17:15:33.212295Z INFO  main Reading 'Rutherford' data for event '2024-05-10'
2026-10-06T17:15:33.234597Z INFO  main   Reading 'GIC/measured/TVA' data for event '2024-05-10'
2026-10-06T17:15:33.237605Z INFO  main     Reading C:\Users\lwilker\Documents\GitHub\SWERVE-data\data_original\tva\2024-05-10\gic\GIC-measured\gic-rutherford_20240510.csv
2026-10-06T17:15:37.060813Z INFO  main     Running automated error checks on GIC measured data
2026-10-06T17:15:47.136748Z INFO  main     Uniq dts [ns] = [1000000000]
2026-10-06T17:15:47.136748Z INFO  main     Uniq dts [#]  = 1
2026-10-06T17:15:47.340870Z INFO  main     
Resample to 1m aves and NaN pad or trim to start/stop.
2026-10-06T17:15:47.643994Z INFO  main     Writing C:\Users\lwilker\Documents\GitHub\SWERVE-data\data_processed\2024-05-10\sites\rutherford\data\GIC_measured_TVA.pkl
2026-10-06T17:15:47.908502Z INFO  main   Writing C:\Users\lwilker\Documents\GitHub\SWERVE-data\data_processed\2024-05-10\sites\rutherford\data\_all.pkl
2026-10-06T17:15:48.313048Z INFO  main Computing stats for 'Rutherford' data
2026-10-06T17:15:48.537166Z INFO  main   Uniq dts [ns] = [1000000000 2000000000]
2026-10-06T17:15:48.537166Z INFO  main   Uniq dts [#]  = 2
2026-10-06T17:15:48.537166Z INFO  main   Stats for GIC/measured/TVA:
2026-10-06T17:15:48.537166Z INFO  main 
    std: : [0.6507251839873555]
    ave: : [0.003464117898334044]
    min: : [-6.716833333333333]
    max: : [4.4543333333333335]
    n: 2341
    n_valid: : [2341]
    dt_original: : [1000000000, 2000000000]
2026-10-06T17:15:48.540330Z INFO  main Plotting 'Rutherford' data for event '2024-05-10'
2026-10-06T17:15:48.545115Z INFO  main   Plotting 'Rutherford/GIC/measured/TVA' original vs. modified data for event '2024-05-10'
2026-10-06T17:15:51.045349Z INFO  main     Writing C:\Users\lwilker\Documents\GitHub\SWERVE-data\data_processed/2024-05-10/sites/rutherford/figures\original\GIC_measured_TVA.png
2026-10-06T17:15:51.591210Z INFO  main     Writing C:\Users\lwilker\Documents\GitHub\SWERVE-data\data_processed/2024-05-10/sites/rutherford/figures\original\GIC_measured_TVA.pdf
2026-10-06T17:15:51.762962Z INFO  main Reading 'Rutherford' data for event '2015-10-07'
2026-10-06T17:15:51.773023Z INFO  main   Reading 'GIC/measured/TVA' data for event '2015-10-07'
2026-10-06T17:15:51.776153Z INFO  main     Reading C:\Users\lwilker\Documents\GitHub\SWERVE-data\data_original\tva\2015-10-07\gic\GIC-measured\gic-rutherford_20151007.csv
2026-10-06T17:15:53.091637Z INFO  main     Running automated error checks on GIC measured data
2026-10-06T17:15:56.180475Z INFO  main     Uniq dts [ns] = [ 2000000000  4000000000  6000000000  8000000000 10000000000 12000000000
 14000000000 16000000000 22000000000 44000000000 46000000000 50000000000]
2026-10-06T17:15:56.180475Z INFO  main     Uniq dts [#]  = 12
2026-10-06T17:15:56.221168Z INFO  main     
Resample to 1m aves and NaN pad or trim to start/stop.
2026-10-06T17:15:56.332000Z INFO  main     Writing C:\Users\lwilker\Documents\GitHub\SWERVE-data\data_processed\2015-10-07\sites\rutherford\data\GIC_measured_TVA.pkl
2026-10-06T17:15:56.406443Z INFO  main   Writing C:\Users\lwilker\Documents\GitHub\SWERVE-data\data_processed\2015-10-07\sites\rutherford\data\_all.pkl
2026-10-06T17:15:56.589716Z INFO  main Computing stats for 'Rutherford' data
2026-10-06T17:15:56.682434Z INFO  main   Uniq dts [ns] = [ 2000000000  4000000000  6000000000  8000000000 10000000000 12000000000
 14000000000 16000000000 22000000000 44000000000 46000000000 50000000000]
2026-10-06T17:15:56.682434Z INFO  main   Uniq dts [#]  = 12
2026-10-06T17:15:56.682434Z INFO  main   Stats for GIC/measured/TVA:
2026-10-06T17:15:56.682434Z INFO  main 
    std: : [0.20754923025732142]
    ave: : [-0.03886186369685749]
    min: : [-0.667]
    max: : [0.587]
    n: 1741
    n_valid: : [1741]
    dt_original: : [2000000000 nanoseconds, 4000000000 nanoseconds, ..., 46000000000 nanoseconds, 50000000000 nanoseconds] (12 elements)
2026-10-06T17:15:56.682434Z INFO  main Plotting 'Rutherford' data for event '2015-10-07'
2026-10-06T17:15:56.689332Z INFO  main   Plotting 'Rutherford/GIC/measured/TVA' original vs. modified data for event '2015-10-07'
2026-10-06T17:15:58.999266Z INFO  main     Writing C:\Users\lwilker\Documents\GitHub\SWERVE-data\data_processed/2015-10-07/sites/rutherford/figures\original\GIC_measured_TVA.png
2026-10-06T17:15:59.795561Z INFO  main     Writing C:\Users\lwilker\Documents\GitHub\SWERVE-data\data_processed/2015-10-07/sites/rutherford/figures\original\GIC_measured_TVA.pdf
2026-10-06T17:15:59.955791Z INFO  main Reading 'Union' data for event '2023-03-23'
2026-10-06T17:15:59.964345Z INFO  main   Reading 'GIC/measured/TVA' data for event '2023-03-23'
2026-10-06T17:15:59.967414Z INFO  main     Reading C:\Users\lwilker\Documents\GitHub\SWERVE-data\data_original\tva\2023-03-23\gic\GIC-measured\gic-union_20230323.csv
2026-10-06T17:16:02.642931Z INFO  main     Running automated error checks on GIC measured data
2026-10-06T17:16:09.210827Z INFO  main     Uniq dts [ns] = [1000000000]
2026-10-06T17:16:09.210827Z INFO  main     Uniq dts [#]  = 1
2026-10-06T17:16:09.451391Z INFO  main     
Resample to 1m aves and NaN pad or trim to start/stop.
2026-10-06T17:16:09.657204Z INFO  main     Writing C:\Users\lwilker\Documents\GitHub\SWERVE-data\data_processed\2023-03-23\sites\union\data\GIC_measured_TVA.pkl
2026-10-06T17:16:09.826193Z INFO  main   Writing C:\Users\lwilker\Documents\GitHub\SWERVE-data\data_processed\2023-03-23\sites\union\data\_all.pkl
2026-10-06T17:16:09.981183Z INFO  main Computing stats for 'Union' data
2026-10-06T17:16:10.132468Z INFO  main   Uniq dts [ns] = [1000000000]
2026-10-06T17:16:10.133972Z INFO  main   Uniq dts [#]  = 1
2026-10-06T17:16:10.133972Z INFO  main   Stats for GIC/measured/TVA:
2026-10-06T17:16:10.134815Z INFO  main 
    std: : [0.5076610686869271]
    ave: : [0.00021727525090754058]
    min: : [-2.8085]
    max: : [3.7965]
    n: 1561
    n_valid: : [1561]
    dt_original: : [1000000000]
2026-10-06T17:16:10.134815Z INFO  main Plotting 'Union' data for event '2023-03-23'
2026-10-06T17:16:10.139275Z INFO  main   Plotting 'Union/GIC/measured/TVA' original vs. modified data for event '2023-03-23'
2026-10-06T17:16:12.103915Z INFO  main     Writing C:\Users\lwilker\Documents\GitHub\SWERVE-data\data_processed/2023-03-23/sites/union/figures\original\GIC_measured_TVA.png
2026-10-06T17:16:12.604583Z INFO  main     Writing C:\Users\lwilker\Documents\GitHub\SWERVE-data\data_processed/2023-03-23/sites/union/figures\original\GIC_measured_TVA.pdf
2026-10-06T17:16:12.753339Z INFO  main Reading 'Union' data for event '2024-05-10'
2026-10-06T17:16:12.762518Z INFO  main   Reading 'GIC/measured/TVA' data for event '2024-05-10'
2026-10-06T17:16:12.765572Z INFO  main     Reading C:\Users\lwilker\Documents\GitHub\SWERVE-data\data_original\tva\2024-05-10\gic\GIC-measured\gic-union_20240510.csv
2026-10-06T17:16:16.736765Z INFO  main     Running automated error checks on GIC measured data
2026-10-06T17:16:26.796063Z INFO  main     Uniq dts [ns] = [1000000000]
2026-10-06T17:16:26.796063Z INFO  main     Uniq dts [#]  = 1
2026-10-06T17:16:26.953071Z INFO  main     
Resample to 1m aves and NaN pad or trim to start/stop.
2026-10-06T17:16:27.260276Z INFO  main     Writing C:\Users\lwilker\Documents\GitHub\SWERVE-data\data_processed\2024-05-10\sites\union\data\GIC_measured_TVA.pkl
2026-10-06T17:16:27.513513Z INFO  main   Reading 'B/measured/TVA' data for event '2024-05-10'
2026-10-06T17:16:27.513513Z INFO  main     Reading C:\Users\lwilker\Documents\GitHub\SWERVE-data\data_original\tva\2024-05-10\mag\union_mag_20240509.csv
2026-10-06T17:16:33.121917Z INFO  main     Remove baseline then Resample to 1m aves and NaN pad or trim to start/stop.
2026-10-06T17:16:33.527290Z INFO  main     Writing C:\Users\lwilker\Documents\GitHub\SWERVE-data\data_processed\2024-05-10\sites\union\data\B_measured_TVA.pkl
2026-10-06T17:16:33.883034Z INFO  main   Writing C:\Users\lwilker\Documents\GitHub\SWERVE-data\data_processed\2024-05-10\sites\union\data\_all.pkl
2026-10-06T17:16:34.562091Z INFO  main Computing stats for 'Union' data
2026-10-06T17:16:34.805676Z INFO  main   Uniq dts [ns] = [1000000000]
2026-10-06T17:16:34.805676Z INFO  main   Uniq dts [#]  = 1
2026-10-06T17:16:34.805676Z INFO  main   Stats for GIC/measured/TVA:
2026-10-06T17:16:34.805676Z INFO  main 
    std: : [3.7523173333849162]
    ave: : [-0.011268759789263902]
    min: : [-28.297166666666666]
    max: : [22.8665]
    n: 2341
    n_valid: : [2341]
    dt_original: : [1000000000]
2026-10-06T17:16:35.142220Z INFO  main   Uniq dts [ns] = [1000000000 2000000000 3000000000 4000000000]
2026-10-06T17:16:35.142220Z INFO  main   Uniq dts [#]  = 4
2026-10-06T17:16:35.142220Z INFO  main   Stats for B/measured/TVA:
2026-10-06T17:16:35.155554Z INFO  main 
    std: : [98.19134012735185, 64.91451122658549, 64.78607060905912, 87.66133771386288]
    ave: : [-162.86407431622797, -24.520872320865394, 24.781212695749197, 182.50779700158256]
    min: : [-456.93249999999955, -255.53900000000004, -185.10850000000065, 0.6608437181790705]
    max: : [199.6098333333334, 166.935, 315.3481666666663, 484.10000703158687]
    n: 2341
    n_valid: : [2341, 2341, 2341, 2341]
    dt_original: : [1000000000, 2000000000, 3000000000, 4000000000]
2026-10-06T17:16:35.155554Z INFO  main Plotting 'Union' data for event '2024-05-10'
2026-10-06T17:16:35.157468Z INFO  main   Plotting 'Union/GIC/measured/TVA' original vs. modified data for event '2024-05-10'
2026-10-06T17:16:37.497034Z INFO  main     Writing C:\Users\lwilker\Documents\GitHub\SWERVE-data\data_processed/2024-05-10/sites/union/figures\original\GIC_measured_TVA.png
2026-10-06T17:16:37.966892Z INFO  main     Writing C:\Users\lwilker\Documents\GitHub\SWERVE-data\data_processed/2024-05-10/sites/union/figures\original\GIC_measured_TVA.pdf
2026-10-06T17:16:38.107255Z INFO  main   Plotting 'Union/B/measured/TVA' original vs. modified data for event '2024-05-10'
2026-10-06T17:16:44.658420Z INFO  main     Writing C:\Users\lwilker\Documents\GitHub\SWERVE-data\data_processed/2024-05-10/sites/union/figures\original\B_measured_TVA_Bx.png
2026-10-06T17:16:45.027323Z INFO  main     Writing C:\Users\lwilker\Documents\GitHub\SWERVE-data\data_processed/2024-05-10/sites/union/figures\original\B_measured_TVA_Bx.pdf
2026-10-06T17:16:45.383619Z INFO  main     Writing C:\Users\lwilker\Documents\GitHub\SWERVE-data\data_processed/2024-05-10/sites/union/figures\original\B_measured_TVA_By.png
2026-10-06T17:16:45.784985Z INFO  main     Writing C:\Users\lwilker\Documents\GitHub\SWERVE-data\data_processed/2024-05-10/sites/union/figures\original\B_measured_TVA_By.pdf
2026-10-06T17:16:46.191000Z INFO  main     Writing C:\Users\lwilker\Documents\GitHub\SWERVE-data\data_processed/2024-05-10/sites/union/figures\original\B_measured_TVA_Bz.png
2026-10-06T17:16:46.510003Z INFO  main     Writing C:\Users\lwilker\Documents\GitHub\SWERVE-data\data_processed/2024-05-10/sites/union/figures\original\B_measured_TVA_Bz.pdf
2026-10-06T17:16:46.818231Z INFO  main Reading 'Johnsonville' data for event '2023-03-23'
2026-10-06T17:16:46.832515Z INFO  main   Reading 'GIC/measured/TVA' data for event '2023-03-23'
2026-10-06T17:16:46.836655Z INFO  main     Reading C:\Users\lwilker\Documents\GitHub\SWERVE-data\data_original\tva\2023-03-23\gic\GIC-measured\gic-johnsonville_20230323.csv
2026-10-06T17:16:49.557712Z INFO  main     Running automated error checks on GIC measured data
2026-10-06T17:16:56.227946Z INFO  main     Uniq dts [ns] = [1000000000]
2026-10-06T17:16:56.227946Z INFO  main     Uniq dts [#]  = 1
2026-10-06T17:16:56.451852Z INFO  main     
Resample to 1m aves and NaN pad or trim to start/stop.
2026-10-06T17:16:56.655027Z INFO  main     Writing C:\Users\lwilker\Documents\GitHub\SWERVE-data\data_processed\2023-03-23\sites\johnsonville\data\GIC_measured_TVA.pkl
2026-10-06T17:16:56.831350Z INFO  main   Writing C:\Users\lwilker\Documents\GitHub\SWERVE-data\data_processed\2023-03-23\sites\johnsonville\data\_all.pkl
2026-10-06T17:16:57.028421Z INFO  main Computing stats for 'Johnsonville' data
2026-10-06T17:16:57.180651Z INFO  main   Uniq dts [ns] = [1000000000]
2026-10-06T17:16:57.180651Z INFO  main   Uniq dts [#]  = 1
2026-10-06T17:16:57.180651Z INFO  main   Stats for GIC/measured/TVA:
2026-10-06T17:16:57.180651Z INFO  main 
    std: : [2.1002675634018333]
    ave: : [0.004440849882553905]
    min: : [-9.6075]
    max: : [13.452499999999999]
    n: 1561
    n_valid: : [1561]
    dt_original: : [1000000000]
2026-10-06T17:16:57.180651Z INFO  main Plotting 'Johnsonville' data for event '2023-03-23'
2026-10-06T17:16:57.180651Z INFO  main   Plotting 'Johnsonville/GIC/measured/TVA' original vs. modified data for event '2023-03-23'
2026-10-06T17:16:59.195810Z INFO  main     Writing C:\Users\lwilker\Documents\GitHub\SWERVE-data\data_processed/2023-03-23/sites/johnsonville/figures\original\GIC_measured_TVA.png
2026-10-06T17:16:59.680698Z INFO  main     Writing C:\Users\lwilker\Documents\GitHub\SWERVE-data\data_processed/2023-03-23/sites/johnsonville/figures\original\GIC_measured_TVA.pdf
2026-10-06T17:16:59.822179Z INFO  main Reading 'Johnsonville' data for event '2024-05-10'
2026-10-06T17:16:59.830834Z INFO  main   Reading 'GIC/measured/TVA' data for event '2024-05-10'
2026-10-06T17:16:59.836218Z INFO  main     Reading C:\Users\lwilker\Documents\GitHub\SWERVE-data\data_original\tva\2024-05-10\gic\GIC-measured\gic-johnsonville_20240510.csv
2026-10-06T17:17:03.680316Z INFO  main     Running automated error checks on GIC measured data
2026-10-06T17:17:13.613195Z INFO  main     Uniq dts [ns] = [1000000000]
2026-10-06T17:17:13.613195Z INFO  main     Uniq dts [#]  = 1
2026-10-06T17:17:13.805895Z INFO  main     
Resample to 1m aves and NaN pad or trim to start/stop.
2026-10-06T17:17:14.102000Z INFO  main     Writing C:\Users\lwilker\Documents\GitHub\SWERVE-data\data_processed\2024-05-10\sites\johnsonville\data\GIC_measured_TVA.pkl
2026-10-06T17:17:14.414161Z INFO  main   Writing C:\Users\lwilker\Documents\GitHub\SWERVE-data\data_processed\2024-05-10\sites\johnsonville\data\_all.pkl
2026-10-06T17:17:14.867362Z INFO  main Computing stats for 'Johnsonville' data
2026-10-06T17:17:15.089599Z INFO  main   Uniq dts [ns] = [1000000000]
2026-10-06T17:17:15.089599Z INFO  main   Uniq dts [#]  = 1
2026-10-06T17:17:15.089599Z INFO  main   Stats for GIC/measured/TVA:
2026-10-06T17:17:15.089599Z INFO  main 
    std: : [0.9595434052706058]
    ave: : [-0.002082087427025488]
    min: : [-7.045833333333333]
    max: : [9.409500000000001]
    n: 2341
    n_valid: : [2341]
    dt_original: : [1000000000]
2026-10-06T17:17:15.089599Z INFO  main Plotting 'Johnsonville' data for event '2024-05-10'
2026-10-06T17:17:15.099622Z INFO  main   Plotting 'Johnsonville/GIC/measured/TVA' original vs. modified data for event '2024-05-10'
2026-10-06T17:17:17.541825Z INFO  main     Writing C:\Users\lwilker\Documents\GitHub\SWERVE-data\data_processed/2024-05-10/sites/johnsonville/figures\original\GIC_measured_TVA.png
2026-10-06T17:17:18.043523Z INFO  main     Writing C:\Users\lwilker\Documents\GitHub\SWERVE-data\data_processed/2024-05-10/sites/johnsonville/figures\original\GIC_measured_TVA.pdf
2026-10-06T17:17:18.190347Z INFO  main Reading 'Gleason' data for event '2023-03-23'
2026-10-06T17:17:18.199956Z INFO  main   Reading 'GIC/measured/TVA' data for event '2023-03-23'
2026-10-06T17:17:18.201946Z INFO  main     Reading C:\Users\lwilker\Documents\GitHub\SWERVE-data\data_original\tva\2023-03-23\gic\GIC-measured\gic-gleason_20230323.csv
2026-10-06T17:17:20.674670Z INFO  main     Running automated error checks on GIC measured data
2026-10-06T17:17:27.439639Z INFO  main     Uniq dts [ns] = [1000000000]
2026-10-06T17:17:27.441647Z INFO  main     Uniq dts [#]  = 1
2026-10-06T17:17:27.523800Z INFO  main     
Resample to 1m aves and NaN pad or trim to start/stop.
2026-10-06T17:17:27.724079Z INFO  main     Writing C:\Users\lwilker\Documents\GitHub\SWERVE-data\data_processed\2023-03-23\sites\gleason\data\GIC_measured_TVA.pkl
2026-10-06T17:17:28.007317Z INFO  main   Writing C:\Users\lwilker\Documents\GitHub\SWERVE-data\data_processed\2023-03-23\sites\gleason\data\_all.pkl
2026-10-06T17:17:28.224096Z INFO  main Computing stats for 'Gleason' data
2026-10-06T17:17:28.381302Z INFO  main   Uniq dts [ns] = [1000000000]
2026-10-06T17:17:28.381302Z INFO  main   Uniq dts [#]  = 1
2026-10-06T17:17:28.381302Z INFO  main   Stats for GIC/measured/TVA:
2026-10-06T17:17:28.381302Z INFO  main 
    std: : [0.32730367874766764]
    ave: : [-0.01823916292974589]
    min: : [-2.383]
    max: : [2.555]
    n: 1561
    n_valid: : [1561]
    dt_original: : [1000000000]
2026-10-06T17:17:28.381302Z INFO  main Plotting 'Gleason' data for event '2023-03-23'
2026-10-06T17:17:28.381302Z INFO  main   Plotting 'Gleason/GIC/measured/TVA' original vs. modified data for event '2023-03-23'
2026-10-06T17:17:30.470716Z INFO  main     Writing C:\Users\lwilker\Documents\GitHub\SWERVE-data\data_processed/2023-03-23/sites/gleason/figures\original\GIC_measured_TVA.png
2026-10-06T17:17:30.968975Z INFO  main     Writing C:\Users\lwilker\Documents\GitHub\SWERVE-data\data_processed/2023-03-23/sites/gleason/figures\original\GIC_measured_TVA.pdf
2026-10-06T17:17:31.112538Z INFO  main Reading 'Gleason' data for event '2024-05-10'
2026-10-06T17:17:31.123066Z INFO  main   Reading 'GIC/measured/TVA' data for event '2024-05-10'
2026-10-06T17:17:31.140619Z INFO  main     Reading C:\Users\lwilker\Documents\GitHub\SWERVE-data\data_original\tva\2024-05-10\gic\GIC-measured\gic-gleason_20240510.csv
2026-10-06T17:17:35.010697Z INFO  main     Running automated error checks on GIC measured data
2026-10-06T17:17:45.240247Z INFO  main     Uniq dts [ns] = [1000000000]
2026-10-06T17:17:45.240247Z INFO  main     Uniq dts [#]  = 1
2026-10-06T17:17:45.465459Z INFO  main     
Resample to 1m aves and NaN pad or trim to start/stop.
2026-10-06T17:17:45.775989Z INFO  main     Writing C:\Users\lwilker\Documents\GitHub\SWERVE-data\data_processed\2024-05-10\sites\gleason\data\GIC_measured_TVA.pkl
2026-10-06T17:17:46.097707Z INFO  main   Writing C:\Users\lwilker\Documents\GitHub\SWERVE-data\data_processed\2024-05-10\sites\gleason\data\_all.pkl
2026-10-06T17:17:46.510821Z INFO  main Computing stats for 'Gleason' data
2026-10-06T17:17:46.749761Z INFO  main   Uniq dts [ns] = [1000000000]
2026-10-06T17:17:46.749761Z INFO  main   Uniq dts [#]  = 1
2026-10-06T17:17:46.749761Z INFO  main   Stats for GIC/measured/TVA:
2026-10-06T17:17:46.749761Z INFO  main 
    std: : [1.514922394382726]
    ave: : [-0.0004985761070767614]
    min: : [-15.165666666666668]
    max: : [12.979166666666666]
    n: 2341
    n_valid: : [2341]
    dt_original: : [1000000000]
2026-10-06T17:17:46.749761Z INFO  main Plotting 'Gleason' data for event '2024-05-10'
2026-10-06T17:17:46.754077Z INFO  main   Plotting 'Gleason/GIC/measured/TVA' original vs. modified data for event '2024-05-10'
2026-10-06T17:17:49.154713Z INFO  main     Writing C:\Users\lwilker\Documents\GitHub\SWERVE-data\data_processed/2024-05-10/sites/gleason/figures\original\GIC_measured_TVA.png
2026-10-06T17:17:49.644857Z INFO  main     Writing C:\Users\lwilker\Documents\GitHub\SWERVE-data\data_processed/2024-05-10/sites/gleason/figures\original\GIC_measured_TVA.pdf
2026-10-06T17:17:49.805218Z INFO  main Reading 'Paradise 2' data for event '2024-05-10'
2026-10-06T17:17:49.812015Z INFO  main   Reading 'GIC/measured/TVA' data for event '2024-05-10'
2026-10-06T17:17:49.814014Z INFO  main     Reading C:\Users\lwilker\Documents\GitHub\SWERVE-data\data_original\tva\2024-05-10\gic\GIC-measured\gic-paradise2_20240510.csv
2026-10-06T17:17:53.505908Z INFO  main     Running automated error checks on GIC measured data
2026-10-06T17:18:03.359678Z INFO  main     Uniq dts [ns] = [1000000000]
2026-10-06T17:18:03.359678Z INFO  main     Uniq dts [#]  = 1
2026-10-06T17:18:03.568631Z INFO  main     
Resample to 1m aves and NaN pad or trim to start/stop.
2026-10-06T17:18:03.862193Z INFO  main     Writing C:\Users\lwilker\Documents\GitHub\SWERVE-data\data_processed\2024-05-10\sites\paradise2\data\GIC_measured_TVA.pkl
2026-10-06T17:18:04.158774Z INFO  main   Writing C:\Users\lwilker\Documents\GitHub\SWERVE-data\data_processed\2024-05-10\sites\paradise2\data\_all.pkl
2026-10-06T17:18:04.541686Z INFO  main Computing stats for 'Paradise 2' data
2026-10-06T17:18:04.781720Z INFO  main   Uniq dts [ns] = [   1000000000 3723000000000]
2026-10-06T17:18:04.781720Z INFO  main   Uniq dts [#]  = 2
2026-10-06T17:18:04.781720Z INFO  main   Stats for GIC/measured/TVA:
2026-10-06T17:18:04.781720Z INFO  main 
    std: : [0.15674838680686282]
    ave: : [-0.013715007831411075]
    min: : [-0.31983333333333336]
    max: : [0.322]
    n: 2341
    n_valid: : [2341]
    dt_original: : [1000000000, 3723000000000]
2026-10-06T17:18:04.781720Z INFO  main Plotting 'Paradise 2' data for event '2024-05-10'
2026-10-06T17:18:04.781720Z INFO  main   Plotting 'Paradise 2/GIC/measured/TVA' original vs. modified data for event '2024-05-10'
2026-10-06T17:18:07.851221Z INFO  main     Writing C:\Users\lwilker\Documents\GitHub\SWERVE-data\data_processed/2024-05-10/sites/paradise2/figures\original\GIC_measured_TVA.png
2026-10-06T17:18:08.810173Z INFO  main     Writing C:\Users\lwilker\Documents\GitHub\SWERVE-data\data_processed/2024-05-10/sites/paradise2/figures\original\GIC_measured_TVA.pdf
2026-10-06T17:18:08.948553Z INFO  main Reading 'Paradise 3' data for event '2024-05-10'
2026-10-06T17:18:08.959351Z INFO  main   Reading 'GIC/measured/TVA' data for event '2024-05-10'
2026-10-06T17:18:08.961349Z INFO  main     Reading C:\Users\lwilker\Documents\GitHub\SWERVE-data\data_original\tva\2024-05-10\gic\GIC-measured\gic-paradise3_20240510.csv
2026-10-06T17:18:12.597055Z INFO  main     Running automated error checks on GIC measured data
2026-10-06T17:18:22.424829Z INFO  main     Uniq dts [ns] = [1000000000]
2026-10-06T17:18:22.424829Z INFO  main     Uniq dts [#]  = 1
2026-10-06T17:18:22.602828Z INFO  main     
Resample to 1m aves and NaN pad or trim to start/stop.
2026-10-06T17:18:22.898862Z INFO  main     Writing C:\Users\lwilker\Documents\GitHub\SWERVE-data\data_processed\2024-05-10\sites\paradise3\data\GIC_measured_TVA.pkl
2026-10-06T17:18:23.191622Z INFO  main   Writing C:\Users\lwilker\Documents\GitHub\SWERVE-data\data_processed\2024-05-10\sites\paradise3\data\_all.pkl
2026-10-06T17:18:23.654464Z INFO  main Computing stats for 'Paradise 3' data
2026-10-06T17:18:23.900658Z INFO  main   Uniq dts [ns] = [   1000000000 6156000000000]
2026-10-06T17:18:23.900658Z INFO  main   Uniq dts [#]  = 2
2026-10-06T17:18:23.900658Z INFO  main   Stats for GIC/measured/TVA:
2026-10-06T17:18:23.900658Z INFO  main 
    std: : [1.9733333697687088]
    ave: : [0.005691086430300424]
    min: : [-15.305666666666667]
    max: : [11.147666666666668]
    n: 2341
    n_valid: : [2341]
    dt_original: : [1000000000, 6156000000000]
2026-10-06T17:18:23.900658Z INFO  main Plotting 'Paradise 3' data for event '2024-05-10'
2026-10-06T17:18:23.900658Z INFO  main   Plotting 'Paradise 3/GIC/measured/TVA' original vs. modified data for event '2024-05-10'
2026-10-06T17:18:26.295736Z INFO  main     Writing C:\Users\lwilker\Documents\GitHub\SWERVE-data\data_processed/2024-05-10/sites/paradise3/figures\original\GIC_measured_TVA.png
2026-10-06T17:18:26.795098Z INFO  main     Writing C:\Users\lwilker\Documents\GitHub\SWERVE-data\data_processed/2024-05-10/sites/paradise3/figures\original\GIC_measured_TVA.pdf
2026-10-06T17:18:26.963101Z INFO  main Reading 'Widows Creek 2' data for event '2024-05-10'
2026-10-06T17:18:26.975156Z INFO  main   Reading 'GIC/measured/TVA' data for event '2024-05-10'
2026-10-06T17:18:26.976152Z INFO  main     Reading C:\Users\lwilker\Documents\GitHub\SWERVE-data\data_original\tva\2024-05-10\gic\GIC-measured\gic-widowscreek2_20240510.csv
2026-10-06T17:18:30.774903Z INFO  main     Running automated error checks on GIC measured data
2026-10-06T17:18:41.103405Z INFO  main     Uniq dts [ns] = [1000000000]
2026-10-06T17:18:41.103405Z INFO  main     Uniq dts [#]  = 1
2026-10-06T17:18:41.304354Z INFO  main     
Resample to 1m aves and NaN pad or trim to start/stop.
2026-10-06T17:18:41.566050Z INFO  main     Writing C:\Users\lwilker\Documents\GitHub\SWERVE-data\data_processed\2024-05-10\sites\widowscreek2\data\GIC_measured_TVA.pkl
2026-10-06T17:18:41.836277Z INFO  main   Writing C:\Users\lwilker\Documents\GitHub\SWERVE-data\data_processed\2024-05-10\sites\widowscreek2\data\_all.pkl
2026-10-06T17:18:42.273971Z INFO  main Computing stats for 'Widows Creek 2' data
2026-10-06T17:18:42.547668Z INFO  main   Uniq dts [ns] = [1000000000]
2026-10-06T17:18:42.547668Z INFO  main   Uniq dts [#]  = 1
2026-10-06T17:18:42.547668Z INFO  main   Stats for GIC/measured/TVA:
2026-10-06T17:18:42.547668Z INFO  main 
    std: : [1.942315159179038]
    ave: : [0.00848127580805924]
    min: : [-12.174000000000001]
    max: : [20.823500000000003]
    n: 2341
    n_valid: : [2341]
    dt_original: : [1000000000]
2026-10-06T17:18:42.547668Z INFO  main Plotting 'Widows Creek 2' data for event '2024-05-10'
2026-10-06T17:18:42.547668Z INFO  main   Plotting 'Widows Creek 2/GIC/measured/TVA' original vs. modified data for event '2024-05-10'
2026-10-06T17:18:44.848224Z INFO  main     Writing C:\Users\lwilker\Documents\GitHub\SWERVE-data\data_processed/2024-05-10/sites/widowscreek2/figures\original\GIC_measured_TVA.png
2026-10-06T17:18:45.286143Z INFO  main     Writing C:\Users\lwilker\Documents\GitHub\SWERVE-data\data_processed/2024-05-10/sites/widowscreek2/figures\original\GIC_measured_TVA.pdf
2026-10-06T17:18:45.406807Z INFO  main Reading 'Pinhook' data for event '2024-05-10'
2026-10-06T17:18:45.423119Z INFO  main   Reading 'GIC/measured/TVA' data for event '2024-05-10'
2026-10-06T17:18:45.425165Z INFO  main     Reading C:\Users\lwilker\Documents\GitHub\SWERVE-data\data_original\tva\2024-05-10\gic\GIC-measured\gic-pinhook_20240510.csv
2026-10-06T17:18:49.299274Z INFO  main     Running automated error checks on GIC measured data
2026-10-06T17:18:59.168194Z INFO  main     Uniq dts [ns] = [1000000000 2000000000]
2026-10-06T17:18:59.168194Z INFO  main     Uniq dts [#]  = 2
2026-10-06T17:18:59.368986Z INFO  main     
Resample to 1m aves and NaN pad or trim to start/stop.
2026-10-06T17:18:59.665251Z INFO  main     Writing C:\Users\lwilker\Documents\GitHub\SWERVE-data\data_processed\2024-05-10\sites\pinhook\data\GIC_measured_TVA.pkl
2026-10-06T17:18:59.918361Z INFO  main   Writing C:\Users\lwilker\Documents\GitHub\SWERVE-data\data_processed\2024-05-10\sites\pinhook\data\_all.pkl
2026-10-06T17:19:00.340183Z INFO  main Computing stats for 'Pinhook' data
2026-10-06T17:19:00.585839Z INFO  main   Uniq dts [ns] = [1000000000 2000000000]
2026-10-06T17:19:00.585839Z INFO  main   Uniq dts [#]  = 2
2026-10-06T17:19:00.585839Z INFO  main   Stats for GIC/measured/TVA:
2026-10-06T17:19:00.585839Z INFO  main 
    std: : [0.9356717015963525]
    ave: : [-0.00363688437748126]
    min: : [-7.244833333333333]
    max: : [9.968833333333333]
    n: 2341
    n_valid: : [2341]
    dt_original: : [1000000000, 2000000000]
2026-10-06T17:19:00.585839Z INFO  main Plotting 'Pinhook' data for event '2024-05-10'
2026-10-06T17:19:00.585839Z INFO  main   Plotting 'Pinhook/GIC/measured/TVA' original vs. modified data for event '2024-05-10'
2026-10-06T17:19:02.950471Z INFO  main     Writing C:\Users\lwilker\Documents\GitHub\SWERVE-data\data_processed/2024-05-10/sites/pinhook/figures\original\GIC_measured_TVA.png
2026-10-06T17:19:03.447893Z INFO  main     Writing C:\Users\lwilker\Documents\GitHub\SWERVE-data\data_processed/2024-05-10/sites/pinhook/figures\original\GIC_measured_TVA.pdf
2026-10-06T17:19:03.593166Z INFO  main Reading 'Ackerman' data for event '2024-05-10'
2026-10-06T17:19:03.603359Z INFO  main   Reading 'B/measured/TVA' data for event '2024-05-10'
2026-10-06T17:19:03.609716Z INFO  main     Reading C:\Users\lwilker\Documents\GitHub\SWERVE-data\data_original\tva\2024-05-10\mag\ackerman_mag_20240509.csv
2026-10-06T17:19:09.217469Z INFO  main     Remove baseline then Resample to 1m aves and NaN pad or trim to start/stop.
2026-10-06T17:19:09.623974Z INFO  main     Writing C:\Users\lwilker\Documents\GitHub\SWERVE-data\data_processed\2024-05-10\sites\ackerman\data\B_measured_TVA.pkl
2026-10-06T17:19:09.960651Z INFO  main   Writing C:\Users\lwilker\Documents\GitHub\SWERVE-data\data_processed\2024-05-10\sites\ackerman\data\_all.pkl
2026-10-06T17:19:10.268783Z INFO  main Computing stats for 'Ackerman' data
2026-10-06T17:19:10.583420Z INFO  main   Uniq dts [ns] = [1000000000]
2026-10-06T17:19:10.583420Z INFO  main   Uniq dts [#]  = 1
2026-10-06T17:19:10.583420Z INFO  main   Stats for B/measured/TVA:
2026-10-06T17:19:10.583420Z INFO  main 
    std: : [99.45686171898491, 65.35642876462892, 61.05697788450228, 86.20605749227474]
    ave: : [-159.50456599743578, -20.8244650434288, 20.176301936492624, 180.61365833223482]
    min: : [-401.8253333333325, -246.50350000000006, -223.63283333333504, 5.332326837050858]
    max: : [215.13000000000113, 176.8673333333333, 353.03783333333143, 436.7761253897435]
    n: 2341
    n_valid: : [2341, 2341, 2341, 2341]
    dt_original: : [1000000000]
2026-10-06T17:19:10.583420Z INFO  main Plotting 'Ackerman' data for event '2024-05-10'
2026-10-06T17:19:10.587479Z INFO  main   Plotting 'Ackerman/B/measured/TVA' original vs. modified data for event '2024-05-10'
2026-10-06T17:19:17.000690Z INFO  main     Writing C:\Users\lwilker\Documents\GitHub\SWERVE-data\data_processed/2024-05-10/sites/ackerman/figures\original\B_measured_TVA_Bx.png
2026-10-06T17:19:17.372517Z INFO  main     Writing C:\Users\lwilker\Documents\GitHub\SWERVE-data\data_processed/2024-05-10/sites/ackerman/figures\original\B_measured_TVA_Bx.pdf
2026-10-06T17:19:17.698270Z INFO  main     Writing C:\Users\lwilker\Documents\GitHub\SWERVE-data\data_processed/2024-05-10/sites/ackerman/figures\original\B_measured_TVA_By.png
2026-10-06T17:19:18.223785Z INFO  main     Writing C:\Users\lwilker\Documents\GitHub\SWERVE-data\data_processed/2024-05-10/sites/ackerman/figures\original\B_measured_TVA_By.pdf
2026-10-06T17:19:18.555484Z INFO  main     Writing C:\Users\lwilker\Documents\GitHub\SWERVE-data\data_processed/2024-05-10/sites/ackerman/figures\original\B_measured_TVA_Bz.png
2026-10-06T17:19:18.885643Z INFO  main     Writing C:\Users\lwilker\Documents\GitHub\SWERVE-data\data_processed/2024-05-10/sites/ackerman/figures\original\B_measured_TVA_Bz.pdf
2026-10-06T17:19:19.200124Z INFO  main Reading 'Watts Bar' data for event '2024-05-10'
2026-10-06T17:19:19.208740Z INFO  main   Reading 'B/measured/TVA' data for event '2024-05-10'
2026-10-06T17:19:19.213178Z INFO  main     Reading C:\Users\lwilker\Documents\GitHub\SWERVE-data\data_original\tva\2024-05-10\mag\wattsbar_mag_20240509.csv
2026-10-06T17:19:24.631517Z INFO  main     Remove baseline then Resample to 1m aves and NaN pad or trim to start/stop.
2026-10-06T17:19:24.993816Z INFO  main     Writing C:\Users\lwilker\Documents\GitHub\SWERVE-data\data_processed\2024-05-10\sites\wattsbar\data\B_measured_TVA.pkl
2026-10-06T17:19:25.309854Z INFO  main   Writing C:\Users\lwilker\Documents\GitHub\SWERVE-data\data_processed\2024-05-10\sites\wattsbar\data\_all.pkl
2026-10-06T17:19:25.670899Z INFO  main Computing stats for 'Watts Bar' data
2026-10-06T17:19:25.968272Z INFO  main   Uniq dts [ns] = [1000000000]
2026-10-06T17:19:25.968272Z INFO  main   Uniq dts [#]  = 1
2026-10-06T17:19:25.968272Z INFO  main   Stats for B/measured/TVA:
2026-10-06T17:19:25.968272Z INFO  main 
    std: : [113.10245706747254, 77.41793381885863, 76.78896254916293, 94.12081994407163]
    ave: : [-153.1120656414645, -38.610314537946934, 18.826137975227134, 186.77083547661888]
    min: : [-489.4665000000005, -316.3520000000002, -242.88766666666427, 3.637076662834926]
    max: : [391.2698333333326, 182.23266666666646, 370.7743333333365, 574.7804770797815]
    n: 2341
    n_valid: : [2341, 2341, 2341, 2341]
    dt_original: : [1000000000]
2026-10-06T17:19:25.968272Z INFO  main Plotting 'Watts Bar' data for event '2024-05-10'
2026-10-06T17:19:25.976582Z INFO  main   Plotting 'Watts Bar/B/measured/TVA' original vs. modified data for event '2024-05-10'
2026-10-06T17:19:31.466738Z INFO  main     Writing C:\Users\lwilker\Documents\GitHub\SWERVE-data\data_processed/2024-05-10/sites/wattsbar/figures\original\B_measured_TVA_Bx.png
2026-10-06T17:19:31.837263Z INFO  main     Writing C:\Users\lwilker\Documents\GitHub\SWERVE-data\data_processed/2024-05-10/sites/wattsbar/figures\original\B_measured_TVA_Bx.pdf
2026-10-06T17:19:32.147137Z INFO  main     Writing C:\Users\lwilker\Documents\GitHub\SWERVE-data\data_processed/2024-05-10/sites/wattsbar/figures\original\B_measured_TVA_By.png
2026-10-06T17:19:32.606209Z INFO  main     Writing C:\Users\lwilker\Documents\GitHub\SWERVE-data\data_processed/2024-05-10/sites/wattsbar/figures\original\B_measured_TVA_By.pdf
2026-10-06T17:19:32.936802Z INFO  main     Writing C:\Users\lwilker\Documents\GitHub\SWERVE-data\data_processed/2024-05-10/sites/wattsbar/figures\original\B_measured_TVA_Bz.png
2026-10-06T17:19:33.307154Z INFO  main     Writing C:\Users\lwilker\Documents\GitHub\SWERVE-data\data_processed/2024-05-10/sites/wattsbar/figures\original\B_measured_TVA_Bz.pdf
2026-10-06T17:19:33.603108Z INFO  main Reading 'Lagoon Creek' data for event '2024-05-10'
2026-10-06T17:19:33.611761Z INFO  main   Reading 'B/measured/TVA' data for event '2024-05-10'
2026-10-06T17:19:33.613807Z INFO  main     Reading C:\Users\lwilker\Documents\GitHub\SWERVE-data\data_original\tva\2024-05-10\mag\lagooncreek_mag_20240509.csv
2026-10-06T17:19:39.427456Z INFO  main     Remove baseline then Resample to 1m aves and NaN pad or trim to start/stop.
2026-10-06T17:19:39.862522Z INFO  main     Writing C:\Users\lwilker\Documents\GitHub\SWERVE-data\data_processed\2024-05-10\sites\lagooncreek\data\B_measured_TVA.pkl
2026-10-06T17:19:40.269305Z INFO  main   Writing C:\Users\lwilker\Documents\GitHub\SWERVE-data\data_processed\2024-05-10\sites\lagooncreek\data\_all.pkl
2026-10-06T17:19:40.629093Z INFO  main Computing stats for 'Lagoon Creek' data
2026-10-06T17:19:40.928875Z INFO  main   Uniq dts [ns] = [1000000000 2000000000 3000000000]
2026-10-06T17:19:40.928875Z INFO  main   Uniq dts [#]  = 3
2026-10-06T17:19:40.930626Z INFO  main   Stats for B/measured/TVA:
2026-10-06T17:19:40.930626Z INFO  main 
    std: : [101.20888300343367, 67.06513179633082, 79.31134374022528, 87.76234228935539]
    ave: : [-152.6393739770287, -43.31229889563818, 25.361560567340064, 179.52818114463346]
    min: : [-456.42333333333283, -291.695, -205.94399999999732, 7.356229548803323]
    max: : [311.08033333333367, 195.29533333333333, 516.9395000000032, 521.5660495346241]
    n: 2341
    n_valid: : [2341, 2341, 2341, 2341]
    dt_original: : [1000000000, 2000000000, 3000000000]
2026-10-06T17:19:40.931630Z INFO  main Plotting 'Lagoon Creek' data for event '2024-05-10'
2026-10-06T17:19:40.937399Z INFO  main   Plotting 'Lagoon Creek/B/measured/TVA' original vs. modified data for event '2024-05-10'
2026-10-06T17:19:48.472013Z INFO  main     Writing C:\Users\lwilker\Documents\GitHub\SWERVE-data\data_processed/2024-05-10/sites/lagooncreek/figures\original\B_measured_TVA_Bx.png
2026-10-06T17:19:48.872625Z INFO  main     Writing C:\Users\lwilker\Documents\GitHub\SWERVE-data\data_processed/2024-05-10/sites/lagooncreek/figures\original\B_measured_TVA_Bx.pdf
2026-10-06T17:19:49.195890Z INFO  main     Writing C:\Users\lwilker\Documents\GitHub\SWERVE-data\data_processed/2024-05-10/sites/lagooncreek/figures\original\B_measured_TVA_By.png
2026-10-06T17:19:49.648809Z INFO  main     Writing C:\Users\lwilker\Documents\GitHub\SWERVE-data\data_processed/2024-05-10/sites/lagooncreek/figures\original\B_measured_TVA_By.pdf
2026-10-06T17:19:50.020855Z INFO  main     Writing C:\Users\lwilker\Documents\GitHub\SWERVE-data\data_processed/2024-05-10/sites/lagooncreek/figures\original\B_measured_TVA_Bz.png
2026-10-06T17:19:50.368156Z INFO  main     Writing C:\Users\lwilker\Documents\GitHub\SWERVE-data\data_processed/2024-05-10/sites/lagooncreek/figures\original\B_measured_TVA_Bz.pdf
2026-10-06T17:19:50.749353Z INFO  main   Adding error for site 'Sullivan', GIC/'measured/TVA: Low signal: all GIC values within +/- 4 A;
Excessive pre-storm noise: std before (0.0564 A) > 1/4 * std after (0.2143 A)
2026-10-06T17:19:50.752945Z INFO  main   Adding error for site 'Sullivan', GIC/'measured/TVA: Low signal: all GIC values within +/- 4 A;
Excessive pre-storm noise: std before (0.0567 A) > 1/4 * std after (0.1835 A)
2026-10-06T17:19:50.754005Z INFO  main   Adding error for site 'Sullivan', GIC/'measured/TVA: Excessive pre-storm noise: std before (0.1305 A) > 1/4 * std after (0.1730 A)
2026-10-06T17:19:50.755933Z INFO  main   Adding error for site 'Sullivan', GIC/'measured/TVA: Low signal: all GIC values within +/- 4 A
2026-10-06T17:19:50.756942Z INFO  main   Adding error for site 'Sullivan', GIC/'measured/TVA: Low signal: all GIC values within +/- 4 A;
Excessive pre-storm noise: std before (0.0791 A) > 1/4 * std after (0.2522 A)
2026-10-06T17:19:50.756942Z INFO  main   Adding error for site 'Bradley', GIC/'measured/TVA: Low signal: all GIC values within +/- 4 A
2026-10-06T17:19:50.757944Z INFO  main   Adding error for site 'Bradley', GIC/'measured/TVA: Low signal: all GIC values within +/- 4 A;
Excessive pre-storm noise: std before (0.2011 A) > 1/4 * std after (0.2272 A)
2026-10-06T17:19:50.758941Z INFO  main   Adding error for site 'Bradley', GIC/'measured/TVA: Low signal: all GIC values within +/- 4 A
2026-10-06T17:19:50.759940Z INFO  main   Adding error for site 'Bradley', GIC/'measured/TVA: Low signal: all GIC values within +/- 4 A;
Excessive pre-storm noise: std before (0.1825 A) > 1/4 * std after (0.1011 A)
2026-10-06T17:19:50.760946Z INFO  main   Adding error for site 'Bradley', GIC/'measured/TVA: Low signal: all GIC values within +/- 4 A;
Excessive pre-storm noise: std before (0.3065 A) > 1/4 * std after (0.4361 A)
2026-10-06T17:19:50.760946Z INFO  main   Adding error for site 'Bradley', GIC/'measured/TVA: Low signal: all GIC values within +/- 4 A;
Excessive pre-storm noise: std before (0.1577 A) > 1/4 * std after (0.3467 A)
2026-10-06T17:19:50.762493Z INFO  main   Adding error for site 'Montgomery', GIC/'measured/TVA: Excessive pre-storm noise: std before (0.3057 A) > 1/4 * std after (0.4632 A)
2026-10-06T17:19:50.762493Z INFO  main   Adding error for site 'Montgomery', GIC/'measured/TVA: Excessive pre-storm noise: std before (0.8354 A) > 1/4 * std after (0.4051 A)
2026-10-06T17:19:50.763503Z INFO  main   Adding error for site 'Montgomery', GIC/'measured/TVA: Excessive pre-storm noise: std before (0.3485 A) > 1/4 * std after (0.7561 A)
2026-10-06T17:19:50.764500Z INFO  main   Adding error for site 'Southaven', GIC/'measured/TVA: Excessive pre-storm noise: std before (0.1271 A) > 1/4 * std after (0.3647 A)
2026-10-06T17:19:50.765503Z INFO  main   Adding error for site 'Southaven', GIC/'measured/TVA: Low signal: all GIC values within +/- 4 A
2026-10-06T17:19:50.765503Z INFO  main   Adding error for site 'Southaven', GIC/'measured/TVA: Excessive pre-storm noise: std before (0.1988 A) > 1/4 * std after (0.1982 A)
2026-10-06T17:19:50.766499Z INFO  main   Adding error for site 'Southaven', GIC/'measured/TVA: Low signal: all GIC values within +/- 4 A;
Excessive pre-storm noise: std before (0.1952 A) > 1/4 * std after (0.3207 A)
2026-10-06T17:19:50.767498Z INFO  main   Adding error for site 'Southaven', GIC/'measured/TVA: Excessive pre-storm noise: std before (0.2490 A) > 1/4 * std after (0.3330 A)
2026-10-06T17:19:50.768500Z INFO  main   Adding error for site 'Raccoon Mountain', GIC/'measured/TVA: Low signal: all GIC values within +/- 4 A;
Excessive pre-storm noise: std before (0.0414 A) > 1/4 * std after (0.1150 A)
2026-10-06T17:19:50.769814Z INFO  main   Adding error for site 'Raccoon Mountain', GIC/'measured/TVA: Excessive pre-storm noise: std before (0.3035 A) > 1/4 * std after (0.4320 A)
2026-10-06T17:19:50.769814Z INFO  main   Adding error for site 'Raccoon Mountain', GIC/'measured/TVA: Low signal: all GIC values within +/- 4 A
2026-10-06T17:19:50.770857Z INFO  main   Adding error for site 'Raccoon Mountain', GIC/'measured/TVA: Excessive pre-storm noise: std before (0.4002 A) > 1/4 * std after (0.8388 A)
2026-10-06T17:19:50.771858Z INFO  main   Adding error for site 'Shelby', GIC/'measured/TVA: Low signal: all GIC values within +/- 4 A;
Excessive pre-storm noise: std before (0.0960 A) > 1/4 * std after (0.3190 A)
2026-10-06T17:19:50.772858Z INFO  main   Adding error for site 'Shelby', GIC/'measured/TVA: Low signal: all GIC values within +/- 4 A
2026-10-06T17:19:50.773858Z INFO  main   Adding error for site 'Shelby', GIC/'measured/TVA: Excessive pre-storm noise: std before (0.1997 A) > 1/4 * std after (0.3605 A)
2026-10-06T17:19:50.775409Z INFO  main   Adding error for site 'Shelby', GIC/'measured/TVA: Low signal: all GIC values within +/- 4 A;
Excessive pre-storm noise: std before (0.3278 A) > 1/4 * std after (0.7662 A)
2026-10-06T17:19:50.775409Z INFO  main   Adding error for site 'Weakley', GIC/'measured/TVA: Excessive pre-storm noise: std before (0.9190 A) > 1/4 * std after (0.4323 A)
2026-10-06T17:19:50.776415Z INFO  main   Adding error for site 'Weakley', GIC/'measured/TVA: Excessive pre-storm noise: std before (0.2531 A) > 1/4 * std after (0.9608 A)
2026-10-06T17:19:50.777414Z INFO  main   Adding error for site 'Weakley', GIC/'measured/TVA: Excessive pre-storm noise: std before (0.4115 A) > 1/4 * std after (0.7651 A)
2026-10-06T17:19:50.778419Z INFO  main   Adding error for site 'Widows Creek', GIC/'measured/TVA: Excessive pre-storm noise: std before (0.3889 A) > 1/4 * std after (0.6039 A)
2026-10-06T17:19:50.778419Z INFO  main   Adding error for site 'Widows Creek', GIC/'measured/TVA: Low signal: all GIC values within +/- 4 A
2026-10-06T17:19:50.779420Z INFO  main   Adding error for site 'Widows Creek', GIC/'measured/TVA: Low signal: all GIC values within +/- 4 A;
Excessive pre-storm noise: std before (0.4297 A) > 1/4 * std after (0.3731 A)
2026-10-06T17:19:50.780573Z INFO  main   Adding error for site 'Widows Creek', GIC/'measured/TVA: Excessive pre-storm noise: std before (0.2245 A) > 1/4 * std after (0.6470 A)
2026-10-06T17:19:50.781100Z INFO  main   Adding error for site 'Paradise', GIC/'measured/TVA: Excessive pre-storm noise: std before (0.8895 A) > 1/4 * std after (1.0984 A)
2026-10-06T17:19:50.781100Z INFO  main   Adding error for site 'Paradise', GIC/'measured/TVA: Excessive pre-storm noise: std before (1.4690 A) > 1/4 * std after (0.9113 A)
2026-10-06T17:19:50.782312Z INFO  main   Adding error for site 'Paradise', GIC/'measured/TVA: Excessive pre-storm noise: std before (0.7665 A) > 1/4 * std after (1.6046 A)
2026-10-06T17:19:50.783312Z INFO  main   Adding error for site 'East Point', GIC/'measured/TVA: Low signal: all GIC values within +/- 4 A
2026-10-06T17:19:50.783312Z INFO  main   Adding error for site 'Bull Run', GIC/'measured/TVA: Excessive pre-storm noise: std before (0.3436 A) > 1/4 * std after (0.2528 A)
2026-10-06T17:19:50.784312Z INFO  main   Adding error for site 'Bull Run', GIC/'measured/TVA: Low signal: all GIC values within +/- 4 A;
Excessive pre-storm noise: std before (0.1690 A) > 1/4 * std after (0.4664 A)
2026-10-06T17:19:50.785716Z INFO  main   Adding error for site 'Rutherford', GIC/'measured/TVA: Low signal: all GIC values within +/- 4 A;
Excessive pre-storm noise: std before (0.0716 A) > 1/4 * std after (0.2420 A)
2026-10-06T17:19:50.786995Z INFO  main   Adding error for site 'Rutherford', GIC/'measured/TVA: Low signal: all GIC values within +/- 4 A
2026-10-06T17:19:50.788001Z INFO  main   Adding error for site 'Rutherford', GIC/'measured/TVA: Excessive pre-storm noise: std before (0.1169 A) > 1/4 * std after (0.2086 A)
2026-10-06T17:19:50.788001Z INFO  main   Adding error for site 'Rutherford', GIC/'measured/TVA: Low signal: all GIC values within +/- 4 A;
Excessive pre-storm noise: std before (0.0721 A) > 1/4 * std after (0.2172 A)
2026-10-06T17:19:50.788999Z INFO  main   Adding error for site 'Gleason', GIC/'measured/TVA: Low signal: all GIC values within +/- 4 A
2026-10-06T17:19:50.788999Z INFO  main   Adding error for site 'Paradise 2', GIC/'measured/TVA: Low signal: all GIC values within +/- 4 A;
Excessive pre-storm noise: std before (0.1141 A) > 1/4 * std after (0.1593 A)
2026-10-06T17:19:50.808673Z INFO  main Wrote C:\Users\lwilker\Documents\GitHub\SWERVE\info\tva_config\info.extended.csv
2026-10-06T17:19:50.808673Z INFO  main Preparing C:\Users\lwilker\Documents\GitHub\SWERVE\info\tva_config\info.extended.json
2026-10-06T17:19:50.823510Z INFO  main Writing C:\Users\lwilker\Documents\GitHub\SWERVE\info\tva_config\info.extended.json
2026-10-06T23:56:05.461622Z INFO  main Reading 'Sullivan' data for event '2015-03-17'
2026-10-06T23:56:05.485671Z INFO  main   Reading 'GIC/measured/TVA' data for event '2015-03-17'
2026-10-06T23:56:05.490905Z INFO  main     Reading C:\Users\lwilker\Documents\GitHub\SWERVE-data\data_original\tva\2015-03-17\gic\GIC-measured\gic-sullivan_20150317.csv
2026-10-06T23:56:10.771149Z INFO  main     Running automated error checks on GIC measured data
2026-10-06T23:56:21.478580Z INFO  main     Uniq dts [ns] = [2000000000]
2026-10-06T23:56:21.478580Z INFO  main     Uniq dts [#]  = 1
2026-10-06T23:56:21.639691Z INFO  main     
Resample to 1m aves and NaN pad or trim to start/stop.
2026-10-06T23:56:22.061316Z INFO  main     Writing C:\Users\lwilker\Documents\GitHub\SWERVE-data\data_processed\2015-03-17\sites\sullivan\data\GIC_measured_TVA.pkl
2026-10-06T23:56:22.403847Z INFO  main   Writing C:\Users\lwilker\Documents\GitHub\SWERVE-data\data_processed\2015-03-17\sites\sullivan\data\_all.pkl
2026-10-06T23:56:22.658559Z INFO  main Computing stats for 'Sullivan' data
2026-10-06T23:56:23.018718Z INFO  main   Uniq dts [ns] = [2000000000]
2026-10-06T23:56:23.022576Z INFO  main   Uniq dts [#]  = 1
2026-10-06T23:56:23.024361Z INFO  main   Stats for GIC/measured/TVA:
2026-10-06T23:56:23.024361Z INFO  main 
    std: : [0.2787200044773924]
    ave: : [0.4021664063855631]
    min: : [-0.5813333333333334]
    max: : [1.932]
    n: 1921
    n_valid: : [1921]
    dt_original: : [2000000000]
2026-10-06T23:56:24.130128Z INFO  main Plotting 'Sullivan' data for event '2015-03-17'
2026-10-06T23:56:24.141587Z INFO  main   Plotting 'Sullivan/GIC/measured/TVA' original vs. modified data for event '2015-03-17'
2026-10-06T23:56:33.053307Z INFO  main     Writing C:\Users\lwilker\Documents\GitHub\SWERVE-data\data_processed/2015-03-17/sites/sullivan/figures\original\GIC_measured_TVA.png
2026-10-06T23:56:34.852630Z INFO  main     Writing C:\Users\lwilker\Documents\GitHub\SWERVE-data\data_processed/2015-03-17/sites/sullivan/figures\original\GIC_measured_TVA.pdf
2026-10-06T23:56:38.911707Z INFO  main Reading 'Sullivan' data for event '2015-06-22'
2026-10-06T23:56:38.933444Z INFO  main   Reading 'GIC/measured/TVA' data for event '2015-06-22'
2026-10-06T23:56:38.946400Z INFO  main     Reading C:\Users\lwilker\Documents\GitHub\SWERVE-data\data_original\tva\2015-06-22\gic\GIC-measured\gic-sullivan_20150622.csv
2026-10-06T23:56:44.716456Z INFO  main     Running automated error checks on GIC measured data
2026-10-06T23:56:59.863114Z INFO  main     Uniq dts [ns] = [ 2000000000  4000000000 52000000000 56000000000]
2026-10-06T23:56:59.863114Z INFO  main     Uniq dts [#]  = 4
2026-10-06T23:56:59.996151Z INFO  main     
Resample to 1m aves and NaN pad or trim to start/stop.
2026-10-06T23:57:00.414459Z INFO  main     Writing C:\Users\lwilker\Documents\GitHub\SWERVE-data\data_processed\2015-06-22\sites\sullivan\data\GIC_measured_TVA.pkl
2026-10-06T23:57:00.687678Z INFO  main   Writing C:\Users\lwilker\Documents\GitHub\SWERVE-data\data_processed\2015-06-22\sites\sullivan\data\_all.pkl
2026-10-06T23:57:00.947258Z INFO  main Computing stats for 'Sullivan' data
2026-10-06T23:57:01.266968Z INFO  main   Uniq dts [ns] = [ 2000000000  4000000000  6000000000 52000000000 54000000000 56000000000
 60000000000]
2026-10-06T23:57:01.266968Z INFO  main   Uniq dts [#]  = 7
2026-10-06T23:57:01.266968Z INFO  main   Stats for GIC/measured/TVA:
2026-10-06T23:57:01.266968Z INFO  main 
    std: : [0.22073976139849535]
    ave: : [0.5142124521083423]
    min: : [-0.44466666666666665]
    max: : [1.8266666666666667]
    n: 1981
    n_valid: : [1981]
    dt_original: : [2000000000 nanoseconds, 4000000000 nanoseconds, ..., 56000000000 nanoseconds, 60000000000 nanoseconds] (7 elements)
2026-10-06T23:57:01.270664Z INFO  main Plotting 'Sullivan' data for event '2015-06-22'
2026-10-06T23:57:01.280270Z INFO  main   Plotting 'Sullivan/GIC/measured/TVA' original vs. modified data for event '2015-06-22'
2026-10-06T23:57:07.568051Z INFO  main     Writing C:\Users\lwilker\Documents\GitHub\SWERVE-data\data_processed/2015-06-22/sites/sullivan/figures\original\GIC_measured_TVA.png
2026-10-06T23:57:09.449381Z INFO  main     Writing C:\Users\lwilker\Documents\GitHub\SWERVE-data\data_processed/2015-06-22/sites/sullivan/figures\original\GIC_measured_TVA.pdf
2026-10-06T23:57:10.003231Z INFO  main Reading 'Sullivan' data for event '2014-09-11'
2026-10-06T23:57:10.035196Z INFO  main   Reading 'GIC/measured/TVA' data for event '2014-09-11'
2026-10-06T23:57:10.043899Z INFO  main     Reading C:\Users\lwilker\Documents\GitHub\SWERVE-data\data_original\tva\2014-09-11\gic\GIC-measured\gic-sullivan_20140911.csv
2026-10-06T23:57:18.611467Z INFO  main     Running automated error checks on GIC measured data
2026-10-06T23:57:40.768785Z INFO  main     Uniq dts [ns] = [2000000000]
2026-10-06T23:57:40.781354Z INFO  main     Uniq dts [#]  = 1
2026-10-06T23:57:41.131732Z INFO  main     
Resample to 1m aves and NaN pad or trim to start/stop.
2026-10-06T23:57:41.764760Z INFO  main     Writing C:\Users\lwilker\Documents\GitHub\SWERVE-data\data_processed\2014-09-11\sites\sullivan\data\GIC_measured_TVA.pkl
2026-10-06T23:57:42.205589Z INFO  main   Writing C:\Users\lwilker\Documents\GitHub\SWERVE-data\data_processed\2014-09-11\sites\sullivan\data\_all.pkl
2026-10-06T23:57:42.601113Z INFO  main Computing stats for 'Sullivan' data
2026-10-06T23:57:43.102704Z INFO  main   Uniq dts [ns] = [2000000000]
2026-10-06T23:57:43.102704Z INFO  main   Uniq dts [#]  = 1
2026-10-06T23:57:43.107255Z INFO  main   Stats for GIC/measured/TVA:
2026-10-06T23:57:43.107255Z INFO  main 
    std: : [0.13292733859010353]
    ave: : [0.9790503369005151]
    min: : [0.7230000000000001]
    max: : [1.275]
    n: 841
    n_valid: : [841]
    dt_original: : [2000000000]
2026-10-06T23:57:43.107255Z INFO  main Plotting 'Sullivan' data for event '2014-09-11'
2026-10-06T23:57:43.121460Z INFO  main   Plotting 'Sullivan/GIC/measured/TVA' original vs. modified data for event '2014-09-11'
2026-10-06T23:57:50.103856Z INFO  main     Writing C:\Users\lwilker\Documents\GitHub\SWERVE-data\data_processed/2014-09-11/sites/sullivan/figures\original\GIC_measured_TVA.png
2026-10-06T23:57:52.018709Z INFO  main     Writing C:\Users\lwilker\Documents\GitHub\SWERVE-data\data_processed/2014-09-11/sites/sullivan/figures\original\GIC_measured_TVA.pdf
2026-10-06T23:57:52.550288Z INFO  main Reading 'Sullivan' data for event '2023-03-23'
2026-10-06T23:57:52.581866Z INFO  main   Reading 'GIC/measured/TVA' data for event '2023-03-23'
2026-10-06T23:57:52.597666Z INFO  main     Reading C:\Users\lwilker\Documents\GitHub\SWERVE-data\data_original\tva\2023-03-23\gic\GIC-measured\gic-sullivan_20230323.csv
2026-10-06T23:58:03.205833Z INFO  main     Running automated error checks on GIC measured data
2026-10-06T23:58:23.482074Z INFO  main     Uniq dts [ns] = [1000000000 2000000000]
2026-10-06T23:58:23.482074Z INFO  main     Uniq dts [#]  = 2
2026-10-06T23:58:23.674322Z INFO  main     
Resample to 1m aves and NaN pad or trim to start/stop.
2026-10-06T23:58:24.182521Z INFO  main     Writing C:\Users\lwilker\Documents\GitHub\SWERVE-data\data_processed\2023-03-23\sites\sullivan\data\GIC_measured_TVA.pkl
2026-10-06T23:58:24.564562Z INFO  main   Writing C:\Users\lwilker\Documents\GitHub\SWERVE-data\data_processed\2023-03-23\sites\sullivan\data\_all.pkl
2026-10-06T23:58:24.940931Z INFO  main Computing stats for 'Sullivan' data
2026-10-06T23:58:25.319748Z INFO  main   Uniq dts [ns] = [1000000000 2000000000]
2026-10-06T23:58:25.321761Z INFO  main   Uniq dts [#]  = 2
2026-10-06T23:58:25.321761Z INFO  main   Stats for GIC/measured/TVA:
2026-10-06T23:58:25.321761Z INFO  main 
    std: : [0.21508051630497274]
    ave: : [0.0010782853234019923]
    min: : [-1.6583333333333334]
    max: : [1.3428333333333335]
    n: 1561
    n_valid: : [1561]
    dt_original: : [1000000000, 2000000000]
2026-10-06T23:58:25.324552Z INFO  main Plotting 'Sullivan' data for event '2023-03-23'
2026-10-06T23:58:25.324552Z INFO  main   Plotting 'Sullivan/GIC/measured/TVA' original vs. modified data for event '2023-03-23'
2026-10-06T23:58:31.544607Z INFO  main     Writing C:\Users\lwilker\Documents\GitHub\SWERVE-data\data_processed/2023-03-23/sites/sullivan/figures\original\GIC_measured_TVA.png
2026-10-06T23:58:33.013039Z INFO  main     Writing C:\Users\lwilker\Documents\GitHub\SWERVE-data\data_processed/2023-03-23/sites/sullivan/figures\original\GIC_measured_TVA.pdf
2026-10-06T23:58:33.515980Z INFO  main Reading 'Sullivan' data for event '2024-05-10'
2026-10-06T23:58:33.535749Z INFO  main   Reading 'GIC/measured/TVA' data for event '2024-05-10'
2026-10-06T23:58:33.543833Z INFO  main     Reading C:\Users\lwilker\Documents\GitHub\SWERVE-data\data_original\tva\2024-05-10\gic\GIC-measured\gic-sullivan_20240510.csv
2026-10-06T23:58:44.459080Z INFO  main     Running automated error checks on GIC measured data
2026-10-06T23:59:14.605421Z INFO  main     Uniq dts [ns] = [1000000000 2000000000]
2026-10-06T23:59:14.607185Z INFO  main     Uniq dts [#]  = 2
2026-10-06T23:59:14.998609Z INFO  main     
Resample to 1m aves and NaN pad or trim to start/stop.
2026-10-06T23:59:15.793537Z INFO  main     Writing C:\Users\lwilker\Documents\GitHub\SWERVE-data\data_processed\2024-05-10\sites\sullivan\data\GIC_measured_TVA.pkl
2026-10-06T23:59:16.376567Z INFO  main   Writing C:\Users\lwilker\Documents\GitHub\SWERVE-data\data_processed\2024-05-10\sites\sullivan\data\_all.pkl
2026-10-06T23:59:17.048737Z INFO  main Computing stats for 'Sullivan' data
2026-10-06T23:59:17.610685Z INFO  main   Uniq dts [ns] = [1000000000 2000000000]
2026-10-06T23:59:17.610685Z INFO  main   Uniq dts [#]  = 2
2026-10-06T23:59:17.610685Z INFO  main   Stats for GIC/measured/TVA:
2026-10-06T23:59:17.610685Z INFO  main 
    std: : [0.5740293311610496]
    ave: : [-0.005722380700700126]
    min: : [-5.160833333333333]
    max: : [5.2915]
    n: 2341
    n_valid: : [2341]
    dt_original: : [1000000000, 2000000000]
2026-10-06T23:59:17.610685Z INFO  main Plotting 'Sullivan' data for event '2024-05-10'
2026-10-06T23:59:17.631830Z INFO  main   Plotting 'Sullivan/GIC/measured/TVA' original vs. modified data for event '2024-05-10'
2026-10-06T23:59:23.483784Z INFO  main     Writing C:\Users\lwilker\Documents\GitHub\SWERVE-data\data_processed/2024-05-10/sites/sullivan/figures\original\GIC_measured_TVA.png
2026-10-06T23:59:24.765653Z INFO  main     Writing C:\Users\lwilker\Documents\GitHub\SWERVE-data\data_processed/2024-05-10/sites/sullivan/figures\original\GIC_measured_TVA.pdf
2026-10-06T23:59:25.174745Z INFO  main Reading 'Sullivan' data for event '2015-10-07'
2026-10-06T23:59:25.188867Z INFO  main   Reading 'GIC/measured/TVA' data for event '2015-10-07'
2026-10-06T23:59:25.200321Z INFO  main     Reading C:\Users\lwilker\Documents\GitHub\SWERVE-data\data_original\tva\2015-10-07\gic\GIC-measured\gic-sullivan_20151007.csv
2026-10-06T23:59:28.571213Z INFO  main     Running automated error checks on GIC measured data
2026-10-06T23:59:38.475440Z INFO  main     Uniq dts [ns] = [ 2000000000  4000000000  8000000000 10000000000 14000000000 22000000000
 50000000000 56000000000]
2026-10-06T23:59:38.475440Z INFO  main     Uniq dts [#]  = 8
2026-10-06T23:59:38.592071Z INFO  main     
Resample to 1m aves and NaN pad or trim to start/stop.
2026-10-06T23:59:38.856538Z INFO  main     Writing C:\Users\lwilker\Documents\GitHub\SWERVE-data\data_processed\2015-10-07\sites\sullivan\data\GIC_measured_TVA.pkl
2026-10-06T23:59:39.199551Z INFO  main   Writing C:\Users\lwilker\Documents\GitHub\SWERVE-data\data_processed\2015-10-07\sites\sullivan\data\_all.pkl
2026-10-06T23:59:39.391610Z INFO  main Computing stats for 'Sullivan' data
2026-10-06T23:59:39.581301Z INFO  main   Uniq dts [ns] = [ 2000000000  4000000000  6000000000  8000000000 10000000000 14000000000
 22000000000 44000000000 50000000000 56000000000]
2026-10-06T23:59:39.581301Z INFO  main   Uniq dts [#]  = 10
2026-10-06T23:59:39.582317Z INFO  main   Stats for GIC/measured/TVA:
2026-10-06T23:59:39.582835Z INFO  main 
    std: : [0.3238757568730671]
    ave: : [0.2393298880553312]
    min: : [-0.8480000000000001]
    max: : [1.343]
    n: 1741
    n_valid: : [1741]
    dt_original: : [2000000000 nanoseconds, 4000000000 nanoseconds, ..., 50000000000 nanoseconds, 56000000000 nanoseconds] (10 elements)
2026-10-06T23:59:39.583992Z INFO  main Plotting 'Sullivan' data for event '2015-10-07'
2026-10-06T23:59:39.589903Z INFO  main   Plotting 'Sullivan/GIC/measured/TVA' original vs. modified data for event '2015-10-07'
2026-10-06T23:59:44.950460Z INFO  main     Writing C:\Users\lwilker\Documents\GitHub\SWERVE-data\data_processed/2015-10-07/sites/sullivan/figures\original\GIC_measured_TVA.png
2026-10-06T23:59:46.502594Z INFO  main     Writing C:\Users\lwilker\Documents\GitHub\SWERVE-data\data_processed/2015-10-07/sites/sullivan/figures\original\GIC_measured_TVA.pdf
2026-10-06T23:59:46.866136Z INFO  main Reading 'Bradley' data for event '2015-03-17'
2026-10-06T23:59:46.885989Z INFO  main   Reading 'GIC/measured/TVA' data for event '2015-03-17'
2026-10-06T23:59:46.890991Z INFO  main     Reading C:\Users\lwilker\Documents\GitHub\SWERVE-data\data_original\tva\2015-03-17\gic\GIC-measured\gic-bradley_20150317.csv
2026-10-06T23:59:50.110598Z INFO  main     Running automated error checks on GIC measured data
2026-10-06T23:59:59.683750Z INFO  main     Uniq dts [ns] = [2000000000]
2026-10-06T23:59:59.685042Z INFO  main     Uniq dts [#]  = 1
2026-10-06T23:59:59.790808Z INFO  main     
Resample to 1m aves and NaN pad or trim to start/stop.
2026-10-07T00:00:00.119931Z INFO  main     Writing C:\Users\lwilker\Documents\GitHub\SWERVE-data\data_processed\2015-03-17\sites\bradley\data\GIC_measured_TVA.pkl
2026-10-07T00:00:00.610257Z INFO  main   Writing C:\Users\lwilker\Documents\GitHub\SWERVE-data\data_processed\2015-03-17\sites\bradley\data\_all.pkl
2026-10-07T00:00:00.806985Z INFO  main Computing stats for 'Bradley' data
2026-10-07T00:00:01.039065Z INFO  main   Uniq dts [ns] = [2000000000]
2026-10-07T00:00:01.039065Z INFO  main   Uniq dts [#]  = 1
2026-10-07T00:00:01.047110Z INFO  main   Stats for GIC/measured/TVA:
2026-10-07T00:00:01.048456Z INFO  main 
    std: : [0.5140644948294206]
    ave: : [-0.3791186881832379]
    min: : [-2.6133333333333337]
    max: : [2.0243333333333333]
    n: 1921
    n_valid: : [1921]
    dt_original: : [2000000000]
2026-10-07T00:00:01.049568Z INFO  main Plotting 'Bradley' data for event '2015-03-17'
2026-10-07T00:00:01.055200Z INFO  main   Plotting 'Bradley/GIC/measured/TVA' original vs. modified data for event '2015-03-17'
2026-10-07T00:00:07.464765Z INFO  main     Writing C:\Users\lwilker\Documents\GitHub\SWERVE-data\data_processed/2015-03-17/sites/bradley/figures\original\GIC_measured_TVA.png
2026-10-07T00:00:08.896267Z INFO  main     Writing C:\Users\lwilker\Documents\GitHub\SWERVE-data\data_processed/2015-03-17/sites/bradley/figures\original\GIC_measured_TVA.pdf
2026-10-07T00:00:09.380803Z INFO  main Reading 'Bradley' data for event '2015-06-22'
2026-10-07T00:00:09.400700Z INFO  main   Reading 'GIC/measured/TVA' data for event '2015-06-22'
2026-10-07T00:00:09.409358Z INFO  main     Reading C:\Users\lwilker\Documents\GitHub\SWERVE-data\data_original\tva\2015-06-22\gic\GIC-measured\gic-bradley_20150622.csv
2026-10-07T00:00:13.184912Z INFO  main     Running automated error checks on GIC measured data
2026-10-07T00:00:22.092578Z INFO  main     Uniq dts [ns] = [ 2000000000 58000000000 60000000000]
2026-10-07T00:00:22.092578Z INFO  main     Uniq dts [#]  = 3
2026-10-07T00:00:22.160460Z INFO  main     
Resample to 1m aves and NaN pad or trim to start/stop.
2026-10-07T00:00:22.364456Z INFO  main     Writing C:\Users\lwilker\Documents\GitHub\SWERVE-data\data_processed\2015-06-22\sites\bradley\data\GIC_measured_TVA.pkl
2026-10-07T00:00:22.634959Z INFO  main   Writing C:\Users\lwilker\Documents\GitHub\SWERVE-data\data_processed\2015-06-22\sites\bradley\data\_all.pkl
2026-10-07T00:00:22.797417Z INFO  main Computing stats for 'Bradley' data
2026-10-07T00:00:22.987272Z INFO  main   Uniq dts [ns] = [ 2000000000 58000000000 60000000000]
2026-10-07T00:00:22.987272Z INFO  main   Uniq dts [#]  = 3
2026-10-07T00:00:22.989280Z INFO  main   Stats for GIC/measured/TVA:
2026-10-07T00:00:22.989280Z INFO  main 
    std: : [0.4448061158981162]
    ave: : [0.5173696636065663]
    min: : [-1.2650000000000001]
    max: : [3.0933333333333333]
    n: 1981
    n_valid: : [1981]
    dt_original: : [2000000000, 58000000000, 60000000000]
2026-10-07T00:00:22.990436Z INFO  main Plotting 'Bradley' data for event '2015-06-22'
2026-10-07T00:00:22.992444Z INFO  main   Plotting 'Bradley/GIC/measured/TVA' original vs. modified data for event '2015-06-22'
2026-10-07T00:00:28.054809Z INFO  main     Writing C:\Users\lwilker\Documents\GitHub\SWERVE-data\data_processed/2015-06-22/sites/bradley/figures\original\GIC_measured_TVA.png
2026-10-07T00:00:29.366387Z INFO  main     Writing C:\Users\lwilker\Documents\GitHub\SWERVE-data\data_processed/2015-06-22/sites/bradley/figures\original\GIC_measured_TVA.pdf
2026-10-07T00:00:29.691312Z INFO  main Reading 'Bradley' data for event '2014-09-11'
2026-10-07T00:00:29.711833Z INFO  main   Reading 'GIC/measured/TVA' data for event '2014-09-11'
2026-10-07T00:00:29.717105Z INFO  main     Reading C:\Users\lwilker\Documents\GitHub\SWERVE-data\data_original\tva\2014-09-11\gic\GIC-measured\gic-bradley_20140911.csv
2026-10-07T00:00:34.666058Z INFO  main     Running automated error checks on GIC measured data
2026-10-07T00:00:50.918842Z INFO  main     Uniq dts [ns] = [2000000000]
2026-10-07T00:00:50.920854Z INFO  main     Uniq dts [#]  = 1
2026-10-07T00:00:51.164237Z INFO  main     
Resample to 1m aves and NaN pad or trim to start/stop.
2026-10-07T00:00:51.495418Z INFO  main     Writing C:\Users\lwilker\Documents\GitHub\SWERVE-data\data_processed\2014-09-11\sites\bradley\data\GIC_measured_TVA.pkl
2026-10-07T00:00:51.806260Z INFO  main   Writing C:\Users\lwilker\Documents\GitHub\SWERVE-data\data_processed\2014-09-11\sites\bradley\data\_all.pkl
2026-10-07T00:00:52.081460Z INFO  main Computing stats for 'Bradley' data
2026-10-07T00:00:52.372279Z INFO  main   Uniq dts [ns] = [2000000000 4000000000 6000000000]
2026-10-07T00:00:52.372279Z INFO  main   Uniq dts [#]  = 3
2026-10-07T00:00:52.372279Z INFO  main   Stats for GIC/measured/TVA:
2026-10-07T00:00:52.372279Z INFO  main 
    std: : [0.21813337072666567]
    ave: : [-0.071230677764566]
    min: : [-0.571]
    max: : [0.41500000000000004]
    n: 841
    n_valid: : [841]
    dt_original: : [2000000000, 4000000000, 6000000000]
2026-10-07T00:00:52.387674Z INFO  main Plotting 'Bradley' data for event '2014-09-11'
2026-10-07T00:00:52.397548Z INFO  main   Plotting 'Bradley/GIC/measured/TVA' original vs. modified data for event '2014-09-11'
2026-10-07T00:00:57.791446Z INFO  main     Writing C:\Users\lwilker\Documents\GitHub\SWERVE-data\data_processed/2014-09-11/sites/bradley/figures\original\GIC_measured_TVA.png
2026-10-07T00:00:59.515642Z INFO  main     Writing C:\Users\lwilker\Documents\GitHub\SWERVE-data\data_processed/2014-09-11/sites/bradley/figures\original\GIC_measured_TVA.pdf
2026-10-07T00:00:59.870393Z INFO  main Reading 'Bradley' data for event '2023-03-23'
2026-10-07T00:00:59.892953Z INFO  main   Reading 'GIC/measured/TVA' data for event '2023-03-23'
2026-10-07T00:00:59.894713Z INFO  main     Reading C:\Users\lwilker\Documents\GitHub\SWERVE-data\data_original\tva\2023-03-23\gic\GIC-measured\gic-bradley_20230323.csv
2026-10-07T00:01:07.166741Z INFO  main     Running automated error checks on GIC measured data
2026-10-07T00:01:27.681324Z INFO  main     Uniq dts [ns] = [1000000000]
2026-10-07T00:01:27.685846Z INFO  main     Uniq dts [#]  = 1
2026-10-07T00:01:28.079623Z INFO  main     
Resample to 1m aves and NaN pad or trim to start/stop.
2026-10-07T00:01:28.624571Z INFO  main     Writing C:\Users\lwilker\Documents\GitHub\SWERVE-data\data_processed\2023-03-23\sites\bradley\data\GIC_measured_TVA.pkl
2026-10-07T00:01:29.048932Z INFO  main   Writing C:\Users\lwilker\Documents\GitHub\SWERVE-data\data_processed\2023-03-23\sites\bradley\data\_all.pkl
2026-10-07T00:01:29.522619Z INFO  main Computing stats for 'Bradley' data
2026-10-07T00:01:29.887888Z INFO  main   Uniq dts [ns] = [1000000000]
2026-10-07T00:01:29.887888Z INFO  main   Uniq dts [#]  = 1
2026-10-07T00:01:29.887888Z INFO  main   Stats for GIC/measured/TVA:
2026-10-07T00:01:29.887888Z INFO  main 
    std: : [0.43686308423335396]
    ave: : [0.01856011103993168]
    min: : [-2.322666666666666]
    max: : [2.036166666666667]
    n: 1561
    n_valid: : [1561]
    dt_original: : [1000000000]
2026-10-07T00:01:29.887888Z INFO  main Plotting 'Bradley' data for event '2023-03-23'
2026-10-07T00:01:29.898265Z INFO  main   Plotting 'Bradley/GIC/measured/TVA' original vs. modified data for event '2023-03-23'
2026-10-07T00:01:35.654383Z INFO  main     Writing C:\Users\lwilker\Documents\GitHub\SWERVE-data\data_processed/2023-03-23/sites/bradley/figures\original\GIC_measured_TVA.png
2026-10-07T00:01:36.920059Z INFO  main     Writing C:\Users\lwilker\Documents\GitHub\SWERVE-data\data_processed/2023-03-23/sites/bradley/figures\original\GIC_measured_TVA.pdf
2026-10-07T00:01:37.254858Z INFO  main Reading 'Bradley' data for event '2016-02-17'
2026-10-07T00:01:37.276572Z INFO  main   Reading 'GIC/measured/TVA' data for event '2016-02-17'
2026-10-07T00:01:37.281274Z INFO  main     Reading C:\Users\lwilker\Documents\GitHub\SWERVE-data\data_original\tva\2016-02-17\gic\GIC-measured\gic-bradley_20160217.csv
2026-10-07T00:01:39.148239Z INFO  main     Running automated error checks on GIC measured data
2026-10-07T00:01:44.253907Z INFO  main     Uniq dts [ns] = [2000000000]
2026-10-07T00:01:44.253907Z INFO  main     Uniq dts [#]  = 1
2026-10-07T00:01:44.302823Z INFO  main     
Resample to 1m aves and NaN pad or trim to start/stop.
2026-10-07T00:01:44.506404Z INFO  main     Writing C:\Users\lwilker\Documents\GitHub\SWERVE-data\data_processed\2016-02-17\sites\bradley\data\GIC_measured_TVA.pkl
2026-10-07T00:01:44.637107Z INFO  main   Writing C:\Users\lwilker\Documents\GitHub\SWERVE-data\data_processed\2016-02-17\sites\bradley\data\_all.pkl
2026-10-07T00:01:44.726909Z INFO  main Computing stats for 'Bradley' data
2026-10-07T00:01:44.822105Z INFO  main   Uniq dts [ns] = [2000000000]
2026-10-07T00:01:44.822105Z INFO  main   Uniq dts [#]  = 1
2026-10-07T00:01:44.822105Z INFO  main   Stats for GIC/measured/TVA:
2026-10-07T00:01:44.822105Z INFO  main 
    std: : [0.09316496637062463]
    ave: : [-0.5284660968660968]
    min: : [-0.842]
    max: : [-0.13733333333333334]
    n: 2581
    n_valid: : [1170]
    dt_original: : [2000000000]
2026-10-07T00:01:44.822105Z INFO  main Plotting 'Bradley' data for event '2016-02-17'
2026-10-07T00:01:44.840423Z INFO  main   Plotting 'Bradley/GIC/measured/TVA' original vs. modified data for event '2016-02-17'
2026-10-07T00:01:50.030537Z INFO  main     Writing C:\Users\lwilker\Documents\GitHub\SWERVE-data\data_processed/2016-02-17/sites/bradley/figures\original\GIC_measured_TVA.png
2026-10-07T00:01:51.548565Z INFO  main     Writing C:\Users\lwilker\Documents\GitHub\SWERVE-data\data_processed/2016-02-17/sites/bradley/figures\original\GIC_measured_TVA.pdf
2026-10-07T00:01:51.919348Z INFO  main Reading 'Bradley' data for event '2024-05-10'
2026-10-07T00:01:51.934525Z INFO  main   Reading 'GIC/measured/TVA' data for event '2024-05-10'
2026-10-07T00:01:51.947550Z INFO  main     Reading C:\Users\lwilker\Documents\GitHub\SWERVE-data\data_original\tva\2024-05-10\gic\GIC-measured\gic-bradley_20240510.csv
2026-10-07T00:02:02.868381Z INFO  main     Running automated error checks on GIC measured data
2026-10-07T00:02:34.051136Z INFO  main     Uniq dts [ns] = [1000000000]
2026-10-07T00:02:34.051136Z INFO  main     Uniq dts [#]  = 1
2026-10-07T00:02:34.483541Z INFO  main     
Resample to 1m aves and NaN pad or trim to start/stop.
2026-10-07T00:02:35.347733Z INFO  main     Writing C:\Users\lwilker\Documents\GitHub\SWERVE-data\data_processed\2024-05-10\sites\bradley\data\GIC_measured_TVA.pkl
2026-10-07T00:02:35.897349Z INFO  main   Writing C:\Users\lwilker\Documents\GitHub\SWERVE-data\data_processed\2024-05-10\sites\bradley\data\_all.pkl
2026-10-07T00:02:36.627332Z INFO  main Computing stats for 'Bradley' data
2026-10-07T00:02:37.361461Z INFO  main   Uniq dts [ns] = [1000000000]
2026-10-07T00:02:37.361461Z INFO  main   Uniq dts [#]  = 1
2026-10-07T00:02:37.361461Z INFO  main   Stats for GIC/measured/TVA:
2026-10-07T00:02:37.361461Z INFO  main 
    std: : [0.41146138313725955]
    ave: : [0.005256229531539217]
    min: : [-2.3675]
    max: : [1.7946666666666666]
    n: 2341
    n_valid: : [2341]
    dt_original: : [1000000000]
2026-10-07T00:02:37.361461Z INFO  main Plotting 'Bradley' data for event '2024-05-10'
2026-10-07T00:02:37.370245Z INFO  main   Plotting 'Bradley/GIC/measured/TVA' original vs. modified data for event '2024-05-10'
2026-10-07T00:02:44.014803Z INFO  main     Writing C:\Users\lwilker\Documents\GitHub\SWERVE-data\data_processed/2024-05-10/sites/bradley/figures\original\GIC_measured_TVA.png
2026-10-07T00:02:45.530527Z INFO  main     Writing C:\Users\lwilker\Documents\GitHub\SWERVE-data\data_processed/2024-05-10/sites/bradley/figures\original\GIC_measured_TVA.pdf
2026-10-07T00:02:45.955395Z INFO  main Reading 'Bradley' data for event '2015-10-07'
2026-10-07T00:02:45.976862Z INFO  main   Reading 'GIC/measured/TVA' data for event '2015-10-07'
2026-10-07T00:02:45.976862Z INFO  main     Reading C:\Users\lwilker\Documents\GitHub\SWERVE-data\data_original\tva\2015-10-07\gic\GIC-measured\gic-bradley_20151007.csv
2026-10-07T00:02:49.320009Z INFO  main     Running automated error checks on GIC measured data
2026-10-07T00:02:58.510082Z INFO  main     Uniq dts [ns] = [ 2000000000  4000000000  8000000000 44000000000 46000000000]
2026-10-07T00:02:58.510082Z INFO  main     Uniq dts [#]  = 5
2026-10-07T00:02:58.623491Z INFO  main     
Resample to 1m aves and NaN pad or trim to start/stop.
2026-10-07T00:02:58.871405Z INFO  main     Writing C:\Users\lwilker\Documents\GitHub\SWERVE-data\data_processed\2015-10-07\sites\bradley\data\GIC_measured_TVA.pkl
2026-10-07T00:02:59.175771Z INFO  main   Writing C:\Users\lwilker\Documents\GitHub\SWERVE-data\data_processed\2015-10-07\sites\bradley\data\_all.pkl
2026-10-07T00:02:59.353295Z INFO  main Computing stats for 'Bradley' data
2026-10-07T00:02:59.548127Z INFO  main   Uniq dts [ns] = [ 2000000000  4000000000  8000000000 44000000000 46000000000]
2026-10-07T00:02:59.548127Z INFO  main   Uniq dts [#]  = 5
2026-10-07T00:02:59.548127Z INFO  main   Stats for GIC/measured/TVA:
2026-10-07T00:02:59.548127Z INFO  main 
    std: : [0.39037435295904754]
    ave: : [-0.23329663700838413]
    min: : [-2.0143333333333335]
    max: : [1.2826666666666668]
    n: 1741
    n_valid: : [1741]
    dt_original: : [2000000000 nanoseconds, 4000000000 nanoseconds, ..., 44000000000 nanoseconds, 46000000000 nanoseconds] (5 elements)
2026-10-07T00:02:59.548127Z INFO  main Plotting 'Bradley' data for event '2015-10-07'
2026-10-07T00:02:59.566216Z INFO  main   Plotting 'Bradley/GIC/measured/TVA' original vs. modified data for event '2015-10-07'
2026-10-07T00:03:05.008755Z INFO  main     Writing C:\Users\lwilker\Documents\GitHub\SWERVE-data\data_processed/2015-10-07/sites/bradley/figures\original\GIC_measured_TVA.png
2026-10-07T00:03:06.541003Z INFO  main     Writing C:\Users\lwilker\Documents\GitHub\SWERVE-data\data_processed/2015-10-07/sites/bradley/figures\original\GIC_measured_TVA.pdf
2026-10-07T00:03:06.910190Z INFO  main Reading 'Montgomery' data for event '2015-03-17'
2026-10-07T00:03:06.927390Z INFO  main   Reading 'GIC/measured/TVA' data for event '2015-03-17'
2026-10-07T00:03:06.936000Z INFO  main     Reading C:\Users\lwilker\Documents\GitHub\SWERVE-data\data_original\tva\2015-03-17\gic\GIC-measured\gic-montgomery_20150317.csv
2026-10-07T00:03:10.156095Z INFO  main     Running automated error checks on GIC measured data
2026-10-07T00:03:19.969254Z INFO  main     Uniq dts [ns] = [2000000000]
2026-10-07T00:03:19.969254Z INFO  main     Uniq dts [#]  = 1
2026-10-07T00:03:20.062585Z INFO  main     
Resample to 1m aves and NaN pad or trim to start/stop.
2026-10-07T00:03:20.307881Z INFO  main     Writing C:\Users\lwilker\Documents\GitHub\SWERVE-data\data_processed\2015-03-17\sites\montgomery\data\GIC_measured_TVA.pkl
2026-10-07T00:03:20.617547Z INFO  main   Writing C:\Users\lwilker\Documents\GitHub\SWERVE-data\data_processed\2015-03-17\sites\montgomery\data\_all.pkl
2026-10-07T00:03:20.788679Z INFO  main Computing stats for 'Montgomery' data
2026-10-07T00:03:20.981810Z INFO  main   Uniq dts [ns] = [2000000000]
2026-10-07T00:03:20.981810Z INFO  main   Uniq dts [#]  = 1
2026-10-07T00:03:20.981810Z INFO  main   Stats for GIC/measured/TVA:
2026-10-07T00:03:20.981810Z INFO  main 
    std: : [1.5680947385950823]
    ave: : [0.18231199028283884]
    min: : [-12.261]
    max: : [10.490333333333332]
    n: 1921
    n_valid: : [1921]
    dt_original: : [2000000000]
2026-10-07T00:03:20.987210Z INFO  main Plotting 'Montgomery' data for event '2015-03-17'
2026-10-07T00:03:20.994896Z INFO  main   Plotting 'Montgomery/GIC/measured/TVA' original vs. modified data for event '2015-03-17'
2026-10-07T00:03:25.615804Z INFO  main     Writing C:\Users\lwilker\Documents\GitHub\SWERVE-data\data_processed/2015-03-17/sites/montgomery/figures\original\GIC_measured_TVA.png
2026-10-07T00:03:26.777930Z INFO  main     Writing C:\Users\lwilker\Documents\GitHub\SWERVE-data\data_processed/2015-03-17/sites/montgomery/figures\original\GIC_measured_TVA.pdf
2026-10-07T00:03:27.158981Z INFO  main Reading 'Montgomery' data for event '2015-06-22'
2026-10-07T00:03:27.175739Z INFO  main   Reading 'GIC/measured/TVA' data for event '2015-06-22'
2026-10-07T00:03:27.180771Z INFO  main     Reading C:\Users\lwilker\Documents\GitHub\SWERVE-data\data_original\tva\2015-06-22\gic\GIC-measured\gic-montgomery_20150622.csv
2026-10-07T00:03:30.953478Z INFO  main     Running automated error checks on GIC measured data
2026-10-07T00:03:41.621960Z INFO  main     Uniq dts [ns] = [ 2000000000  4000000000 28000000000 50000000000 58000000000]
2026-10-07T00:03:41.621960Z INFO  main     Uniq dts [#]  = 5
2026-10-07T00:03:41.722044Z INFO  main     
Resample to 1m aves and NaN pad or trim to start/stop.
2026-10-07T00:03:41.988345Z INFO  main     Writing C:\Users\lwilker\Documents\GitHub\SWERVE-data\data_processed\2015-06-22\sites\montgomery\data\GIC_measured_TVA.pkl
2026-10-07T00:03:42.304654Z INFO  main   Writing C:\Users\lwilker\Documents\GitHub\SWERVE-data\data_processed\2015-06-22\sites\montgomery\data\_all.pkl
2026-10-07T00:03:42.496831Z INFO  main Computing stats for 'Montgomery' data
2026-10-07T00:03:42.704354Z INFO  main   Uniq dts [ns] = [ 2000000000  4000000000 28000000000 50000000000 58000000000]
2026-10-07T00:03:42.704354Z INFO  main   Uniq dts [#]  = 5
2026-10-07T00:03:42.704354Z INFO  main   Stats for GIC/measured/TVA:
2026-10-07T00:03:42.715887Z INFO  main 
    std: : [1.0816049160404428]
    ave: : [0.42423050141221347]
    min: : [-5.212000000000001]
    max: : [7.986999999999999]
    n: 1981
    n_valid: : [1981]
    dt_original: : [2000000000 nanoseconds, 4000000000 nanoseconds, ..., 50000000000 nanoseconds, 58000000000 nanoseconds] (5 elements)
2026-10-07T00:03:42.716905Z INFO  main Plotting 'Montgomery' data for event '2015-06-22'
2026-10-07T00:03:42.722960Z INFO  main   Plotting 'Montgomery/GIC/measured/TVA' original vs. modified data for event '2015-06-22'
2026-10-07T00:03:47.909581Z INFO  main     Writing C:\Users\lwilker\Documents\GitHub\SWERVE-data\data_processed/2015-06-22/sites/montgomery/figures\original\GIC_measured_TVA.png
2026-10-07T00:03:49.231379Z INFO  main     Writing C:\Users\lwilker\Documents\GitHub\SWERVE-data\data_processed/2015-06-22/sites/montgomery/figures\original\GIC_measured_TVA.pdf
2026-10-07T00:03:49.632143Z INFO  main Reading 'Montgomery' data for event '2014-09-11'
2026-10-07T00:03:49.651787Z INFO  main   Reading 'GIC/measured/TVA' data for event '2014-09-11'
2026-10-07T00:03:49.651787Z INFO  main     Reading C:\Users\lwilker\Documents\GitHub\SWERVE-data\data_original\tva\2014-09-11\gic\GIC-measured\gic-montgomery_20140911.csv
2026-10-07T00:03:55.041240Z INFO  main     Running automated error checks on GIC measured data
2026-10-07T00:04:11.755376Z INFO  main     Uniq dts [ns] = [2000000000]
2026-10-07T00:04:11.757029Z INFO  main     Uniq dts [#]  = 1
2026-10-07T00:04:11.998103Z INFO  main     
Resample to 1m aves and NaN pad or trim to start/stop.
2026-10-07T00:04:12.429254Z INFO  main     Writing C:\Users\lwilker\Documents\GitHub\SWERVE-data\data_processed\2014-09-11\sites\montgomery\data\GIC_measured_TVA.pkl
2026-10-07T00:04:12.739290Z INFO  main   Writing C:\Users\lwilker\Documents\GitHub\SWERVE-data\data_processed\2014-09-11\sites\montgomery\data\_all.pkl
2026-10-07T00:04:13.012051Z INFO  main Computing stats for 'Montgomery' data
2026-10-07T00:04:13.383133Z INFO  main   Uniq dts [ns] = [ 2000000000 36000000000]
2026-10-07T00:04:13.383133Z INFO  main   Uniq dts [#]  = 2
2026-10-07T00:04:13.383133Z INFO  main   Stats for GIC/measured/TVA:
2026-10-07T00:04:13.383133Z INFO  main 
    std: : [0.4338317199512968]
    ave: : [0.23761474435196195]
    min: : [-1.3126666666666666]
    max: : [1.7806666666666666]
    n: 841
    n_valid: : [841]
    dt_original: : [2000000000, 36000000000]
2026-10-07T00:04:13.383133Z INFO  main Plotting 'Montgomery' data for event '2014-09-11'
2026-10-07T00:04:13.393250Z INFO  main   Plotting 'Montgomery/GIC/measured/TVA' original vs. modified data for event '2014-09-11'
2026-10-07T00:04:18.952701Z INFO  main     Writing C:\Users\lwilker\Documents\GitHub\SWERVE-data\data_processed/2014-09-11/sites/montgomery/figures\original\GIC_measured_TVA.png
2026-10-07T00:04:20.557242Z INFO  main     Writing C:\Users\lwilker\Documents\GitHub\SWERVE-data\data_processed/2014-09-11/sites/montgomery/figures\original\GIC_measured_TVA.pdf
2026-10-07T00:04:20.935365Z INFO  main Reading 'Montgomery' data for event '2023-03-23'
2026-10-07T00:04:20.956630Z INFO  main   Reading 'GIC/measured/TVA' data for event '2023-03-23'
2026-10-07T00:04:20.964762Z INFO  main     Reading C:\Users\lwilker\Documents\GitHub\SWERVE-data\data_original\tva\2023-03-23\gic\GIC-measured\gic-montgomery_20230323.csv
2026-10-07T00:04:28.584514Z INFO  main     Running automated error checks on GIC measured data
2026-10-07T00:04:51.741953Z INFO  main     Uniq dts [ns] = [1000000000 7000000000]
2026-10-07T00:04:51.741953Z INFO  main     Uniq dts [#]  = 2
2026-10-07T00:04:52.039153Z INFO  main     
Resample to 1m aves and NaN pad or trim to start/stop.
2026-10-07T00:04:52.607683Z INFO  main     Writing C:\Users\lwilker\Documents\GitHub\SWERVE-data\data_processed\2023-03-23\sites\montgomery\data\GIC_measured_TVA.pkl
2026-10-07T00:04:52.979676Z INFO  main   Writing C:\Users\lwilker\Documents\GitHub\SWERVE-data\data_processed\2023-03-23\sites\montgomery\data\_all.pkl
2026-10-07T00:04:53.344174Z INFO  main Computing stats for 'Montgomery' data
2026-10-07T00:04:53.763370Z INFO  main   Uniq dts [ns] = [1000000000 2000000000 7000000000]
2026-10-07T00:04:53.763370Z INFO  main   Uniq dts [#]  = 3
2026-10-07T00:04:53.763370Z INFO  main   Stats for GIC/measured/TVA:
2026-10-07T00:04:53.763370Z INFO  main 
    std: : [2.076248301454812]
    ave: : [0.034416162478942754]
    min: : [-13.062166666666666]
    max: : [16.480666666666668]
    n: 1561
    n_valid: : [1561]
    dt_original: : [1000000000, 2000000000, 7000000000]
2026-10-07T00:04:53.769636Z INFO  main Plotting 'Montgomery' data for event '2023-03-23'
2026-10-07T00:04:53.774426Z INFO  main   Plotting 'Montgomery/GIC/measured/TVA' original vs. modified data for event '2023-03-23'
2026-10-07T00:04:59.125579Z INFO  main     Writing C:\Users\lwilker\Documents\GitHub\SWERVE-data\data_processed/2023-03-23/sites/montgomery/figures\original\GIC_measured_TVA.png
2026-10-07T00:05:00.357554Z INFO  main     Writing C:\Users\lwilker\Documents\GitHub\SWERVE-data\data_processed/2023-03-23/sites/montgomery/figures\original\GIC_measured_TVA.pdf
2026-10-07T00:05:00.785178Z INFO  main Reading 'Montgomery' data for event '2016-02-17'
2026-10-07T00:05:00.803121Z INFO  main   Reading 'GIC/measured/TVA' data for event '2016-02-17'
2026-10-07T00:05:00.813671Z INFO  main     Reading C:\Users\lwilker\Documents\GitHub\SWERVE-data\data_original\tva\2016-02-17\gic\GIC-measured\gic-montgomery_20160217.csv
2026-10-07T00:05:02.686597Z INFO  main     Running automated error checks on GIC measured data
2026-10-07T00:05:08.120564Z INFO  main     Uniq dts [ns] = [2000000000]
2026-10-07T00:05:08.120564Z INFO  main     Uniq dts [#]  = 1
2026-10-07T00:05:08.187196Z INFO  main     
Resample to 1m aves and NaN pad or trim to start/stop.
2026-10-07T00:05:08.373064Z INFO  main     Writing C:\Users\lwilker\Documents\GitHub\SWERVE-data\data_processed\2016-02-17\sites\montgomery\data\GIC_measured_TVA.pkl
2026-10-07T00:05:08.603137Z INFO  main   Writing C:\Users\lwilker\Documents\GitHub\SWERVE-data\data_processed\2016-02-17\sites\montgomery\data\_all.pkl
2026-10-07T00:05:08.696672Z INFO  main Computing stats for 'Montgomery' data
2026-10-07T00:05:08.814470Z INFO  main   Uniq dts [ns] = [2000000000]
2026-10-07T00:05:08.815815Z INFO  main   Uniq dts [#]  = 1
2026-10-07T00:05:08.815815Z INFO  main   Stats for GIC/measured/TVA:
2026-10-07T00:05:08.816846Z INFO  main 
    std: : [0.3872351868965157]
    ave: : [-0.3326897435897436]
    min: : [-1.669]
    max: : [1.3816666666666668]
    n: 2581
    n_valid: : [1170]
    dt_original: : [2000000000]
2026-10-07T00:05:08.819760Z INFO  main Plotting 'Montgomery' data for event '2016-02-17'
2026-10-07T00:05:08.823324Z INFO  main   Plotting 'Montgomery/GIC/measured/TVA' original vs. modified data for event '2016-02-17'
2026-10-07T00:05:13.247799Z INFO  main     Writing C:\Users\lwilker\Documents\GitHub\SWERVE-data\data_processed/2016-02-17/sites/montgomery/figures\original\GIC_measured_TVA.png
2026-10-07T00:05:14.818155Z INFO  main     Writing C:\Users\lwilker\Documents\GitHub\SWERVE-data\data_processed/2016-02-17/sites/montgomery/figures\original\GIC_measured_TVA.pdf
2026-10-07T00:05:15.229398Z INFO  main Reading 'Montgomery' data for event '2024-05-10'
2026-10-07T00:05:15.253295Z INFO  main   Reading 'GIC/measured/TVA' data for event '2024-05-10'
2026-10-07T00:05:15.257534Z INFO  main     Reading C:\Users\lwilker\Documents\GitHub\SWERVE-data\data_original\tva\2024-05-10\gic\GIC-measured\gic-montgomery_20240510.csv
2026-10-07T00:05:26.709497Z INFO  main     Running automated error checks on GIC measured data
2026-10-07T00:06:01.088018Z INFO  main     Uniq dts [ns] = [1000000000]
2026-10-07T00:06:01.089839Z INFO  main     Uniq dts [#]  = 1
2026-10-07T00:06:01.525673Z INFO  main     
Resample to 1m aves and NaN pad or trim to start/stop.
2026-10-07T00:06:02.340078Z INFO  main     Writing C:\Users\lwilker\Documents\GitHub\SWERVE-data\data_processed\2024-05-10\sites\montgomery\data\GIC_measured_TVA.pkl
2026-10-07T00:06:03.046759Z INFO  main   Writing C:\Users\lwilker\Documents\GitHub\SWERVE-data\data_processed\2024-05-10\sites\montgomery\data\_all.pkl
2026-10-07T00:06:03.826612Z INFO  main Computing stats for 'Montgomery' data
2026-10-07T00:06:04.453912Z INFO  main   Uniq dts [ns] = [1000000000 2000000000]
2026-10-07T00:06:04.454872Z INFO  main   Uniq dts [#]  = 2
2026-10-07T00:06:04.454872Z INFO  main   Stats for GIC/measured/TVA:
2026-10-07T00:06:04.454872Z INFO  main 
    std: : [3.704430906359362]
    ave: : [0.005764701694432592]
    min: : [-34.30216666666667]
    max: : [22.281]
    n: 2341
    n_valid: : [2341]
    dt_original: : [1000000000, 2000000000]
2026-10-07T00:06:04.454872Z INFO  main Plotting 'Montgomery' data for event '2024-05-10'
2026-10-07T00:06:04.463987Z INFO  main   Plotting 'Montgomery/GIC/measured/TVA' original vs. modified data for event '2024-05-10'
2026-10-07T00:06:10.393642Z INFO  main     Writing C:\Users\lwilker\Documents\GitHub\SWERVE-data\data_processed/2024-05-10/sites/montgomery/figures\original\GIC_measured_TVA.png
2026-10-07T00:06:11.677616Z INFO  main     Writing C:\Users\lwilker\Documents\GitHub\SWERVE-data\data_processed/2024-05-10/sites/montgomery/figures\original\GIC_measured_TVA.pdf
2026-10-07T00:06:12.308103Z INFO  main Reading 'Montgomery' data for event '2015-10-07'
2026-10-07T00:06:12.356290Z INFO  main   Reading 'GIC/measured/TVA' data for event '2015-10-07'
2026-10-07T00:06:12.357033Z INFO  main     Reading C:\Users\lwilker\Documents\GitHub\SWERVE-data\data_original\tva\2015-10-07\gic\GIC-measured\gic-montgomery_20151007.csv
2026-10-07T00:06:16.045478Z INFO  main     Running automated error checks on GIC measured data
2026-10-07T00:06:25.903811Z INFO  main     Uniq dts [ns] = [ 2000000000 22000000000 46000000000 50000000000]
2026-10-07T00:06:25.903811Z INFO  main     Uniq dts [#]  = 4
2026-10-07T00:06:26.020953Z INFO  main     
Resample to 1m aves and NaN pad or trim to start/stop.
2026-10-07T00:06:26.337351Z INFO  main     Writing C:\Users\lwilker\Documents\GitHub\SWERVE-data\data_processed\2015-10-07\sites\montgomery\data\GIC_measured_TVA.pkl
2026-10-07T00:06:26.664028Z INFO  main   Writing C:\Users\lwilker\Documents\GitHub\SWERVE-data\data_processed\2015-10-07\sites\montgomery\data\_all.pkl
2026-10-07T00:06:26.845028Z INFO  main Computing stats for 'Montgomery' data
2026-10-07T00:06:27.088011Z INFO  main   Uniq dts [ns] = [ 2000000000 22000000000 46000000000 50000000000]
2026-10-07T00:06:27.088011Z INFO  main   Uniq dts [#]  = 4
2026-10-07T00:06:27.088011Z INFO  main   Stats for GIC/measured/TVA:
2026-10-07T00:06:27.088011Z INFO  main 
    std: : [0.7934935883299287]
    ave: : [0.27801644391243]
    min: : [-4.813000000000001]
    max: : [4.082666666666666]
    n: 1741
    n_valid: : [1741]
    dt_original: : [2000000000, 22000000000, 46000000000, 50000000000]
2026-10-07T00:06:27.092592Z INFO  main Plotting 'Montgomery' data for event '2015-10-07'
2026-10-07T00:06:27.092592Z INFO  main   Plotting 'Montgomery/GIC/measured/TVA' original vs. modified data for event '2015-10-07'
2026-10-07T00:06:33.482799Z INFO  main     Writing C:\Users\lwilker\Documents\GitHub\SWERVE-data\data_processed/2015-10-07/sites/montgomery/figures\original\GIC_measured_TVA.png
2026-10-07T00:06:35.211664Z INFO  main     Writing C:\Users\lwilker\Documents\GitHub\SWERVE-data\data_processed/2015-10-07/sites/montgomery/figures\original\GIC_measured_TVA.pdf
2026-10-07T00:06:35.580416Z INFO  main Reading 'Southaven' data for event '2015-03-17'
2026-10-07T00:06:35.600690Z INFO  main   Reading 'GIC/measured/TVA' data for event '2015-03-17'
2026-10-07T00:06:35.612288Z INFO  main     Reading C:\Users\lwilker\Documents\GitHub\SWERVE-data\data_original\tva\2015-03-17\gic\GIC-measured\gic-southaven_20150317.csv
2026-10-07T00:06:39.300907Z INFO  main     Running automated error checks on GIC measured data
2026-10-07T00:06:49.620975Z INFO  main     Uniq dts [ns] = [2000000000]
2026-10-07T00:06:49.620975Z INFO  main     Uniq dts [#]  = 1
2026-10-07T00:06:49.727915Z INFO  main     
Resample to 1m aves and NaN pad or trim to start/stop.
2026-10-07T00:06:50.023031Z INFO  main     Writing C:\Users\lwilker\Documents\GitHub\SWERVE-data\data_processed\2015-03-17\sites\southaven\data\GIC_measured_TVA.pkl
2026-10-07T00:06:50.353320Z INFO  main   Writing C:\Users\lwilker\Documents\GitHub\SWERVE-data\data_processed\2015-03-17\sites\southaven\data\_all.pkl
2026-10-07T00:06:50.565643Z INFO  main Computing stats for 'Southaven' data
2026-10-07T00:06:50.773942Z INFO  main   Uniq dts [ns] = [2000000000]
2026-10-07T00:06:50.773942Z INFO  main   Uniq dts [#]  = 1
2026-10-07T00:06:50.773942Z INFO  main   Stats for GIC/measured/TVA:
2026-10-07T00:06:50.773942Z INFO  main 
    std: : [0.3534387506717502]
    ave: : [0.9423656058157844]
    min: : [-0.6]
    max: : [4.771]
    n: 1921
    n_valid: : [1921]
    dt_original: : [2000000000]
2026-10-07T00:06:50.773942Z INFO  main Plotting 'Southaven' data for event '2015-03-17'
2026-10-07T00:06:50.788800Z INFO  main   Plotting 'Southaven/GIC/measured/TVA' original vs. modified data for event '2015-03-17'
2026-10-07T00:06:55.637179Z INFO  main     Writing C:\Users\lwilker\Documents\GitHub\SWERVE-data\data_processed/2015-03-17/sites/southaven/figures\original\GIC_measured_TVA.png
2026-10-07T00:06:57.219407Z INFO  main     Writing C:\Users\lwilker\Documents\GitHub\SWERVE-data\data_processed/2015-03-17/sites/southaven/figures\original\GIC_measured_TVA.pdf
2026-10-07T00:06:57.564027Z INFO  main Reading 'Southaven' data for event '2015-06-22'
2026-10-07T00:06:57.584159Z INFO  main   Reading 'GIC/measured/TVA' data for event '2015-06-22'
2026-10-07T00:06:57.592809Z INFO  main     Reading C:\Users\lwilker\Documents\GitHub\SWERVE-data\data_original\tva\2015-06-22\gic\GIC-measured\gic-southaven_20150622.csv
2026-10-07T00:07:00.991148Z INFO  main     Running automated error checks on GIC measured data
2026-10-07T00:07:10.162948Z INFO  main     Uniq dts [ns] = [ 2000000000 60000000000]
2026-10-07T00:07:10.162948Z INFO  main     Uniq dts [#]  = 2
2026-10-07T00:07:10.407263Z INFO  main     Baseline offset of 1.99 A corrected. 
Resample to 1m aves and NaN pad or trim to start/stop.
2026-10-07T00:07:10.682696Z INFO  main     Writing C:\Users\lwilker\Documents\GitHub\SWERVE-data\data_processed\2015-06-22\sites\southaven\data\GIC_measured_TVA.pkl
2026-10-07T00:07:10.851192Z INFO  main   Writing C:\Users\lwilker\Documents\GitHub\SWERVE-data\data_processed\2015-06-22\sites\southaven\data\_all.pkl
2026-10-07T00:07:11.003012Z INFO  main Computing stats for 'Southaven' data
2026-10-07T00:07:11.199271Z INFO  main   Uniq dts [ns] = [ 2000000000 60000000000]
2026-10-07T00:07:11.199271Z INFO  main   Uniq dts [#]  = 2
2026-10-07T00:07:11.199271Z INFO  main   Stats for GIC/measured/TVA:
2026-10-07T00:07:11.199271Z INFO  main 
    std: : [0.3133705208538958]
    ave: : [-0.05438224574342957]
    min: : [-2.5443333333333333]
    max: : [1.9006666666666665]
    n: 1981
    n_valid: : [1981]
    dt_original: : [2000000000, 60000000000]
2026-10-07T00:07:11.199271Z INFO  main Plotting 'Southaven' data for event '2015-06-22'
2026-10-07T00:07:11.206914Z INFO  main   Plotting 'Southaven/GIC/measured/TVA' original vs. modified data for event '2015-06-22'
2026-10-07T00:07:16.845953Z INFO  main     Writing C:\Users\lwilker\Documents\GitHub\SWERVE-data\data_processed/2015-06-22/sites/southaven/figures\original\GIC_measured_TVA.png
2026-10-07T00:07:18.645964Z INFO  main     Writing C:\Users\lwilker\Documents\GitHub\SWERVE-data\data_processed/2015-06-22/sites/southaven/figures\original\GIC_measured_TVA.pdf
2026-10-07T00:07:19.017466Z INFO  main Reading 'Southaven' data for event '2014-09-11'
2026-10-07T00:07:19.033592Z INFO  main   Reading 'GIC/measured/TVA' data for event '2014-09-11'
2026-10-07T00:07:19.046163Z INFO  main     Reading C:\Users\lwilker\Documents\GitHub\SWERVE-data\data_original\tva\2014-09-11\gic\GIC-measured\gic-southaven_20140911.csv
2026-10-07T00:07:23.640047Z INFO  main     Running automated error checks on GIC measured data
2026-10-07T00:07:36.341341Z INFO  main     Uniq dts [ns] = [2000000000]
2026-10-07T00:07:36.341341Z INFO  main     Uniq dts [#]  = 1
2026-10-07T00:07:36.494886Z INFO  main     Baseline offset of 1.28 A corrected. 
Resample to 1m aves and NaN pad or trim to start/stop.
2026-10-07T00:07:36.884897Z INFO  main     Writing C:\Users\lwilker\Documents\GitHub\SWERVE-data\data_processed\2014-09-11\sites\southaven\data\GIC_measured_TVA.pkl
2026-10-07T00:07:37.249860Z INFO  main   Writing C:\Users\lwilker\Documents\GitHub\SWERVE-data\data_processed\2014-09-11\sites\southaven\data\_all.pkl
2026-10-07T00:07:37.503676Z INFO  main Computing stats for 'Southaven' data
2026-10-07T00:07:37.776890Z INFO  main   Uniq dts [ns] = [ 2000000000  4000000000 24000000000]
2026-10-07T00:07:37.776890Z INFO  main   Uniq dts [#]  = 3
2026-10-07T00:07:37.776890Z INFO  main   Stats for GIC/measured/TVA:
2026-10-07T00:07:37.776890Z INFO  main 
    std: : [0.17626447558948286]
    ave: : [-0.022992469282600122]
    min: : [-0.4816666666666667]
    max: : [0.5626666666666666]
    n: 841
    n_valid: : [841]
    dt_original: : [2000000000, 4000000000, 24000000000]
2026-10-07T00:07:37.776890Z INFO  main Plotting 'Southaven' data for event '2014-09-11'
2026-10-07T00:07:37.788974Z INFO  main   Plotting 'Southaven/GIC/measured/TVA' original vs. modified data for event '2014-09-11'
2026-10-07T00:07:42.877701Z INFO  main     Writing C:\Users\lwilker\Documents\GitHub\SWERVE-data\data_processed/2014-09-11/sites/southaven/figures\original\GIC_measured_TVA.png
2026-10-07T00:07:44.368287Z INFO  main     Writing C:\Users\lwilker\Documents\GitHub\SWERVE-data\data_processed/2014-09-11/sites/southaven/figures\original\GIC_measured_TVA.pdf
2026-10-07T00:07:44.697713Z INFO  main Reading 'Southaven' data for event '2023-03-23'
2026-10-07T00:07:44.714119Z INFO  main   Reading 'GIC/measured/TVA' data for event '2023-03-23'
2026-10-07T00:07:44.729679Z INFO  main     Reading C:\Users\lwilker\Documents\GitHub\SWERVE-data\data_original\tva\2023-03-23\gic\GIC-measured\gic-southaven_20230323.csv
2026-10-07T00:07:52.064533Z INFO  main     Running automated error checks on GIC measured data
2026-10-07T00:08:11.405684Z INFO  main     Uniq dts [ns] = [1000000000]
2026-10-07T00:08:11.405684Z INFO  main     Uniq dts [#]  = 1
2026-10-07T00:08:11.753058Z INFO  main     
Resample to 1m aves and NaN pad or trim to start/stop.
2026-10-07T00:08:12.249506Z INFO  main     Writing C:\Users\lwilker\Documents\GitHub\SWERVE-data\data_processed\2023-03-23\sites\southaven\data\GIC_measured_TVA.pkl
2026-10-07T00:08:12.620075Z INFO  main   Writing C:\Users\lwilker\Documents\GitHub\SWERVE-data\data_processed\2023-03-23\sites\southaven\data\_all.pkl
2026-10-07T00:08:12.955299Z INFO  main Computing stats for 'Southaven' data
2026-10-07T00:08:13.371753Z INFO  main   Uniq dts [ns] = [1000000000 2000000000]
2026-10-07T00:08:13.371753Z INFO  main   Uniq dts [#]  = 2
2026-10-07T00:08:13.371753Z INFO  main   Stats for GIC/measured/TVA:
2026-10-07T00:08:13.371753Z INFO  main 
    std: : [0.30432936456291476]
    ave: : [0.054862694853726246]
    min: : [-1.8458333333333334]
    max: : [2.661]
    n: 1561
    n_valid: : [1561]
    dt_original: : [1000000000, 2000000000]
2026-10-07T00:08:13.371753Z INFO  main Plotting 'Southaven' data for event '2023-03-23'
2026-10-07T00:08:13.382344Z INFO  main   Plotting 'Southaven/GIC/measured/TVA' original vs. modified data for event '2023-03-23'
2026-10-07T00:08:18.588297Z INFO  main     Writing C:\Users\lwilker\Documents\GitHub\SWERVE-data\data_processed/2023-03-23/sites/southaven/figures\original\GIC_measured_TVA.png
2026-10-07T00:08:20.061277Z INFO  main     Writing C:\Users\lwilker\Documents\GitHub\SWERVE-data\data_processed/2023-03-23/sites/southaven/figures\original\GIC_measured_TVA.pdf
2026-10-07T00:08:20.447251Z INFO  main Reading 'Southaven' data for event '2016-02-17'
2026-10-07T00:08:20.474761Z INFO  main   Reading 'GIC/measured/TVA' data for event '2016-02-17'
2026-10-07T00:08:20.488998Z INFO  main     Reading C:\Users\lwilker\Documents\GitHub\SWERVE-data\data_original\tva\2016-02-17\gic\GIC-measured\gic-southaven_20160217.csv
2026-10-07T00:08:22.224741Z INFO  main     Running automated error checks on GIC measured data
2026-10-07T00:08:26.967123Z INFO  main     Uniq dts [ns] = [ 2000000000  6000000000 10000000000 26000000000]
2026-10-07T00:08:26.983067Z INFO  main     Uniq dts [#]  = 4
2026-10-07T00:08:27.037339Z INFO  main     
Resample to 1m aves and NaN pad or trim to start/stop.
2026-10-07T00:08:27.253763Z INFO  main     Writing C:\Users\lwilker\Documents\GitHub\SWERVE-data\data_processed\2016-02-17\sites\southaven\data\GIC_measured_TVA.pkl
2026-10-07T00:08:27.391325Z INFO  main   Writing C:\Users\lwilker\Documents\GitHub\SWERVE-data\data_processed\2016-02-17\sites\southaven\data\_all.pkl
2026-10-07T00:08:27.490981Z INFO  main Computing stats for 'Southaven' data
2026-10-07T00:08:27.589115Z INFO  main   Uniq dts [ns] = [ 2000000000  6000000000 10000000000 26000000000]
2026-10-07T00:08:27.589115Z INFO  main   Uniq dts [#]  = 4
2026-10-07T00:08:27.589115Z INFO  main   Stats for GIC/measured/TVA:
2026-10-07T00:08:27.589115Z INFO  main 
    std: : [0.2991222401031243]
    ave: : [0.5261167056908547]
    min: : [-0.31533333333333335]
    max: : [1.1516666666666666]
    n: 2581
    n_valid: : [1170]
    dt_original: : [2000000000, 6000000000, 10000000000, 26000000000]
2026-10-07T00:08:27.596172Z INFO  main Plotting 'Southaven' data for event '2016-02-17'
2026-10-07T00:08:27.607435Z INFO  main   Plotting 'Southaven/GIC/measured/TVA' original vs. modified data for event '2016-02-17'
2026-10-07T00:08:33.873113Z INFO  main     Writing C:\Users\lwilker\Documents\GitHub\SWERVE-data\data_processed/2016-02-17/sites/southaven/figures\original\GIC_measured_TVA.png
2026-10-07T00:08:36.076039Z INFO  main     Writing C:\Users\lwilker\Documents\GitHub\SWERVE-data\data_processed/2016-02-17/sites/southaven/figures\original\GIC_measured_TVA.pdf
2026-10-07T00:08:36.403212Z INFO  main Reading 'Southaven' data for event '2024-05-10'
2026-10-07T00:08:36.423603Z INFO  main   Reading 'GIC/measured/TVA' data for event '2024-05-10'
2026-10-07T00:08:36.429093Z INFO  main     Reading C:\Users\lwilker\Documents\GitHub\SWERVE-data\data_original\tva\2024-05-10\gic\GIC-measured\gic-southaven_20240510.csv
2026-10-07T00:08:46.253364Z INFO  main     Running automated error checks on GIC measured data
2026-10-07T00:09:14.680973Z INFO  main     Uniq dts [ns] = [1000000000 2000000000]
2026-10-07T00:09:14.680973Z INFO  main     Uniq dts [#]  = 2
2026-10-07T00:09:15.042161Z INFO  main     
Resample to 1m aves and NaN pad or trim to start/stop.
2026-10-07T00:09:15.836221Z INFO  main     Writing C:\Users\lwilker\Documents\GitHub\SWERVE-data\data_processed\2024-05-10\sites\southaven\data\GIC_measured_TVA.pkl
2026-10-07T00:09:16.367333Z INFO  main   Writing C:\Users\lwilker\Documents\GitHub\SWERVE-data\data_processed\2024-05-10\sites\southaven\data\_all.pkl
2026-10-07T00:09:17.049908Z INFO  main Computing stats for 'Southaven' data
2026-10-07T00:09:17.704901Z INFO  main   Uniq dts [ns] = [1000000000 2000000000]
2026-10-07T00:09:17.704901Z INFO  main   Uniq dts [#]  = 2
2026-10-07T00:09:17.704901Z INFO  main   Stats for GIC/measured/TVA:
2026-10-07T00:09:17.712074Z INFO  main 
    std: : [0.7662272162538085]
    ave: : [-0.04094764659460321]
    min: : [-7.663666666666667]
    max: : [4.477166666666666]
    n: 2341
    n_valid: : [2341]
    dt_original: : [1000000000, 2000000000]
2026-10-07T00:09:17.712838Z INFO  main Plotting 'Southaven' data for event '2024-05-10'
2026-10-07T00:09:17.720244Z INFO  main   Plotting 'Southaven/GIC/measured/TVA' original vs. modified data for event '2024-05-10'
2026-10-07T00:09:24.381261Z INFO  main     Writing C:\Users\lwilker\Documents\GitHub\SWERVE-data\data_processed/2024-05-10/sites/southaven/figures\original\GIC_measured_TVA.png
2026-10-07T00:09:25.938364Z INFO  main     Writing C:\Users\lwilker\Documents\GitHub\SWERVE-data\data_processed/2024-05-10/sites/southaven/figures\original\GIC_measured_TVA.pdf
2026-10-07T00:09:26.362510Z INFO  main Reading 'Shelby' data for event '2015-03-17'
2026-10-07T00:09:26.379050Z INFO  main   Reading 'GIC/measured/TVA' data for event '2015-03-17'
2026-10-07T00:09:26.392641Z INFO  main     Reading C:\Users\lwilker\Documents\GitHub\SWERVE-data\data_original\tva\2015-03-17\gic\GIC-measured\gic-shelby_20150317.csv
2026-10-07T00:09:30.391463Z INFO  main     Running automated error checks on GIC measured data
2026-10-07T00:09:40.528583Z INFO  main     Uniq dts [ns] = [2000000000]
2026-10-07T00:09:40.528583Z INFO  main     Uniq dts [#]  = 1
2026-10-07T00:09:40.634670Z INFO  main     
Resample to 1m aves and NaN pad or trim to start/stop.
2026-10-07T00:09:40.909005Z INFO  main     Writing C:\Users\lwilker\Documents\GitHub\SWERVE-data\data_processed\2015-03-17\sites\shelby\data\GIC_measured_TVA.pkl
2026-10-07T00:09:41.225822Z INFO  main   Writing C:\Users\lwilker\Documents\GitHub\SWERVE-data\data_processed\2015-03-17\sites\shelby\data\_all.pkl
2026-10-07T00:09:41.460298Z INFO  main Computing stats for 'Shelby' data
2026-10-07T00:09:41.668233Z INFO  main   Uniq dts [ns] = [2000000000]
2026-10-07T00:09:41.668233Z INFO  main   Uniq dts [#]  = 1
2026-10-07T00:09:41.668233Z INFO  main   Stats for GIC/measured/TVA:
2026-10-07T00:09:41.668233Z INFO  main 
    std: : [0.4210790459370439]
    ave: : [0.24165452021516573]
    min: : [-1.1626666666666667]
    max: : [4.2523333333333335]
    n: 1921
    n_valid: : [1921]
    dt_original: : [2000000000]
2026-10-07T00:09:41.668233Z INFO  main Plotting 'Shelby' data for event '2015-03-17'
2026-10-07T00:09:41.682089Z INFO  main   Plotting 'Shelby/GIC/measured/TVA' original vs. modified data for event '2015-03-17'
2026-10-07T00:09:46.148202Z INFO  main     Writing C:\Users\lwilker\Documents\GitHub\SWERVE-data\data_processed/2015-03-17/sites/shelby/figures\original\GIC_measured_TVA.png
2026-10-07T00:09:47.245464Z INFO  main     Writing C:\Users\lwilker\Documents\GitHub\SWERVE-data\data_processed/2015-03-17/sites/shelby/figures\original\GIC_measured_TVA.pdf
2026-10-07T00:09:47.644226Z INFO  main Reading 'Shelby' data for event '2015-06-22'
2026-10-07T00:09:47.670280Z INFO  main   Reading 'GIC/measured/TVA' data for event '2015-06-22'
2026-10-07T00:09:47.675162Z INFO  main     Reading C:\Users\lwilker\Documents\GitHub\SWERVE-data\data_original\tva\2015-06-22\gic\GIC-measured\gic-shelby_20150622.csv
2026-10-07T00:09:51.320068Z INFO  main     Running automated error checks on GIC measured data
2026-10-07T00:10:00.228315Z INFO  main     Uniq dts [ns] = [ 2000000000 60000000000]
2026-10-07T00:10:00.228315Z INFO  main     Uniq dts [#]  = 2
2026-10-07T00:10:00.451867Z INFO  main     
Resample to 1m aves and NaN pad or trim to start/stop.
2026-10-07T00:10:00.733455Z INFO  main     Writing C:\Users\lwilker\Documents\GitHub\SWERVE-data\data_processed\2015-06-22\sites\shelby\data\GIC_measured_TVA.pkl
2026-10-07T00:10:00.909646Z INFO  main   Writing C:\Users\lwilker\Documents\GitHub\SWERVE-data\data_processed\2015-06-22\sites\shelby\data\_all.pkl
2026-10-07T00:10:01.115919Z INFO  main Computing stats for 'Shelby' data
2026-10-07T00:10:01.308789Z INFO  main   Uniq dts [ns] = [ 2000000000 60000000000]
2026-10-07T00:10:01.308789Z INFO  main   Uniq dts [#]  = 2
2026-10-07T00:10:01.308789Z INFO  main   Stats for GIC/measured/TVA:
2026-10-07T00:10:01.311347Z INFO  main 
    std: : [0.38841464231732326]
    ave: : [0.4141214883874424]
    min: : [-1.5210000000000001]
    max: : [2.4796666666666667]
    n: 1981
    n_valid: : [1981]
    dt_original: : [2000000000, 60000000000]
2026-10-07T00:10:01.313369Z INFO  main Plotting 'Shelby' data for event '2015-06-22'
2026-10-07T00:10:01.318971Z INFO  main   Plotting 'Shelby/GIC/measured/TVA' original vs. modified data for event '2015-06-22'
2026-10-07T00:10:05.864608Z INFO  main     Writing C:\Users\lwilker\Documents\GitHub\SWERVE-data\data_processed/2015-06-22/sites/shelby/figures\original\GIC_measured_TVA.png
2026-10-07T00:10:07.358524Z INFO  main     Writing C:\Users\lwilker\Documents\GitHub\SWERVE-data\data_processed/2015-06-22/sites/shelby/figures\original\GIC_measured_TVA.pdf
2026-10-07T00:10:07.700141Z INFO  main Reading 'Shelby' data for event '2023-03-23'
2026-10-07T00:10:07.721725Z INFO  main   Reading 'GIC/measured/TVA' data for event '2023-03-23'
2026-10-07T00:10:07.727542Z INFO  main     Reading C:\Users\lwilker\Documents\GitHub\SWERVE-data\data_original\tva\2023-03-23\gic\GIC-measured\gic-shelby_20230323.csv
2026-10-07T00:10:14.856555Z INFO  main     Running automated error checks on GIC measured data
2026-10-07T00:10:32.474626Z INFO  main     Uniq dts [ns] = [1000000000]
2026-10-07T00:10:32.474626Z INFO  main     Uniq dts [#]  = 1
2026-10-07T00:10:32.731124Z INFO  main     
Resample to 1m aves and NaN pad or trim to start/stop.
2026-10-07T00:10:33.284821Z INFO  main     Writing C:\Users\lwilker\Documents\GitHub\SWERVE-data\data_processed\2023-03-23\sites\shelby\data\GIC_measured_TVA.pkl
2026-10-07T00:10:33.620836Z INFO  main   Writing C:\Users\lwilker\Documents\GitHub\SWERVE-data\data_processed\2023-03-23\sites\shelby\data\_all.pkl
2026-10-07T00:10:33.928422Z INFO  main Computing stats for 'Shelby' data
2026-10-07T00:10:34.324654Z INFO  main   Uniq dts [ns] = [1000000000]
2026-10-07T00:10:34.324654Z INFO  main   Uniq dts [#]  = 1
2026-10-07T00:10:34.324654Z INFO  main   Stats for GIC/measured/TVA:
2026-10-07T00:10:34.324654Z INFO  main 
    std: : [0.28979153379994804]
    ave: : [0.003649049754430918]
    min: : [-1.8926666666666667]
    max: : [3.0973333333333333]
    n: 1561
    n_valid: : [1561]
    dt_original: : [1000000000]
2026-10-07T00:10:34.333292Z INFO  main Plotting 'Shelby' data for event '2023-03-23'
2026-10-07T00:10:34.344859Z INFO  main   Plotting 'Shelby/GIC/measured/TVA' original vs. modified data for event '2023-03-23'
2026-10-07T00:10:39.784059Z INFO  main     Writing C:\Users\lwilker\Documents\GitHub\SWERVE-data\data_processed/2023-03-23/sites/shelby/figures\original\GIC_measured_TVA.png
2026-10-07T00:10:40.978108Z INFO  main     Writing C:\Users\lwilker\Documents\GitHub\SWERVE-data\data_processed/2023-03-23/sites/shelby/figures\original\GIC_measured_TVA.pdf
2026-10-07T00:10:41.312237Z INFO  main Reading 'Shelby' data for event '2016-02-17'
2026-10-07T00:10:41.346246Z INFO  main   Reading 'GIC/measured/TVA' data for event '2016-02-17'
2026-10-07T00:10:41.351246Z INFO  main     Reading C:\Users\lwilker\Documents\GitHub\SWERVE-data\data_original\tva\2016-02-17\gic\GIC-measured\gic-shelby_20160217.csv
2026-10-07T00:10:43.129603Z INFO  main     Running automated error checks on GIC measured data
2026-10-07T00:10:47.892799Z INFO  main     Uniq dts [ns] = [2000000000]
2026-10-07T00:10:47.892799Z INFO  main     Uniq dts [#]  = 1
2026-10-07T00:10:47.956516Z INFO  main     
Resample to 1m aves and NaN pad or trim to start/stop.
2026-10-07T00:10:48.147205Z INFO  main     Writing C:\Users\lwilker\Documents\GitHub\SWERVE-data\data_processed\2016-02-17\sites\shelby\data\GIC_measured_TVA.pkl
2026-10-07T00:10:48.244730Z INFO  main   Writing C:\Users\lwilker\Documents\GitHub\SWERVE-data\data_processed\2016-02-17\sites\shelby\data\_all.pkl
2026-10-07T00:10:48.354039Z INFO  main Computing stats for 'Shelby' data
2026-10-07T00:10:48.458490Z INFO  main   Uniq dts [ns] = [2000000000]
2026-10-07T00:10:48.458490Z INFO  main   Uniq dts [#]  = 1
2026-10-07T00:10:48.458490Z INFO  main   Stats for GIC/measured/TVA:
2026-10-07T00:10:48.463033Z INFO  main 
    std: : [0.3595942310716555]
    ave: : [-0.5485137971775041]
    min: : [-1.1566666666666667]
    max: : [0.14733333333333334]
    n: 2581
    n_valid: : [1170]
    dt_original: : [2000000000]
2026-10-07T00:10:48.466184Z INFO  main Plotting 'Shelby' data for event '2016-02-17'
2026-10-07T00:10:48.470560Z INFO  main   Plotting 'Shelby/GIC/measured/TVA' original vs. modified data for event '2016-02-17'
2026-10-07T00:10:53.956561Z INFO  main     Writing C:\Users\lwilker\Documents\GitHub\SWERVE-data\data_processed/2016-02-17/sites/shelby/figures\original\GIC_measured_TVA.png
2026-10-07T00:10:55.939739Z INFO  main     Writing C:\Users\lwilker\Documents\GitHub\SWERVE-data\data_processed/2016-02-17/sites/shelby/figures\original\GIC_measured_TVA.pdf
2026-10-07T00:10:56.339665Z INFO  main Reading 'Shelby' data for event '2024-05-10'
2026-10-07T00:10:56.355804Z INFO  main   Reading 'GIC/measured/TVA' data for event '2024-05-10'
2026-10-07T00:10:56.355804Z INFO  main     Reading C:\Users\lwilker\Documents\GitHub\SWERVE-data\data_original\tva\2024-05-10\gic\GIC-measured\gic-shelby_20240510.csv
2026-10-07T00:11:07.688710Z INFO  main     Running automated error checks on GIC measured data
2026-10-07T00:11:39.801932Z INFO  main     Uniq dts [ns] = [1000000000]
2026-10-07T00:11:39.801932Z INFO  main     Uniq dts [#]  = 1
2026-10-07T00:11:40.219657Z INFO  main     
Resample to 1m aves and NaN pad or trim to start/stop.
2026-10-07T00:11:41.013393Z INFO  main     Writing C:\Users\lwilker\Documents\GitHub\SWERVE-data\data_processed\2024-05-10\sites\shelby\data\GIC_measured_TVA.pkl
2026-10-07T00:11:41.610439Z INFO  main   Writing C:\Users\lwilker\Documents\GitHub\SWERVE-data\data_processed\2024-05-10\sites\shelby\data\_all.pkl
2026-10-07T00:11:42.310817Z INFO  main Computing stats for 'Shelby' data
2026-10-07T00:11:42.927473Z INFO  main   Uniq dts [ns] = [1000000000]
2026-10-07T00:11:42.927473Z INFO  main   Uniq dts [#]  = 1
2026-10-07T00:11:42.927473Z INFO  main   Stats for GIC/measured/TVA:
2026-10-07T00:11:42.927473Z INFO  main 
    std: : [0.8354860972986257]
    ave: : [-0.007822796525701265]
    min: : [-9.093166666666667]
    max: : [4.3625]
    n: 2341
    n_valid: : [2341]
    dt_original: : [1000000000]
2026-10-07T00:11:42.936224Z INFO  main Plotting 'Shelby' data for event '2024-05-10'
2026-10-07T00:11:42.942117Z INFO  main   Plotting 'Shelby/GIC/measured/TVA' original vs. modified data for event '2024-05-10'
2026-10-07T00:11:49.522190Z INFO  main     Writing C:\Users\lwilker\Documents\GitHub\SWERVE-data\data_processed/2024-05-10/sites/shelby/figures\original\GIC_measured_TVA.png
2026-10-07T00:11:50.838685Z INFO  main     Writing C:\Users\lwilker\Documents\GitHub\SWERVE-data\data_processed/2024-05-10/sites/shelby/figures\original\GIC_measured_TVA.pdf
2026-10-07T00:11:51.423836Z INFO  main Reading 'Shelby' data for event '2015-10-07'
2026-10-07T00:11:51.441654Z INFO  main   Reading 'GIC/measured/TVA' data for event '2015-10-07'
2026-10-07T00:11:51.441654Z INFO  main     Reading C:\Users\lwilker\Documents\GitHub\SWERVE-data\data_original\tva\2015-10-07\gic\GIC-measured\gic-shelby_20151007.csv
2026-10-07T00:11:55.171235Z INFO  main     Running automated error checks on GIC measured data
2026-10-07T00:12:05.799648Z INFO  main     Uniq dts [ns] = [  2000000000   4000000000  44000000000 296000000000]
2026-10-07T00:12:05.799648Z INFO  main     Uniq dts [#]  = 4
2026-10-07T00:12:05.912394Z INFO  main     
Resample to 1m aves and NaN pad or trim to start/stop.
2026-10-07T00:12:06.191442Z INFO  main     Writing C:\Users\lwilker\Documents\GitHub\SWERVE-data\data_processed\2015-10-07\sites\shelby\data\GIC_measured_TVA.pkl
2026-10-07T00:12:06.508824Z INFO  main   Writing C:\Users\lwilker\Documents\GitHub\SWERVE-data\data_processed\2015-10-07\sites\shelby\data\_all.pkl
2026-10-07T00:12:06.692059Z INFO  main Computing stats for 'Shelby' data
2026-10-07T00:12:06.958601Z INFO  main   Uniq dts [ns] = [  2000000000   4000000000  44000000000 296000000000]
2026-10-07T00:12:06.958601Z INFO  main   Uniq dts [#]  = 4
2026-10-07T00:12:06.958601Z INFO  main   Stats for GIC/measured/TVA:
2026-10-07T00:12:06.958601Z INFO  main 
    std: : [0.832345975395706]
    ave: : [0.10640409917362272]
    min: : [-3.558333333333333]
    max: : [3.337]
    n: 1741
    n_valid: : [1737]
    dt_original: : [2000000000, 4000000000, 44000000000, 296000000000]
2026-10-07T00:12:06.958601Z INFO  main Plotting 'Shelby' data for event '2015-10-07'
2026-10-07T00:12:06.974342Z INFO  main   Plotting 'Shelby/GIC/measured/TVA' original vs. modified data for event '2015-10-07'
2026-10-07T00:12:12.485735Z INFO  main     Writing C:\Users\lwilker\Documents\GitHub\SWERVE-data\data_processed/2015-10-07/sites/shelby/figures\original\GIC_measured_TVA.png
2026-10-07T00:12:14.074721Z INFO  main     Writing C:\Users\lwilker\Documents\GitHub\SWERVE-data\data_processed/2015-10-07/sites/shelby/figures\original\GIC_measured_TVA.pdf
2026-10-07T00:12:14.459283Z INFO  main Reading 'Weakley' data for event '2015-03-17'
2026-10-07T00:12:14.475817Z INFO  main   Reading 'GIC/measured/TVA' data for event '2015-03-17'
2026-10-07T00:12:14.487000Z INFO  main     Reading C:\Users\lwilker\Documents\GitHub\SWERVE-data\data_original\tva\2015-03-17\gic\GIC-measured\gic-weakley_20150317.csv
2026-10-07T00:12:18.074508Z INFO  main     Running automated error checks on GIC measured data
2026-10-07T00:12:28.556711Z INFO  main     Uniq dts [ns] = [2000000000]
2026-10-07T00:12:28.556711Z INFO  main     Uniq dts [#]  = 1
2026-10-07T00:12:28.656759Z INFO  main     
Resample to 1m aves and NaN pad or trim to start/stop.
2026-10-07T00:12:28.935215Z INFO  main     Writing C:\Users\lwilker\Documents\GitHub\SWERVE-data\data_processed\2015-03-17\sites\weakley\data\GIC_measured_TVA.pkl
2026-10-07T00:12:29.309358Z INFO  main   Writing C:\Users\lwilker\Documents\GitHub\SWERVE-data\data_processed\2015-03-17\sites\weakley\data\_all.pkl
2026-10-07T00:12:29.564289Z INFO  main Computing stats for 'Weakley' data
2026-10-07T00:12:29.788717Z INFO  main   Uniq dts [ns] = [2000000000]
2026-10-07T00:12:29.788717Z INFO  main   Uniq dts [#]  = 1
2026-10-07T00:12:29.788717Z INFO  main   Stats for GIC/measured/TVA:
2026-10-07T00:12:29.788717Z INFO  main 
    std: : [0.9410965564739656]
    ave: : [0.18190022557695645]
    min: : [-7.867333333333334]
    max: : [6.869666666666666]
    n: 1921
    n_valid: : [1921]
    dt_original: : [2000000000]
2026-10-07T00:12:29.788717Z INFO  main Plotting 'Weakley' data for event '2015-03-17'
2026-10-07T00:12:29.798864Z INFO  main   Plotting 'Weakley/GIC/measured/TVA' original vs. modified data for event '2015-03-17'
2026-10-07T00:12:34.618152Z INFO  main     Writing C:\Users\lwilker\Documents\GitHub\SWERVE-data\data_processed/2015-03-17/sites/weakley/figures\original\GIC_measured_TVA.png
2026-10-07T00:12:35.900339Z INFO  main     Writing C:\Users\lwilker\Documents\GitHub\SWERVE-data\data_processed/2015-03-17/sites/weakley/figures\original\GIC_measured_TVA.pdf
2026-10-07T00:12:36.284748Z INFO  main Reading 'Weakley' data for event '2015-06-22'
2026-10-07T00:12:36.299855Z INFO  main   Reading 'GIC/measured/TVA' data for event '2015-06-22'
2026-10-07T00:12:36.306894Z INFO  main     Reading C:\Users\lwilker\Documents\GitHub\SWERVE-data\data_original\tva\2015-06-22\gic\GIC-measured\gic-weakley_20150622.csv
2026-10-07T00:12:39.437187Z INFO  main     Running automated error checks on GIC measured data
2026-10-07T00:12:48.797050Z INFO  main     Uniq dts [ns] = [ 2000000000 12000000000 56000000000 58000000000]
2026-10-07T00:12:48.797050Z INFO  main     Uniq dts [#]  = 4
2026-10-07T00:12:48.890146Z INFO  main     
Resample to 1m aves and NaN pad or trim to start/stop.
2026-10-07T00:12:49.159478Z INFO  main     Writing C:\Users\lwilker\Documents\GitHub\SWERVE-data\data_processed\2015-06-22\sites\weakley\data\GIC_measured_TVA.pkl
2026-10-07T00:12:49.469451Z INFO  main   Writing C:\Users\lwilker\Documents\GitHub\SWERVE-data\data_processed\2015-06-22\sites\weakley\data\_all.pkl
2026-10-07T00:12:49.652277Z INFO  main Computing stats for 'Weakley' data
2026-10-07T00:12:49.840796Z INFO  main   Uniq dts [ns] = [  2000000000  12000000000  56000000000  58000000000 128000000000]
2026-10-07T00:12:49.840796Z INFO  main   Uniq dts [#]  = 5
2026-10-07T00:12:49.840796Z INFO  main   Stats for GIC/measured/TVA:
2026-10-07T00:12:49.840796Z INFO  main 
    std: : [1.1754994494100153]
    ave: : [-0.2189144169981121]
    min: : [-5.717666666666667]
    max: : [7.521333333333333]
    n: 1981
    n_valid: : [1981]
    dt_original: : [2000000000 nanoseconds, 12000000000 nanoseconds, ..., 58000000000 nanoseconds, 128000000000 nanoseconds] (5 elements)
2026-10-07T00:12:49.840796Z INFO  main Plotting 'Weakley' data for event '2015-06-22'
2026-10-07T00:12:49.852491Z INFO  main   Plotting 'Weakley/GIC/measured/TVA' original vs. modified data for event '2015-06-22'
2026-10-07T00:12:52.157258Z INFO  main     Writing C:\Users\lwilker\Documents\GitHub\SWERVE-data\data_processed/2015-06-22/sites/weakley/figures\original\GIC_measured_TVA.png
2026-10-07T00:12:53.543231Z INFO  main     Writing C:\Users\lwilker\Documents\GitHub\SWERVE-data\data_processed/2015-06-22/sites/weakley/figures\original\GIC_measured_TVA.pdf
2026-10-07T00:12:54.012421Z INFO  main Reading 'Weakley' data for event '2023-03-23'
2026-10-07T00:12:54.028490Z INFO  main   Reading 'GIC/measured/TVA' data for event '2023-03-23'
2026-10-07T00:12:54.034517Z INFO  main     Reading C:\Users\lwilker\Documents\GitHub\SWERVE-data\data_original\tva\2023-03-23\gic\GIC-measured\gic-weakley_20230323.csv
2026-10-07T00:13:01.756959Z INFO  main     Running automated error checks on GIC measured data
2026-10-07T00:13:25.839635Z INFO  main     Uniq dts [ns] = [1000000000]
2026-10-07T00:13:25.839635Z INFO  main     Uniq dts [#]  = 1
2026-10-07T00:13:26.179489Z INFO  main     
Resample to 1m aves and NaN pad or trim to start/stop.
2026-10-07T00:13:26.764937Z INFO  main     Writing C:\Users\lwilker\Documents\GitHub\SWERVE-data\data_processed\2023-03-23\sites\weakley\data\GIC_measured_TVA.pkl
2026-10-07T00:13:27.248428Z INFO  main   Writing C:\Users\lwilker\Documents\GitHub\SWERVE-data\data_processed\2023-03-23\sites\weakley\data\_all.pkl
2026-10-07T00:13:27.638087Z INFO  main Computing stats for 'Weakley' data
2026-10-07T00:13:28.043103Z INFO  main   Uniq dts [ns] = [1000000000]
2026-10-07T00:13:28.052768Z INFO  main   Uniq dts [#]  = 1
2026-10-07T00:13:28.052768Z INFO  main   Stats for GIC/measured/TVA:
2026-10-07T00:13:28.053779Z INFO  main 
    std: : [1.221040965806202]
    ave: : [-0.004568439034806741]
    min: : [-9.114833333333333]
    max: : [7.813833333333333]
    n: 1561
    n_valid: : [1561]
    dt_original: : [1000000000]
2026-10-07T00:13:28.053779Z INFO  main Plotting 'Weakley' data for event '2023-03-23'
2026-10-07T00:13:28.062952Z INFO  main   Plotting 'Weakley/GIC/measured/TVA' original vs. modified data for event '2023-03-23'
2026-10-07T00:13:34.068815Z INFO  main     Writing C:\Users\lwilker\Documents\GitHub\SWERVE-data\data_processed/2023-03-23/sites/weakley/figures\original\GIC_measured_TVA.png
2026-10-07T00:13:35.373249Z INFO  main     Writing C:\Users\lwilker\Documents\GitHub\SWERVE-data\data_processed/2023-03-23/sites/weakley/figures\original\GIC_measured_TVA.pdf
2026-10-07T00:13:35.899787Z INFO  main Reading 'Weakley' data for event '2016-02-17'
2026-10-07T00:13:35.924261Z INFO  main   Reading 'GIC/measured/TVA' data for event '2016-02-17'
2026-10-07T00:13:35.931884Z INFO  main     Reading C:\Users\lwilker\Documents\GitHub\SWERVE-data\data_original\tva\2016-02-17\gic\GIC-measured\gic-weakley_20160217.csv
2026-10-07T00:13:37.838340Z INFO  main     Running automated error checks on GIC measured data
2026-10-07T00:13:43.819340Z INFO  main     Uniq dts [ns] = [2000000000]
2026-10-07T00:13:43.819340Z INFO  main     Uniq dts [#]  = 1
2026-10-07T00:13:43.882732Z INFO  main     
Resample to 1m aves and NaN pad or trim to start/stop.
2026-10-07T00:13:44.094919Z INFO  main     Writing C:\Users\lwilker\Documents\GitHub\SWERVE-data\data_processed\2016-02-17\sites\weakley\data\GIC_measured_TVA.pkl
2026-10-07T00:13:44.206317Z INFO  main   Writing C:\Users\lwilker\Documents\GitHub\SWERVE-data\data_processed\2016-02-17\sites\weakley\data\_all.pkl
2026-10-07T00:13:44.322868Z INFO  main Computing stats for 'Weakley' data
2026-10-07T00:13:44.435101Z INFO  main   Uniq dts [ns] = [2000000000]
2026-10-07T00:13:44.435101Z INFO  main   Uniq dts [#]  = 1
2026-10-07T00:13:44.435101Z INFO  main   Stats for GIC/measured/TVA:
2026-10-07T00:13:44.435101Z INFO  main 
    std: : [0.4194711749989246]
    ave: : [-0.13310769230769232]
    min: : [-1.7963333333333333]
    max: : [1.6923333333333335]
    n: 2581
    n_valid: : [1170]
    dt_original: : [2000000000]
2026-10-07T00:13:44.438655Z INFO  main Plotting 'Weakley' data for event '2016-02-17'
2026-10-07T00:13:44.449715Z INFO  main   Plotting 'Weakley/GIC/measured/TVA' original vs. modified data for event '2016-02-17'
2026-10-07T00:13:49.221223Z INFO  main     Writing C:\Users\lwilker\Documents\GitHub\SWERVE-data\data_processed/2016-02-17/sites/weakley/figures\original\GIC_measured_TVA.png
2026-10-07T00:13:50.869833Z INFO  main     Writing C:\Users\lwilker\Documents\GitHub\SWERVE-data\data_processed/2016-02-17/sites/weakley/figures\original\GIC_measured_TVA.pdf
2026-10-07T00:13:51.282751Z INFO  main Reading 'Weakley' data for event '2024-05-10'
2026-10-07T00:13:51.299903Z INFO  main   Reading 'GIC/measured/TVA' data for event '2024-05-10'
2026-10-07T00:13:51.305260Z INFO  main     Reading C:\Users\lwilker\Documents\GitHub\SWERVE-data\data_original\tva\2024-05-10\gic\GIC-measured\gic-weakley_20240510.csv
2026-10-07T00:14:02.463391Z INFO  main     Running automated error checks on GIC measured data
2026-10-07T00:14:36.472390Z INFO  main     Uniq dts [ns] = [1000000000]
2026-10-07T00:14:36.472390Z INFO  main     Uniq dts [#]  = 1
2026-10-07T00:14:36.918078Z INFO  main     
Resample to 1m aves and NaN pad or trim to start/stop.
2026-10-07T00:14:37.691175Z INFO  main     Writing C:\Users\lwilker\Documents\GitHub\SWERVE-data\data_processed\2024-05-10\sites\weakley\data\GIC_measured_TVA.pkl
2026-10-07T00:14:38.248381Z INFO  main   Writing C:\Users\lwilker\Documents\GitHub\SWERVE-data\data_processed\2024-05-10\sites\weakley\data\_all.pkl
2026-10-07T00:14:39.049534Z INFO  main Computing stats for 'Weakley' data
2026-10-07T00:14:39.654151Z INFO  main   Uniq dts [ns] = [1000000000]
2026-10-07T00:14:39.654151Z INFO  main   Uniq dts [#]  = 1
2026-10-07T00:14:39.654151Z INFO  main   Stats for GIC/measured/TVA:
2026-10-07T00:14:39.654151Z INFO  main 
    std: : [0.8882174429556832]
    ave: : [-0.011024134985049136]
    min: : [-3.6356666666666664]
    max: : [5.1075]
    n: 2341
    n_valid: : [2341]
    dt_original: : [1000000000]
2026-10-07T00:14:39.654151Z INFO  main Plotting 'Weakley' data for event '2024-05-10'
2026-10-07T00:14:39.662439Z INFO  main   Plotting 'Weakley/GIC/measured/TVA' original vs. modified data for event '2024-05-10'
2026-10-07T00:14:45.826657Z INFO  main     Writing C:\Users\lwilker\Documents\GitHub\SWERVE-data\data_processed/2024-05-10/sites/weakley/figures\original\GIC_measured_TVA.png
2026-10-07T00:14:47.396083Z INFO  main     Writing C:\Users\lwilker\Documents\GitHub\SWERVE-data\data_processed/2024-05-10/sites/weakley/figures\original\GIC_measured_TVA.pdf
2026-10-07T00:14:47.797547Z INFO  main Reading 'Weakley' data for event '2015-10-07'
2026-10-07T00:14:47.815636Z INFO  main   Reading 'GIC/measured/TVA' data for event '2015-10-07'
2026-10-07T00:14:47.826209Z INFO  main     Reading C:\Users\lwilker\Documents\GitHub\SWERVE-data\data_original\tva\2015-10-07\gic\GIC-measured\gic-weakley_20151007.csv
2026-10-07T00:14:51.793696Z INFO  main     Running automated error checks on GIC measured data
2026-10-07T00:15:02.446556Z INFO  main     Uniq dts [ns] = [ 2000000000 16000000000 48000000000 54000000000]
2026-10-07T00:15:02.446556Z INFO  main     Uniq dts [#]  = 4
2026-10-07T00:15:02.547293Z INFO  main     
Resample to 1m aves and NaN pad or trim to start/stop.
2026-10-07T00:15:02.839990Z INFO  main     Writing C:\Users\lwilker\Documents\GitHub\SWERVE-data\data_processed\2015-10-07\sites\weakley\data\GIC_measured_TVA.pkl
2026-10-07T00:15:03.141073Z INFO  main   Writing C:\Users\lwilker\Documents\GitHub\SWERVE-data\data_processed\2015-10-07\sites\weakley\data\_all.pkl
2026-10-07T00:15:03.323858Z INFO  main Computing stats for 'Weakley' data
2026-10-07T00:15:03.529406Z INFO  main   Uniq dts [ns] = [ 2000000000 16000000000 48000000000 54000000000]
2026-10-07T00:15:03.529406Z INFO  main   Uniq dts [#]  = 4
2026-10-07T00:15:03.529406Z INFO  main   Stats for GIC/measured/TVA:
2026-10-07T00:15:03.529406Z INFO  main 
    std: : [0.7792955196080885]
    ave: : [-0.3201556718194607]
    min: : [-5.202333333333333]
    max: : [2.9026666666666667]
    n: 1741
    n_valid: : [1741]
    dt_original: : [2000000000, 16000000000, 48000000000, 54000000000]
2026-10-07T00:15:03.529406Z INFO  main Plotting 'Weakley' data for event '2015-10-07'
2026-10-07T00:15:03.538327Z INFO  main   Plotting 'Weakley/GIC/measured/TVA' original vs. modified data for event '2015-10-07'
2026-10-07T00:15:08.277222Z INFO  main     Writing C:\Users\lwilker\Documents\GitHub\SWERVE-data\data_processed/2015-10-07/sites/weakley/figures\original\GIC_measured_TVA.png
2026-10-07T00:15:09.935688Z INFO  main     Writing C:\Users\lwilker\Documents\GitHub\SWERVE-data\data_processed/2015-10-07/sites/weakley/figures\original\GIC_measured_TVA.pdf
2026-10-07T00:15:10.301068Z INFO  main Reading 'Paradise' data for event '2015-06-22'
2026-10-07T00:15:10.327727Z INFO  main   Reading 'GIC/measured/TVA' data for event '2015-06-22'
2026-10-07T00:15:10.333094Z INFO  main     Reading C:\Users\lwilker\Documents\GitHub\SWERVE-data\data_original\tva\2015-06-22\gic\GIC-measured\gic-paradise_20150622.csv
2026-10-07T00:15:13.647487Z INFO  main     Running automated error checks on GIC measured data
2026-10-07T00:15:23.398209Z INFO  main     Uniq dts [ns] = [ 2000000000  4000000000 50000000000 54000000000 58000000000]
2026-10-07T00:15:23.398963Z INFO  main     Uniq dts [#]  = 5
2026-10-07T00:15:23.496893Z INFO  main     Baseline offset of 2.72 A corrected. 
Resample to 1m aves and NaN pad or trim to start/stop.
2026-10-07T00:15:23.784489Z INFO  main     Writing C:\Users\lwilker\Documents\GitHub\SWERVE-data\data_processed\2015-06-22\sites\paradise\data\GIC_measured_TVA.pkl
2026-10-07T00:15:24.102352Z INFO  main   Writing C:\Users\lwilker\Documents\GitHub\SWERVE-data\data_processed\2015-06-22\sites\paradise\data\_all.pkl
2026-10-07T00:15:24.275549Z INFO  main Computing stats for 'Paradise' data
2026-10-07T00:15:24.471876Z INFO  main   Uniq dts [ns] = [ 2000000000  4000000000 20000000000 50000000000 54000000000 58000000000]
2026-10-07T00:15:24.471876Z INFO  main   Uniq dts [#]  = 6
2026-10-07T00:15:24.471876Z INFO  main   Stats for GIC/measured/TVA:
2026-10-07T00:15:24.473886Z INFO  main 
    std: : [2.0929489129508645]
    ave: : [0.0976662531710193]
    min: : [-12.063]
    max: : [12.255333333333333]
    n: 1981
    n_valid: : [1981]
    dt_original: : [2000000000 nanoseconds, 4000000000 nanoseconds, ..., 54000000000 nanoseconds, 58000000000 nanoseconds] (6 elements)
2026-10-07T00:15:24.473886Z INFO  main Plotting 'Paradise' data for event '2015-06-22'
2026-10-07T00:15:24.478366Z INFO  main   Plotting 'Paradise/GIC/measured/TVA' original vs. modified data for event '2015-06-22'
2026-10-07T00:15:29.202488Z INFO  main     Writing C:\Users\lwilker\Documents\GitHub\SWERVE-data\data_processed/2015-06-22/sites/paradise/figures\original\GIC_measured_TVA.png
2026-10-07T00:15:30.423546Z INFO  main     Writing C:\Users\lwilker\Documents\GitHub\SWERVE-data\data_processed/2015-06-22/sites/paradise/figures\original\GIC_measured_TVA.pdf
2026-10-07T00:15:30.859113Z INFO  main Reading 'Paradise' data for event '2014-09-11'
2026-10-07T00:15:30.877028Z INFO  main   Reading 'GIC/measured/TVA' data for event '2014-09-11'
2026-10-07T00:15:30.887927Z INFO  main     Reading C:\Users\lwilker\Documents\GitHub\SWERVE-data\data_original\tva\2014-09-11\gic\GIC-measured\gic-paradise_20140911.csv
2026-10-07T00:15:35.958773Z INFO  main     Running automated error checks on GIC measured data
2026-10-07T00:15:50.372726Z INFO  main     Uniq dts [ns] = [2000000000]
2026-10-07T00:15:50.372726Z INFO  main     Uniq dts [#]  = 1
2026-10-07T00:15:50.627265Z INFO  main     
Resample to 1m aves and NaN pad or trim to start/stop.
2026-10-07T00:15:50.973734Z INFO  main     Writing C:\Users\lwilker\Documents\GitHub\SWERVE-data\data_processed\2014-09-11\sites\paradise\data\GIC_measured_TVA.pkl
2026-10-07T00:15:51.255265Z INFO  main   Writing C:\Users\lwilker\Documents\GitHub\SWERVE-data\data_processed\2014-09-11\sites\paradise\data\_all.pkl
2026-10-07T00:15:51.523845Z INFO  main Computing stats for 'Paradise' data
2026-10-07T00:15:51.822742Z INFO  main   Uniq dts [ns] = [ 2000000000  4000000000  6000000000  8000000000 18000000000 20000000000
 22000000000]
2026-10-07T00:15:51.822742Z INFO  main   Uniq dts [#]  = 7
2026-10-07T00:15:51.822742Z INFO  main   Stats for GIC/measured/TVA:
2026-10-07T00:15:51.824289Z INFO  main 
    std: : [1.0370251938090596]
    ave: : [0.2087669441141498]
    min: : [-2.6383333333333336]
    max: : [4.881666666666666]
    n: 841
    n_valid: : [841]
    dt_original: : [2000000000 nanoseconds, 4000000000 nanoseconds, ..., 20000000000 nanoseconds, 22000000000 nanoseconds] (7 elements)
2026-10-07T00:15:51.825842Z INFO  main Plotting 'Paradise' data for event '2014-09-11'
2026-10-07T00:15:51.831907Z INFO  main   Plotting 'Paradise/GIC/measured/TVA' original vs. modified data for event '2014-09-11'
2026-10-07T00:15:56.485042Z INFO  main     Writing C:\Users\lwilker\Documents\GitHub\SWERVE-data\data_processed/2014-09-11/sites/paradise/figures\original\GIC_measured_TVA.png
2026-10-07T00:15:57.858001Z INFO  main     Writing C:\Users\lwilker\Documents\GitHub\SWERVE-data\data_processed/2014-09-11/sites/paradise/figures\original\GIC_measured_TVA.pdf
2026-10-07T00:15:58.234071Z INFO  main Reading 'Paradise' data for event '2016-02-17'
2026-10-07T00:15:58.255454Z INFO  main   Reading 'GIC/measured/TVA' data for event '2016-02-17'
2026-10-07T00:15:58.262104Z INFO  main     Reading C:\Users\lwilker\Documents\GitHub\SWERVE-data\data_original\tva\2016-02-17\gic\GIC-measured\gic-paradise_20160217.csv
2026-10-07T00:16:00.128737Z INFO  main     Running automated error checks on GIC measured data
2026-10-07T00:16:05.031823Z INFO  main     Uniq dts [ns] = [ 2000000000  6000000000 10000000000 20000000000]
2026-10-07T00:16:05.031823Z INFO  main     Uniq dts [#]  = 4
2026-10-07T00:16:05.206215Z INFO  main     
Resample to 1m aves and NaN pad or trim to start/stop.
2026-10-07T00:16:05.401256Z INFO  main     Writing C:\Users\lwilker\Documents\GitHub\SWERVE-data\data_processed\2016-02-17\sites\paradise\data\GIC_measured_TVA.pkl
2026-10-07T00:16:05.509932Z INFO  main   Writing C:\Users\lwilker\Documents\GitHub\SWERVE-data\data_processed\2016-02-17\sites\paradise\data\_all.pkl
2026-10-07T00:16:05.683403Z INFO  main Computing stats for 'Paradise' data
2026-10-07T00:16:05.848520Z INFO  main   Uniq dts [ns] = [ 2000000000  6000000000 10000000000 20000000000]
2026-10-07T00:16:05.848520Z INFO  main   Uniq dts [#]  = 4
2026-10-07T00:16:05.848520Z INFO  main   Stats for GIC/measured/TVA:
2026-10-07T00:16:05.848520Z INFO  main 
    std: : [0.8594050485920913]
    ave: : [0.12861006595463784]
    min: : [-2.6686666666666667]
    max: : [4.138]
    n: 2581
    n_valid: : [1170]
    dt_original: : [2000000000, 6000000000, 10000000000, 20000000000]
2026-10-07T00:16:05.848520Z INFO  main Plotting 'Paradise' data for event '2016-02-17'
2026-10-07T00:16:05.862362Z INFO  main   Plotting 'Paradise/GIC/measured/TVA' original vs. modified data for event '2016-02-17'
2026-10-07T00:16:10.812496Z INFO  main     Writing C:\Users\lwilker\Documents\GitHub\SWERVE-data\data_processed/2016-02-17/sites/paradise/figures\original\GIC_measured_TVA.png
2026-10-07T00:16:12.471628Z INFO  main     Writing C:\Users\lwilker\Documents\GitHub\SWERVE-data\data_processed/2016-02-17/sites/paradise/figures\original\GIC_measured_TVA.pdf
2026-10-07T00:16:12.893462Z INFO  main Reading 'Paradise' data for event '2024-05-10'
2026-10-07T00:16:12.908417Z INFO  main   Reading 'B/measured/TVA' data for event '2024-05-10'
2026-10-07T00:16:12.915792Z INFO  main     Reading C:\Users\lwilker\Documents\GitHub\SWERVE-data\data_original\tva\2024-05-10\mag\paradise_mag_20240509.csv
2026-10-07T00:16:29.103800Z INFO  main     Remove baseline then Resample to 1m aves and NaN pad or trim to start/stop.
2026-10-07T00:16:30.240134Z INFO  main     Writing C:\Users\lwilker\Documents\GitHub\SWERVE-data\data_processed\2024-05-10\sites\paradise\data\B_measured_TVA.pkl
2026-10-07T00:16:30.986370Z INFO  main   Writing C:\Users\lwilker\Documents\GitHub\SWERVE-data\data_processed\2024-05-10\sites\paradise\data\_all.pkl
2026-10-07T00:16:31.773520Z INFO  main Computing stats for 'Paradise' data
2026-10-07T00:16:32.604960Z INFO  main   Uniq dts [ns] = [1000000000 2000000000 3000000000]
2026-10-07T00:16:32.604960Z INFO  main   Uniq dts [#]  = 3
2026-10-07T00:16:32.606204Z INFO  main   Stats for B/measured/TVA:
2026-10-07T00:16:32.606204Z INFO  main 
    std: : [120.94426639428703, 69.65911214032094, 92.58610816416291, 98.31205041920995]
    ave: : [-157.5777290766182, -42.95335468810705, 25.821526381840897, 191.07866431422175]
    min: : [-573.1811666666673, -295.8923333333332, -216.56266666666525, 4.125587693692435]
    max: : [447.0439999999993, 201.11383333333342, 555.059500000001, 624.5854996458543]
    n: 2341
    n_valid: : [2341, 2341, 2341, 2341]
    dt_original: : [1000000000, 2000000000, 3000000000]
2026-10-07T00:16:32.606204Z INFO  main Plotting 'Paradise' data for event '2024-05-10'
2026-10-07T00:16:32.614177Z INFO  main   Plotting 'Paradise/B/measured/TVA' original vs. modified data for event '2024-05-10'
2026-10-07T00:16:50.498661Z INFO  main     Writing C:\Users\lwilker\Documents\GitHub\SWERVE-data\data_processed/2024-05-10/sites/paradise/figures\original\B_measured_TVA_Bx.png
2026-10-07T00:16:51.501202Z INFO  main     Writing C:\Users\lwilker\Documents\GitHub\SWERVE-data\data_processed/2024-05-10/sites/paradise/figures\original\B_measured_TVA_Bx.pdf
2026-10-07T00:16:52.329697Z INFO  main     Writing C:\Users\lwilker\Documents\GitHub\SWERVE-data\data_processed/2024-05-10/sites/paradise/figures\original\B_measured_TVA_By.png
2026-10-07T00:16:53.737503Z INFO  main     Writing C:\Users\lwilker\Documents\GitHub\SWERVE-data\data_processed/2024-05-10/sites/paradise/figures\original\B_measured_TVA_By.pdf
2026-10-07T00:16:54.604393Z INFO  main     Writing C:\Users\lwilker\Documents\GitHub\SWERVE-data\data_processed/2024-05-10/sites/paradise/figures\original\B_measured_TVA_Bz.png
2026-10-07T00:16:55.592756Z INFO  main     Writing C:\Users\lwilker\Documents\GitHub\SWERVE-data\data_processed/2024-05-10/sites/paradise/figures\original\B_measured_TVA_Bz.pdf
2026-10-07T00:16:56.723615Z INFO  main Reading 'Paradise' data for event '2015-10-07'
2026-10-07T00:16:56.744428Z INFO  main   Reading 'GIC/measured/TVA' data for event '2015-10-07'
2026-10-07T00:16:56.751700Z INFO  main     Reading C:\Users\lwilker\Documents\GitHub\SWERVE-data\data_original\tva\2015-10-07\gic\GIC-measured\gic-paradise_20151007.csv
2026-10-07T00:17:00.549757Z INFO  main     Running automated error checks on GIC measured data
2026-10-07T00:17:14.256300Z INFO  main     Uniq dts [ns] = [ 2000000000  6000000000 10000000000 18000000000 20000000000 24000000000
 46000000000 48000000000]
2026-10-07T00:17:14.256300Z INFO  main     Uniq dts [#]  = 8
2026-10-07T00:17:14.369982Z INFO  main     Baseline offset of 1.53 A corrected. 
Resample to 1m aves and NaN pad or trim to start/stop.
2026-10-07T00:17:14.642151Z INFO  main     Writing C:\Users\lwilker\Documents\GitHub\SWERVE-data\data_processed\2015-10-07\sites\paradise\data\GIC_measured_TVA.pkl
2026-10-07T00:17:15.314454Z INFO  main   Writing C:\Users\lwilker\Documents\GitHub\SWERVE-data\data_processed\2015-10-07\sites\paradise\data\_all.pkl
2026-10-07T00:17:15.596153Z INFO  main Computing stats for 'Paradise' data
2026-10-07T00:17:15.816632Z INFO  main   Uniq dts [ns] = [ 2000000000  6000000000 10000000000 16000000000 18000000000 20000000000
 24000000000 46000000000 48000000000]
2026-10-07T00:17:15.818642Z INFO  main   Uniq dts [#]  = 9
2026-10-07T00:17:15.818642Z INFO  main   Stats for GIC/measured/TVA:
2026-10-07T00:17:15.818642Z INFO  main 
    std: : [1.6280676130014073]
    ave: : [0.014748480454144978]
    min: : [-8.392]
    max: : [7.783666666666666]
    n: 1741
    n_valid: : [1741]
    dt_original: : [2000000000 nanoseconds, 6000000000 nanoseconds, ..., 46000000000 nanoseconds, 48000000000 nanoseconds] (9 elements)
2026-10-07T00:17:15.820654Z INFO  main Plotting 'Paradise' data for event '2015-10-07'
2026-10-07T00:17:15.832516Z INFO  main   Plotting 'Paradise/GIC/measured/TVA' original vs. modified data for event '2015-10-07'
2026-10-07T00:17:21.299461Z INFO  main     Writing C:\Users\lwilker\Documents\GitHub\SWERVE-data\data_processed/2015-10-07/sites/paradise/figures\original\GIC_measured_TVA.png
2026-10-07T00:17:22.965062Z INFO  main     Writing C:\Users\lwilker\Documents\GitHub\SWERVE-data\data_processed/2015-10-07/sites/paradise/figures\original\GIC_measured_TVA.pdf
2026-10-07T00:17:23.352943Z INFO  main Reading 'East Point' data for event '2015-06-22'
2026-10-07T00:17:23.367636Z INFO  main   Reading 'GIC/measured/TVA' data for event '2015-06-22'
2026-10-07T00:17:23.376821Z INFO  main     Reading C:\Users\lwilker\Documents\GitHub\SWERVE-data\data_original\tva\2015-06-22\gic\GIC-measured\gic-eastpoint_20150622.csv
2026-10-07T00:17:26.978136Z INFO  main     Running automated error checks on GIC measured data
2026-10-07T00:17:39.596334Z INFO  main     Uniq dts [ns] = [ 2000000000 44000000000 62000000000]
2026-10-07T00:17:39.596334Z INFO  main     Uniq dts [#]  = 3
2026-10-07T00:17:39.723629Z INFO  main     
Resample to 1m aves and NaN pad or trim to start/stop.
2026-10-07T00:17:40.068024Z INFO  main     Writing C:\Users\lwilker\Documents\GitHub\SWERVE-data\data_processed\2015-06-22\sites\eastpoint\data\GIC_measured_TVA.pkl
2026-10-07T00:17:40.478755Z INFO  main   Writing C:\Users\lwilker\Documents\GitHub\SWERVE-data\data_processed\2015-06-22\sites\eastpoint\data\_all.pkl
2026-10-07T00:17:40.717568Z INFO  main Computing stats for 'East Point' data
2026-10-07T00:17:40.999301Z INFO  main   Uniq dts [ns] = [ 2000000000 44000000000 62000000000]
2026-10-07T00:17:40.999301Z INFO  main   Uniq dts [#]  = 3
2026-10-07T00:17:40.999301Z INFO  main   Stats for GIC/measured/TVA:
2026-10-07T00:17:40.999301Z INFO  main 
    std: : [0.24168272354008155]
    ave: : [0.18262520224181]
    min: : [-0.411]
    max: : [1.6603333333333334]
    n: 1981
    n_valid: : [1981]
    dt_original: : [2000000000, 44000000000, 62000000000]
2026-10-07T00:17:40.999301Z INFO  main Plotting 'East Point' data for event '2015-06-22'
2026-10-07T00:17:41.008813Z INFO  main   Plotting 'East Point/GIC/measured/TVA' original vs. modified data for event '2015-06-22'
2026-10-07T00:17:46.423302Z INFO  main     Writing C:\Users\lwilker\Documents\GitHub\SWERVE-data\data_processed/2015-06-22/sites/eastpoint/figures\original\GIC_measured_TVA.png
2026-10-07T00:17:47.827966Z INFO  main     Writing C:\Users\lwilker\Documents\GitHub\SWERVE-data\data_processed/2015-06-22/sites/eastpoint/figures\original\GIC_measured_TVA.pdf
2026-10-07T00:17:48.211375Z INFO  main Reading 'East Point' data for event '2024-05-10'
2026-10-07T00:17:48.242743Z INFO  main   Reading 'GIC/measured/TVA' data for event '2024-05-10'
2026-10-07T00:17:48.249365Z INFO  main     Reading C:\Users\lwilker\Documents\GitHub\SWERVE-data\data_original\tva\2024-05-10\gic\GIC-measured\gic-eastpoint_20240510.csv
2026-10-07T00:17:59.713706Z INFO  main     Running automated error checks on GIC measured data
2026-10-07T00:18:35.238837Z INFO  main     Uniq dts [ns] = [1000000000]
2026-10-07T00:18:35.238837Z INFO  main     Uniq dts [#]  = 1
2026-10-07T00:18:35.653064Z INFO  main     
Resample to 1m aves and NaN pad or trim to start/stop.
2026-10-07T00:18:36.401729Z INFO  main     Writing C:\Users\lwilker\Documents\GitHub\SWERVE-data\data_processed\2024-05-10\sites\eastpoint\data\GIC_measured_TVA.pkl
2026-10-07T00:18:37.036063Z INFO  main   Writing C:\Users\lwilker\Documents\GitHub\SWERVE-data\data_processed\2024-05-10\sites\eastpoint\data\_all.pkl
2026-10-07T00:18:37.820132Z INFO  main Computing stats for 'East Point' data
2026-10-07T00:18:38.411874Z INFO  main   Uniq dts [ns] = [1000000000]
2026-10-07T00:18:38.411874Z INFO  main   Uniq dts [#]  = 1
2026-10-07T00:18:38.411874Z INFO  main   Stats for GIC/measured/TVA:
2026-10-07T00:18:38.411874Z INFO  main 
    std: : [0.4865400963447246]
    ave: : [0.007945180122454794]
    min: : [-3.077]
    max: : [3.716333333333333]
    n: 2341
    n_valid: : [2341]
    dt_original: : [1000000000]
2026-10-07T00:18:38.418146Z INFO  main Plotting 'East Point' data for event '2024-05-10'
2026-10-07T00:18:38.424482Z INFO  main   Plotting 'East Point/GIC/measured/TVA' original vs. modified data for event '2024-05-10'
2026-10-07T00:18:45.057099Z INFO  main     Writing C:\Users\lwilker\Documents\GitHub\SWERVE-data\data_processed/2024-05-10/sites/eastpoint/figures\original\GIC_measured_TVA.png
2026-10-07T00:18:46.315755Z INFO  main     Writing C:\Users\lwilker\Documents\GitHub\SWERVE-data\data_processed/2024-05-10/sites/eastpoint/figures\original\GIC_measured_TVA.pdf
2026-10-07T00:18:46.696062Z INFO  main Reading 'Widows Creek' data for event '2015-06-22'
2026-10-07T00:18:46.718405Z INFO  main   Reading 'GIC/measured/TVA' data for event '2015-06-22'
2026-10-07T00:18:46.728706Z INFO  main     Reading C:\Users\lwilker\Documents\GitHub\SWERVE-data\data_original\tva\2015-06-22\gic\GIC-measured\gic-widowscreek_20150622.csv
2026-10-07T00:18:50.225851Z INFO  main     Running automated error checks on GIC measured data
2026-10-07T00:19:00.495123Z INFO  main     Uniq dts [ns] = [ 2000000000  6000000000  8000000000 56000000000 58000000000]
2026-10-07T00:19:00.495123Z INFO  main     Uniq dts [#]  = 5
2026-10-07T00:19:00.597692Z INFO  main     
Resample to 1m aves and NaN pad or trim to start/stop.
2026-10-07T00:19:00.856906Z INFO  main     Writing C:\Users\lwilker\Documents\GitHub\SWERVE-data\data_processed\2015-06-22\sites\widowscreek\data\GIC_measured_TVA.pkl
2026-10-07T00:19:01.181473Z INFO  main   Writing C:\Users\lwilker\Documents\GitHub\SWERVE-data\data_processed\2015-06-22\sites\widowscreek\data\_all.pkl
2026-10-07T00:19:01.360050Z INFO  main Computing stats for 'Widows Creek' data
2026-10-07T00:19:01.568376Z INFO  main   Uniq dts [ns] = [ 2000000000  6000000000  8000000000 56000000000 58000000000]
2026-10-07T00:19:01.570394Z INFO  main   Uniq dts [#]  = 5
2026-10-07T00:19:01.570394Z INFO  main   Stats for GIC/measured/TVA:
2026-10-07T00:19:01.570394Z INFO  main 
    std: : [0.6448606753306172]
    ave: : [0.11078395542179072]
    min: : [-8.021666666666667]
    max: : [4.597333333333334]
    n: 1981
    n_valid: : [1981]
    dt_original: : [2000000000 nanoseconds, 6000000000 nanoseconds, ..., 56000000000 nanoseconds, 58000000000 nanoseconds] (5 elements)
2026-10-07T00:19:01.572409Z INFO  main Plotting 'Widows Creek' data for event '2015-06-22'
2026-10-07T00:19:01.576447Z INFO  main   Plotting 'Widows Creek/GIC/measured/TVA' original vs. modified data for event '2015-06-22'
2026-10-07T00:19:05.949620Z INFO  main     Writing C:\Users\lwilker\Documents\GitHub\SWERVE-data\data_processed/2015-06-22/sites/widowscreek/figures\original\GIC_measured_TVA.png
2026-10-07T00:19:07.048449Z INFO  main     Writing C:\Users\lwilker\Documents\GitHub\SWERVE-data\data_processed/2015-06-22/sites/widowscreek/figures\original\GIC_measured_TVA.pdf
2026-10-07T00:19:07.366693Z INFO  main Reading 'Widows Creek' data for event '2014-09-11'
2026-10-07T00:19:07.386521Z INFO  main   Reading 'GIC/measured/TVA' data for event '2014-09-11'
2026-10-07T00:19:07.394914Z INFO  main     Reading C:\Users\lwilker\Documents\GitHub\SWERVE-data\data_original\tva\2014-09-11\gic\GIC-measured\gic-widowscreek_20140911.csv
2026-10-07T00:19:12.101626Z INFO  main     Running automated error checks on GIC measured data
2026-10-07T00:19:27.461860Z INFO  main     Uniq dts [ns] = [2000000000]
2026-10-07T00:19:27.461860Z INFO  main     Uniq dts [#]  = 1
2026-10-07T00:19:27.728975Z INFO  main     
Resample to 1m aves and NaN pad or trim to start/stop.
2026-10-07T00:19:28.086890Z INFO  main     Writing C:\Users\lwilker\Documents\GitHub\SWERVE-data\data_processed\2014-09-11\sites\widowscreek\data\GIC_measured_TVA.pkl
2026-10-07T00:19:28.412191Z INFO  main   Writing C:\Users\lwilker\Documents\GitHub\SWERVE-data\data_processed\2014-09-11\sites\widowscreek\data\_all.pkl
2026-10-07T00:19:28.757838Z INFO  main Computing stats for 'Widows Creek' data
2026-10-07T00:19:29.065804Z INFO  main   Uniq dts [ns] = [ 2000000000 20000000000]
2026-10-07T00:19:29.067545Z INFO  main   Uniq dts [#]  = 2
2026-10-07T00:19:29.067545Z INFO  main   Stats for GIC/measured/TVA:
2026-10-07T00:19:29.067545Z INFO  main 
    std: : [0.5101739492789971]
    ave: : [0.06706341656757826]
    min: : [-2.121]
    max: : [2.1093333333333333]
    n: 841
    n_valid: : [841]
    dt_original: : [2000000000, 20000000000]
2026-10-07T00:19:29.069704Z INFO  main Plotting 'Widows Creek' data for event '2014-09-11'
2026-10-07T00:19:29.074227Z INFO  main   Plotting 'Widows Creek/GIC/measured/TVA' original vs. modified data for event '2014-09-11'
2026-10-07T00:19:34.047009Z INFO  main     Writing C:\Users\lwilker\Documents\GitHub\SWERVE-data\data_processed/2014-09-11/sites/widowscreek/figures\original\GIC_measured_TVA.png
2026-10-07T00:19:35.272290Z INFO  main     Writing C:\Users\lwilker\Documents\GitHub\SWERVE-data\data_processed/2014-09-11/sites/widowscreek/figures\original\GIC_measured_TVA.pdf
2026-10-07T00:19:35.648653Z INFO  main Reading 'Widows Creek' data for event '2023-03-23'
2026-10-07T00:19:35.666415Z INFO  main   Reading 'GIC/measured/TVA' data for event '2023-03-23'
2026-10-07T00:19:35.666415Z INFO  main     Reading C:\Users\lwilker\Documents\GitHub\SWERVE-data\data_original\tva\2023-03-23\gic\GIC-measured\gic-widowscreek_20230323.csv
2026-10-07T00:19:43.441011Z INFO  main     Running automated error checks on GIC measured data
2026-10-07T00:20:06.880460Z INFO  main     Uniq dts [ns] = [1000000000]
2026-10-07T00:20:06.882478Z INFO  main     Uniq dts [#]  = 1
2026-10-07T00:20:07.209677Z INFO  main     
Resample to 1m aves and NaN pad or trim to start/stop.
2026-10-07T00:20:07.812625Z INFO  main     Writing C:\Users\lwilker\Documents\GitHub\SWERVE-data\data_processed\2023-03-23\sites\widowscreek\data\GIC_measured_TVA.pkl
2026-10-07T00:20:08.246042Z INFO  main   Writing C:\Users\lwilker\Documents\GitHub\SWERVE-data\data_processed\2023-03-23\sites\widowscreek\data\_all.pkl
2026-10-07T00:20:08.701090Z INFO  main Computing stats for 'Widows Creek' data
2026-10-07T00:20:09.214537Z INFO  main   Uniq dts [ns] = [1000000000]
2026-10-07T00:20:09.214537Z INFO  main   Uniq dts [#]  = 1
2026-10-07T00:20:09.214537Z INFO  main   Stats for GIC/measured/TVA:
2026-10-07T00:20:09.214537Z INFO  main 
    std: : [0.3747177630167672]
    ave: : [-0.06695622464232329]
    min: : [-2.506666666666667]
    max: : [1.7510000000000001]
    n: 1561
    n_valid: : [1561]
    dt_original: : [1000000000]
2026-10-07T00:20:09.218340Z INFO  main Plotting 'Widows Creek' data for event '2023-03-23'
2026-10-07T00:20:09.225923Z INFO  main   Plotting 'Widows Creek/GIC/measured/TVA' original vs. modified data for event '2023-03-23'
2026-10-07T00:20:15.421995Z INFO  main     Writing C:\Users\lwilker\Documents\GitHub\SWERVE-data\data_processed/2023-03-23/sites/widowscreek/figures\original\GIC_measured_TVA.png
2026-10-07T00:20:16.807858Z INFO  main     Writing C:\Users\lwilker\Documents\GitHub\SWERVE-data\data_processed/2023-03-23/sites/widowscreek/figures\original\GIC_measured_TVA.pdf
2026-10-07T00:20:17.189240Z INFO  main Reading 'Widows Creek' data for event '2016-02-17'
2026-10-07T00:20:17.205201Z INFO  main   Reading 'GIC/measured/TVA' data for event '2016-02-17'
2026-10-07T00:20:17.214804Z INFO  main     Reading C:\Users\lwilker\Documents\GitHub\SWERVE-data\data_original\tva\2016-02-17\gic\GIC-measured\gic-widowscreek_20160217.csv
2026-10-07T00:20:19.231788Z INFO  main     Running automated error checks on GIC measured data
2026-10-07T00:20:24.868315Z INFO  main     Uniq dts [ns] = [2000000000]
2026-10-07T00:20:24.868315Z INFO  main     Uniq dts [#]  = 1
2026-10-07T00:20:24.925437Z INFO  main     
Resample to 1m aves and NaN pad or trim to start/stop.
2026-10-07T00:20:25.132141Z INFO  main     Writing C:\Users\lwilker\Documents\GitHub\SWERVE-data\data_processed\2016-02-17\sites\widowscreek\data\GIC_measured_TVA.pkl
2026-10-07T00:20:25.283824Z INFO  main   Writing C:\Users\lwilker\Documents\GitHub\SWERVE-data\data_processed\2016-02-17\sites\widowscreek\data\_all.pkl
2026-10-07T00:20:25.381678Z INFO  main Computing stats for 'Widows Creek' data
2026-10-07T00:20:25.500449Z INFO  main   Uniq dts [ns] = [2000000000]
2026-10-07T00:20:25.500449Z INFO  main   Uniq dts [#]  = 1
2026-10-07T00:20:25.500449Z INFO  main   Stats for GIC/measured/TVA:
2026-10-07T00:20:25.500449Z INFO  main 
    std: : [0.2833575298609485]
    ave: : [0.2023022792022792]
    min: : [-0.9626666666666667]
    max: : [1.219]
    n: 2581
    n_valid: : [1170]
    dt_original: : [2000000000]
2026-10-07T00:20:25.513778Z INFO  main Plotting 'Widows Creek' data for event '2016-02-17'
2026-10-07T00:20:25.522791Z INFO  main   Plotting 'Widows Creek/GIC/measured/TVA' original vs. modified data for event '2016-02-17'
2026-10-07T00:20:30.394075Z INFO  main     Writing C:\Users\lwilker\Documents\GitHub\SWERVE-data\data_processed/2016-02-17/sites/widowscreek/figures\original\GIC_measured_TVA.png
2026-10-07T00:20:31.937152Z INFO  main     Writing C:\Users\lwilker\Documents\GitHub\SWERVE-data\data_processed/2016-02-17/sites/widowscreek/figures\original\GIC_measured_TVA.pdf
2026-10-07T00:20:32.302517Z INFO  main Reading 'Widows Creek' data for event '2015-10-07'
2026-10-07T00:20:32.316218Z INFO  main   Reading 'GIC/measured/TVA' data for event '2015-10-07'
2026-10-07T00:20:32.330919Z INFO  main     Reading C:\Users\lwilker\Documents\GitHub\SWERVE-data\data_original\tva\2015-10-07\gic\GIC-measured\gic-widowscreek_20151007.csv
2026-10-07T00:20:36.395071Z INFO  main     Running automated error checks on GIC measured data
2026-10-07T00:20:47.556672Z INFO  main     Uniq dts [ns] = [ 2000000000  8000000000 52000000000 62000000000]
2026-10-07T00:20:47.556672Z INFO  main     Uniq dts [#]  = 4
2026-10-07T00:20:47.663890Z INFO  main     
Resample to 1m aves and NaN pad or trim to start/stop.
2026-10-07T00:20:47.979582Z INFO  main     Writing C:\Users\lwilker\Documents\GitHub\SWERVE-data\data_processed\2015-10-07\sites\widowscreek\data\GIC_measured_TVA.pkl
2026-10-07T00:20:48.188769Z INFO  main   Writing C:\Users\lwilker\Documents\GitHub\SWERVE-data\data_processed\2015-10-07\sites\widowscreek\data\_all.pkl
2026-10-07T00:20:48.494953Z INFO  main Computing stats for 'Widows Creek' data
2026-10-07T00:20:48.729316Z INFO  main   Uniq dts [ns] = [ 2000000000  8000000000 52000000000 62000000000]
2026-10-07T00:20:48.731334Z INFO  main   Uniq dts [#]  = 4
2026-10-07T00:20:48.731334Z INFO  main   Stats for GIC/measured/TVA:
2026-10-07T00:20:48.731334Z INFO  main 
    std: : [0.6064451379760294]
    ave: : [0.14754376680396208]
    min: : [-2.8903333333333334]
    max: : [2.3313333333333333]
    n: 1741
    n_valid: : [1741]
    dt_original: : [2000000000, 8000000000, 52000000000, 62000000000]
2026-10-07T00:20:48.731334Z INFO  main Plotting 'Widows Creek' data for event '2015-10-07'
2026-10-07T00:20:48.742159Z INFO  main   Plotting 'Widows Creek/GIC/measured/TVA' original vs. modified data for event '2015-10-07'
2026-10-07T00:20:54.352235Z INFO  main     Writing C:\Users\lwilker\Documents\GitHub\SWERVE-data\data_processed/2015-10-07/sites/widowscreek/figures\original\GIC_measured_TVA.png
2026-10-07T00:20:56.041203Z INFO  main     Writing C:\Users\lwilker\Documents\GitHub\SWERVE-data\data_processed/2015-10-07/sites/widowscreek/figures\original\GIC_measured_TVA.pdf
2026-10-07T00:20:56.361117Z INFO  main Reading 'Bull Run' data for event '2015-06-22'
2026-10-07T00:20:56.379171Z INFO  main   Reading 'GIC/measured/TVA' data for event '2015-06-22'
2026-10-07T00:20:56.390398Z INFO  main     Reading C:\Users\lwilker\Documents\GitHub\SWERVE-data\data_original\tva\2015-06-22\gic\GIC-measured\gic-bullrun_20150622.csv
2026-10-07T00:20:59.626361Z INFO  main     Running automated error checks on GIC measured data
2026-10-07T00:21:09.970355Z INFO  main     Uniq dts [ns] = [ 2000000000 16000000000 60000000000]
2026-10-07T00:21:09.970355Z INFO  main     Uniq dts [#]  = 3
2026-10-07T00:21:10.148283Z INFO  main     
Resample to 1m aves and NaN pad or trim to start/stop.
2026-10-07T00:21:10.398793Z INFO  main     Writing C:\Users\lwilker\Documents\GitHub\SWERVE-data\data_processed\2015-06-22\sites\bullrun\data\GIC_measured_TVA.pkl
2026-10-07T00:21:10.605036Z INFO  main   Writing C:\Users\lwilker\Documents\GitHub\SWERVE-data\data_processed\2015-06-22\sites\bullrun\data\_all.pkl
2026-10-07T00:21:10.806457Z INFO  main Computing stats for 'Bull Run' data
2026-10-07T00:21:11.043071Z INFO  main   Uniq dts [ns] = [ 2000000000 16000000000 60000000000]
2026-10-07T00:21:11.043071Z INFO  main   Uniq dts [#]  = 3
2026-10-07T00:21:11.043071Z INFO  main   Stats for GIC/measured/TVA:
2026-10-07T00:21:11.043071Z INFO  main 
    std: : [0.5811267645165428]
    ave: : [-0.37526158686970995]
    min: : [-4.188666666666666]
    max: : [6.161666666666666]
    n: 1981
    n_valid: : [1981]
    dt_original: : [2000000000, 16000000000, 60000000000]
2026-10-07T00:21:11.043071Z INFO  main Plotting 'Bull Run' data for event '2015-06-22'
2026-10-07T00:21:11.054811Z INFO  main   Plotting 'Bull Run/GIC/measured/TVA' original vs. modified data for event '2015-06-22'
2026-10-07T00:21:16.055593Z INFO  main     Writing C:\Users\lwilker\Documents\GitHub\SWERVE-data\data_processed/2015-06-22/sites/bullrun/figures\original\GIC_measured_TVA.png
2026-10-07T00:21:17.410644Z INFO  main     Writing C:\Users\lwilker\Documents\GitHub\SWERVE-data\data_processed/2015-06-22/sites/bullrun/figures\original\GIC_measured_TVA.pdf
2026-10-07T00:21:17.829719Z INFO  main Reading 'Bull Run' data for event '2023-03-23'
2026-10-07T00:21:17.855349Z INFO  main   Reading 'GIC/measured/TVA' data for event '2023-03-23'
2026-10-07T00:21:17.862431Z INFO  main     Reading C:\Users\lwilker\Documents\GitHub\SWERVE-data\data_original\tva\2023-03-23\gic\GIC-measured\gic-bullrun_20230323.csv
2026-10-07T00:21:24.789596Z INFO  main     Running automated error checks on GIC measured data
2026-10-07T00:21:45.675043Z INFO  main     Uniq dts [ns] = [1000000000]
2026-10-07T00:21:45.677062Z INFO  main     Uniq dts [#]  = 1
2026-10-07T00:21:46.001669Z INFO  main     
Resample to 1m aves and NaN pad or trim to start/stop.
2026-10-07T00:21:46.501694Z INFO  main     Writing C:\Users\lwilker\Documents\GitHub\SWERVE-data\data_processed\2023-03-23\sites\bullrun\data\GIC_measured_TVA.pkl
2026-10-07T00:21:46.891000Z INFO  main   Writing C:\Users\lwilker\Documents\GitHub\SWERVE-data\data_processed\2023-03-23\sites\bullrun\data\_all.pkl
2026-10-07T00:21:47.353411Z INFO  main Computing stats for 'Bull Run' data
2026-10-07T00:21:47.819635Z INFO  main   Uniq dts [ns] = [1000000000]
2026-10-07T00:21:47.821205Z INFO  main   Uniq dts [#]  = 1
2026-10-07T00:21:47.821205Z INFO  main   Stats for GIC/measured/TVA:
2026-10-07T00:21:47.821205Z INFO  main 
    std: : [0.6464000139819323]
    ave: : [-0.02034070040572282]
    min: : [-3.181833333333333]
    max: : [3.9063333333333334]
    n: 1561
    n_valid: : [1561]
    dt_original: : [1000000000]
2026-10-07T00:21:47.822787Z INFO  main Plotting 'Bull Run' data for event '2023-03-23'
2026-10-07T00:21:47.829880Z INFO  main   Plotting 'Bull Run/GIC/measured/TVA' original vs. modified data for event '2023-03-23'
2026-10-07T00:21:53.227767Z INFO  main     Writing C:\Users\lwilker\Documents\GitHub\SWERVE-data\data_processed/2023-03-23/sites/bullrun/figures\original\GIC_measured_TVA.png
2026-10-07T00:21:54.495009Z INFO  main     Writing C:\Users\lwilker\Documents\GitHub\SWERVE-data\data_processed/2023-03-23/sites/bullrun/figures\original\GIC_measured_TVA.pdf
2026-10-07T00:21:54.879743Z INFO  main Reading 'Bull Run' data for event '2016-02-17'
2026-10-07T00:21:54.900428Z INFO  main   Reading 'GIC/measured/TVA' data for event '2016-02-17'
2026-10-07T00:21:54.906753Z INFO  main     Reading C:\Users\lwilker\Documents\GitHub\SWERVE-data\data_original\tva\2016-02-17\gic\GIC-measured\gic-bullrun_20160217.csv
2026-10-07T00:21:56.682477Z INFO  main     Running automated error checks on GIC measured data
2026-10-07T00:22:01.942423Z INFO  main     Uniq dts [ns] = [2000000000]
2026-10-07T00:22:01.942423Z INFO  main     Uniq dts [#]  = 1
2026-10-07T00:22:01.988955Z INFO  main     
Resample to 1m aves and NaN pad or trim to start/stop.
2026-10-07T00:22:02.195199Z INFO  main     Writing C:\Users\lwilker\Documents\GitHub\SWERVE-data\data_processed\2016-02-17\sites\bullrun\data\GIC_measured_TVA.pkl
2026-10-07T00:22:02.307415Z INFO  main   Writing C:\Users\lwilker\Documents\GitHub\SWERVE-data\data_processed\2016-02-17\sites\bullrun\data\_all.pkl
2026-10-07T00:22:02.403436Z INFO  main Computing stats for 'Bull Run' data
2026-10-07T00:22:02.535716Z INFO  main   Uniq dts [ns] = [2000000000]
2026-10-07T00:22:02.535716Z INFO  main   Uniq dts [#]  = 1
2026-10-07T00:22:02.535716Z INFO  main   Stats for GIC/measured/TVA:
2026-10-07T00:22:02.535716Z INFO  main 
    std: : [0.20457265116719525]
    ave: : [-0.10873202346793166]
    min: : [-0.8223333333333332]
    max: : [0.6596666666666666]
    n: 2581
    n_valid: : [1170]
    dt_original: : [2000000000]
2026-10-07T00:22:02.535716Z INFO  main Plotting 'Bull Run' data for event '2016-02-17'
2026-10-07T00:22:02.545197Z INFO  main   Plotting 'Bull Run/GIC/measured/TVA' original vs. modified data for event '2016-02-17'
2026-10-07T00:22:08.099196Z INFO  main     Writing C:\Users\lwilker\Documents\GitHub\SWERVE-data\data_processed/2016-02-17/sites/bullrun/figures\original\GIC_measured_TVA.png
2026-10-07T00:22:09.804872Z INFO  main     Writing C:\Users\lwilker\Documents\GitHub\SWERVE-data\data_processed/2016-02-17/sites/bullrun/figures\original\GIC_measured_TVA.pdf
2026-10-07T00:22:10.225834Z INFO  main Reading 'Bull Run' data for event '2024-05-10'
2026-10-07T00:22:10.250016Z INFO  main   Reading 'GIC/measured/TVA' data for event '2024-05-10'
2026-10-07T00:22:10.258150Z INFO  main     Reading C:\Users\lwilker\Documents\GitHub\SWERVE-data\data_original\tva\2024-05-10\gic\GIC-measured\gic-bullrun_20240510.csv
2026-10-07T00:22:19.529683Z INFO  main     Running automated error checks on GIC measured data
2026-10-07T00:22:52.533990Z INFO  main     Uniq dts [ns] = [1000000000]
2026-10-07T00:22:52.533990Z INFO  main     Uniq dts [#]  = 1
2026-10-07T00:22:53.005871Z INFO  main     
Resample to 1m aves and NaN pad or trim to start/stop.
2026-10-07T00:22:53.961258Z INFO  main     Writing C:\Users\lwilker\Documents\GitHub\SWERVE-data\data_processed\2024-05-10\sites\bullrun\data\GIC_measured_TVA.pkl
2026-10-07T00:22:54.575089Z INFO  main   Reading 'B/measured/TVA' data for event '2024-05-10'
2026-10-07T00:22:54.581782Z INFO  main     Reading C:\Users\lwilker\Documents\GitHub\SWERVE-data\data_original\tva\2024-05-10\mag\bullrun_mag_20240509.csv
2026-10-07T00:23:15.035214Z INFO  main     Remove baseline then Resample to 1m aves and NaN pad or trim to start/stop.
2026-10-07T00:23:16.258627Z INFO  main     Writing C:\Users\lwilker\Documents\GitHub\SWERVE-data\data_processed\2024-05-10\sites\bullrun\data\B_measured_TVA.pkl
2026-10-07T00:23:17.181904Z INFO  main   Writing C:\Users\lwilker\Documents\GitHub\SWERVE-data\data_processed\2024-05-10\sites\bullrun\data\_all.pkl
2026-10-07T00:23:18.948883Z INFO  main Computing stats for 'Bull Run' data
2026-10-07T00:23:19.725613Z INFO  main   Uniq dts [ns] = [1000000000]
2026-10-07T00:23:19.725613Z INFO  main   Uniq dts [#]  = 1
2026-10-07T00:23:19.725613Z INFO  main   Stats for GIC/measured/TVA:
2026-10-07T00:23:19.728651Z INFO  main 
    std: : [1.5045709152904927]
    ave: : [0.02516666666666667]
    min: : [-13.748166666666666]
    max: : [14.058]
    n: 2341
    n_valid: : [2341]
    dt_original: : [1000000000]
2026-10-07T00:23:20.956552Z INFO  main   Uniq dts [ns] = [1000000000]
2026-10-07T00:23:20.956552Z INFO  main   Uniq dts [#]  = 1
2026-10-07T00:23:20.956552Z INFO  main   Stats for B/measured/TVA:
2026-10-07T00:23:20.956552Z INFO  main 
    std: : [112.60737207367171, 87.37002495699609, 85.2510986110005, 96.12848235853116]
    ave: : [-160.79414730172243, -35.00097152214138, 2.5938832407794363, 195.40044649921407]
    min: : [-513.5193333333333, -347.23799999999994, -286.33733333333413, 5.386857447330596]
    max: : [362.2596666666666, 219.13350000000008, 394.9526666666655, 614.6266756749555]
    n: 2341
    n_valid: : [2341, 2341, 2341, 2341]
    dt_original: : [1000000000]
2026-10-07T00:23:20.974733Z INFO  main Plotting 'Bull Run' data for event '2024-05-10'
2026-10-07T00:23:20.986334Z INFO  main   Plotting 'Bull Run/GIC/measured/TVA' original vs. modified data for event '2024-05-10'
2026-10-07T00:23:30.031652Z INFO  main     Writing C:\Users\lwilker\Documents\GitHub\SWERVE-data\data_processed/2024-05-10/sites/bullrun/figures\original\GIC_measured_TVA.png
2026-10-07T00:23:31.885441Z INFO  main     Writing C:\Users\lwilker\Documents\GitHub\SWERVE-data\data_processed/2024-05-10/sites/bullrun/figures\original\GIC_measured_TVA.pdf
2026-10-07T00:23:32.457418Z INFO  main   Plotting 'Bull Run/B/measured/TVA' original vs. modified data for event '2024-05-10'
2026-10-07T00:23:56.838788Z INFO  main     Writing C:\Users\lwilker\Documents\GitHub\SWERVE-data\data_processed/2024-05-10/sites/bullrun/figures\original\B_measured_TVA_Bx.png
2026-10-07T00:23:58.251010Z INFO  main     Writing C:\Users\lwilker\Documents\GitHub\SWERVE-data\data_processed/2024-05-10/sites/bullrun/figures\original\B_measured_TVA_Bx.pdf
2026-10-07T00:23:59.500434Z INFO  main     Writing C:\Users\lwilker\Documents\GitHub\SWERVE-data\data_processed/2024-05-10/sites/bullrun/figures\original\B_measured_TVA_By.png
2026-10-07T00:24:01.226930Z INFO  main     Writing C:\Users\lwilker\Documents\GitHub\SWERVE-data\data_processed/2024-05-10/sites/bullrun/figures\original\B_measured_TVA_By.pdf
2026-10-07T00:24:02.459427Z INFO  main     Writing C:\Users\lwilker\Documents\GitHub\SWERVE-data\data_processed/2024-05-10/sites/bullrun/figures\original\B_measured_TVA_Bz.png
2026-10-07T00:24:03.684428Z INFO  main     Writing C:\Users\lwilker\Documents\GitHub\SWERVE-data\data_processed/2024-05-10/sites/bullrun/figures\original\B_measured_TVA_Bz.pdf
2026-10-07T00:24:04.954122Z INFO  main Reading 'Bull Run' data for event '2015-10-07'
2026-10-07T00:24:04.980788Z INFO  main   Reading 'GIC/measured/TVA' data for event '2015-10-07'
2026-10-07T00:24:04.993886Z INFO  main     Reading C:\Users\lwilker\Documents\GitHub\SWERVE-data\data_original\tva\2015-10-07\gic\GIC-measured\gic-bullrun_20151007.csv
2026-10-07T00:24:10.088852Z INFO  main     Running automated error checks on GIC measured data
2026-10-07T00:24:26.155683Z INFO  main     Uniq dts [ns] = [ 2000000000 48000000000 52000000000 62000000000]
2026-10-07T00:24:26.155683Z INFO  main     Uniq dts [#]  = 4
2026-10-07T00:24:26.676394Z INFO  main     
Resample to 1m aves and NaN pad or trim to start/stop.
2026-10-07T00:24:27.100914Z INFO  main     Writing C:\Users\lwilker\Documents\GitHub\SWERVE-data\data_processed\2015-10-07\sites\bullrun\data\GIC_measured_TVA.pkl
2026-10-07T00:24:27.409280Z INFO  main   Writing C:\Users\lwilker\Documents\GitHub\SWERVE-data\data_processed\2015-10-07\sites\bullrun\data\_all.pkl
2026-10-07T00:24:27.684730Z INFO  main Computing stats for 'Bull Run' data
2026-10-07T00:24:28.049400Z INFO  main   Uniq dts [ns] = [ 2000000000 48000000000 52000000000 62000000000]
2026-10-07T00:24:28.049400Z INFO  main   Uniq dts [#]  = 4
2026-10-07T00:24:28.049400Z INFO  main   Stats for GIC/measured/TVA:
2026-10-07T00:24:28.049400Z INFO  main 
    std: : [0.455492474882721]
    ave: : [-0.3094469462783848]
    min: : [-1.909]
    max: : [1.8993333333333333]
    n: 1741
    n_valid: : [1740]
    dt_original: : [2000000000, 48000000000, 52000000000, 62000000000]
2026-10-07T00:24:28.060050Z INFO  main Plotting 'Bull Run' data for event '2015-10-07'
2026-10-07T00:24:28.068525Z INFO  main   Plotting 'Bull Run/GIC/measured/TVA' original vs. modified data for event '2015-10-07'
