2026-07-31T10:16:13.053962Z INFO  main Reading '10052' data
2026-07-31T10:16:13.069520Z INFO  main   Reading 'GIC/measured/NERC' data
2026-07-31T10:16:13.074158Z INFO  main     Reading C:\Users\lwilker\Documents\GitHub\SWERVE-data\data_original\nerc\2021-05-12\gic\2021E01_10052.csv
2026-07-31T10:16:15.202970Z INFO  main     Running automated error checks on GIC measured data
2026-07-31T10:16:28.966664Z INFO  main     Baseline offset of 1.27 A corrected. 
Resample to 1m aves and NaN pad or trim to start/stop.
2026-07-31T10:16:29.311586Z INFO  main     Writing C:\Users\lwilker\Documents\GitHub\SWERVE-data\data_processed\2021-05-12\sites\10052\data\GIC_measured_NERC.pkl
2026-07-31T10:16:29.560270Z INFO  main   Writing C:\Users\lwilker\Documents\GitHub\SWERVE-data\data_processed\2021-05-12\sites\10052\data\_all.pkl
2026-07-31T10:16:29.789675Z INFO  main Computing stats for '10052' data
2026-07-31T10:16:30.076284Z INFO  main   Uniq dts [ns] = [1000000000]
2026-07-31T10:16:30.076284Z INFO  main   Uniq dts [#]  = 1
2026-07-31T10:16:30.076284Z INFO  main   Stats for GIC/measured/NERC:
2026-07-31T10:16:30.076284Z INFO  main 
    std: : [0.13864532221058865]
    ave: : [-0.050542392127176455]
    min: : [-0.4155]
    max: : [0.7349999999999999]
    n: 1321
    n_valid: : [1321]
    dt_original: : [1000000000]
2026-07-31T10:16:30.076284Z INFO  main Plotting '10052' data
2026-07-31T10:16:30.086702Z INFO  main   Plotting '10052/GIC/measured/NERC' original vs. modified data
2026-07-31T10:16:32.532614Z INFO  main     Writing C:\Users\lwilker\Documents\GitHub\SWERVE-data\data_processed/2021-05-12/sites/10052/figures\original\GIC_measured_NERC.png
2026-07-31T10:16:33.605544Z INFO  main     Writing C:\Users\lwilker\Documents\GitHub\SWERVE-data\data_processed/2021-05-12/sites/10052/figures\original\GIC_measured_NERC.pdf
2026-07-31T10:16:34.263646Z INFO  main Reading '10064' data
2026-07-31T10:16:34.271741Z INFO  main   Reading 'GIC/measured/NERC' data
2026-07-31T10:16:34.283068Z INFO  main     Reading C:\Users\lwilker\Documents\GitHub\SWERVE-data\data_original\nerc\2021-05-12\gic\2021E01_10064.csv
2026-07-31T10:16:34.497327Z INFO  main     Running automated error checks on GIC measured data
2026-07-31T10:16:36.499542Z INFO  main     
Resample to 1m aves and NaN pad or trim to start/stop.
2026-07-31T10:16:36.565200Z INFO  main     Writing C:\Users\lwilker\Documents\GitHub\SWERVE-data\data_processed\2021-05-12\sites\10064\data\GIC_measured_NERC.pkl
2026-07-31T10:16:36.596000Z INFO  main   Writing C:\Users\lwilker\Documents\GitHub\SWERVE-data\data_processed\2021-05-12\sites\10064\data\_all.pkl
2026-07-31T10:16:36.614915Z INFO  main Computing stats for '10064' data
2026-07-31T10:16:36.657753Z INFO  main   Uniq dts [ns] = [10000000000 30000000000 70000000000]
2026-07-31T10:16:36.657753Z INFO  main   Uniq dts [#]  = 3
2026-07-31T10:16:36.657753Z INFO  main   Stats for GIC/measured/NERC:
2026-07-31T10:16:36.657753Z INFO  main 
    std: : [0.0]
    ave: : [0.0]
    min: : [0.0]
    max: : [0.0]
    n: 1321
    n_valid: : [1321]
    dt_original: : [10000000000, 30000000000, 70000000000]
2026-07-31T10:16:36.662670Z INFO  main Plotting '10064' data
2026-07-31T10:16:36.669616Z INFO  main   Plotting '10064/GIC/measured/NERC' original vs. modified data
2026-07-31T10:16:37.528617Z INFO  main     Writing C:\Users\lwilker\Documents\GitHub\SWERVE-data\data_processed/2021-05-12/sites/10064/figures\original\GIC_measured_NERC.png
2026-07-31T10:16:38.535440Z INFO  main     Writing C:\Users\lwilker\Documents\GitHub\SWERVE-data\data_processed/2021-05-12/sites/10064/figures\original\GIC_measured_NERC.pdf
2026-07-31T10:16:38.844646Z INFO  main Reading '10065' data
2026-07-31T10:16:38.868480Z INFO  main   Reading 'GIC/measured/NERC' data
2026-07-31T10:16:38.870498Z INFO  main     Reading C:\Users\lwilker\Documents\GitHub\SWERVE-data\data_original\nerc\2021-05-12\gic\2021E01_10065.csv
2026-07-31T10:16:39.233635Z INFO  main     Running automated error checks on GIC measured data
2026-07-31T10:16:40.554666Z INFO  main     Baseline offset of 1.96 A corrected. 
Resample to 1m aves and NaN pad or trim to start/stop.
2026-07-31T10:16:40.609699Z INFO  main     Writing C:\Users\lwilker\Documents\GitHub\SWERVE-data\data_processed\2021-05-12\sites\10065\data\GIC_measured_NERC.pkl
2026-07-31T10:16:40.637377Z INFO  main   Writing C:\Users\lwilker\Documents\GitHub\SWERVE-data\data_processed\2021-05-12\sites\10065\data\_all.pkl
2026-07-31T10:16:40.668986Z INFO  main Computing stats for '10065' data
2026-07-31T10:16:40.704035Z INFO  main   Uniq dts [ns] = [10000000000 30000000000 70000000000]
2026-07-31T10:16:40.704035Z INFO  main   Uniq dts [#]  = 3
2026-07-31T10:16:40.706047Z INFO  main   Stats for GIC/measured/NERC:
2026-07-31T10:16:40.706047Z INFO  main 
    std: : [0.4353539054169211]
    ave: : [0.12894272016149388]
    min: : [-2.1149999999999998]
    max: : [2.1866666666666665]
    n: 1321
    n_valid: : [1321]
    dt_original: : [10000000000, 30000000000, 70000000000]
2026-07-31T10:16:40.707666Z INFO  main Plotting '10065' data
2026-07-31T10:16:40.714418Z INFO  main   Plotting '10065/GIC/measured/NERC' original vs. modified data
2026-07-31T10:16:41.537189Z INFO  main     Writing C:\Users\lwilker\Documents\GitHub\SWERVE-data\data_processed/2021-05-12/sites/10065/figures\original\GIC_measured_NERC.png
2026-07-31T10:16:42.495316Z INFO  main     Writing C:\Users\lwilker\Documents\GitHub\SWERVE-data\data_processed/2021-05-12/sites/10065/figures\original\GIC_measured_NERC.pdf
2026-07-31T10:16:42.754345Z INFO  main Reading '10066' data
2026-07-31T10:16:42.771103Z INFO  main   Reading 'GIC/measured/NERC' data
2026-07-31T10:16:42.777669Z INFO  main     Reading C:\Users\lwilker\Documents\GitHub\SWERVE-data\data_original\nerc\2021-05-12\gic\2021E01_10066.csv
2026-07-31T10:16:42.994681Z INFO  main     Running automated error checks on GIC measured data
2026-07-31T10:16:44.520394Z INFO  main     Baseline offset of 2.01 A corrected. 
Resample to 1m aves and NaN pad or trim to start/stop.
2026-07-31T10:16:44.572405Z INFO  main     Writing C:\Users\lwilker\Documents\GitHub\SWERVE-data\data_processed\2021-05-12\sites\10066\data\GIC_measured_NERC.pkl
2026-07-31T10:16:44.591243Z INFO  main   Writing C:\Users\lwilker\Documents\GitHub\SWERVE-data\data_processed\2021-05-12\sites\10066\data\_all.pkl
2026-07-31T10:16:44.625794Z INFO  main Computing stats for '10066' data
2026-07-31T10:16:44.658244Z INFO  main   Uniq dts [ns] = [10000000000 30000000000]
2026-07-31T10:16:44.658244Z INFO  main   Uniq dts [#]  = 2
2026-07-31T10:16:44.658244Z INFO  main   Stats for GIC/measured/NERC:
2026-07-31T10:16:44.658244Z INFO  main 
    std: : [0.45913287867426056]
    ave: : [-0.06313777441332302]
    min: : [-1.6566666666666663]
    max: : [1.6083333333333336]
    n: 1321
    n_valid: : [1321]
    dt_original: : [10000000000, 30000000000]
2026-07-31T10:16:44.658244Z INFO  main Plotting '10066' data
2026-07-31T10:16:44.667746Z INFO  main   Plotting '10066/GIC/measured/NERC' original vs. modified data
2026-07-31T10:16:45.771521Z INFO  main     Writing C:\Users\lwilker\Documents\GitHub\SWERVE-data\data_processed/2021-05-12/sites/10066/figures\original\GIC_measured_NERC.png
2026-07-31T10:16:46.990146Z INFO  main     Writing C:\Users\lwilker\Documents\GitHub\SWERVE-data\data_processed/2021-05-12/sites/10066/figures\original\GIC_measured_NERC.pdf
2026-07-31T10:16:47.352414Z INFO  main Reading '10067' data
2026-07-31T10:16:47.360982Z INFO  main   Reading 'GIC/measured/NERC' data
2026-07-31T10:16:47.373765Z INFO  main     Reading C:\Users\lwilker\Documents\GitHub\SWERVE-data\data_original\nerc\2021-05-12\gic\2021E01_10067.csv
2026-07-31T10:16:47.594091Z INFO  main     Running automated error checks on GIC measured data
2026-07-31T10:16:48.632302Z INFO  main     Baseline offset of -64.90 A corrected. 
Resample to 1m aves and NaN pad or trim to start/stop.
2026-07-31T10:16:48.663841Z INFO  main     Writing C:\Users\lwilker\Documents\GitHub\SWERVE-data\data_processed\2021-05-12\sites\10067\data\GIC_measured_NERC.pkl
2026-07-31T10:16:48.687280Z INFO  main   Writing C:\Users\lwilker\Documents\GitHub\SWERVE-data\data_processed\2021-05-12\sites\10067\data\_all.pkl
2026-07-31T10:16:48.705119Z INFO  main Computing stats for '10067' data
2026-07-31T10:16:48.731600Z INFO  main   Uniq dts [ns] = [10000000000 30000000000 80000000000]
2026-07-31T10:16:48.731600Z INFO  main   Uniq dts [#]  = 3
2026-07-31T10:16:48.731600Z INFO  main   Stats for GIC/measured/NERC:
2026-07-31T10:16:48.731600Z INFO  main 
    std: : [2.219939587921847]
    ave: : [-1.505722937168809]
    min: : [-7.159999999999997]
    max: : [0.0]
    n: 1321
    n_valid: : [1321]
    dt_original: : [10000000000, 30000000000, 80000000000]
2026-07-31T10:16:48.735620Z INFO  main Plotting '10067' data
2026-07-31T10:16:48.741827Z INFO  main   Plotting '10067/GIC/measured/NERC' original vs. modified data
2026-07-31T10:16:49.514339Z INFO  main     Writing C:\Users\lwilker\Documents\GitHub\SWERVE-data\data_processed/2021-05-12/sites/10067/figures\original\GIC_measured_NERC.png
2026-07-31T10:16:50.536096Z INFO  main     Writing C:\Users\lwilker\Documents\GitHub\SWERVE-data\data_processed/2021-05-12/sites/10067/figures\original\GIC_measured_NERC.pdf
2026-07-31T10:16:50.821743Z INFO  main Reading '10068' data
2026-07-31T10:16:50.844353Z INFO  main   Reading 'GIC/measured/NERC' data
2026-07-31T10:16:50.856921Z INFO  main     Reading C:\Users\lwilker\Documents\GitHub\SWERVE-data\data_original\nerc\2021-05-12\gic\2021E01_10068.csv
2026-07-31T10:16:51.076174Z INFO  main     Running automated error checks on GIC measured data
2026-07-31T10:16:52.607358Z INFO  main     
Resample to 1m aves and NaN pad or trim to start/stop.
2026-07-31T10:16:52.665756Z INFO  main     Writing C:\Users\lwilker\Documents\GitHub\SWERVE-data\data_processed\2021-05-12\sites\10068\data\GIC_measured_NERC.pkl
2026-07-31T10:16:52.701162Z INFO  main   Writing C:\Users\lwilker\Documents\GitHub\SWERVE-data\data_processed\2021-05-12\sites\10068\data\_all.pkl
2026-07-31T10:16:52.721587Z INFO  main Computing stats for '10068' data
2026-07-31T10:16:52.761010Z INFO  main   Uniq dts [ns] = [10000000000 30000000000 60000000000]
2026-07-31T10:16:52.761010Z INFO  main   Uniq dts [#]  = 3
2026-07-31T10:16:52.761010Z INFO  main   Stats for GIC/measured/NERC:
2026-07-31T10:16:52.761010Z INFO  main 
    std: : [0.280794206797978]
    ave: : [-0.7278438051980822]
    min: : [-1.2]
    max: : [-0.4000000000000001]
    n: 1321
    n_valid: : [1321]
    dt_original: : [10000000000, 30000000000, 60000000000]
2026-07-31T10:16:52.765607Z INFO  main Plotting '10068' data
2026-07-31T10:16:52.773746Z INFO  main   Plotting '10068/GIC/measured/NERC' original vs. modified data
2026-07-31T10:16:53.638246Z INFO  main     Writing C:\Users\lwilker\Documents\GitHub\SWERVE-data\data_processed/2021-05-12/sites/10068/figures\original\GIC_measured_NERC.png
2026-07-31T10:16:54.552609Z INFO  main     Writing C:\Users\lwilker\Documents\GitHub\SWERVE-data\data_processed/2021-05-12/sites/10068/figures\original\GIC_measured_NERC.pdf
2026-07-31T10:16:54.818238Z INFO  main Reading '10069' data
2026-07-31T10:16:54.842218Z INFO  main   Reading 'GIC/measured/NERC' data
2026-07-31T10:16:54.855852Z INFO  main     Reading C:\Users\lwilker\Documents\GitHub\SWERVE-data\data_original\nerc\2021-05-12\gic\2021E01_10069.csv
2026-07-31T10:16:55.068594Z INFO  main     Running automated error checks on GIC measured data
2026-07-31T10:16:55.931621Z INFO  main     
Resample to 1m aves and NaN pad or trim to start/stop.
2026-07-31T10:16:55.967111Z INFO  main     Writing C:\Users\lwilker\Documents\GitHub\SWERVE-data\data_processed\2021-05-12\sites\10069\data\GIC_measured_NERC.pkl
2026-07-31T10:16:55.987271Z INFO  main   Writing C:\Users\lwilker\Documents\GitHub\SWERVE-data\data_processed\2021-05-12\sites\10069\data\_all.pkl
2026-07-31T10:16:55.999077Z INFO  main Computing stats for '10069' data
2026-07-31T10:16:56.032871Z INFO  main   Uniq dts [ns] = [10000000000 30000000000 50000000000]
2026-07-31T10:16:56.032871Z INFO  main   Uniq dts [#]  = 3
2026-07-31T10:16:56.032871Z INFO  main   Stats for GIC/measured/NERC:
2026-07-31T10:16:56.032871Z INFO  main 
    std: : [0.11433804514766571]
    ave: : [0.0052922028766086305]
    min: : [-0.2833333333333334]
    max: : [0.5216666666666666]
    n: 1321
    n_valid: : [1321]
    dt_original: : [10000000000, 30000000000, 50000000000]
2026-07-31T10:16:56.035542Z INFO  main Plotting '10069' data
2026-07-31T10:16:56.040280Z INFO  main   Plotting '10069/GIC/measured/NERC' original vs. modified data
2026-07-31T10:16:56.694640Z INFO  main     Writing C:\Users\lwilker\Documents\GitHub\SWERVE-data\data_processed/2021-05-12/sites/10069/figures\original\GIC_measured_NERC.png
2026-07-31T10:16:57.628952Z INFO  main     Writing C:\Users\lwilker\Documents\GitHub\SWERVE-data\data_processed/2021-05-12/sites/10069/figures\original\GIC_measured_NERC.pdf
2026-07-31T10:16:57.898920Z INFO  main Reading '10071' data
2026-07-31T10:16:58.050384Z INFO  main   Reading 'GIC/measured/NERC' data
2026-07-31T10:16:58.055480Z INFO  main     Reading C:\Users\lwilker\Documents\GitHub\SWERVE-data\data_original\nerc\2021-05-12\gic\2021E01_10071.csv
2026-07-31T10:16:58.269497Z INFO  main     Running automated error checks on GIC measured data
2026-07-31T10:16:59.229924Z INFO  main     
Resample to 1m aves and NaN pad or trim to start/stop.
2026-07-31T10:16:59.271132Z INFO  main     Writing C:\Users\lwilker\Documents\GitHub\SWERVE-data\data_processed\2021-05-12\sites\10071\data\GIC_measured_NERC.pkl
2026-07-31T10:16:59.295174Z INFO  main   Writing C:\Users\lwilker\Documents\GitHub\SWERVE-data\data_processed\2021-05-12\sites\10071\data\_all.pkl
2026-07-31T10:16:59.322578Z INFO  main Computing stats for '10071' data
2026-07-31T10:16:59.354381Z INFO  main   Uniq dts [ns] = [10000000000 30000000000]
2026-07-31T10:16:59.354381Z INFO  main   Uniq dts [#]  = 2
2026-07-31T10:16:59.354381Z INFO  main   Stats for GIC/measured/NERC:
2026-07-31T10:16:59.354381Z INFO  main 
    std: : [0.78098852409796]
    ave: : [0.060501514004542005]
    min: : [-2.44]
    max: : [3.385]
    n: 1321
    n_valid: : [1321]
    dt_original: : [10000000000, 30000000000]
2026-07-31T10:16:59.354381Z INFO  main Plotting '10071' data
2026-07-31T10:16:59.369861Z INFO  main   Plotting '10071/GIC/measured/NERC' original vs. modified data
2026-07-31T10:17:00.536449Z INFO  main     Writing C:\Users\lwilker\Documents\GitHub\SWERVE-data\data_processed/2021-05-12/sites/10071/figures\original\GIC_measured_NERC.png
2026-07-31T10:17:02.060929Z INFO  main     Writing C:\Users\lwilker\Documents\GitHub\SWERVE-data\data_processed/2021-05-12/sites/10071/figures\original\GIC_measured_NERC.pdf
2026-07-31T10:17:02.236167Z INFO  main Reading '10072' data
2026-07-31T10:17:02.260246Z INFO  main   Reading 'GIC/measured/NERC' data
2026-07-31T10:17:02.260246Z INFO  main     Reading C:\Users\lwilker\Documents\GitHub\SWERVE-data\data_original\nerc\2021-05-12\gic\2021E01_10072.csv
2026-07-31T10:17:02.403855Z INFO  main     Running automated error checks on GIC measured data
2026-07-31T10:17:03.225084Z INFO  main     Baseline offset of 1.32 A corrected. 
Resample to 1m aves and NaN pad or trim to start/stop.
2026-07-31T10:17:03.281010Z INFO  main     Writing C:\Users\lwilker\Documents\GitHub\SWERVE-data\data_processed\2021-05-12\sites\10072\data\GIC_measured_NERC.pkl
2026-07-31T10:17:03.401044Z INFO  main   Writing C:\Users\lwilker\Documents\GitHub\SWERVE-data\data_processed\2021-05-12\sites\10072\data\_all.pkl
2026-07-31T10:17:03.432792Z INFO  main Computing stats for '10072' data
2026-07-31T10:17:03.458157Z INFO  main   Uniq dts [ns] = [10000000000 30000000000 50000000000]
2026-07-31T10:17:03.458157Z INFO  main   Uniq dts [#]  = 3
2026-07-31T10:17:03.458157Z INFO  main   Stats for GIC/measured/NERC:
2026-07-31T10:17:03.458157Z INFO  main 
    std: : [0.34464138730606414]
    ave: : [-0.05651652788291709]
    min: : [-1.751666666666667]
    max: : [2.04]
    n: 1321
    n_valid: : [1321]
    dt_original: : [10000000000, 30000000000, 50000000000]
2026-07-31T10:17:03.458157Z INFO  main Plotting '10072' data
2026-07-31T10:17:03.478353Z INFO  main   Plotting '10072/GIC/measured/NERC' original vs. modified data
2026-07-31T10:17:04.268152Z INFO  main     Writing C:\Users\lwilker\Documents\GitHub\SWERVE-data\data_processed/2021-05-12/sites/10072/figures\original\GIC_measured_NERC.png
2026-07-31T10:17:05.317798Z INFO  main     Writing C:\Users\lwilker\Documents\GitHub\SWERVE-data\data_processed/2021-05-12/sites/10072/figures\original\GIC_measured_NERC.pdf
2026-07-31T10:17:05.582489Z INFO  main Reading '10073' data
2026-07-31T10:17:05.605392Z INFO  main   Reading 'GIC/measured/NERC' data
2026-07-31T10:17:05.615358Z INFO  main     Reading C:\Users\lwilker\Documents\GitHub\SWERVE-data\data_original\nerc\2021-05-12\gic\2021E01_10073.csv
2026-07-31T10:17:05.830185Z INFO  main     Running automated error checks on GIC measured data
2026-07-31T10:17:07.233369Z INFO  main     Baseline offset of -2.15 A corrected. 
Resample to 1m aves and NaN pad or trim to start/stop.
2026-07-31T10:17:07.287402Z INFO  main     Writing C:\Users\lwilker\Documents\GitHub\SWERVE-data\data_processed\2021-05-12\sites\10073\data\GIC_measured_NERC.pkl
2026-07-31T10:17:07.322029Z INFO  main   Writing C:\Users\lwilker\Documents\GitHub\SWERVE-data\data_processed\2021-05-12\sites\10073\data\_all.pkl
2026-07-31T10:17:07.338186Z INFO  main Computing stats for '10073' data
2026-07-31T10:17:07.383394Z INFO  main   Uniq dts [ns] = [10000000000 30000000000 70000000000]
2026-07-31T10:17:07.383394Z INFO  main   Uniq dts [#]  = 3
2026-07-31T10:17:07.385900Z INFO  main   Stats for GIC/measured/NERC:
2026-07-31T10:17:07.385900Z INFO  main 
    std: : [0.9934451068584851]
    ave: : [0.3545306585919757]
    min: : [-2.69]
    max: : [4.22]
    n: 1321
    n_valid: : [1321]
    dt_original: : [10000000000, 30000000000, 70000000000]
2026-07-31T10:17:07.387837Z INFO  main Plotting '10073' data
2026-07-31T10:17:07.392229Z INFO  main   Plotting '10073/GIC/measured/NERC' original vs. modified data
2026-07-31T10:17:08.271832Z INFO  main     Writing C:\Users\lwilker\Documents\GitHub\SWERVE-data\data_processed/2021-05-12/sites/10073/figures\original\GIC_measured_NERC.png
2026-07-31T10:17:09.561130Z INFO  main     Writing C:\Users\lwilker\Documents\GitHub\SWERVE-data\data_processed/2021-05-12/sites/10073/figures\original\GIC_measured_NERC.pdf
2026-07-31T10:17:09.855264Z INFO  main Reading '10074' data
2026-07-31T10:17:09.873730Z INFO  main   Reading 'GIC/measured/NERC' data
2026-07-31T10:17:09.878349Z INFO  main     Reading C:\Users\lwilker\Documents\GitHub\SWERVE-data\data_original\nerc\2021-05-12\gic\2021E01_10074.csv
2026-07-31T10:17:10.218536Z INFO  main     Running automated error checks on GIC measured data
2026-07-31T10:17:11.152030Z INFO  main     Baseline offset of -3.24 A corrected. 
Resample to 1m aves and NaN pad or trim to start/stop.
2026-07-31T10:17:11.183805Z INFO  main     Writing C:\Users\lwilker\Documents\GitHub\SWERVE-data\data_processed\2021-05-12\sites\10074\data\GIC_measured_NERC.pkl
2026-07-31T10:17:11.201672Z INFO  main   Writing C:\Users\lwilker\Documents\GitHub\SWERVE-data\data_processed\2021-05-12\sites\10074\data\_all.pkl
2026-07-31T10:17:11.224325Z INFO  main Computing stats for '10074' data
2026-07-31T10:17:11.251328Z INFO  main   Uniq dts [ns] = [10000000000 30000000000 70000000000]
2026-07-31T10:17:11.251328Z INFO  main   Uniq dts [#]  = 3
2026-07-31T10:17:11.251328Z INFO  main   Stats for GIC/measured/NERC:
2026-07-31T10:17:11.251328Z INFO  main 
    std: : [0.59345283404933]
    ave: : [0.25611405500883194]
    min: : [-2.5016666666666665]
    max: : [4.071666666666666]
    n: 1321
    n_valid: : [1321]
    dt_original: : [10000000000, 30000000000, 70000000000]
2026-07-31T10:17:11.256515Z INFO  main Plotting '10074' data
2026-07-31T10:17:11.256515Z INFO  main   Plotting '10074/GIC/measured/NERC' original vs. modified data
2026-07-31T10:17:11.839398Z INFO  main     Writing C:\Users\lwilker\Documents\GitHub\SWERVE-data\data_processed/2021-05-12/sites/10074/figures\original\GIC_measured_NERC.png
2026-07-31T10:17:12.704961Z INFO  main     Writing C:\Users\lwilker\Documents\GitHub\SWERVE-data\data_processed/2021-05-12/sites/10074/figures\original\GIC_measured_NERC.pdf
2026-07-31T10:17:12.949372Z INFO  main Reading '10075' data
2026-07-31T10:17:12.962785Z INFO  main   Reading 'GIC/measured/NERC' data
2026-07-31T10:17:12.970133Z INFO  main     Reading C:\Users\lwilker\Documents\GitHub\SWERVE-data\data_original\nerc\2021-05-12\gic\2021E01_10075.csv
2026-07-31T10:17:13.204357Z INFO  main     Running automated error checks on GIC measured data
2026-07-31T10:17:14.509217Z INFO  main     
Resample to 1m aves and NaN pad or trim to start/stop.
2026-07-31T10:17:14.553085Z INFO  main     Writing C:\Users\lwilker\Documents\GitHub\SWERVE-data\data_processed\2021-05-12\sites\10075\data\GIC_measured_NERC.pkl
2026-07-31T10:17:14.581817Z INFO  main   Writing C:\Users\lwilker\Documents\GitHub\SWERVE-data\data_processed\2021-05-12\sites\10075\data\_all.pkl
2026-07-31T10:17:14.613145Z INFO  main Computing stats for '10075' data
2026-07-31T10:17:14.632010Z INFO  main   Uniq dts [ns] = [10000000000 30000000000 60000000000]
2026-07-31T10:17:14.646194Z INFO  main   Uniq dts [#]  = 3
2026-07-31T10:17:14.646194Z INFO  main   Stats for GIC/measured/NERC:
2026-07-31T10:17:14.647348Z INFO  main 
    std: : [1.0799354753658463]
    ave: : [0.22557153671461017]
    min: : [-3.0050000000000003]
    max: : [4.08]
    n: 1321
    n_valid: : [1321]
    dt_original: : [10000000000, 30000000000, 60000000000]
2026-07-31T10:17:14.650412Z INFO  main Plotting '10075' data
2026-07-31T10:17:14.656315Z INFO  main   Plotting '10075/GIC/measured/NERC' original vs. modified data
2026-07-31T10:17:15.602658Z INFO  main     Writing C:\Users\lwilker\Documents\GitHub\SWERVE-data\data_processed/2021-05-12/sites/10075/figures\original\GIC_measured_NERC.png
2026-07-31T10:17:16.746266Z INFO  main     Writing C:\Users\lwilker\Documents\GitHub\SWERVE-data\data_processed/2021-05-12/sites/10075/figures\original\GIC_measured_NERC.pdf
2026-07-31T10:17:17.008532Z INFO  main Reading '10076' data
2026-07-31T10:17:17.028933Z INFO  main   Reading 'GIC/measured/NERC' data
2026-07-31T10:17:17.031597Z INFO  main     Reading C:\Users\lwilker\Documents\GitHub\SWERVE-data\data_original\nerc\2021-05-12\gic\2021E01_10076.csv
2026-07-31T10:17:17.244926Z INFO  main     Running automated error checks on GIC measured data
2026-07-31T10:17:18.131542Z INFO  main     
Resample to 1m aves and NaN pad or trim to start/stop.
2026-07-31T10:17:18.160444Z INFO  main     Writing C:\Users\lwilker\Documents\GitHub\SWERVE-data\data_processed\2021-05-12\sites\10076\data\GIC_measured_NERC.pkl
2026-07-31T10:17:18.178694Z INFO  main   Writing C:\Users\lwilker\Documents\GitHub\SWERVE-data\data_processed\2021-05-12\sites\10076\data\_all.pkl
2026-07-31T10:17:18.199990Z INFO  main Computing stats for '10076' data
2026-07-31T10:17:18.222661Z INFO  main   Uniq dts [ns] = [10000000000 30000000000 50000000000]
2026-07-31T10:17:18.226332Z INFO  main   Uniq dts [#]  = 3
2026-07-31T10:17:18.226332Z INFO  main   Stats for GIC/measured/NERC:
2026-07-31T10:17:18.228536Z INFO  main 
    std: : [0.31990662320053254]
    ave: : [0.8080377239465052]
    min: : [-0.8166666666666668]
    max: : [2.5716666666666668]
    n: 1321
    n_valid: : [1321]
    dt_original: : [10000000000, 30000000000, 50000000000]
2026-07-31T10:17:18.228536Z INFO  main Plotting '10076' data
2026-07-31T10:17:18.233538Z INFO  main   Plotting '10076/GIC/measured/NERC' original vs. modified data
2026-07-31T10:17:18.923170Z INFO  main     Writing C:\Users\lwilker\Documents\GitHub\SWERVE-data\data_processed/2021-05-12/sites/10076/figures\original\GIC_measured_NERC.png
2026-07-31T10:17:19.971008Z INFO  main     Writing C:\Users\lwilker\Documents\GitHub\SWERVE-data\data_processed/2021-05-12/sites/10076/figures\original\GIC_measured_NERC.pdf
2026-07-31T10:17:20.256590Z INFO  main Reading '10094' data
2026-07-31T10:17:20.270658Z INFO  main   Reading 'GIC/measured/NERC' data
2026-07-31T10:17:20.279532Z INFO  main     Reading C:\Users\lwilker\Documents\GitHub\SWERVE-data\data_original\nerc\2021-05-12\gic\2021E01_10094.csv
2026-07-31T10:17:20.291238Z ERROR main     Not computing modified due to error: Duplicate time stamps found
2026-07-31T10:17:20.297736Z INFO  main   Writing C:\Users\lwilker\Documents\GitHub\SWERVE-data\data_processed\2021-05-12\sites\10094\data\_all.pkl
2026-07-31T10:17:20.297736Z INFO  main Computing stats for '10094' data
2026-07-31T10:17:20.302786Z INFO  main Plotting '10094' data
2026-07-31T10:17:20.312216Z INFO  main   Plotting '10094/GIC/measured/NERC' original vs. modified data
2026-07-31T10:17:21.042439Z INFO  main     Writing C:\Users\lwilker\Documents\GitHub\SWERVE-data\data_processed/2021-05-12/sites/10094/figures\original\GIC_measured_NERC.png
2026-07-31T10:17:21.819218Z INFO  main     Writing C:\Users\lwilker\Documents\GitHub\SWERVE-data\data_processed/2021-05-12/sites/10094/figures\original\GIC_measured_NERC.pdf
2026-07-31T10:17:22.079425Z INFO  main Reading '10095' data
2026-07-31T10:17:22.108960Z INFO  main   Reading 'GIC/measured/NERC' data
2026-07-31T10:17:22.117808Z INFO  main     Reading C:\Users\lwilker\Documents\GitHub\SWERVE-data\data_original\nerc\2021-05-12\gic\2021E01_10095.csv
2026-07-31T10:17:22.125965Z ERROR main     Not computing modified due to error: Duplicate time stamps found
2026-07-31T10:17:22.132329Z INFO  main   Writing C:\Users\lwilker\Documents\GitHub\SWERVE-data\data_processed\2021-05-12\sites\10095\data\_all.pkl
2026-07-31T10:17:22.132329Z INFO  main Computing stats for '10095' data
2026-07-31T10:17:22.132329Z INFO  main Plotting '10095' data
2026-07-31T10:17:22.143817Z INFO  main   Plotting '10095/GIC/measured/NERC' original vs. modified data
2026-07-31T10:17:22.993974Z INFO  main     Writing C:\Users\lwilker\Documents\GitHub\SWERVE-data\data_processed/2021-05-12/sites/10095/figures\original\GIC_measured_NERC.png
2026-07-31T10:17:23.671578Z INFO  main     Writing C:\Users\lwilker\Documents\GitHub\SWERVE-data\data_processed/2021-05-12/sites/10095/figures\original\GIC_measured_NERC.pdf
2026-07-31T10:17:23.878200Z INFO  main Reading '10096' data
2026-07-31T10:17:23.898294Z INFO  main   Reading 'GIC/measured/NERC' data
2026-07-31T10:17:23.909202Z INFO  main     Reading C:\Users\lwilker\Documents\GitHub\SWERVE-data\data_original\nerc\2021-05-12\gic\2021E01_10096.csv
2026-07-31T10:17:23.910861Z INFO  main     Running automated error checks on GIC measured data
2026-07-31T10:17:23.924895Z INFO  main     
Resample to 1m aves and NaN pad or trim to start/stop.
2026-07-31T10:17:23.942238Z INFO  main     Writing C:\Users\lwilker\Documents\GitHub\SWERVE-data\data_processed\2021-05-12\sites\10096\data\GIC_measured_NERC.pkl
2026-07-31T10:17:23.958512Z INFO  main   Writing C:\Users\lwilker\Documents\GitHub\SWERVE-data\data_processed\2021-05-12\sites\10096\data\_all.pkl
2026-07-31T10:17:23.958512Z INFO  main Computing stats for '10096' data
2026-07-31T10:17:23.958512Z INFO  main   Uniq dts [ns] = [  60000000000 1620000000000 3120000000000 3180000000000 3240000000000
 3300000000000 3360000000000]
2026-07-31T10:17:23.966413Z INFO  main   Uniq dts [#]  = 7
2026-07-31T10:17:23.966413Z INFO  main   Stats for GIC/measured/NERC:
2026-07-31T10:17:23.967266Z INFO  main 
    std: : [0.0]
    ave: : [0.0]
    min: : [0.0]
    max: : [0.0]
    n: 1321
    n_valid: : [25]
    dt_original: : [60000000000 nanoseconds, 1620000000000 nanoseconds, ..., 3300000000000 nanoseconds, 3360000000000 nanoseconds] (7 elements)
2026-07-31T10:17:23.968010Z INFO  main Plotting '10096' data
2026-07-31T10:17:23.975299Z INFO  main   Plotting '10096/GIC/measured/NERC' original vs. modified data
2026-07-31T10:17:24.713985Z INFO  main     Writing C:\Users\lwilker\Documents\GitHub\SWERVE-data\data_processed/2021-05-12/sites/10096/figures\original\GIC_measured_NERC.png
2026-07-31T10:17:25.658060Z INFO  main     Writing C:\Users\lwilker\Documents\GitHub\SWERVE-data\data_processed/2021-05-12/sites/10096/figures\original\GIC_measured_NERC.pdf
2026-07-31T10:17:25.944156Z INFO  main Reading '10097' data
2026-07-31T10:17:25.961250Z INFO  main   Reading 'GIC/measured/NERC' data
2026-07-31T10:17:25.961250Z INFO  main     Reading C:\Users\lwilker\Documents\GitHub\SWERVE-data\data_original\nerc\2021-05-12\gic\2021E01_10097.csv
2026-07-31T10:17:25.961250Z INFO  main     Running automated error checks on GIC measured data
2026-07-31T10:17:25.992112Z INFO  main     Baseline offset of -3.00 A corrected. 
Resample to 1m aves and NaN pad or trim to start/stop.
2026-07-31T10:17:26.010923Z INFO  main     Writing C:\Users\lwilker\Documents\GitHub\SWERVE-data\data_processed\2021-05-12\sites\10097\data\GIC_measured_NERC.pkl
2026-07-31T10:17:26.024477Z INFO  main   Writing C:\Users\lwilker\Documents\GitHub\SWERVE-data\data_processed\2021-05-12\sites\10097\data\_all.pkl
2026-07-31T10:17:26.027270Z INFO  main Computing stats for '10097' data
2026-07-31T10:17:26.027270Z INFO  main   Uniq dts [ns] = [ 420000000000 1440000000000 3600000000000]
2026-07-31T10:17:26.027270Z INFO  main   Uniq dts [#]  = 3
2026-07-31T10:17:26.027270Z INFO  main   Stats for GIC/measured/NERC:
2026-07-31T10:17:26.027270Z INFO  main 
    std: : [0.4330127018922193]
    ave: : [0.25]
    min: : [0.0]
    max: : [1.0]
    n: 1317
    n_valid: : [4]
    dt_original: : [420000000000, 1440000000000, 3600000000000]
2026-07-31T10:17:26.027270Z INFO  main Plotting '10097' data
2026-07-31T10:17:26.040422Z INFO  main   Plotting '10097/GIC/measured/NERC' original vs. modified data
2026-07-31T10:17:26.812083Z INFO  main     Writing C:\Users\lwilker\Documents\GitHub\SWERVE-data\data_processed/2021-05-12/sites/10097/figures\original\GIC_measured_NERC.png
2026-07-31T10:17:27.753070Z INFO  main     Writing C:\Users\lwilker\Documents\GitHub\SWERVE-data\data_processed/2021-05-12/sites/10097/figures\original\GIC_measured_NERC.pdf
2026-07-31T10:17:28.073252Z INFO  main Reading '10098' data
2026-07-31T10:17:28.095242Z INFO  main   Reading 'GIC/measured/NERC' data
2026-07-31T10:17:28.107994Z INFO  main     Reading C:\Users\lwilker\Documents\GitHub\SWERVE-data\data_original\nerc\2021-05-12\gic\2021E01_10098.csv
2026-07-31T10:17:28.107994Z INFO  main     Running automated error checks on GIC measured data
2026-07-31T10:17:28.123285Z INFO  main     Baseline offset of -3.00 A corrected. 
Resample to 1m aves and NaN pad or trim to start/stop.
2026-07-31T10:17:28.137830Z INFO  main     Writing C:\Users\lwilker\Documents\GitHub\SWERVE-data\data_processed\2021-05-12\sites\10098\data\GIC_measured_NERC.pkl
2026-07-31T10:17:28.147852Z INFO  main   Writing C:\Users\lwilker\Documents\GitHub\SWERVE-data\data_processed\2021-05-12\sites\10098\data\_all.pkl
2026-07-31T10:17:28.153593Z INFO  main Computing stats for '10098' data
2026-07-31T10:17:28.157372Z INFO  main   Uniq dts [ns] = [ 420000000000 1440000000000 3600000000000]
2026-07-31T10:17:28.157372Z INFO  main   Uniq dts [#]  = 3
2026-07-31T10:17:28.157918Z INFO  main   Stats for GIC/measured/NERC:
2026-07-31T10:17:28.157918Z INFO  main 
    std: : [0.7071067811865476]
    ave: : [0.0]
    min: : [-1.0]
    max: : [1.0]
    n: 1317
    n_valid: : [4]
    dt_original: : [420000000000, 1440000000000, 3600000000000]
2026-07-31T10:17:28.157918Z INFO  main Plotting '10098' data
2026-07-31T10:17:28.159965Z INFO  main   Plotting '10098/GIC/measured/NERC' original vs. modified data
2026-07-31T10:17:28.864956Z INFO  main     Writing C:\Users\lwilker\Documents\GitHub\SWERVE-data\data_processed/2021-05-12/sites/10098/figures\original\GIC_measured_NERC.png
2026-07-31T10:17:29.911255Z INFO  main     Writing C:\Users\lwilker\Documents\GitHub\SWERVE-data\data_processed/2021-05-12/sites/10098/figures\original\GIC_measured_NERC.pdf
2026-07-31T10:17:30.217695Z INFO  main Reading '10099' data
2026-07-31T10:17:30.238739Z INFO  main   Reading 'GIC/measured/NERC' data
2026-07-31T10:17:30.241313Z INFO  main     Reading C:\Users\lwilker\Documents\GitHub\SWERVE-data\data_original\nerc\2021-05-12\gic\2021E01_10099.csv
2026-07-31T10:17:30.286765Z ERROR main     Not computing modified due to error: Duplicate time stamps found
2026-07-31T10:17:30.286765Z INFO  main   Writing C:\Users\lwilker\Documents\GitHub\SWERVE-data\data_processed\2021-05-12\sites\10099\data\_all.pkl
2026-07-31T10:17:30.298333Z INFO  main Computing stats for '10099' data
2026-07-31T10:17:30.302584Z INFO  main Plotting '10099' data
2026-07-31T10:17:30.306542Z INFO  main   Plotting '10099/GIC/measured/NERC' original vs. modified data
2026-07-31T10:17:31.054108Z INFO  main     Writing C:\Users\lwilker\Documents\GitHub\SWERVE-data\data_processed/2021-05-12/sites/10099/figures\original\GIC_measured_NERC.png
2026-07-31T10:17:31.950348Z INFO  main     Writing C:\Users\lwilker\Documents\GitHub\SWERVE-data\data_processed/2021-05-12/sites/10099/figures\original\GIC_measured_NERC.pdf
2026-07-31T10:17:32.221593Z INFO  main Reading '10100' data
2026-07-31T10:17:32.236735Z INFO  main   Reading 'GIC/measured/NERC' data
2026-07-31T10:17:32.236735Z INFO  main     Reading C:\Users\lwilker\Documents\GitHub\SWERVE-data\data_original\nerc\2021-05-12\gic\2021E01_10100.csv
2026-07-31T10:17:32.248062Z INFO  main     Running automated error checks on GIC measured data
2026-07-31T10:17:32.267058Z INFO  main     
Resample to 1m aves and NaN pad or trim to start/stop.
2026-07-31T10:17:32.280811Z INFO  main     Writing C:\Users\lwilker\Documents\GitHub\SWERVE-data\data_processed\2021-05-12\sites\10100\data\GIC_measured_NERC.pkl
2026-07-31T10:17:32.284719Z INFO  main   Writing C:\Users\lwilker\Documents\GitHub\SWERVE-data\data_processed\2021-05-12\sites\10100\data\_all.pkl
2026-07-31T10:17:32.295547Z INFO  main Computing stats for '10100' data
2026-07-31T10:17:32.300804Z INFO  main   Uniq dts [ns] = [3060000000000 3120000000000 3180000000000 3240000000000]
2026-07-31T10:17:32.300804Z INFO  main   Uniq dts [#]  = 4
2026-07-31T10:17:32.300804Z INFO  main   Stats for GIC/measured/NERC:
2026-07-31T10:17:32.307082Z INFO  main 
    std: : [nan]
    ave: : [nan]
    min: : [nan]
    max: : [nan]
    n: 1276
    n_valid: : [0]
    dt_original: : [3060000000000, 3120000000000, 3180000000000, 3240000000000]
2026-07-31T10:17:32.307082Z INFO  main Plotting '10100' data
2026-07-31T10:17:32.314094Z INFO  main   Plotting '10100/GIC/measured/NERC' original vs. modified data
2026-07-31T10:17:33.237128Z INFO  main     Writing C:\Users\lwilker\Documents\GitHub\SWERVE-data\data_processed/2021-05-12/sites/10100/figures\original\GIC_measured_NERC.png
2026-07-31T10:17:34.148810Z INFO  main     Writing C:\Users\lwilker\Documents\GitHub\SWERVE-data\data_processed/2021-05-12/sites/10100/figures\original\GIC_measured_NERC.pdf
2026-07-31T10:17:34.437709Z INFO  main Reading '10103' data
2026-07-31T10:17:34.448605Z INFO  main   Reading 'GIC/measured/NERC' data
2026-07-31T10:17:34.458354Z INFO  main     Reading C:\Users\lwilker\Documents\GitHub\SWERVE-data\data_original\nerc\2021-05-12\gic\2021E01_10103.csv
2026-07-31T10:17:34.814148Z INFO  main     Running automated error checks on GIC measured data
2026-07-31T10:17:36.208488Z INFO  main     Baseline offset of -1.75 A corrected. 
Resample to 1m aves and NaN pad or trim to start/stop.
2026-07-31T10:17:36.284495Z INFO  main     Writing C:\Users\lwilker\Documents\GitHub\SWERVE-data\data_processed\2021-05-12\sites\10103\data\GIC_measured_NERC.pkl
2026-07-31T10:17:36.327466Z INFO  main   Writing C:\Users\lwilker\Documents\GitHub\SWERVE-data\data_processed\2021-05-12\sites\10103\data\_all.pkl
2026-07-31T10:17:36.366782Z INFO  main Computing stats for '10103' data
2026-07-31T10:17:36.412478Z INFO  main   Uniq dts [ns] = [4000000000]
2026-07-31T10:17:36.412478Z INFO  main   Uniq dts [#]  = 1
2026-07-31T10:17:36.412478Z INFO  main   Stats for GIC/measured/NERC:
2026-07-31T10:17:36.412478Z INFO  main 
    std: : [0.37541197218871863]
    ave: : [0.13221606648199444]
    min: : [-0.8066666666666668]
    max: : [1.5653333333333335]
    n: 1321
    n_valid: : [1083]
    dt_original: : [4000000000]
2026-07-31T10:17:36.412478Z INFO  main Plotting '10103' data
2026-07-31T10:17:36.427032Z INFO  main   Plotting '10103/GIC/measured/NERC' original vs. modified data
2026-07-31T10:17:38.291531Z INFO  main     Writing C:\Users\lwilker\Documents\GitHub\SWERVE-data\data_processed/2021-05-12/sites/10103/figures\original\GIC_measured_NERC.png
2026-07-31T10:17:41.952432Z INFO  main     Writing C:\Users\lwilker\Documents\GitHub\SWERVE-data\data_processed/2021-05-12/sites/10103/figures\original\GIC_measured_NERC.pdf
2026-07-31T10:17:42.205900Z INFO  main Reading '10222' data
2026-07-31T10:17:42.225820Z INFO  main   Reading 'GIC/measured/NERC' data
2026-07-31T10:17:42.239235Z INFO  main     Reading C:\Users\lwilker\Documents\GitHub\SWERVE-data\data_original\nerc\2021-05-12\gic\2021E01_10222.csv
2026-07-31T10:17:42.574021Z INFO  main     Running automated error checks on GIC measured data
2026-07-31T10:17:43.764044Z INFO  main     
Resample to 1m aves and NaN pad or trim to start/stop.
2026-07-31T10:17:43.811949Z INFO  main     Writing C:\Users\lwilker\Documents\GitHub\SWERVE-data\data_processed\2021-05-12\sites\10222\data\GIC_measured_NERC.pkl
2026-07-31T10:17:43.840086Z INFO  main   Writing C:\Users\lwilker\Documents\GitHub\SWERVE-data\data_processed\2021-05-12\sites\10222\data\_all.pkl
2026-07-31T10:17:43.870617Z INFO  main Computing stats for '10222' data
2026-07-31T10:17:43.903748Z INFO  main   Uniq dts [ns] = [10000000000]
2026-07-31T10:17:43.903748Z INFO  main   Uniq dts [#]  = 1
2026-07-31T10:17:43.906166Z INFO  main   Stats for GIC/measured/NERC:
2026-07-31T10:17:43.906166Z INFO  main 
    std: : [1.0436308548626645]
    ave: : [-0.7982715114812011]
    min: : [-10.916666666666666]
    max: : [2.4833333333333334]
    n: 1321
    n_valid: : [1321]
    dt_original: : [10000000000]
2026-07-31T10:17:43.906166Z INFO  main Plotting '10222' data
2026-07-31T10:17:43.912356Z INFO  main   Plotting '10222/GIC/measured/NERC' original vs. modified data
2026-07-31T10:17:44.755152Z INFO  main     Writing C:\Users\lwilker\Documents\GitHub\SWERVE-data\data_processed/2021-05-12/sites/10222/figures\original\GIC_measured_NERC.png
2026-07-31T10:17:45.924731Z INFO  main     Writing C:\Users\lwilker\Documents\GitHub\SWERVE-data\data_processed/2021-05-12/sites/10222/figures\original\GIC_measured_NERC.pdf
2026-07-31T10:17:46.218585Z INFO  main Reading '10223' data
2026-07-31T10:17:46.237609Z INFO  main   Reading 'GIC/measured/NERC' data
2026-07-31T10:17:46.237609Z INFO  main     Reading C:\Users\lwilker\Documents\GitHub\SWERVE-data\data_original\nerc\2021-05-12\gic\2021E01_10223.csv
2026-07-31T10:17:46.248623Z ERROR main     Not computing modified due to error: Duplicate time stamps found
2026-07-31T10:17:46.257924Z INFO  main   Writing C:\Users\lwilker\Documents\GitHub\SWERVE-data\data_processed\2021-05-12\sites\10223\data\_all.pkl
2026-07-31T10:17:46.257924Z INFO  main Computing stats for '10223' data
2026-07-31T10:17:46.257924Z INFO  main Plotting '10223' data
2026-07-31T10:17:46.265482Z INFO  main   Plotting '10223/GIC/measured/NERC' original vs. modified data
2026-07-31T10:17:46.959455Z INFO  main     Writing C:\Users\lwilker\Documents\GitHub\SWERVE-data\data_processed/2021-05-12/sites/10223/figures\original\GIC_measured_NERC.png
2026-07-31T10:17:47.840208Z INFO  main     Writing C:\Users\lwilker\Documents\GitHub\SWERVE-data\data_processed/2021-05-12/sites/10223/figures\original\GIC_measured_NERC.pdf
2026-07-31T10:17:48.102154Z INFO  main Reading '10224' data
2026-07-31T10:17:48.118626Z INFO  main   Reading 'GIC/measured/NERC' data
2026-07-31T10:17:48.127831Z INFO  main     Reading C:\Users\lwilker\Documents\GitHub\SWERVE-data\data_original\nerc\2021-05-12\gic\2021E01_10224.csv
2026-07-31T10:17:48.340753Z INFO  main     Running automated error checks on GIC measured data
2026-07-31T10:17:49.949488Z INFO  main     
Resample to 1m aves and NaN pad or trim to start/stop.
2026-07-31T10:17:50.001443Z INFO  main     Writing C:\Users\lwilker\Documents\GitHub\SWERVE-data\data_processed\2021-05-12\sites\10224\data\GIC_measured_NERC.pkl
2026-07-31T10:17:50.047773Z INFO  main   Writing C:\Users\lwilker\Documents\GitHub\SWERVE-data\data_processed\2021-05-12\sites\10224\data\_all.pkl
2026-07-31T10:17:50.067579Z INFO  main Computing stats for '10224' data
2026-07-31T10:17:50.100032Z INFO  main   Uniq dts [ns] = [10000000000]
2026-07-31T10:17:50.100032Z INFO  main   Uniq dts [#]  = 1
2026-07-31T10:17:50.100032Z INFO  main   Stats for GIC/measured/NERC:
2026-07-31T10:17:50.100032Z INFO  main 
    std: : [0.790611120192863]
    ave: : [-0.38387585162755483]
    min: : [-8.65]
    max: : [1.3499999999999999]
    n: 1321
    n_valid: : [1321]
    dt_original: : [10000000000]
2026-07-31T10:17:50.100032Z INFO  main Plotting '10224' data
2026-07-31T10:17:50.108289Z INFO  main   Plotting '10224/GIC/measured/NERC' original vs. modified data
2026-07-31T10:17:50.894231Z INFO  main     Writing C:\Users\lwilker\Documents\GitHub\SWERVE-data\data_processed/2021-05-12/sites/10224/figures\original\GIC_measured_NERC.png
2026-07-31T10:17:52.033381Z INFO  main     Writing C:\Users\lwilker\Documents\GitHub\SWERVE-data\data_processed/2021-05-12/sites/10224/figures\original\GIC_measured_NERC.pdf
2026-07-31T10:17:52.317248Z INFO  main Reading '10227' data
2026-07-31T10:17:52.334886Z INFO  main   Reading 'GIC/measured/NERC' data
2026-07-31T10:17:52.334886Z INFO  main     Reading C:\Users\lwilker\Documents\GitHub\SWERVE-data\data_original\nerc\2021-05-12\gic\2021E01_10227.csv
2026-07-31T10:17:52.549973Z INFO  main     Running automated error checks on GIC measured data
2026-07-31T10:17:53.876820Z INFO  main     
Resample to 1m aves and NaN pad or trim to start/stop.
2026-07-31T10:17:53.935657Z INFO  main     Writing C:\Users\lwilker\Documents\GitHub\SWERVE-data\data_processed\2021-05-12\sites\10227\data\GIC_measured_NERC.pkl
2026-07-31T10:17:53.969708Z INFO  main   Writing C:\Users\lwilker\Documents\GitHub\SWERVE-data\data_processed\2021-05-12\sites\10227\data\_all.pkl
2026-07-31T10:17:53.992189Z INFO  main Computing stats for '10227' data
2026-07-31T10:17:54.028181Z INFO  main   Uniq dts [ns] = [10000000000]
2026-07-31T10:17:54.029443Z INFO  main   Uniq dts [#]  = 1
2026-07-31T10:17:54.029443Z INFO  main   Stats for GIC/measured/NERC:
2026-07-31T10:17:54.029443Z INFO  main 
    std: : [0.4847961669182432]
    ave: : [0.4123391370174111]
    min: : [-1.8833333333333335]
    max: : [4.6499999999999995]
    n: 1321
    n_valid: : [1321]
    dt_original: : [10000000000]
2026-07-31T10:17:54.032285Z INFO  main Plotting '10227' data
2026-07-31T10:17:54.037715Z INFO  main   Plotting '10227/GIC/measured/NERC' original vs. modified data
2026-07-31T10:17:54.968544Z INFO  main     Writing C:\Users\lwilker\Documents\GitHub\SWERVE-data\data_processed/2021-05-12/sites/10227/figures\original\GIC_measured_NERC.png
2026-07-31T10:17:56.091973Z INFO  main     Writing C:\Users\lwilker\Documents\GitHub\SWERVE-data\data_processed/2021-05-12/sites/10227/figures\original\GIC_measured_NERC.pdf
2026-07-31T10:17:56.360652Z INFO  main Reading '10229' data
2026-07-31T10:17:56.381382Z INFO  main   Reading 'GIC/measured/NERC' data
2026-07-31T10:17:56.392993Z INFO  main     Reading C:\Users\lwilker\Documents\GitHub\SWERVE-data\data_original\nerc\2021-05-12\gic\2021E01_10229.csv
2026-07-31T10:17:56.397493Z INFO  main     Running automated error checks on GIC measured data
2026-07-31T10:17:56.413814Z INFO  main     
Resample to 1m aves and NaN pad or trim to start/stop.
2026-07-31T10:17:56.429441Z INFO  main     Writing C:\Users\lwilker\Documents\GitHub\SWERVE-data\data_processed\2021-05-12\sites\10229\data\GIC_measured_NERC.pkl
2026-07-31T10:17:56.434131Z INFO  main   Writing C:\Users\lwilker\Documents\GitHub\SWERVE-data\data_processed\2021-05-12\sites\10229\data\_all.pkl
2026-07-31T10:17:56.439552Z INFO  main Computing stats for '10229' data
2026-07-31T10:17:56.439552Z INFO  main   Uniq dts [ns] = [3600000000000]
2026-07-31T10:17:56.439552Z INFO  main   Uniq dts [#]  = 1
2026-07-31T10:17:56.439552Z INFO  main   Stats for GIC/measured/NERC:
2026-07-31T10:17:56.439552Z INFO  main 
    std: : [0.2415349466118363]
    ave: : [-0.09999999999999999]
    min: : [-0.92]
    max: : [0.0]
    n: 1321
    n_valid: : [23]
    dt_original: : [3600000000000]
2026-07-31T10:17:56.445325Z INFO  main Plotting '10229' data
2026-07-31T10:17:56.450804Z INFO  main   Plotting '10229/GIC/measured/NERC' original vs. modified data
2026-07-31T10:17:57.203228Z INFO  main     Writing C:\Users\lwilker\Documents\GitHub\SWERVE-data\data_processed/2021-05-12/sites/10229/figures\original\GIC_measured_NERC.png
2026-07-31T10:17:58.279111Z INFO  main     Writing C:\Users\lwilker\Documents\GitHub\SWERVE-data\data_processed/2021-05-12/sites/10229/figures\original\GIC_measured_NERC.pdf
2026-07-31T10:17:58.589483Z INFO  main Reading '10232' data
2026-07-31T10:17:58.605331Z INFO  main   Reading 'GIC/measured/NERC' data
2026-07-31T10:17:58.614320Z INFO  main     Reading C:\Users\lwilker\Documents\GitHub\SWERVE-data\data_original\nerc\2021-05-12\gic\2021E01_10232.csv
2026-07-31T10:17:58.614320Z INFO  main     Running automated error checks on GIC measured data
2026-07-31T10:17:58.630919Z INFO  main     Baseline offset of 2.69 A corrected. 
Resample to 1m aves and NaN pad or trim to start/stop.
2026-07-31T10:17:58.649226Z INFO  main     Writing C:\Users\lwilker\Documents\GitHub\SWERVE-data\data_processed\2021-05-12\sites\10232\data\GIC_measured_NERC.pkl
2026-07-31T10:17:58.661314Z INFO  main   Writing C:\Users\lwilker\Documents\GitHub\SWERVE-data\data_processed\2021-05-12\sites\10232\data\_all.pkl
2026-07-31T10:17:58.661314Z INFO  main Computing stats for '10232' data
2026-07-31T10:17:58.665471Z INFO  main   Uniq dts [ns] = [3600000000000]
2026-07-31T10:17:58.665471Z INFO  main   Uniq dts [#]  = 1
2026-07-31T10:17:58.665471Z INFO  main   Stats for GIC/measured/NERC:
2026-07-31T10:17:58.665471Z INFO  main 
    std: : [0.6887834814439286]
    ave: : [-0.17652173913043465]
    min: : [-1.3399999999999999]
    max: : [1.23]
    n: 1321
    n_valid: : [23]
    dt_original: : [3600000000000]
2026-07-31T10:17:58.665471Z INFO  main Plotting '10232' data
2026-07-31T10:17:58.669883Z INFO  main   Plotting '10232/GIC/measured/NERC' original vs. modified data
2026-07-31T10:17:59.479005Z INFO  main     Writing C:\Users\lwilker\Documents\GitHub\SWERVE-data\data_processed/2021-05-12/sites/10232/figures\original\GIC_measured_NERC.png
2026-07-31T10:18:00.503530Z INFO  main     Writing C:\Users\lwilker\Documents\GitHub\SWERVE-data\data_processed/2021-05-12/sites/10232/figures\original\GIC_measured_NERC.pdf
2026-07-31T10:18:00.821264Z INFO  main Reading '10233' data
2026-07-31T10:18:00.838416Z INFO  main   Reading 'GIC/measured/NERC' data
2026-07-31T10:18:00.841432Z INFO  main     Reading C:\Users\lwilker\Documents\GitHub\SWERVE-data\data_original\nerc\2021-05-12\gic\2021E01_10233.csv
2026-07-31T10:18:01.062033Z INFO  main     Running automated error checks on GIC measured data
2026-07-31T10:18:02.398593Z INFO  main     
Resample to 1m aves and NaN pad or trim to start/stop.
2026-07-31T10:18:02.454172Z INFO  main     Writing C:\Users\lwilker\Documents\GitHub\SWERVE-data\data_processed\2021-05-12\sites\10233\data\GIC_measured_NERC.pkl
2026-07-31T10:18:02.488273Z INFO  main   Writing C:\Users\lwilker\Documents\GitHub\SWERVE-data\data_processed\2021-05-12\sites\10233\data\_all.pkl
2026-07-31T10:18:02.506293Z INFO  main Computing stats for '10233' data
2026-07-31T10:18:02.543430Z INFO  main   Uniq dts [ns] = [10000000000]
2026-07-31T10:18:02.543430Z INFO  main   Uniq dts [#]  = 1
2026-07-31T10:18:02.548991Z INFO  main   Stats for GIC/measured/NERC:
2026-07-31T10:18:02.548991Z INFO  main 
    std: : [nan]
    ave: : [nan]
    min: : [nan]
    max: : [nan]
    n: 1321
    n_valid: : [0]
    dt_original: : [10000000000]
2026-07-31T10:18:02.548991Z INFO  main Plotting '10233' data
2026-07-31T10:18:02.557849Z INFO  main   Plotting '10233/GIC/measured/NERC' original vs. modified data
2026-07-31T10:18:03.618572Z INFO  main     Writing C:\Users\lwilker\Documents\GitHub\SWERVE-data\data_processed/2021-05-12/sites/10233/figures\original\GIC_measured_NERC.png
2026-07-31T10:18:04.953995Z INFO  main     Writing C:\Users\lwilker\Documents\GitHub\SWERVE-data\data_processed/2021-05-12/sites/10233/figures\original\GIC_measured_NERC.pdf
2026-07-31T10:18:05.255505Z INFO  main Reading '10237' data
2026-07-31T10:18:05.275586Z INFO  main   Reading 'GIC/measured/NERC' data
2026-07-31T10:18:05.286380Z INFO  main     Reading C:\Users\lwilker\Documents\GitHub\SWERVE-data\data_original\nerc\2021-05-12\gic\2021E01_10237.csv
2026-07-31T10:18:07.498071Z INFO  main     Running automated error checks on GIC measured data
2026-07-31T10:18:20.958421Z INFO  main     
Resample to 1m aves and NaN pad or trim to start/stop.
2026-07-31T10:18:21.317299Z INFO  main     Writing C:\Users\lwilker\Documents\GitHub\SWERVE-data\data_processed\2021-05-12\sites\10237\data\GIC_measured_NERC.pkl
2026-07-31T10:18:21.542700Z INFO  main   Writing C:\Users\lwilker\Documents\GitHub\SWERVE-data\data_processed\2021-05-12\sites\10237\data\_all.pkl
2026-07-31T10:18:21.761643Z INFO  main Computing stats for '10237' data
2026-07-31T10:18:22.054206Z INFO  main   Uniq dts [ns] = [1000000000]
2026-07-31T10:18:22.054206Z INFO  main   Uniq dts [#]  = 1
2026-07-31T10:18:22.054206Z INFO  main   Stats for GIC/measured/NERC:
2026-07-31T10:18:22.054206Z INFO  main 
    std: : [0.7514369722376674]
    ave: : [-0.7450227100681301]
    min: : [-5.8]
    max: : [5.5]
    n: 1321
    n_valid: : [1321]
    dt_original: : [1000000000]
2026-07-31T10:18:22.063798Z INFO  main Plotting '10237' data
2026-07-31T10:18:22.074038Z INFO  main   Plotting '10237/GIC/measured/NERC' original vs. modified data
2026-07-31T10:18:23.527022Z INFO  main     Writing C:\Users\lwilker\Documents\GitHub\SWERVE-data\data_processed/2021-05-12/sites/10237/figures\original\GIC_measured_NERC.png
2026-07-31T10:18:24.661667Z INFO  main     Writing C:\Users\lwilker\Documents\GitHub\SWERVE-data\data_processed/2021-05-12/sites/10237/figures\original\GIC_measured_NERC.pdf
2026-07-31T10:18:24.964566Z INFO  main Reading '10238' data
2026-07-31T10:18:24.987589Z INFO  main   Reading 'GIC/measured/NERC' data
2026-07-31T10:18:24.987589Z INFO  main     Reading C:\Users\lwilker\Documents\GitHub\SWERVE-data\data_original\nerc\2021-05-12\gic\2021E01_10238.csv
2026-07-31T10:18:27.356277Z INFO  main     Running automated error checks on GIC measured data
2026-07-31T10:18:40.642488Z INFO  main     Baseline offset of -1.50 A corrected. 
Resample to 1m aves and NaN pad or trim to start/stop.
2026-07-31T10:18:40.997627Z INFO  main     Writing C:\Users\lwilker\Documents\GitHub\SWERVE-data\data_processed\2021-05-12\sites\10238\data\GIC_measured_NERC.pkl
2026-07-31T10:18:41.243749Z INFO  main   Writing C:\Users\lwilker\Documents\GitHub\SWERVE-data\data_processed\2021-05-12\sites\10238\data\_all.pkl
2026-07-31T10:18:41.491086Z INFO  main Computing stats for '10238' data
2026-07-31T10:18:41.775656Z INFO  main   Uniq dts [ns] = [1000000000]
2026-07-31T10:18:41.775656Z INFO  main   Uniq dts [#]  = 1
2026-07-31T10:18:41.775656Z INFO  main   Stats for GIC/measured/NERC:
2026-07-31T10:18:41.775656Z INFO  main 
    std: : [0.42247888540946515]
    ave: : [-0.1082488014130709]
    min: : [-2.475]
    max: : [1.6733333333333333]
    n: 1321
    n_valid: : [1321]
    dt_original: : [1000000000]
2026-07-31T10:18:41.775656Z INFO  main Plotting '10238' data
2026-07-31T10:18:41.791396Z INFO  main   Plotting '10238/GIC/measured/NERC' original vs. modified data
2026-07-31T10:18:43.182581Z INFO  main     Writing C:\Users\lwilker\Documents\GitHub\SWERVE-data\data_processed/2021-05-12/sites/10238/figures\original\GIC_measured_NERC.png
2026-07-31T10:18:44.169857Z INFO  main     Writing C:\Users\lwilker\Documents\GitHub\SWERVE-data\data_processed/2021-05-12/sites/10238/figures\original\GIC_measured_NERC.pdf
2026-07-31T10:18:44.448325Z INFO  main Reading '10239' data
2026-07-31T10:18:44.469545Z INFO  main   Reading 'GIC/measured/NERC' data
2026-07-31T10:18:44.473213Z INFO  main     Reading C:\Users\lwilker\Documents\GitHub\SWERVE-data\data_original\nerc\2021-05-12\gic\2021E01_10239.csv
2026-07-31T10:18:46.603862Z INFO  main     Running automated error checks on GIC measured data
2026-07-31T10:18:56.724025Z INFO  main     
Resample to 1m aves and NaN pad or trim to start/stop.
2026-07-31T10:18:57.088075Z INFO  main     Writing C:\Users\lwilker\Documents\GitHub\SWERVE-data\data_processed\2021-05-12\sites\10239\data\GIC_measured_NERC.pkl
2026-07-31T10:18:57.346355Z INFO  main   Writing C:\Users\lwilker\Documents\GitHub\SWERVE-data\data_processed\2021-05-12\sites\10239\data\_all.pkl
2026-07-31T10:18:57.607800Z INFO  main Computing stats for '10239' data
2026-07-31T10:18:57.894185Z INFO  main   Uniq dts [ns] = [1000000000]
2026-07-31T10:18:57.894185Z INFO  main   Uniq dts [#]  = 1
2026-07-31T10:18:57.909888Z INFO  main   Stats for GIC/measured/NERC:
2026-07-31T10:18:57.909888Z INFO  main 
    std: : [0.9352403851379825]
    ave: : [-1.0420603078475903]
    min: : [-5.05]
    max: : [2.0966666666666667]
    n: 1321
    n_valid: : [1321]
    dt_original: : [1000000000]
2026-07-31T10:18:57.909888Z INFO  main Plotting '10239' data
2026-07-31T10:18:57.909888Z INFO  main   Plotting '10239/GIC/measured/NERC' original vs. modified data
2026-07-31T10:18:59.423849Z INFO  main     Writing C:\Users\lwilker\Documents\GitHub\SWERVE-data\data_processed/2021-05-12/sites/10239/figures\original\GIC_measured_NERC.png
2026-07-31T10:19:00.547734Z INFO  main     Writing C:\Users\lwilker\Documents\GitHub\SWERVE-data\data_processed/2021-05-12/sites/10239/figures\original\GIC_measured_NERC.pdf
2026-07-31T10:19:00.867765Z INFO  main Reading '10244' data
2026-07-31T10:19:00.879524Z INFO  main   Reading 'GIC/measured/NERC' data
2026-07-31T10:19:00.889725Z INFO  main     Reading C:\Users\lwilker\Documents\GitHub\SWERVE-data\data_original\nerc\2021-05-12\gic\2021E01_10244.csv
2026-07-31T10:19:00.938826Z INFO  main     Running automated error checks on GIC measured data
2026-07-31T10:19:01.002996Z INFO  main     Baseline offset of -4.50 A corrected. 
Resample to 1m aves and NaN pad or trim to start/stop.
2026-07-31T10:19:01.022297Z INFO  main     Writing C:\Users\lwilker\Documents\GitHub\SWERVE-data\data_processed\2021-05-12\sites\10244\data\GIC_measured_NERC.pkl
2026-07-31T10:19:01.034230Z INFO  main   Writing C:\Users\lwilker\Documents\GitHub\SWERVE-data\data_processed\2021-05-12\sites\10244\data\_all.pkl
2026-07-31T10:19:01.039011Z INFO  main Computing stats for '10244' data
2026-07-31T10:19:01.042018Z INFO  main   Uniq dts [ns] = [240000000000]
2026-07-31T10:19:01.042018Z INFO  main   Uniq dts [#]  = 1
2026-07-31T10:19:01.042018Z INFO  main   Stats for GIC/measured/NERC:
2026-07-31T10:19:01.042018Z INFO  main 
    std: : [nan]
    ave: : [nan]
    min: : [nan]
    max: : [nan]
    n: 1321
    n_valid: : [0]
    dt_original: : [240000000000]
2026-07-31T10:19:01.042018Z INFO  main Plotting '10244' data
2026-07-31T10:19:01.051000Z INFO  main   Plotting '10244/GIC/measured/NERC' original vs. modified data
2026-07-31T10:19:03.714065Z INFO  main     Writing C:\Users\lwilker\Documents\GitHub\SWERVE-data\data_processed/2021-05-12/sites/10244/figures\original\GIC_measured_NERC.png
2026-07-31T10:19:05.448760Z INFO  main     Writing C:\Users\lwilker\Documents\GitHub\SWERVE-data\data_processed/2021-05-12/sites/10244/figures\original\GIC_measured_NERC.pdf
2026-07-31T10:19:05.983561Z INFO  main Reading '10245' data
2026-07-31T10:19:06.061237Z INFO  main   Reading 'GIC/measured/NERC' data
2026-07-31T10:19:06.068333Z INFO  main     Reading C:\Users\lwilker\Documents\GitHub\SWERVE-data\data_original\nerc\2021-05-12\gic\2021E01_10245.csv
2026-07-31T10:19:06.117296Z INFO  main     Running automated error checks on GIC measured data
2026-07-31T10:19:06.253043Z INFO  main     Baseline offset of -5.80 A corrected. 
Resample to 1m aves and NaN pad or trim to start/stop.
2026-07-31T10:19:06.276030Z INFO  main     Writing C:\Users\lwilker\Documents\GitHub\SWERVE-data\data_processed\2021-05-12\sites\10245\data\GIC_measured_NERC.pkl
2026-07-31T10:19:06.291173Z INFO  main   Writing C:\Users\lwilker\Documents\GitHub\SWERVE-data\data_processed\2021-05-12\sites\10245\data\_all.pkl
2026-07-31T10:19:06.302069Z INFO  main Computing stats for '10245' data
2026-07-31T10:19:06.304087Z INFO  main   Uniq dts [ns] = [240000000000]
2026-07-31T10:19:06.304087Z INFO  main   Uniq dts [#]  = 1
2026-07-31T10:19:06.304087Z INFO  main   Stats for GIC/measured/NERC:
2026-07-31T10:19:06.304087Z INFO  main 
    std: : [nan]
    ave: : [nan]
    min: : [nan]
    max: : [nan]
    n: 1321
    n_valid: : [0]
    dt_original: : [240000000000]
2026-07-31T10:19:06.304087Z INFO  main Plotting '10245' data
2026-07-31T10:19:06.318693Z INFO  main   Plotting '10245/GIC/measured/NERC' original vs. modified data
2026-07-31T10:19:07.686847Z INFO  main     Writing C:\Users\lwilker\Documents\GitHub\SWERVE-data\data_processed/2021-05-12/sites/10245/figures\original\GIC_measured_NERC.png
2026-07-31T10:19:09.420924Z INFO  main     Writing C:\Users\lwilker\Documents\GitHub\SWERVE-data\data_processed/2021-05-12/sites/10245/figures\original\GIC_measured_NERC.pdf
2026-07-31T10:19:09.897439Z INFO  main Reading '10253' data
2026-07-31T10:19:09.922328Z INFO  main   Reading 'GIC/measured/NERC' data
2026-07-31T10:19:09.930673Z INFO  main     Reading C:\Users\lwilker\Documents\GitHub\SWERVE-data\data_original\nerc\2021-05-12\gic\2021E01_10253.csv
2026-07-31T10:19:10.356603Z INFO  main     Running automated error checks on GIC measured data
2026-07-31T10:19:12.668002Z INFO  main     
Resample to 1m aves and NaN pad or trim to start/stop.
2026-07-31T10:19:12.763561Z INFO  main     Writing C:\Users\lwilker\Documents\GitHub\SWERVE-data\data_processed\2021-05-12\sites\10253\data\GIC_measured_NERC.pkl
2026-07-31T10:19:12.823792Z INFO  main   Writing C:\Users\lwilker\Documents\GitHub\SWERVE-data\data_processed\2021-05-12\sites\10253\data\_all.pkl
2026-07-31T10:19:12.881842Z INFO  main Computing stats for '10253' data
2026-07-31T10:19:12.937076Z INFO  main   Uniq dts [ns] = [10000000000]
2026-07-31T10:19:12.937076Z INFO  main   Uniq dts [#]  = 1
2026-07-31T10:19:12.937076Z INFO  main   Stats for GIC/measured/NERC:
2026-07-31T10:19:12.937076Z INFO  main 
    std: : [0.647827367578261]
    ave: : [0.165960131213727]
    min: : [-4.033333333333333]
    max: : [3.516666666666666]
    n: 1321
    n_valid: : [1321]
    dt_original: : [10000000000]
2026-07-31T10:19:12.943642Z INFO  main Plotting '10253' data
2026-07-31T10:19:12.955487Z INFO  main   Plotting '10253/GIC/measured/NERC' original vs. modified data
2026-07-31T10:19:14.457920Z INFO  main     Writing C:\Users\lwilker\Documents\GitHub\SWERVE-data\data_processed/2021-05-12/sites/10253/figures\original\GIC_measured_NERC.png
2026-07-31T10:19:16.645306Z INFO  main     Writing C:\Users\lwilker\Documents\GitHub\SWERVE-data\data_processed/2021-05-12/sites/10253/figures\original\GIC_measured_NERC.pdf
2026-07-31T10:19:17.130913Z INFO  main Reading '10254' data
2026-07-31T10:19:17.177357Z INFO  main   Reading 'GIC/measured/NERC' data
2026-07-31T10:19:17.189142Z INFO  main     Reading C:\Users\lwilker\Documents\GitHub\SWERVE-data\data_original\nerc\2021-05-12\gic\2021E01_10254.csv
2026-07-31T10:19:17.657282Z INFO  main     Running automated error checks on GIC measured data
2026-07-31T10:19:20.492588Z INFO  main     
Resample to 1m aves and NaN pad or trim to start/stop.
2026-07-31T10:19:20.587085Z INFO  main     Writing C:\Users\lwilker\Documents\GitHub\SWERVE-data\data_processed\2021-05-12\sites\10254\data\GIC_measured_NERC.pkl
2026-07-31T10:19:20.640929Z INFO  main   Writing C:\Users\lwilker\Documents\GitHub\SWERVE-data\data_processed\2021-05-12\sites\10254\data\_all.pkl
2026-07-31T10:19:20.695465Z INFO  main Computing stats for '10254' data
2026-07-31T10:19:20.751926Z INFO  main   Uniq dts [ns] = [10000000000]
2026-07-31T10:19:20.756276Z INFO  main   Uniq dts [#]  = 1
2026-07-31T10:19:20.756276Z INFO  main   Stats for GIC/measured/NERC:
2026-07-31T10:19:20.756276Z INFO  main 
    std: : [0.4436884609960721]
    ave: : [-0.13576835730507195]
    min: : [-4.216666666666667]
    max: : [1.7333333333333334]
    n: 1321
    n_valid: : [1321]
    dt_original: : [10000000000]
2026-07-31T10:19:20.758202Z INFO  main Plotting '10254' data
2026-07-31T10:19:20.772447Z INFO  main   Plotting '10254/GIC/measured/NERC' original vs. modified data
2026-07-31T10:19:22.196127Z INFO  main     Writing C:\Users\lwilker\Documents\GitHub\SWERVE-data\data_processed/2021-05-12/sites/10254/figures\original\GIC_measured_NERC.png
2026-07-31T10:19:23.873167Z INFO  main     Writing C:\Users\lwilker\Documents\GitHub\SWERVE-data\data_processed/2021-05-12/sites/10254/figures\original\GIC_measured_NERC.pdf
2026-07-31T10:19:24.332246Z INFO  main Reading '10255' data
2026-07-31T10:19:24.355490Z INFO  main   Reading 'GIC/measured/NERC' data
2026-07-31T10:19:24.365411Z INFO  main     Reading C:\Users\lwilker\Documents\GitHub\SWERVE-data\data_original\nerc\2021-05-12\gic\2021E01_10255.csv
2026-07-31T10:19:24.750321Z INFO  main     Running automated error checks on GIC measured data
2026-07-31T10:19:27.293967Z INFO  main     
Resample to 1m aves and NaN pad or trim to start/stop.
2026-07-31T10:19:27.382775Z INFO  main     Writing C:\Users\lwilker\Documents\GitHub\SWERVE-data\data_processed\2021-05-12\sites\10255\data\GIC_measured_NERC.pkl
2026-07-31T10:19:27.437337Z INFO  main   Writing C:\Users\lwilker\Documents\GitHub\SWERVE-data\data_processed\2021-05-12\sites\10255\data\_all.pkl
2026-07-31T10:19:27.478251Z INFO  main Computing stats for '10255' data
2026-07-31T10:19:27.527740Z INFO  main   Uniq dts [ns] = [10000000000]
2026-07-31T10:19:27.527740Z INFO  main   Uniq dts [#]  = 1
2026-07-31T10:19:27.527740Z INFO  main   Stats for GIC/measured/NERC:
2026-07-31T10:19:27.527740Z INFO  main 
    std: : [0.5284909067144606]
    ave: : [0.09904113045672469]
    min: : [-3.0]
    max: : [5.0]
    n: 1321
    n_valid: : [1321]
    dt_original: : [10000000000]
2026-07-31T10:19:27.536013Z INFO  main Plotting '10255' data
2026-07-31T10:19:27.546648Z INFO  main   Plotting '10255/GIC/measured/NERC' original vs. modified data
2026-07-31T10:19:29.100333Z INFO  main     Writing C:\Users\lwilker\Documents\GitHub\SWERVE-data\data_processed/2021-05-12/sites/10255/figures\original\GIC_measured_NERC.png
2026-07-31T10:19:30.803571Z INFO  main     Writing C:\Users\lwilker\Documents\GitHub\SWERVE-data\data_processed/2021-05-12/sites/10255/figures\original\GIC_measured_NERC.pdf
2026-07-31T10:19:31.230718Z INFO  main Reading '10265' data
2026-07-31T10:19:31.264241Z INFO  main   Reading 'GIC/measured/NERC' data
2026-07-31T10:19:31.274957Z INFO  main     Reading C:\Users\lwilker\Documents\GitHub\SWERVE-data\data_original\nerc\2021-05-12\gic\2021E01_10265.csv
2026-07-31T10:19:31.734857Z INFO  main     Running automated error checks on GIC measured data
2026-07-31T10:19:34.558715Z INFO  main     
Resample to 1m aves and NaN pad or trim to start/stop.
2026-07-31T10:19:34.668427Z INFO  main     Writing C:\Users\lwilker\Documents\GitHub\SWERVE-data\data_processed\2021-05-12\sites\10265\data\GIC_measured_NERC.pkl
2026-07-31T10:19:34.734612Z INFO  main   Writing C:\Users\lwilker\Documents\GitHub\SWERVE-data\data_processed\2021-05-12\sites\10265\data\_all.pkl
2026-07-31T10:19:34.759185Z INFO  main Computing stats for '10265' data
2026-07-31T10:19:34.825192Z INFO  main   Uniq dts [ns] = [10000000000]
2026-07-31T10:19:34.825192Z INFO  main   Uniq dts [#]  = 1
2026-07-31T10:19:34.825192Z INFO  main   Stats for GIC/measured/NERC:
2026-07-31T10:19:34.825192Z INFO  main 
    std: : [0.11827970151719536]
    ave: : [0.3958478425435276]
    min: : [0.14333333333333334]
    max: : [0.6416666666666667]
    n: 1321
    n_valid: : [1321]
    dt_original: : [10000000000]
2026-07-31T10:19:34.825192Z INFO  main Plotting '10265' data
2026-07-31T10:19:34.839897Z INFO  main   Plotting '10265/GIC/measured/NERC' original vs. modified data
2026-07-31T10:19:36.729583Z INFO  main     Writing C:\Users\lwilker\Documents\GitHub\SWERVE-data\data_processed/2021-05-12/sites/10265/figures\original\GIC_measured_NERC.png
2026-07-31T10:19:38.393402Z INFO  main     Writing C:\Users\lwilker\Documents\GitHub\SWERVE-data\data_processed/2021-05-12/sites/10265/figures\original\GIC_measured_NERC.pdf
2026-07-31T10:19:38.896468Z INFO  main Reading '10266' data
2026-07-31T10:19:38.932317Z INFO  main   Reading 'GIC/measured/NERC' data
2026-07-31T10:19:38.944482Z INFO  main     Reading C:\Users\lwilker\Documents\GitHub\SWERVE-data\data_original\nerc\2021-05-12\gic\2021E01_10266.csv
2026-07-31T10:19:39.414949Z INFO  main     Running automated error checks on GIC measured data
2026-07-31T10:19:43.530269Z INFO  main     Baseline offset of -1.09 A corrected. 
Resample to 1m aves and NaN pad or trim to start/stop.
2026-07-31T10:19:43.627601Z INFO  main     Writing C:\Users\lwilker\Documents\GitHub\SWERVE-data\data_processed\2021-05-12\sites\10266\data\GIC_measured_NERC.pkl
2026-07-31T10:19:43.689514Z INFO  main   Writing C:\Users\lwilker\Documents\GitHub\SWERVE-data\data_processed\2021-05-12\sites\10266\data\_all.pkl
2026-07-31T10:19:43.732330Z INFO  main Computing stats for '10266' data
2026-07-31T10:19:43.783681Z INFO  main   Uniq dts [ns] = [10000000000]
2026-07-31T10:19:43.783681Z INFO  main   Uniq dts [#]  = 1
2026-07-31T10:19:43.785694Z INFO  main   Stats for GIC/measured/NERC:
2026-07-31T10:19:43.785694Z INFO  main 
    std: : [0.2856029166238399]
    ave: : [0.05499747665909673]
    min: : [-0.6749999999999999]
    max: : [0.56]
    n: 1321
    n_valid: : [1321]
    dt_original: : [10000000000]
2026-07-31T10:19:43.786724Z INFO  main Plotting '10266' data
2026-07-31T10:19:43.796259Z INFO  main   Plotting '10266/GIC/measured/NERC' original vs. modified data
2026-07-31T10:19:45.295711Z INFO  main     Writing C:\Users\lwilker\Documents\GitHub\SWERVE-data\data_processed/2021-05-12/sites/10266/figures\original\GIC_measured_NERC.png
2026-07-31T10:19:46.870672Z INFO  main     Writing C:\Users\lwilker\Documents\GitHub\SWERVE-data\data_processed/2021-05-12/sites/10266/figures\original\GIC_measured_NERC.pdf
2026-07-31T10:19:47.346380Z INFO  main Reading '10297' data
2026-07-31T10:19:47.382324Z INFO  main   Reading 'GIC/measured/NERC' data
2026-07-31T10:19:47.398752Z INFO  main     Reading C:\Users\lwilker\Documents\GitHub\SWERVE-data\data_original\nerc\2021-05-12\gic\2021E01_10297.csv
2026-07-31T10:19:47.862837Z INFO  main     Running automated error checks on GIC measured data
2026-07-31T10:19:50.519130Z INFO  main     Baseline offset of 3.90 A corrected. 
Resample to 1m aves and NaN pad or trim to start/stop.
2026-07-31T10:19:50.607240Z INFO  main     Writing C:\Users\lwilker\Documents\GitHub\SWERVE-data\data_processed\2021-05-12\sites\10297\data\GIC_measured_NERC.pkl
2026-07-31T10:19:50.663067Z INFO  main   Writing C:\Users\lwilker\Documents\GitHub\SWERVE-data\data_processed\2021-05-12\sites\10297\data\_all.pkl
2026-07-31T10:19:50.705899Z INFO  main Computing stats for '10297' data
2026-07-31T10:19:50.761760Z INFO  main   Uniq dts [ns] = [10000000000]
2026-07-31T10:19:50.761760Z INFO  main   Uniq dts [#]  = 1
2026-07-31T10:19:50.761760Z INFO  main   Stats for GIC/measured/NERC:
2026-07-31T10:19:50.761760Z INFO  main 
    std: : [0.623181483628512]
    ave: : [0.18353520060560188]
    min: : [-3.3166666666666664]
    max: : [1.7333333333333334]
    n: 1321
    n_valid: : [1321]
    dt_original: : [10000000000]
2026-07-31T10:19:50.761760Z INFO  main Plotting '10297' data
2026-07-31T10:19:50.775965Z INFO  main   Plotting '10297/GIC/measured/NERC' original vs. modified data
2026-07-31T10:19:52.318301Z INFO  main     Writing C:\Users\lwilker\Documents\GitHub\SWERVE-data\data_processed/2021-05-12/sites/10297/figures\original\GIC_measured_NERC.png
2026-07-31T10:19:54.160051Z INFO  main     Writing C:\Users\lwilker\Documents\GitHub\SWERVE-data\data_processed/2021-05-12/sites/10297/figures\original\GIC_measured_NERC.pdf
2026-07-31T10:19:54.622522Z INFO  main Reading '10298' data
2026-07-31T10:19:54.636573Z INFO  main   Reading 'GIC/measured/NERC' data
2026-07-31T10:19:54.663473Z INFO  main     Reading C:\Users\lwilker\Documents\GitHub\SWERVE-data\data_original\nerc\2021-05-12\gic\2021E01_10298.csv
2026-07-31T10:19:55.324293Z INFO  main     Running automated error checks on GIC measured data
2026-07-31T10:19:57.791991Z INFO  main     Baseline offset of 1.20 A corrected. 
Resample to 1m aves and NaN pad or trim to start/stop.
2026-07-31T10:19:57.885970Z INFO  main     Writing C:\Users\lwilker\Documents\GitHub\SWERVE-data\data_processed\2021-05-12\sites\10298\data\GIC_measured_NERC.pkl
2026-07-31T10:19:57.940620Z INFO  main   Writing C:\Users\lwilker\Documents\GitHub\SWERVE-data\data_processed\2021-05-12\sites\10298\data\_all.pkl
2026-07-31T10:19:57.993577Z INFO  main Computing stats for '10298' data
2026-07-31T10:19:58.050229Z INFO  main   Uniq dts [ns] = [10000000000]
2026-07-31T10:19:58.050229Z INFO  main   Uniq dts [#]  = 1
2026-07-31T10:19:58.053199Z INFO  main   Stats for GIC/measured/NERC:
2026-07-31T10:19:58.053770Z INFO  main 
    std: : [0.004324567572219835]
    ave: : [0.0001135503406510223]
    min: : [-0.06666666666666658]
    max: : [0.06666666666666672]
    n: 1321
    n_valid: : [1321]
    dt_original: : [10000000000]
2026-07-31T10:19:58.054977Z INFO  main Plotting '10298' data
2026-07-31T10:19:58.070152Z INFO  main   Plotting '10298/GIC/measured/NERC' original vs. modified data
2026-07-31T10:19:59.507565Z INFO  main     Writing C:\Users\lwilker\Documents\GitHub\SWERVE-data\data_processed/2021-05-12/sites/10298/figures\original\GIC_measured_NERC.png
2026-07-31T10:20:00.986468Z INFO  main     Writing C:\Users\lwilker\Documents\GitHub\SWERVE-data\data_processed/2021-05-12/sites/10298/figures\original\GIC_measured_NERC.pdf
2026-07-31T10:20:01.473092Z INFO  main Reading '10299' data
2026-07-31T10:20:01.508046Z INFO  main   Reading 'GIC/measured/NERC' data
2026-07-31T10:20:01.519491Z INFO  main     Reading C:\Users\lwilker\Documents\GitHub\SWERVE-data\data_original\nerc\2021-05-12\gic\2021E01_10299.csv
2026-07-31T10:20:01.943741Z INFO  main     Running automated error checks on GIC measured data
2026-07-31T10:20:04.566325Z INFO  main     
Resample to 1m aves and NaN pad or trim to start/stop.
2026-07-31T10:20:04.643620Z INFO  main     Writing C:\Users\lwilker\Documents\GitHub\SWERVE-data\data_processed\2021-05-12\sites\10299\data\GIC_measured_NERC.pkl
2026-07-31T10:20:04.693909Z INFO  main   Writing C:\Users\lwilker\Documents\GitHub\SWERVE-data\data_processed\2021-05-12\sites\10299\data\_all.pkl
2026-07-31T10:20:04.946432Z INFO  main Computing stats for '10299' data
2026-07-31T10:20:04.992733Z INFO  main   Uniq dts [ns] = [10000000000]
2026-07-31T10:20:04.992733Z INFO  main   Uniq dts [#]  = 1
2026-07-31T10:20:04.993868Z INFO  main   Stats for GIC/measured/NERC:
2026-07-31T10:20:04.994649Z INFO  main 
    std: : [5.551115123125783e-17]
    ave: : [0.29999999999999993]
    min: : [0.3]
    max: : [0.3]
    n: 1321
    n_valid: : [1321]
    dt_original: : [10000000000]
2026-07-31T10:20:04.998478Z INFO  main Plotting '10299' data
2026-07-31T10:20:05.013530Z INFO  main   Plotting '10299/GIC/measured/NERC' original vs. modified data
2026-07-31T10:20:06.384690Z INFO  main     Writing C:\Users\lwilker\Documents\GitHub\SWERVE-data\data_processed/2021-05-12/sites/10299/figures\original\GIC_measured_NERC.png
2026-07-31T10:20:07.759971Z INFO  main     Writing C:\Users\lwilker\Documents\GitHub\SWERVE-data\data_processed/2021-05-12/sites/10299/figures\original\GIC_measured_NERC.pdf
2026-07-31T10:20:08.300466Z INFO  main Reading '10300' data
2026-07-31T10:20:08.329601Z INFO  main   Reading 'GIC/measured/NERC' data
2026-07-31T10:20:08.344047Z INFO  main     Reading C:\Users\lwilker\Documents\GitHub\SWERVE-data\data_original\nerc\2021-05-12\gic\2021E01_10300.csv
2026-07-31T10:20:08.779641Z INFO  main     Running automated error checks on GIC measured data
2026-07-31T10:20:11.420909Z INFO  main     
Resample to 1m aves and NaN pad or trim to start/stop.
2026-07-31T10:20:11.499770Z INFO  main     Writing C:\Users\lwilker\Documents\GitHub\SWERVE-data\data_processed\2021-05-12\sites\10300\data\GIC_measured_NERC.pkl
2026-07-31T10:20:11.547980Z INFO  main   Writing C:\Users\lwilker\Documents\GitHub\SWERVE-data\data_processed\2021-05-12\sites\10300\data\_all.pkl
2026-07-31T10:20:11.590596Z INFO  main Computing stats for '10300' data
2026-07-31T10:20:11.643797Z INFO  main   Uniq dts [ns] = [10000000000]
2026-07-31T10:20:11.643797Z INFO  main   Uniq dts [#]  = 1
2026-07-31T10:20:11.643797Z INFO  main   Stats for GIC/measured/NERC:
2026-07-31T10:20:11.643797Z INFO  main 
    std: : [0.4078481932161212]
    ave: : [0.9036336109008327]
    min: : [0.4000000000000001]
    max: : [1.5]
    n: 1321
    n_valid: : [1321]
    dt_original: : [10000000000]
2026-07-31T10:20:11.643797Z INFO  main Plotting '10300' data
2026-07-31T10:20:11.657352Z INFO  main   Plotting '10300/GIC/measured/NERC' original vs. modified data
2026-07-31T10:20:13.096541Z INFO  main     Writing C:\Users\lwilker\Documents\GitHub\SWERVE-data\data_processed/2021-05-12/sites/10300/figures\original\GIC_measured_NERC.png
2026-07-31T10:20:14.796274Z INFO  main     Writing C:\Users\lwilker\Documents\GitHub\SWERVE-data\data_processed/2021-05-12/sites/10300/figures\original\GIC_measured_NERC.pdf
2026-07-31T10:20:15.309489Z INFO  main Reading '10301' data
2026-07-31T10:20:15.336983Z INFO  main   Reading 'GIC/measured/NERC' data
2026-07-31T10:20:15.354484Z INFO  main     Reading C:\Users\lwilker\Documents\GitHub\SWERVE-data\data_original\nerc\2021-05-12\gic\2021E01_10301.csv
2026-07-31T10:20:15.813044Z INFO  main     Running automated error checks on GIC measured data
2026-07-31T10:20:18.811489Z INFO  main     Baseline offset of 3.40 A corrected. 
Resample to 1m aves and NaN pad or trim to start/stop.
2026-07-31T10:20:18.896112Z INFO  main     Writing C:\Users\lwilker\Documents\GitHub\SWERVE-data\data_processed\2021-05-12\sites\10301\data\GIC_measured_NERC.pkl
2026-07-31T10:20:18.954640Z INFO  main   Writing C:\Users\lwilker\Documents\GitHub\SWERVE-data\data_processed\2021-05-12\sites\10301\data\_all.pkl
2026-07-31T10:20:18.991558Z INFO  main Computing stats for '10301' data
2026-07-31T10:20:19.048038Z INFO  main   Uniq dts [ns] = [10000000000]
2026-07-31T10:20:19.048038Z INFO  main   Uniq dts [#]  = 1
2026-07-31T10:20:19.050050Z INFO  main   Stats for GIC/measured/NERC:
2026-07-31T10:20:19.050941Z INFO  main 
    std: : [0.6032584682998186]
    ave: : [-0.32426192278576826]
    min: : [-2.733333333333333]
    max: : [2.516666666666667]
    n: 1321
    n_valid: : [1321]
    dt_original: : [10000000000]
2026-07-31T10:20:19.053050Z INFO  main Plotting '10301' data
2026-07-31T10:20:19.062061Z INFO  main   Plotting '10301/GIC/measured/NERC' original vs. modified data
2026-07-31T10:20:20.590080Z INFO  main     Writing C:\Users\lwilker\Documents\GitHub\SWERVE-data\data_processed/2021-05-12/sites/10301/figures\original\GIC_measured_NERC.png
2026-07-31T10:20:22.380399Z INFO  main     Writing C:\Users\lwilker\Documents\GitHub\SWERVE-data\data_processed/2021-05-12/sites/10301/figures\original\GIC_measured_NERC.pdf
2026-07-31T10:20:22.878083Z INFO  main Reading '10302' data
2026-07-31T10:20:22.899464Z INFO  main   Reading 'GIC/measured/NERC' data
2026-07-31T10:20:22.914141Z INFO  main     Reading C:\Users\lwilker\Documents\GitHub\SWERVE-data\data_original\nerc\2021-05-12\gic\2021E01_10302.csv
2026-07-31T10:20:23.360167Z INFO  main     Running automated error checks on GIC measured data
2026-07-31T10:20:26.146902Z INFO  main     Baseline offset of 10.00 A corrected. 
Resample to 1m aves and NaN pad or trim to start/stop.
2026-07-31T10:20:26.244861Z INFO  main     Writing C:\Users\lwilker\Documents\GitHub\SWERVE-data\data_processed\2021-05-12\sites\10302\data\GIC_measured_NERC.pkl
2026-07-31T10:20:26.304361Z INFO  main   Writing C:\Users\lwilker\Documents\GitHub\SWERVE-data\data_processed\2021-05-12\sites\10302\data\_all.pkl
2026-07-31T10:20:26.344986Z INFO  main Computing stats for '10302' data
2026-07-31T10:20:26.409427Z INFO  main   Uniq dts [ns] = [10000000000]
2026-07-31T10:20:26.411246Z INFO  main   Uniq dts [#]  = 1
2026-07-31T10:20:26.411246Z INFO  main   Stats for GIC/measured/NERC:
2026-07-31T10:20:26.412481Z INFO  main 
    std: : [0.0]
    ave: : [0.0]
    min: : [0.0]
    max: : [0.0]
    n: 1321
    n_valid: : [1321]
    dt_original: : [10000000000]
2026-07-31T10:20:26.412481Z INFO  main Plotting '10302' data
2026-07-31T10:20:26.423566Z INFO  main   Plotting '10302/GIC/measured/NERC' original vs. modified data
2026-07-31T10:20:28.010320Z INFO  main     Writing C:\Users\lwilker\Documents\GitHub\SWERVE-data\data_processed/2021-05-12/sites/10302/figures\original\GIC_measured_NERC.png
2026-07-31T10:20:29.456216Z INFO  main     Writing C:\Users\lwilker\Documents\GitHub\SWERVE-data\data_processed/2021-05-12/sites/10302/figures\original\GIC_measured_NERC.pdf
2026-07-31T10:20:29.904434Z INFO  main Reading '10303' data
2026-07-31T10:20:29.937834Z INFO  main   Reading 'GIC/measured/NERC' data
2026-07-31T10:20:29.941679Z INFO  main     Reading C:\Users\lwilker\Documents\GitHub\SWERVE-data\data_original\nerc\2021-05-12\gic\2021E01_10303.csv
2026-07-31T10:20:30.372304Z INFO  main     Running automated error checks on GIC measured data
2026-07-31T10:20:32.699801Z INFO  main     
Resample to 1m aves and NaN pad or trim to start/stop.
2026-07-31T10:20:32.774594Z INFO  main     Writing C:\Users\lwilker\Documents\GitHub\SWERVE-data\data_processed\2021-05-12\sites\10303\data\GIC_measured_NERC.pkl
2026-07-31T10:20:32.839208Z INFO  main   Writing C:\Users\lwilker\Documents\GitHub\SWERVE-data\data_processed\2021-05-12\sites\10303\data\_all.pkl
2026-07-31T10:20:32.883996Z INFO  main Computing stats for '10303' data
2026-07-31T10:20:32.933479Z INFO  main   Uniq dts [ns] = [10000000000]
2026-07-31T10:20:32.933479Z INFO  main   Uniq dts [#]  = 1
2026-07-31T10:20:32.933479Z INFO  main   Stats for GIC/measured/NERC:
2026-07-31T10:20:32.938746Z INFO  main 
    std: : [0.018778946451717463]
    ave: : [-0.004201362604087813]
    min: : [-0.16666666666666666]
    max: : [0.08333333333333333]
    n: 1321
    n_valid: : [1321]
    dt_original: : [10000000000]
2026-07-31T10:20:32.940763Z INFO  main Plotting '10303' data
2026-07-31T10:20:32.948997Z INFO  main   Plotting '10303/GIC/measured/NERC' original vs. modified data
2026-07-31T10:20:34.182113Z INFO  main     Writing C:\Users\lwilker\Documents\GitHub\SWERVE-data\data_processed/2021-05-12/sites/10303/figures\original\GIC_measured_NERC.png
2026-07-31T10:20:35.712616Z INFO  main     Writing C:\Users\lwilker\Documents\GitHub\SWERVE-data\data_processed/2021-05-12/sites/10303/figures\original\GIC_measured_NERC.pdf
2026-07-31T10:20:36.182511Z INFO  main Reading '10304' data
2026-07-31T10:20:36.204809Z INFO  main   Reading 'GIC/measured/NERC' data
2026-07-31T10:20:36.222131Z INFO  main     Reading C:\Users\lwilker\Documents\GitHub\SWERVE-data\data_original\nerc\2021-05-12\gic\2021E01_10304.csv
2026-07-31T10:20:36.743782Z INFO  main     Running automated error checks on GIC measured data
2026-07-31T10:20:39.753803Z INFO  main     
Resample to 1m aves and NaN pad or trim to start/stop.
2026-07-31T10:20:39.844836Z INFO  main     Writing C:\Users\lwilker\Documents\GitHub\SWERVE-data\data_processed\2021-05-12\sites\10304\data\GIC_measured_NERC.pkl
2026-07-31T10:20:39.901906Z INFO  main   Writing C:\Users\lwilker\Documents\GitHub\SWERVE-data\data_processed\2021-05-12\sites\10304\data\_all.pkl
2026-07-31T10:20:39.946943Z INFO  main Computing stats for '10304' data
2026-07-31T10:20:39.998728Z INFO  main   Uniq dts [ns] = [10000000000]
2026-07-31T10:20:39.998728Z INFO  main   Uniq dts [#]  = 1
2026-07-31T10:20:40.003036Z INFO  main   Stats for GIC/measured/NERC:
2026-07-31T10:20:40.003036Z INFO  main 
    std: : [0.04963596602727604]
    ave: : [-0.0519177390865506]
    min: : [-0.16666666666666666]
    max: : [0.08333333333333333]
    n: 1321
    n_valid: : [1321]
    dt_original: : [10000000000]
2026-07-31T10:20:40.003036Z INFO  main Plotting '10304' data
2026-07-31T10:20:40.014924Z INFO  main   Plotting '10304/GIC/measured/NERC' original vs. modified data
2026-07-31T10:20:41.523965Z INFO  main     Writing C:\Users\lwilker\Documents\GitHub\SWERVE-data\data_processed/2021-05-12/sites/10304/figures\original\GIC_measured_NERC.png
2026-07-31T10:20:43.119120Z INFO  main     Writing C:\Users\lwilker\Documents\GitHub\SWERVE-data\data_processed/2021-05-12/sites/10304/figures\original\GIC_measured_NERC.pdf
2026-07-31T10:20:43.637747Z INFO  main Reading '10305' data
2026-07-31T10:20:43.663490Z INFO  main   Reading 'GIC/measured/NERC' data
2026-07-31T10:20:43.687114Z INFO  main     Reading C:\Users\lwilker\Documents\GitHub\SWERVE-data\data_original\nerc\2021-05-12\gic\2021E01_10305.csv
2026-07-31T10:20:44.158339Z INFO  main     Running automated error checks on GIC measured data
2026-07-31T10:20:46.900573Z INFO  main     
Resample to 1m aves and NaN pad or trim to start/stop.
2026-07-31T10:20:46.994197Z INFO  main     Writing C:\Users\lwilker\Documents\GitHub\SWERVE-data\data_processed\2021-05-12\sites\10305\data\GIC_measured_NERC.pkl
2026-07-31T10:20:47.048542Z INFO  main   Writing C:\Users\lwilker\Documents\GitHub\SWERVE-data\data_processed\2021-05-12\sites\10305\data\_all.pkl
2026-07-31T10:20:47.109877Z INFO  main Computing stats for '10305' data
2026-07-31T10:20:47.169868Z INFO  main   Uniq dts [ns] = [10000000000]
2026-07-31T10:20:47.169868Z INFO  main   Uniq dts [#]  = 1
2026-07-31T10:20:47.169868Z INFO  main   Stats for GIC/measured/NERC:
2026-07-31T10:20:47.169868Z INFO  main 
    std: : [0.4262532172355834]
    ave: : [-0.320779712339137]
    min: : [-4.033333333333333]
    max: : [2.0]
    n: 1321
    n_valid: : [1321]
    dt_original: : [10000000000]
2026-07-31T10:20:47.178131Z INFO  main Plotting '10305' data
2026-07-31T10:20:47.183600Z INFO  main   Plotting '10305/GIC/measured/NERC' original vs. modified data
2026-07-31T10:20:48.828692Z INFO  main     Writing C:\Users\lwilker\Documents\GitHub\SWERVE-data\data_processed/2021-05-12/sites/10305/figures\original\GIC_measured_NERC.png
2026-07-31T10:20:50.920568Z INFO  main     Writing C:\Users\lwilker\Documents\GitHub\SWERVE-data\data_processed/2021-05-12/sites/10305/figures\original\GIC_measured_NERC.pdf
2026-07-31T10:20:51.441353Z INFO  main Reading '10306' data
2026-07-31T10:20:51.522598Z INFO  main   Reading 'GIC/measured/NERC' data
2026-07-31T10:20:51.530683Z INFO  main     Reading C:\Users\lwilker\Documents\GitHub\SWERVE-data\data_original\nerc\2021-05-12\gic\2021E01_10306.csv
2026-07-31T10:20:52.293614Z INFO  main     Running automated error checks on GIC measured data
2026-07-31T10:20:55.119582Z INFO  main     Baseline offset of 3.90 A corrected. 
Resample to 1m aves and NaN pad or trim to start/stop.
2026-07-31T10:20:55.220637Z INFO  main     Writing C:\Users\lwilker\Documents\GitHub\SWERVE-data\data_processed\2021-05-12\sites\10306\data\GIC_measured_NERC.pkl
2026-07-31T10:20:55.285524Z INFO  main   Writing C:\Users\lwilker\Documents\GitHub\SWERVE-data\data_processed\2021-05-12\sites\10306\data\_all.pkl
2026-07-31T10:20:55.336274Z INFO  main Computing stats for '10306' data
2026-07-31T10:20:55.387872Z INFO  main   Uniq dts [ns] = [10000000000]
2026-07-31T10:20:55.387872Z INFO  main   Uniq dts [#]  = 1
2026-07-31T10:20:55.387872Z INFO  main   Stats for GIC/measured/NERC:
2026-07-31T10:20:55.400233Z INFO  main 
    std: : [0.19406144773279543]
    ave: : [0.16346202371940452]
    min: : [-0.7166666666666667]
    max: : [1.1333333333333333]
    n: 1321
    n_valid: : [1321]
    dt_original: : [10000000000]
2026-07-31T10:20:55.402652Z INFO  main Plotting '10306' data
2026-07-31T10:20:55.418672Z INFO  main   Plotting '10306/GIC/measured/NERC' original vs. modified data
2026-07-31T10:20:56.895353Z INFO  main     Writing C:\Users\lwilker\Documents\GitHub\SWERVE-data\data_processed/2021-05-12/sites/10306/figures\original\GIC_measured_NERC.png
2026-07-31T10:20:58.941135Z INFO  main     Writing C:\Users\lwilker\Documents\GitHub\SWERVE-data\data_processed/2021-05-12/sites/10306/figures\original\GIC_measured_NERC.pdf
2026-07-31T10:20:59.549565Z INFO  main Reading '10307' data
2026-07-31T10:20:59.586499Z INFO  main   Reading 'GIC/measured/NERC' data
2026-07-31T10:20:59.586499Z INFO  main     Reading C:\Users\lwilker\Documents\GitHub\SWERVE-data\data_original\nerc\2021-05-12\gic\2021E01_10307.csv
2026-07-31T10:21:00.094480Z INFO  main     Running automated error checks on GIC measured data
2026-07-31T10:21:03.296303Z INFO  main     Baseline offset of 1.50 A corrected. 
Resample to 1m aves and NaN pad or trim to start/stop.
2026-07-31T10:21:03.396188Z INFO  main     Writing C:\Users\lwilker\Documents\GitHub\SWERVE-data\data_processed\2021-05-12\sites\10307\data\GIC_measured_NERC.pkl
2026-07-31T10:21:03.462581Z INFO  main   Writing C:\Users\lwilker\Documents\GitHub\SWERVE-data\data_processed\2021-05-12\sites\10307\data\_all.pkl
2026-07-31T10:21:03.512455Z INFO  main Computing stats for '10307' data
2026-07-31T10:21:03.578974Z INFO  main   Uniq dts [ns] = [10000000000]
2026-07-31T10:21:03.578974Z INFO  main   Uniq dts [#]  = 1
2026-07-31T10:21:03.578974Z INFO  main   Stats for GIC/measured/NERC:
2026-07-31T10:21:03.578974Z INFO  main 
    std: : [0.3068330271054694]
    ave: : [0.17814786777693664]
    min: : [-0.7666666666666666]
    max: : [0.85]
    n: 1321
    n_valid: : [1321]
    dt_original: : [10000000000]
2026-07-31T10:21:03.578974Z INFO  main Plotting '10307' data
2026-07-31T10:21:03.593046Z INFO  main   Plotting '10307/GIC/measured/NERC' original vs. modified data
2026-07-31T10:21:05.366571Z INFO  main     Writing C:\Users\lwilker\Documents\GitHub\SWERVE-data\data_processed/2021-05-12/sites/10307/figures\original\GIC_measured_NERC.png
2026-07-31T10:21:07.118944Z INFO  main     Writing C:\Users\lwilker\Documents\GitHub\SWERVE-data\data_processed/2021-05-12/sites/10307/figures\original\GIC_measured_NERC.pdf
2026-07-31T10:21:07.475050Z INFO  main Reading '10309' data
2026-07-31T10:21:07.484239Z INFO  main   Reading 'GIC/measured/NERC' data
2026-07-31T10:21:07.494500Z INFO  main     Reading C:\Users\lwilker\Documents\GitHub\SWERVE-data\data_original\nerc\2021-05-12\gic\2021E01_10309.csv
2026-07-31T10:21:07.775426Z INFO  main     Running automated error checks on GIC measured data
2026-07-31T10:21:09.283213Z INFO  main     
Resample to 1m aves and NaN pad or trim to start/stop.
2026-07-31T10:21:09.353768Z INFO  main     Writing C:\Users\lwilker\Documents\GitHub\SWERVE-data\data_processed\2021-05-12\sites\10309\data\GIC_measured_NERC.pkl
2026-07-31T10:21:09.392062Z INFO  main   Writing C:\Users\lwilker\Documents\GitHub\SWERVE-data\data_processed\2021-05-12\sites\10309\data\_all.pkl
2026-07-31T10:21:09.412763Z INFO  main Computing stats for '10309' data
2026-07-31T10:21:09.446891Z INFO  main   Uniq dts [ns] = [10000000000]
2026-07-31T10:21:09.446891Z INFO  main   Uniq dts [#]  = 1
2026-07-31T10:21:09.446891Z INFO  main   Stats for GIC/measured/NERC:
2026-07-31T10:21:09.446891Z INFO  main 
    std: : [0.2940815815284021]
    ave: : [0.3272016149381782]
    min: : [0.0]
    max: : [3.4499999999999997]
    n: 1321
    n_valid: : [1321]
    dt_original: : [10000000000]
2026-07-31T10:21:09.456777Z INFO  main Plotting '10309' data
2026-07-31T10:21:09.464698Z INFO  main   Plotting '10309/GIC/measured/NERC' original vs. modified data
2026-07-31T10:21:10.331920Z INFO  main     Writing C:\Users\lwilker\Documents\GitHub\SWERVE-data\data_processed/2021-05-12/sites/10309/figures\original\GIC_measured_NERC.png
2026-07-31T10:21:11.402241Z INFO  main     Writing C:\Users\lwilker\Documents\GitHub\SWERVE-data\data_processed/2021-05-12/sites/10309/figures\original\GIC_measured_NERC.pdf
2026-07-31T10:21:11.709136Z INFO  main Reading '10310' data
2026-07-31T10:21:11.727228Z INFO  main   Reading 'GIC/measured/NERC' data
2026-07-31T10:21:11.731283Z INFO  main     Reading C:\Users\lwilker\Documents\GitHub\SWERVE-data\data_original\nerc\2021-05-12\gic\2021E01_10310.csv
2026-07-31T10:21:12.010046Z INFO  main     Running automated error checks on GIC measured data
2026-07-31T10:21:13.680856Z INFO  main     Baseline offset of -1.40 A corrected. 
Resample to 1m aves and NaN pad or trim to start/stop.
2026-07-31T10:21:13.737128Z INFO  main     Writing C:\Users\lwilker\Documents\GitHub\SWERVE-data\data_processed\2021-05-12\sites\10310\data\GIC_measured_NERC.pkl
2026-07-31T10:21:13.771280Z INFO  main   Writing C:\Users\lwilker\Documents\GitHub\SWERVE-data\data_processed\2021-05-12\sites\10310\data\_all.pkl
2026-07-31T10:21:13.802675Z INFO  main Computing stats for '10310' data
2026-07-31T10:21:13.838438Z INFO  main   Uniq dts [ns] = [10000000000]
2026-07-31T10:21:13.838438Z INFO  main   Uniq dts [#]  = 1
2026-07-31T10:21:13.840456Z INFO  main   Stats for GIC/measured/NERC:
2026-07-31T10:21:13.840456Z INFO  main 
    std: : [0.2589610409492564]
    ave: : [0.03892253343426687]
    min: : [-2.066666666666667]
    max: : [1.75]
    n: 1321
    n_valid: : [1321]
    dt_original: : [10000000000]
2026-07-31T10:21:13.840456Z INFO  main Plotting '10310' data
2026-07-31T10:21:13.846229Z INFO  main   Plotting '10310/GIC/measured/NERC' original vs. modified data
2026-07-31T10:21:14.727025Z INFO  main     Writing C:\Users\lwilker\Documents\GitHub\SWERVE-data\data_processed/2021-05-12/sites/10310/figures\original\GIC_measured_NERC.png
2026-07-31T10:21:16.466782Z INFO  main     Writing C:\Users\lwilker\Documents\GitHub\SWERVE-data\data_processed/2021-05-12/sites/10310/figures\original\GIC_measured_NERC.pdf
2026-07-31T10:21:16.970712Z INFO  main Reading '10311' data
2026-07-31T10:21:17.000455Z INFO  main   Reading 'GIC/measured/NERC' data
2026-07-31T10:21:17.005375Z INFO  main     Reading C:\Users\lwilker\Documents\GitHub\SWERVE-data\data_original\nerc\2021-05-12\gic\2021E01_10311.csv
2026-07-31T10:21:17.565134Z INFO  main     Running automated error checks on GIC measured data
2026-07-31T10:21:20.397251Z INFO  main     Baseline offset of -1.30 A corrected. 
Resample to 1m aves and NaN pad or trim to start/stop.
2026-07-31T10:21:20.479839Z INFO  main     Writing C:\Users\lwilker\Documents\GitHub\SWERVE-data\data_processed\2021-05-12\sites\10311\data\GIC_measured_NERC.pkl
2026-07-31T10:21:20.537383Z INFO  main   Writing C:\Users\lwilker\Documents\GitHub\SWERVE-data\data_processed\2021-05-12\sites\10311\data\_all.pkl
2026-07-31T10:21:20.582529Z INFO  main Computing stats for '10311' data
2026-07-31T10:21:20.637943Z INFO  main   Uniq dts [ns] = [10000000000]
2026-07-31T10:21:20.637943Z INFO  main   Uniq dts [#]  = 1
2026-07-31T10:21:20.637943Z INFO  main   Stats for GIC/measured/NERC:
2026-07-31T10:21:20.637943Z INFO  main 
    std: : [0.5071649815480737]
    ave: : [0.13345950037850116]
    min: : [-3.2000000000000006]
    max: : [3.533333333333333]
    n: 1321
    n_valid: : [1321]
    dt_original: : [10000000000]
2026-07-31T10:21:20.647407Z INFO  main Plotting '10311' data
2026-07-31T10:21:20.654765Z INFO  main   Plotting '10311/GIC/measured/NERC' original vs. modified data
2026-07-31T10:21:22.439773Z INFO  main     Writing C:\Users\lwilker\Documents\GitHub\SWERVE-data\data_processed/2021-05-12/sites/10311/figures\original\GIC_measured_NERC.png
2026-07-31T10:21:24.517403Z INFO  main     Writing C:\Users\lwilker\Documents\GitHub\SWERVE-data\data_processed/2021-05-12/sites/10311/figures\original\GIC_measured_NERC.pdf
2026-07-31T10:21:24.997269Z INFO  main Reading '10312' data
2026-07-31T10:21:25.045164Z INFO  main   Reading 'GIC/measured/NERC' data
2026-07-31T10:21:25.062806Z INFO  main     Reading C:\Users\lwilker\Documents\GitHub\SWERVE-data\data_original\nerc\2021-05-12\gic\2021E01_10312.csv
2026-07-31T10:21:25.552920Z INFO  main     Running automated error checks on GIC measured data
2026-07-31T10:21:28.358298Z INFO  main     Baseline offset of -1.50 A corrected. 
Resample to 1m aves and NaN pad or trim to start/stop.
2026-07-31T10:21:28.445008Z INFO  main     Writing C:\Users\lwilker\Documents\GitHub\SWERVE-data\data_processed\2021-05-12\sites\10312\data\GIC_measured_NERC.pkl
2026-07-31T10:21:28.495523Z INFO  main   Writing C:\Users\lwilker\Documents\GitHub\SWERVE-data\data_processed\2021-05-12\sites\10312\data\_all.pkl
2026-07-31T10:21:28.547690Z INFO  main Computing stats for '10312' data
2026-07-31T10:21:28.609401Z INFO  main   Uniq dts [ns] = [10000000000]
2026-07-31T10:21:28.609401Z INFO  main   Uniq dts [#]  = 1
2026-07-31T10:21:28.609401Z INFO  main   Stats for GIC/measured/NERC:
2026-07-31T10:21:28.609401Z INFO  main 
    std: : [0.2928259226417315]
    ave: : [0.1625788544032299]
    min: : [-0.7999999999999999]
    max: : [0.9833333333333334]
    n: 1321
    n_valid: : [1321]
    dt_original: : [10000000000]
2026-07-31T10:21:28.612182Z INFO  main Plotting '10312' data
2026-07-31T10:21:28.625709Z INFO  main   Plotting '10312/GIC/measured/NERC' original vs. modified data
2026-07-31T10:21:30.241619Z INFO  main     Writing C:\Users\lwilker\Documents\GitHub\SWERVE-data\data_processed/2021-05-12/sites/10312/figures\original\GIC_measured_NERC.png
2026-07-31T10:21:32.309453Z INFO  main     Writing C:\Users\lwilker\Documents\GitHub\SWERVE-data\data_processed/2021-05-12/sites/10312/figures\original\GIC_measured_NERC.pdf
2026-07-31T10:21:32.797949Z INFO  main Reading '10313' data
2026-07-31T10:21:32.825561Z INFO  main   Reading 'GIC/measured/NERC' data
2026-07-31T10:21:32.838002Z INFO  main     Reading C:\Users\lwilker\Documents\GitHub\SWERVE-data\data_original\nerc\2021-05-12\gic\2021E01_10313.csv
2026-07-31T10:21:33.296823Z INFO  main     Running automated error checks on GIC measured data
2026-07-31T10:21:36.204921Z INFO  main     
Resample to 1m aves and NaN pad or trim to start/stop.
2026-07-31T10:21:36.300105Z INFO  main     Writing C:\Users\lwilker\Documents\GitHub\SWERVE-data\data_processed\2021-05-12\sites\10313\data\GIC_measured_NERC.pkl
2026-07-31T10:21:36.517183Z INFO  main   Writing C:\Users\lwilker\Documents\GitHub\SWERVE-data\data_processed\2021-05-12\sites\10313\data\_all.pkl
2026-07-31T10:21:36.554027Z INFO  main Computing stats for '10313' data
2026-07-31T10:21:36.617550Z INFO  main   Uniq dts [ns] = [10000000000]
2026-07-31T10:21:36.617550Z INFO  main   Uniq dts [#]  = 1
2026-07-31T10:21:36.617550Z INFO  main   Stats for GIC/measured/NERC:
2026-07-31T10:21:36.617550Z INFO  main 
    std: : [0.179762082494365]
    ave: : [0.11874842291193538]
    min: : [-0.2833333333333334]
    max: : [0.6833333333333332]
    n: 1321
    n_valid: : [1321]
    dt_original: : [10000000000]
2026-07-31T10:21:36.623203Z INFO  main Plotting '10313' data
2026-07-31T10:21:36.637388Z INFO  main   Plotting '10313/GIC/measured/NERC' original vs. modified data
2026-07-31T10:21:38.235221Z INFO  main     Writing C:\Users\lwilker\Documents\GitHub\SWERVE-data\data_processed/2021-05-12/sites/10313/figures\original\GIC_measured_NERC.png
2026-07-31T10:21:40.067062Z INFO  main     Writing C:\Users\lwilker\Documents\GitHub\SWERVE-data\data_processed/2021-05-12/sites/10313/figures\original\GIC_measured_NERC.pdf
2026-07-31T10:21:40.666107Z INFO  main Reading '10314' data
2026-07-31T10:21:40.698608Z INFO  main   Reading 'GIC/measured/NERC' data
2026-07-31T10:21:40.707164Z INFO  main     Reading C:\Users\lwilker\Documents\GitHub\SWERVE-data\data_original\nerc\2021-05-12\gic\2021E01_10314.csv
2026-07-31T10:21:41.179594Z INFO  main     Running automated error checks on GIC measured data
2026-07-31T10:21:43.984545Z INFO  main     
Resample to 1m aves and NaN pad or trim to start/stop.
2026-07-31T10:21:44.082767Z INFO  main     Writing C:\Users\lwilker\Documents\GitHub\SWERVE-data\data_processed\2021-05-12\sites\10314\data\GIC_measured_NERC.pkl
2026-07-31T10:21:44.143265Z INFO  main   Writing C:\Users\lwilker\Documents\GitHub\SWERVE-data\data_processed\2021-05-12\sites\10314\data\_all.pkl
2026-07-31T10:21:44.176571Z INFO  main Computing stats for '10314' data
2026-07-31T10:21:44.235820Z INFO  main   Uniq dts [ns] = [10000000000]
2026-07-31T10:21:44.235820Z INFO  main   Uniq dts [#]  = 1
2026-07-31T10:21:44.235820Z INFO  main   Stats for GIC/measured/NERC:
2026-07-31T10:21:44.235820Z INFO  main 
    std: : [0.1911992440715805]
    ave: : [-0.16408024224072673]
    min: : [-0.7333333333333334]
    max: : [0.3]
    n: 1321
    n_valid: : [1321]
    dt_original: : [10000000000]
2026-07-31T10:21:44.242836Z INFO  main Plotting '10314' data
2026-07-31T10:21:44.248089Z INFO  main   Plotting '10314/GIC/measured/NERC' original vs. modified data
2026-07-31T10:21:45.764486Z INFO  main     Writing C:\Users\lwilker\Documents\GitHub\SWERVE-data\data_processed/2021-05-12/sites/10314/figures\original\GIC_measured_NERC.png
2026-07-31T10:21:47.626056Z INFO  main     Writing C:\Users\lwilker\Documents\GitHub\SWERVE-data\data_processed/2021-05-12/sites/10314/figures\original\GIC_measured_NERC.pdf
2026-07-31T10:21:48.196144Z INFO  main Reading '10315' data
2026-07-31T10:21:48.236603Z INFO  main   Reading 'GIC/measured/NERC' data
2026-07-31T10:21:48.253073Z INFO  main     Reading C:\Users\lwilker\Documents\GitHub\SWERVE-data\data_original\nerc\2021-05-12\gic\2021E01_10315.csv
2026-07-31T10:21:49.024883Z INFO  main     Running automated error checks on GIC measured data
2026-07-31T10:21:51.735488Z INFO  main     
Resample to 1m aves and NaN pad or trim to start/stop.
2026-07-31T10:21:51.839601Z INFO  main     Writing C:\Users\lwilker\Documents\GitHub\SWERVE-data\data_processed\2021-05-12\sites\10315\data\GIC_measured_NERC.pkl
2026-07-31T10:21:51.909895Z INFO  main   Writing C:\Users\lwilker\Documents\GitHub\SWERVE-data\data_processed\2021-05-12\sites\10315\data\_all.pkl
2026-07-31T10:21:51.953225Z INFO  main Computing stats for '10315' data
2026-07-31T10:21:52.008013Z INFO  main   Uniq dts [ns] = [10000000000]
2026-07-31T10:21:52.008013Z INFO  main   Uniq dts [#]  = 1
2026-07-31T10:21:52.008013Z INFO  main   Stats for GIC/measured/NERC:
2026-07-31T10:21:52.008013Z INFO  main 
    std: : [0.14061526441957506]
    ave: : [0.5532803431743628]
    min: : [-0.25]
    max: : [1.5166666666666666]
    n: 1321
    n_valid: : [1321]
    dt_original: : [10000000000]
2026-07-31T10:21:52.008013Z INFO  main Plotting '10315' data
2026-07-31T10:21:52.021454Z INFO  main   Plotting '10315/GIC/measured/NERC' original vs. modified data
2026-07-31T10:21:53.596134Z INFO  main     Writing C:\Users\lwilker\Documents\GitHub\SWERVE-data\data_processed/2021-05-12/sites/10315/figures\original\GIC_measured_NERC.png
2026-07-31T10:21:55.419110Z INFO  main     Writing C:\Users\lwilker\Documents\GitHub\SWERVE-data\data_processed/2021-05-12/sites/10315/figures\original\GIC_measured_NERC.pdf
2026-07-31T10:21:56.006429Z INFO  main Reading '10316' data
2026-07-31T10:21:56.023560Z INFO  main   Reading 'GIC/measured/NERC' data
2026-07-31T10:21:56.040773Z INFO  main     Reading C:\Users\lwilker\Documents\GitHub\SWERVE-data\data_original\nerc\2021-05-12\gic\2021E01_10316.csv
2026-07-31T10:21:56.522704Z INFO  main     Running automated error checks on GIC measured data
2026-07-31T10:21:59.308019Z INFO  main     
Resample to 1m aves and NaN pad or trim to start/stop.
2026-07-31T10:21:59.406782Z INFO  main     Writing C:\Users\lwilker\Documents\GitHub\SWERVE-data\data_processed\2021-05-12\sites\10316\data\GIC_measured_NERC.pkl
2026-07-31T10:21:59.486100Z INFO  main   Writing C:\Users\lwilker\Documents\GitHub\SWERVE-data\data_processed\2021-05-12\sites\10316\data\_all.pkl
2026-07-31T10:21:59.536545Z INFO  main Computing stats for '10316' data
2026-07-31T10:21:59.602357Z INFO  main   Uniq dts [ns] = [10000000000]
2026-07-31T10:21:59.602357Z INFO  main   Uniq dts [#]  = 1
2026-07-31T10:21:59.602357Z INFO  main   Stats for GIC/measured/NERC:
2026-07-31T10:21:59.602357Z INFO  main 
    std: : [0.3498587634233238]
    ave: : [-0.2626671713348473]
    min: : [-1.1500000000000001]
    max: : [0.5499999999999999]
    n: 1321
    n_valid: : [1321]
    dt_original: : [10000000000]
2026-07-31T10:21:59.610485Z INFO  main Plotting '10316' data
2026-07-31T10:21:59.623520Z INFO  main   Plotting '10316/GIC/measured/NERC' original vs. modified data
2026-07-31T10:22:01.329010Z INFO  main     Writing C:\Users\lwilker\Documents\GitHub\SWERVE-data\data_processed/2021-05-12/sites/10316/figures\original\GIC_measured_NERC.png
2026-07-31T10:22:03.084337Z INFO  main     Writing C:\Users\lwilker\Documents\GitHub\SWERVE-data\data_processed/2021-05-12/sites/10316/figures\original\GIC_measured_NERC.pdf
2026-07-31T10:22:03.581441Z INFO  main Reading '10317' data
2026-07-31T10:22:03.610096Z INFO  main   Reading 'GIC/measured/NERC' data
2026-07-31T10:22:03.627299Z INFO  main     Reading C:\Users\lwilker\Documents\GitHub\SWERVE-data\data_original\nerc\2021-05-12\gic\2021E01_10317.csv
2026-07-31T10:22:04.125158Z INFO  main     Running automated error checks on GIC measured data
2026-07-31T10:22:06.857618Z INFO  main     
Resample to 1m aves and NaN pad or trim to start/stop.
2026-07-31T10:22:06.948090Z INFO  main     Writing C:\Users\lwilker\Documents\GitHub\SWERVE-data\data_processed\2021-05-12\sites\10317\data\GIC_measured_NERC.pkl
2026-07-31T10:22:07.004532Z INFO  main   Writing C:\Users\lwilker\Documents\GitHub\SWERVE-data\data_processed\2021-05-12\sites\10317\data\_all.pkl
2026-07-31T10:22:07.058655Z INFO  main Computing stats for '10317' data
2026-07-31T10:22:07.119901Z INFO  main   Uniq dts [ns] = [10000000000]
2026-07-31T10:22:07.119901Z INFO  main   Uniq dts [#]  = 1
2026-07-31T10:22:07.119901Z INFO  main   Stats for GIC/measured/NERC:
2026-07-31T10:22:07.119901Z INFO  main 
    std: : [0.09281107685389747]
    ave: : [-0.18951551854655563]
    min: : [-0.85]
    max: : [0.5499999999999999]
    n: 1321
    n_valid: : [1321]
    dt_original: : [10000000000]
2026-07-31T10:22:07.119901Z INFO  main Plotting '10317' data
2026-07-31T10:22:07.136653Z INFO  main   Plotting '10317/GIC/measured/NERC' original vs. modified data
2026-07-31T10:22:08.592041Z INFO  main     Writing C:\Users\lwilker\Documents\GitHub\SWERVE-data\data_processed/2021-05-12/sites/10317/figures\original\GIC_measured_NERC.png
2026-07-31T10:22:10.317672Z INFO  main     Writing C:\Users\lwilker\Documents\GitHub\SWERVE-data\data_processed/2021-05-12/sites/10317/figures\original\GIC_measured_NERC.pdf
2026-07-31T10:22:10.793817Z INFO  main Reading '10318' data
2026-07-31T10:22:10.822689Z INFO  main   Reading 'GIC/measured/NERC' data
2026-07-31T10:22:10.839653Z INFO  main     Reading C:\Users\lwilker\Documents\GitHub\SWERVE-data\data_original\nerc\2021-05-12\gic\2021E01_10318.csv
2026-07-31T10:22:11.321961Z INFO  main     Running automated error checks on GIC measured data
2026-07-31T10:22:14.302649Z INFO  main     Baseline offset of 6.00 A corrected. 
Resample to 1m aves and NaN pad or trim to start/stop.
2026-07-31T10:22:14.402498Z INFO  main     Writing C:\Users\lwilker\Documents\GitHub\SWERVE-data\data_processed\2021-05-12\sites\10318\data\GIC_measured_NERC.pkl
2026-07-31T10:22:14.470675Z INFO  main   Writing C:\Users\lwilker\Documents\GitHub\SWERVE-data\data_processed\2021-05-12\sites\10318\data\_all.pkl
2026-07-31T10:22:14.525184Z INFO  main Computing stats for '10318' data
2026-07-31T10:22:14.584409Z INFO  main   Uniq dts [ns] = [10000000000]
2026-07-31T10:22:14.584409Z INFO  main   Uniq dts [#]  = 1
2026-07-31T10:22:14.584409Z INFO  main   Stats for GIC/measured/NERC:
2026-07-31T10:22:14.592118Z INFO  main 
    std: : [0.38701678977929205]
    ave: : [0.023479687105728005]
    min: : [-3.5833333333333335]
    max: : [2.0]
    n: 1321
    n_valid: : [1321]
    dt_original: : [10000000000]
2026-07-31T10:22:14.592118Z INFO  main Plotting '10318' data
2026-07-31T10:22:14.602162Z INFO  main   Plotting '10318/GIC/measured/NERC' original vs. modified data
2026-07-31T10:22:16.241148Z INFO  main     Writing C:\Users\lwilker\Documents\GitHub\SWERVE-data\data_processed/2021-05-12/sites/10318/figures\original\GIC_measured_NERC.png
2026-07-31T10:22:18.140056Z INFO  main     Writing C:\Users\lwilker\Documents\GitHub\SWERVE-data\data_processed/2021-05-12/sites/10318/figures\original\GIC_measured_NERC.pdf
2026-07-31T10:22:18.578861Z INFO  main Reading '10319' data
2026-07-31T10:22:18.616181Z INFO  main   Reading 'GIC/measured/NERC' data
2026-07-31T10:22:18.626078Z INFO  main     Reading C:\Users\lwilker\Documents\GitHub\SWERVE-data\data_original\nerc\2021-05-12\gic\2021E01_10319.csv
2026-07-31T10:22:19.076551Z INFO  main     Running automated error checks on GIC measured data
2026-07-31T10:22:21.516791Z INFO  main     
Resample to 1m aves and NaN pad or trim to start/stop.
2026-07-31T10:22:21.612492Z INFO  main     Writing C:\Users\lwilker\Documents\GitHub\SWERVE-data\data_processed\2021-05-12\sites\10319\data\GIC_measured_NERC.pkl
2026-07-31T10:22:21.675725Z INFO  main   Writing C:\Users\lwilker\Documents\GitHub\SWERVE-data\data_processed\2021-05-12\sites\10319\data\_all.pkl
2026-07-31T10:22:21.719306Z INFO  main Computing stats for '10319' data
2026-07-31T10:22:21.786252Z INFO  main   Uniq dts [ns] = [10000000000]
2026-07-31T10:22:21.786252Z INFO  main   Uniq dts [#]  = 1
2026-07-31T10:22:21.786252Z INFO  main   Stats for GIC/measured/NERC:
2026-07-31T10:22:21.786252Z INFO  main 
    std: : [0.3956396406543157]
    ave: : [-0.35426444612667174]
    min: : [-3.4333333333333336]
    max: : [2.9499999999999997]
    n: 1321
    n_valid: : [1321]
    dt_original: : [10000000000]
2026-07-31T10:22:21.794363Z INFO  main Plotting '10319' data
2026-07-31T10:22:21.806947Z INFO  main   Plotting '10319/GIC/measured/NERC' original vs. modified data
2026-07-31T10:22:23.592889Z INFO  main     Writing C:\Users\lwilker\Documents\GitHub\SWERVE-data\data_processed/2021-05-12/sites/10319/figures\original\GIC_measured_NERC.png
2026-07-31T10:22:25.285716Z INFO  main     Writing C:\Users\lwilker\Documents\GitHub\SWERVE-data\data_processed/2021-05-12/sites/10319/figures\original\GIC_measured_NERC.pdf
2026-07-31T10:22:25.718536Z INFO  main Reading '10320' data
2026-07-31T10:22:25.747792Z INFO  main   Reading 'GIC/measured/NERC' data
2026-07-31T10:22:25.761772Z INFO  main     Reading C:\Users\lwilker\Documents\GitHub\SWERVE-data\data_original\nerc\2021-05-12\gic\2021E01_10320.csv
2026-07-31T10:22:26.253453Z INFO  main     Running automated error checks on GIC measured data
2026-07-31T10:22:29.141706Z INFO  main     Baseline offset of -1.60 A corrected. 
Resample to 1m aves and NaN pad or trim to start/stop.
2026-07-31T10:22:29.242138Z INFO  main     Writing C:\Users\lwilker\Documents\GitHub\SWERVE-data\data_processed\2021-05-12\sites\10320\data\GIC_measured_NERC.pkl
2026-07-31T10:22:29.302645Z INFO  main   Writing C:\Users\lwilker\Documents\GitHub\SWERVE-data\data_processed\2021-05-12\sites\10320\data\_all.pkl
2026-07-31T10:22:29.350478Z INFO  main Computing stats for '10320' data
2026-07-31T10:22:29.405004Z INFO  main   Uniq dts [ns] = [10000000000]
2026-07-31T10:22:29.405004Z INFO  main   Uniq dts [#]  = 1
2026-07-31T10:22:29.405004Z INFO  main   Stats for GIC/measured/NERC:
2026-07-31T10:22:29.405004Z INFO  main 
    std: : [0.3854311678181626]
    ave: : [0.06371435780974019]
    min: : [-2.183333333333333]
    max: : [2.966666666666667]
    n: 1321
    n_valid: : [1321]
    dt_original: : [10000000000]
2026-07-31T10:22:29.413229Z INFO  main Plotting '10320' data
2026-07-31T10:22:29.424204Z INFO  main   Plotting '10320/GIC/measured/NERC' original vs. modified data
2026-07-31T10:22:31.246531Z INFO  main     Writing C:\Users\lwilker\Documents\GitHub\SWERVE-data\data_processed/2021-05-12/sites/10320/figures\original\GIC_measured_NERC.png
2026-07-31T10:22:33.100187Z INFO  main     Writing C:\Users\lwilker\Documents\GitHub\SWERVE-data\data_processed/2021-05-12/sites/10320/figures\original\GIC_measured_NERC.pdf
2026-07-31T10:22:33.786614Z INFO  main Reading '10321' data
2026-07-31T10:22:33.812658Z INFO  main   Reading 'GIC/measured/NERC' data
2026-07-31T10:22:33.821247Z INFO  main     Reading C:\Users\lwilker\Documents\GitHub\SWERVE-data\data_original\nerc\2021-05-12\gic\2021E01_10321.csv
2026-07-31T10:22:34.230874Z INFO  main     Running automated error checks on GIC measured data
2026-07-31T10:22:36.989104Z INFO  main     Baseline offset of -2.00 A corrected. 
Resample to 1m aves and NaN pad or trim to start/stop.
2026-07-31T10:22:37.080252Z INFO  main     Writing C:\Users\lwilker\Documents\GitHub\SWERVE-data\data_processed\2021-05-12\sites\10321\data\GIC_measured_NERC.pkl
2026-07-31T10:22:37.350852Z INFO  main   Writing C:\Users\lwilker\Documents\GitHub\SWERVE-data\data_processed\2021-05-12\sites\10321\data\_all.pkl
2026-07-31T10:22:37.400532Z INFO  main Computing stats for '10321' data
2026-07-31T10:22:37.457110Z INFO  main   Uniq dts [ns] = [10000000000]
2026-07-31T10:22:37.457110Z INFO  main   Uniq dts [#]  = 1
2026-07-31T10:22:37.457110Z INFO  main   Stats for GIC/measured/NERC:
2026-07-31T10:22:37.457110Z INFO  main 
    std: : [0.7543782230919317]
    ave: : [-0.33011607368155443]
    min: : [-3.8333333333333335]
    max: : [3.1]
    n: 1321
    n_valid: : [1321]
    dt_original: : [10000000000]
2026-07-31T10:22:37.463136Z INFO  main Plotting '10321' data
2026-07-31T10:22:37.473231Z INFO  main   Plotting '10321/GIC/measured/NERC' original vs. modified data
2026-07-31T10:22:39.090274Z INFO  main     Writing C:\Users\lwilker\Documents\GitHub\SWERVE-data\data_processed/2021-05-12/sites/10321/figures\original\GIC_measured_NERC.png
2026-07-31T10:22:40.808486Z INFO  main     Writing C:\Users\lwilker\Documents\GitHub\SWERVE-data\data_processed/2021-05-12/sites/10321/figures\original\GIC_measured_NERC.pdf
2026-07-31T10:22:41.346755Z INFO  main Reading '10322' data
2026-07-31T10:22:41.386000Z INFO  main   Reading 'GIC/measured/NERC' data
2026-07-31T10:22:41.396618Z INFO  main     Reading C:\Users\lwilker\Documents\GitHub\SWERVE-data\data_original\nerc\2021-05-12\gic\2021E01_10322.csv
2026-07-31T10:22:41.886856Z INFO  main     Running automated error checks on GIC measured data
2026-07-31T10:22:44.908353Z INFO  main     Baseline offset of 5.80 A corrected. 
Resample to 1m aves and NaN pad or trim to start/stop.
2026-07-31T10:22:44.992265Z INFO  main     Writing C:\Users\lwilker\Documents\GitHub\SWERVE-data\data_processed\2021-05-12\sites\10322\data\GIC_measured_NERC.pkl
2026-07-31T10:22:45.061455Z INFO  main   Writing C:\Users\lwilker\Documents\GitHub\SWERVE-data\data_processed\2021-05-12\sites\10322\data\_all.pkl
2026-07-31T10:22:45.095032Z INFO  main Computing stats for '10322' data
2026-07-31T10:22:45.157405Z INFO  main   Uniq dts [ns] = [10000000000]
2026-07-31T10:22:45.159086Z INFO  main   Uniq dts [#]  = 1
2026-07-31T10:22:45.159503Z INFO  main   Stats for GIC/measured/NERC:
2026-07-31T10:22:45.159503Z INFO  main 
    std: : [0.5015153554004314]
    ave: : [0.2573176886197327]
    min: : [-2.0]
    max: : [1.9333333333333336]
    n: 1321
    n_valid: : [1321]
    dt_original: : [10000000000]
2026-07-31T10:22:45.159503Z INFO  main Plotting '10322' data
2026-07-31T10:22:45.165558Z INFO  main   Plotting '10322/GIC/measured/NERC' original vs. modified data
2026-07-31T10:22:46.584797Z INFO  main     Writing C:\Users\lwilker\Documents\GitHub\SWERVE-data\data_processed/2021-05-12/sites/10322/figures\original\GIC_measured_NERC.png
2026-07-31T10:22:48.506995Z INFO  main     Writing C:\Users\lwilker\Documents\GitHub\SWERVE-data\data_processed/2021-05-12/sites/10322/figures\original\GIC_measured_NERC.pdf
2026-07-31T10:22:49.015229Z INFO  main Reading '10323' data
2026-07-31T10:22:49.031367Z INFO  main   Reading 'GIC/measured/NERC' data
2026-07-31T10:22:49.047260Z INFO  main     Reading C:\Users\lwilker\Documents\GitHub\SWERVE-data\data_original\nerc\2021-05-12\gic\2021E01_10323.csv
2026-07-31T10:22:51.957375Z INFO  main     Running automated error checks on GIC measured data
2026-07-31T10:23:05.645754Z INFO  main     
Resample to 1m aves and NaN pad or trim to start/stop.
2026-07-31T10:23:05.992348Z INFO  main     Writing C:\Users\lwilker\Documents\GitHub\SWERVE-data\data_processed\2021-05-12\sites\10323\data\GIC_measured_NERC.pkl
2026-07-31T10:23:06.217246Z INFO  main   Writing C:\Users\lwilker\Documents\GitHub\SWERVE-data\data_processed\2021-05-12\sites\10323\data\_all.pkl
2026-07-31T10:23:06.432668Z INFO  main Computing stats for '10323' data
2026-07-31T10:23:06.717917Z INFO  main   Uniq dts [ns] = [  1000000000   2000000000   3000000000   4000000000   5000000000
   6000000000   7000000000   8000000000  12000000000  13000000000
  15000000000  28000000000  37000000000  38000000000  44000000000
  76000000000  97000000000 136000000000 137000000000 180000000000
 295000000000 375000000000 377000000000 380000000000 391000000000
 405000000000 430000000000 469000000000]
2026-07-31T10:23:06.717917Z INFO  main   Uniq dts [#]  = 28
2026-07-31T10:23:06.717917Z INFO  main   Stats for GIC/measured/NERC:
2026-07-31T10:23:06.717917Z INFO  main 
    std: : [0.8478519414754121]
    ave: : [0.05374453131308549]
    min: : [-3.868666666666667]
    max: : [3.3496666666666663]
    n: 1321
    n_valid: : [1269]
    dt_original: : [1000000000 nanoseconds, 2000000000 nanoseconds, ..., 430000000000 nanoseconds, 469000000000 nanoseconds] (28 elements)
2026-07-31T10:23:06.717917Z INFO  main Plotting '10323' data
2026-07-31T10:23:06.727065Z INFO  main   Plotting '10323/GIC/measured/NERC' original vs. modified data
2026-07-31T10:23:08.236979Z INFO  main     Writing C:\Users\lwilker\Documents\GitHub\SWERVE-data\data_processed/2021-05-12/sites/10323/figures\original\GIC_measured_NERC.png
2026-07-31T10:23:09.492467Z INFO  main     Writing C:\Users\lwilker\Documents\GitHub\SWERVE-data\data_processed/2021-05-12/sites/10323/figures\original\GIC_measured_NERC.pdf
2026-07-31T10:23:09.870497Z INFO  main Reading '10329' data
2026-07-31T10:23:09.886639Z INFO  main   Reading 'GIC/measured/NERC' data
2026-07-31T10:23:09.890480Z INFO  main     Reading C:\Users\lwilker\Documents\GitHub\SWERVE-data\data_original\nerc\2021-05-12\gic\2021E01_10329.csv
2026-07-31T10:23:10.159811Z INFO  main     Running automated error checks on GIC measured data
2026-07-31T10:23:11.583710Z INFO  main     Baseline offset of -483.00 A corrected. 
Resample to 1m aves and NaN pad or trim to start/stop.
2026-07-31T10:23:11.644498Z INFO  main     Writing C:\Users\lwilker\Documents\GitHub\SWERVE-data\data_processed\2021-05-12\sites\10329\data\GIC_measured_NERC.pkl
2026-07-31T10:23:11.795182Z INFO  main   Writing C:\Users\lwilker\Documents\GitHub\SWERVE-data\data_processed\2021-05-12\sites\10329\data\_all.pkl
2026-07-31T10:23:11.820388Z INFO  main Computing stats for '10329' data
2026-07-31T10:23:11.845077Z INFO  main   Uniq dts [ns] = [10000000000]
2026-07-31T10:23:11.845077Z INFO  main   Uniq dts [#]  = 1
2026-07-31T10:23:11.845077Z INFO  main   Stats for GIC/measured/NERC:
2026-07-31T10:23:11.845077Z INFO  main 
    std: : [0.0]
    ave: : [0.0]
    min: : [0.0]
    max: : [0.0]
    n: 1321
    n_valid: : [1321]
    dt_original: : [10000000000]
2026-07-31T10:23:11.854693Z INFO  main Plotting '10329' data
2026-07-31T10:23:11.859965Z INFO  main   Plotting '10329/GIC/measured/NERC' original vs. modified data
2026-07-31T10:23:12.687882Z INFO  main     Writing C:\Users\lwilker\Documents\GitHub\SWERVE-data\data_processed/2021-05-12/sites/10329/figures\original\GIC_measured_NERC.png
2026-07-31T10:23:13.542237Z INFO  main     Writing C:\Users\lwilker\Documents\GitHub\SWERVE-data\data_processed/2021-05-12/sites/10329/figures\original\GIC_measured_NERC.pdf
2026-07-31T10:23:13.829345Z INFO  main Reading '10336' data
2026-07-31T10:23:13.847728Z INFO  main   Reading 'GIC/measured/NERC' data
2026-07-31T10:23:13.854198Z INFO  main     Reading C:\Users\lwilker\Documents\GitHub\SWERVE-data\data_original\nerc\2021-05-12\gic\2021E01_10336.csv
2026-07-31T10:23:13.896957Z INFO  main     Running automated error checks on GIC measured data
2026-07-31T10:23:13.905161Z INFO  main     
Resample to 1m aves and NaN pad or trim to start/stop.
2026-07-31T10:23:13.929308Z INFO  main     Writing C:\Users\lwilker\Documents\GitHub\SWERVE-data\data_processed\2021-05-12\sites\10336\data\GIC_measured_NERC.pkl
2026-07-31T10:23:13.944526Z INFO  main   Writing C:\Users\lwilker\Documents\GitHub\SWERVE-data\data_processed\2021-05-12\sites\10336\data\_all.pkl
2026-07-31T10:23:13.948445Z INFO  main Computing stats for '10336' data
2026-07-31T10:23:13.948445Z INFO  main   Uniq dts [ns] = [3600000000000]
2026-07-31T10:23:13.948445Z INFO  main   Uniq dts [#]  = 1
2026-07-31T10:23:13.948445Z INFO  main   Stats for GIC/measured/NERC:
2026-07-31T10:23:13.948445Z INFO  main 
    std: : [0.47102952038457635]
    ave: : [0.46913043478260874]
    min: : [-0.62]
    max: : [1.12]
    n: 1321
    n_valid: : [23]
    dt_original: : [3600000000000]
2026-07-31T10:23:13.952841Z INFO  main Plotting '10336' data
2026-07-31T10:23:13.957790Z INFO  main   Plotting '10336/GIC/measured/NERC' original vs. modified data
2026-07-31T10:23:14.778461Z INFO  main     Writing C:\Users\lwilker\Documents\GitHub\SWERVE-data\data_processed/2021-05-12/sites/10336/figures\original\GIC_measured_NERC.png
2026-07-31T10:23:15.878515Z INFO  main     Writing C:\Users\lwilker\Documents\GitHub\SWERVE-data\data_processed/2021-05-12/sites/10336/figures\original\GIC_measured_NERC.pdf
2026-07-31T10:23:16.188261Z INFO  main Reading '10338' data
2026-07-31T10:23:16.202349Z INFO  main   Reading 'GIC/measured/NERC' data
2026-07-31T10:23:16.211702Z INFO  main     Reading C:\Users\lwilker\Documents\GitHub\SWERVE-data\data_original\nerc\2021-05-12\gic\2021E01_10338.csv
2026-07-31T10:23:16.253590Z INFO  main     Running automated error checks on GIC measured data
2026-07-31T10:23:16.272102Z INFO  main     Baseline offset of 1.01 A corrected. 
Resample to 1m aves and NaN pad or trim to start/stop.
2026-07-31T10:23:16.290198Z INFO  main     Writing C:\Users\lwilker\Documents\GitHub\SWERVE-data\data_processed\2021-05-12\sites\10338\data\GIC_measured_NERC.pkl
2026-07-31T10:23:16.308644Z INFO  main   Writing C:\Users\lwilker\Documents\GitHub\SWERVE-data\data_processed\2021-05-12\sites\10338\data\_all.pkl
2026-07-31T10:23:16.312059Z INFO  main Computing stats for '10338' data
2026-07-31T10:23:16.312059Z INFO  main   Uniq dts [ns] = [3600000000000]
2026-07-31T10:23:16.312059Z INFO  main   Uniq dts [#]  = 1
2026-07-31T10:23:16.312059Z INFO  main   Stats for GIC/measured/NERC:
2026-07-31T10:23:16.312059Z INFO  main 
    std: : [0.28904379218316023]
    ave: : [0.014347826086956506]
    min: : [-0.48]
    max: : [0.42999999999999994]
    n: 1321
    n_valid: : [23]
    dt_original: : [3600000000000]
2026-07-31T10:23:16.312059Z INFO  main Plotting '10338' data
2026-07-31T10:23:16.321451Z INFO  main   Plotting '10338/GIC/measured/NERC' original vs. modified data
2026-07-31T10:23:17.143462Z INFO  main     Writing C:\Users\lwilker\Documents\GitHub\SWERVE-data\data_processed/2021-05-12/sites/10338/figures\original\GIC_measured_NERC.png
2026-07-31T10:23:18.244705Z INFO  main     Writing C:\Users\lwilker\Documents\GitHub\SWERVE-data\data_processed/2021-05-12/sites/10338/figures\original\GIC_measured_NERC.pdf
2026-07-31T10:23:18.564958Z INFO  main Reading '10339' data
2026-07-31T10:23:18.588655Z INFO  main   Reading 'GIC/measured/NERC' data
2026-07-31T10:23:18.597151Z INFO  main     Reading C:\Users\lwilker\Documents\GitHub\SWERVE-data\data_original\nerc\2021-05-12\gic\2021E01_10339.csv
2026-07-31T10:23:18.638681Z INFO  main     Running automated error checks on GIC measured data
2026-07-31T10:23:18.661725Z INFO  main     
Resample to 1m aves and NaN pad or trim to start/stop.
2026-07-31T10:23:18.677982Z INFO  main     Writing C:\Users\lwilker\Documents\GitHub\SWERVE-data\data_processed\2021-05-12\sites\10339\data\GIC_measured_NERC.pkl
2026-07-31T10:23:18.692218Z INFO  main   Writing C:\Users\lwilker\Documents\GitHub\SWERVE-data\data_processed\2021-05-12\sites\10339\data\_all.pkl
2026-07-31T10:23:18.698409Z INFO  main Computing stats for '10339' data
2026-07-31T10:23:18.698409Z INFO  main   Uniq dts [ns] = [3600000000000]
2026-07-31T10:23:18.698409Z INFO  main   Uniq dts [#]  = 1
2026-07-31T10:23:18.703462Z INFO  main   Stats for GIC/measured/NERC:
2026-07-31T10:23:18.704001Z INFO  main 
    std: : [8.912301135576094]
    ave: : [-4.695652173913044]
    min: : [-22.0]
    max: : [0.0]
    n: 1321
    n_valid: : [23]
    dt_original: : [3600000000000]
2026-07-31T10:23:18.704001Z INFO  main Plotting '10339' data
2026-07-31T10:23:18.710397Z INFO  main   Plotting '10339/GIC/measured/NERC' original vs. modified data
2026-07-31T10:23:19.509040Z INFO  main     Writing C:\Users\lwilker\Documents\GitHub\SWERVE-data\data_processed/2021-05-12/sites/10339/figures\original\GIC_measured_NERC.png
2026-07-31T10:23:20.545242Z INFO  main     Writing C:\Users\lwilker\Documents\GitHub\SWERVE-data\data_processed/2021-05-12/sites/10339/figures\original\GIC_measured_NERC.pdf
2026-07-31T10:23:20.842020Z INFO  main Reading '10340' data
2026-07-31T10:23:20.855813Z INFO  main   Reading 'GIC/measured/NERC' data
2026-07-31T10:23:20.868342Z INFO  main     Reading C:\Users\lwilker\Documents\GitHub\SWERVE-data\data_original\nerc\2021-05-12\gic\2021E01_10340.csv
2026-07-31T10:23:20.920310Z INFO  main     Running automated error checks on GIC measured data
2026-07-31T10:23:20.936704Z INFO  main     
Resample to 1m aves and NaN pad or trim to start/stop.
2026-07-31T10:23:20.952472Z INFO  main     Writing C:\Users\lwilker\Documents\GitHub\SWERVE-data\data_processed\2021-05-12\sites\10340\data\GIC_measured_NERC.pkl
2026-07-31T10:23:20.965867Z INFO  main   Writing C:\Users\lwilker\Documents\GitHub\SWERVE-data\data_processed\2021-05-12\sites\10340\data\_all.pkl
2026-07-31T10:23:20.970370Z INFO  main Computing stats for '10340' data
2026-07-31T10:23:20.970370Z INFO  main   Uniq dts [ns] = [3600000000000]
2026-07-31T10:23:20.970370Z INFO  main   Uniq dts [#]  = 1
2026-07-31T10:23:20.970370Z INFO  main   Stats for GIC/measured/NERC:
2026-07-31T10:23:20.970370Z INFO  main 
    std: : [0.16926282959362812]
    ave: : [0.03608695652173913]
    min: : [0.0]
    max: : [0.83]
    n: 1321
    n_valid: : [23]
    dt_original: : [3600000000000]
2026-07-31T10:23:20.970370Z INFO  main Plotting '10340' data
2026-07-31T10:23:20.979589Z INFO  main   Plotting '10340/GIC/measured/NERC' original vs. modified data
2026-07-31T10:23:21.775385Z INFO  main     Writing C:\Users\lwilker\Documents\GitHub\SWERVE-data\data_processed/2021-05-12/sites/10340/figures\original\GIC_measured_NERC.png
2026-07-31T10:23:22.684949Z INFO  main     Writing C:\Users\lwilker\Documents\GitHub\SWERVE-data\data_processed/2021-05-12/sites/10340/figures\original\GIC_measured_NERC.pdf
2026-07-31T10:23:23.018316Z INFO  main Reading '10341' data
2026-07-31T10:23:23.033792Z INFO  main   Reading 'GIC/measured/NERC' data
2026-07-31T10:23:23.045880Z INFO  main     Reading C:\Users\lwilker\Documents\GitHub\SWERVE-data\data_original\nerc\2021-05-12\gic\2021E01_10341.csv
2026-07-31T10:23:23.096596Z INFO  main     Running automated error checks on GIC measured data
2026-07-31T10:23:23.118803Z INFO  main     
Resample to 1m aves and NaN pad or trim to start/stop.
2026-07-31T10:23:23.139397Z INFO  main     Writing C:\Users\lwilker\Documents\GitHub\SWERVE-data\data_processed\2021-05-12\sites\10341\data\GIC_measured_NERC.pkl
2026-07-31T10:23:23.149602Z INFO  main   Writing C:\Users\lwilker\Documents\GitHub\SWERVE-data\data_processed\2021-05-12\sites\10341\data\_all.pkl
2026-07-31T10:23:23.152212Z INFO  main Computing stats for '10341' data
2026-07-31T10:23:23.152212Z INFO  main   Uniq dts [ns] = [3600000000000]
2026-07-31T10:23:23.152212Z INFO  main   Uniq dts [#]  = 1
2026-07-31T10:23:23.157342Z INFO  main   Stats for GIC/measured/NERC:
2026-07-31T10:23:23.157342Z INFO  main 
    std: : [0.22474434120482698]
    ave: : [0.06826086956521739]
    min: : [0.0]
    max: : [0.92]
    n: 1321
    n_valid: : [23]
    dt_original: : [3600000000000]
2026-07-31T10:23:23.159846Z INFO  main Plotting '10341' data
2026-07-31T10:23:23.166717Z INFO  main   Plotting '10341/GIC/measured/NERC' original vs. modified data
2026-07-31T10:23:24.163003Z INFO  main     Writing C:\Users\lwilker\Documents\GitHub\SWERVE-data\data_processed/2021-05-12/sites/10341/figures\original\GIC_measured_NERC.png
2026-07-31T10:23:25.243439Z INFO  main     Writing C:\Users\lwilker\Documents\GitHub\SWERVE-data\data_processed/2021-05-12/sites/10341/figures\original\GIC_measured_NERC.pdf
2026-07-31T10:23:25.549673Z INFO  main Reading '10342' data
2026-07-31T10:23:25.568429Z INFO  main   Reading 'GIC/measured/NERC' data
2026-07-31T10:23:25.579619Z INFO  main     Reading C:\Users\lwilker\Documents\GitHub\SWERVE-data\data_original\nerc\2021-05-12\gic\2021E01_10342.csv
2026-07-31T10:23:25.625309Z INFO  main     Running automated error checks on GIC measured data
2026-07-31T10:23:25.649693Z INFO  main     
Resample to 1m aves and NaN pad or trim to start/stop.
2026-07-31T10:23:25.665576Z INFO  main     Writing C:\Users\lwilker\Documents\GitHub\SWERVE-data\data_processed\2021-05-12\sites\10342\data\GIC_measured_NERC.pkl
2026-07-31T10:23:25.673210Z INFO  main   Writing C:\Users\lwilker\Documents\GitHub\SWERVE-data\data_processed\2021-05-12\sites\10342\data\_all.pkl
2026-07-31T10:23:25.675848Z INFO  main Computing stats for '10342' data
2026-07-31T10:23:25.680137Z INFO  main   Uniq dts [ns] = [3600000000000]
2026-07-31T10:23:25.680137Z INFO  main   Uniq dts [#]  = 1
2026-07-31T10:23:25.680137Z INFO  main   Stats for GIC/measured/NERC:
2026-07-31T10:23:25.680137Z INFO  main 
    std: : [0.012235867199539379]
    ave: : [0.002608695652173913]
    min: : [0.0]
    max: : [0.06]
    n: 1321
    n_valid: : [23]
    dt_original: : [3600000000000]
2026-07-31T10:23:25.680137Z INFO  main Plotting '10342' data
2026-07-31T10:23:25.685884Z INFO  main   Plotting '10342/GIC/measured/NERC' original vs. modified data
2026-07-31T10:23:26.522984Z INFO  main     Writing C:\Users\lwilker\Documents\GitHub\SWERVE-data\data_processed/2021-05-12/sites/10342/figures\original\GIC_measured_NERC.png
2026-07-31T10:23:27.590629Z INFO  main     Writing C:\Users\lwilker\Documents\GitHub\SWERVE-data\data_processed/2021-05-12/sites/10342/figures\original\GIC_measured_NERC.pdf
2026-07-31T10:23:27.903960Z INFO  main Reading '10343' data
2026-07-31T10:23:27.920720Z INFO  main   Reading 'GIC/measured/NERC' data
2026-07-31T10:23:27.929924Z INFO  main     Reading C:\Users\lwilker\Documents\GitHub\SWERVE-data\data_original\nerc\2021-05-12\gic\2021E01_10343.csv
2026-07-31T10:23:27.974054Z INFO  main     Running automated error checks on GIC measured data
2026-07-31T10:23:27.993277Z INFO  main     
Resample to 1m aves and NaN pad or trim to start/stop.
2026-07-31T10:23:28.013794Z INFO  main     Writing C:\Users\lwilker\Documents\GitHub\SWERVE-data\data_processed\2021-05-12\sites\10343\data\GIC_measured_NERC.pkl
2026-07-31T10:23:28.024744Z INFO  main   Writing C:\Users\lwilker\Documents\GitHub\SWERVE-data\data_processed\2021-05-12\sites\10343\data\_all.pkl
2026-07-31T10:23:28.028747Z INFO  main Computing stats for '10343' data
2026-07-31T10:23:28.030702Z INFO  main   Uniq dts [ns] = [3600000000000]
2026-07-31T10:23:28.030702Z INFO  main   Uniq dts [#]  = 1
2026-07-31T10:23:28.030702Z INFO  main   Stats for GIC/measured/NERC:
2026-07-31T10:23:28.030702Z INFO  main 
    std: : [0.0]
    ave: : [0.0]
    min: : [0.0]
    max: : [0.0]
    n: 1321
    n_valid: : [23]
    dt_original: : [3600000000000]
2026-07-31T10:23:28.032741Z INFO  main Plotting '10343' data
2026-07-31T10:23:28.038761Z INFO  main   Plotting '10343/GIC/measured/NERC' original vs. modified data
2026-07-31T10:23:28.835954Z INFO  main     Writing C:\Users\lwilker\Documents\GitHub\SWERVE-data\data_processed/2021-05-12/sites/10343/figures\original\GIC_measured_NERC.png
2026-07-31T10:23:29.520200Z INFO  main     Writing C:\Users\lwilker\Documents\GitHub\SWERVE-data\data_processed/2021-05-12/sites/10343/figures\original\GIC_measured_NERC.pdf
2026-07-31T10:23:29.816996Z INFO  main Reading '10344' data
2026-07-31T10:23:29.828657Z INFO  main   Reading 'GIC/measured/NERC' data
2026-07-31T10:23:29.844203Z INFO  main     Reading C:\Users\lwilker\Documents\GitHub\SWERVE-data\data_original\nerc\2021-05-12\gic\2021E01_10344.csv
2026-07-31T10:23:29.896126Z INFO  main     Running automated error checks on GIC measured data
2026-07-31T10:23:29.913017Z INFO  main     
Resample to 1m aves and NaN pad or trim to start/stop.
2026-07-31T10:23:29.940287Z INFO  main     Writing C:\Users\lwilker\Documents\GitHub\SWERVE-data\data_processed\2021-05-12\sites\10344\data\GIC_measured_NERC.pkl
2026-07-31T10:23:29.949984Z INFO  main   Writing C:\Users\lwilker\Documents\GitHub\SWERVE-data\data_processed\2021-05-12\sites\10344\data\_all.pkl
2026-07-31T10:23:29.953143Z INFO  main Computing stats for '10344' data
2026-07-31T10:23:29.957447Z INFO  main   Uniq dts [ns] = [3600000000000]
2026-07-31T10:23:29.957447Z INFO  main   Uniq dts [#]  = 1
2026-07-31T10:23:29.957447Z INFO  main   Stats for GIC/measured/NERC:
2026-07-31T10:23:29.958462Z INFO  main 
    std: : [0.07953313679700598]
    ave: : [-0.016956521739130436]
    min: : [-0.39]
    max: : [0.0]
    n: 1321
    n_valid: : [23]
    dt_original: : [3600000000000]
2026-07-31T10:23:29.960524Z INFO  main Plotting '10344' data
2026-07-31T10:23:29.960524Z INFO  main   Plotting '10344/GIC/measured/NERC' original vs. modified data
2026-07-31T10:23:30.774499Z INFO  main     Writing C:\Users\lwilker\Documents\GitHub\SWERVE-data\data_processed/2021-05-12/sites/10344/figures\original\GIC_measured_NERC.png
2026-07-31T10:23:31.845253Z INFO  main     Writing C:\Users\lwilker\Documents\GitHub\SWERVE-data\data_processed/2021-05-12/sites/10344/figures\original\GIC_measured_NERC.pdf
2026-07-31T10:23:32.162183Z INFO  main Reading '10345' data
2026-07-31T10:23:32.197431Z INFO  main   Reading 'GIC/measured/NERC' data
2026-07-31T10:23:32.224143Z INFO  main     Reading C:\Users\lwilker\Documents\GitHub\SWERVE-data\data_original\nerc\2021-05-12\gic\2021E01_10345.csv
2026-07-31T10:23:32.273884Z INFO  main     Running automated error checks on GIC measured data
2026-07-31T10:23:32.305737Z INFO  main     
Resample to 1m aves and NaN pad or trim to start/stop.
2026-07-31T10:23:32.316214Z INFO  main     Writing C:\Users\lwilker\Documents\GitHub\SWERVE-data\data_processed\2021-05-12\sites\10345\data\GIC_measured_NERC.pkl
2026-07-31T10:23:32.329056Z INFO  main   Writing C:\Users\lwilker\Documents\GitHub\SWERVE-data\data_processed\2021-05-12\sites\10345\data\_all.pkl
2026-07-31T10:23:32.329056Z INFO  main Computing stats for '10345' data
2026-07-31T10:23:32.329056Z INFO  main   Uniq dts [ns] = [3600000000000]
2026-07-31T10:23:32.329056Z INFO  main   Uniq dts [#]  = 1
2026-07-31T10:23:32.329056Z INFO  main   Stats for GIC/measured/NERC:
2026-07-31T10:23:32.329056Z INFO  main 
    std: : [0.3351928598704461]
    ave: : [0.7860869565217391]
    min: : [0.0]
    max: : [1.0]
    n: 1321
    n_valid: : [23]
    dt_original: : [3600000000000]
2026-07-31T10:23:32.337464Z INFO  main Plotting '10345' data
2026-07-31T10:23:32.340684Z INFO  main   Plotting '10345/GIC/measured/NERC' original vs. modified data
2026-07-31T10:23:33.211339Z INFO  main     Writing C:\Users\lwilker\Documents\GitHub\SWERVE-data\data_processed/2021-05-12/sites/10345/figures\original\GIC_measured_NERC.png
2026-07-31T10:23:34.291874Z INFO  main     Writing C:\Users\lwilker\Documents\GitHub\SWERVE-data\data_processed/2021-05-12/sites/10345/figures\original\GIC_measured_NERC.pdf
2026-07-31T10:23:34.637303Z INFO  main Reading '10347' data
2026-07-31T10:23:34.653366Z INFO  main   Reading 'GIC/measured/NERC' data
2026-07-31T10:23:34.658838Z INFO  main     Reading C:\Users\lwilker\Documents\GitHub\SWERVE-data\data_original\nerc\2021-05-12\gic\2021E01_10347.csv
2026-07-31T10:23:34.703909Z INFO  main     Running automated error checks on GIC measured data
2026-07-31T10:23:34.724759Z INFO  main     
Resample to 1m aves and NaN pad or trim to start/stop.
2026-07-31T10:23:34.745359Z INFO  main     Writing C:\Users\lwilker\Documents\GitHub\SWERVE-data\data_processed\2021-05-12\sites\10347\data\GIC_measured_NERC.pkl
2026-07-31T10:23:34.756793Z INFO  main   Writing C:\Users\lwilker\Documents\GitHub\SWERVE-data\data_processed\2021-05-12\sites\10347\data\_all.pkl
2026-07-31T10:23:34.760137Z INFO  main Computing stats for '10347' data
2026-07-31T10:23:34.760137Z INFO  main   Uniq dts [ns] = [3600000000000]
2026-07-31T10:23:34.760137Z INFO  main   Uniq dts [#]  = 1
2026-07-31T10:23:34.760137Z INFO  main   Stats for GIC/measured/NERC:
2026-07-31T10:23:34.760137Z INFO  main 
    std: : [0.12453922636499586]
    ave: : [-1.0382608695652173]
    min: : [-1.48]
    max: : [-1.0]
    n: 1321
    n_valid: : [23]
    dt_original: : [3600000000000]
2026-07-31T10:23:34.760137Z INFO  main Plotting '10347' data
2026-07-31T10:23:34.772459Z INFO  main   Plotting '10347/GIC/measured/NERC' original vs. modified data
2026-07-31T10:23:35.799092Z INFO  main     Writing C:\Users\lwilker\Documents\GitHub\SWERVE-data\data_processed/2021-05-12/sites/10347/figures\original\GIC_measured_NERC.png
2026-07-31T10:23:36.842920Z INFO  main     Writing C:\Users\lwilker\Documents\GitHub\SWERVE-data\data_processed/2021-05-12/sites/10347/figures\original\GIC_measured_NERC.pdf
2026-07-31T10:23:37.171504Z INFO  main Reading '10348' data
2026-07-31T10:23:37.195439Z INFO  main   Reading 'GIC/measured/NERC' data
2026-07-31T10:23:37.203451Z INFO  main     Reading C:\Users\lwilker\Documents\GitHub\SWERVE-data\data_original\nerc\2021-05-12\gic\2021E01_10348.csv
2026-07-31T10:23:37.252220Z INFO  main     Running automated error checks on GIC measured data
2026-07-31T10:23:37.273581Z INFO  main     
Resample to 1m aves and NaN pad or trim to start/stop.
2026-07-31T10:23:37.291738Z INFO  main     Writing C:\Users\lwilker\Documents\GitHub\SWERVE-data\data_processed\2021-05-12\sites\10348\data\GIC_measured_NERC.pkl
2026-07-31T10:23:37.304180Z INFO  main   Writing C:\Users\lwilker\Documents\GitHub\SWERVE-data\data_processed\2021-05-12\sites\10348\data\_all.pkl
2026-07-31T10:23:37.308481Z INFO  main Computing stats for '10348' data
2026-07-31T10:23:37.308481Z INFO  main   Uniq dts [ns] = [3600000000000]
2026-07-31T10:23:37.308481Z INFO  main   Uniq dts [#]  = 1
2026-07-31T10:23:37.308481Z INFO  main   Stats for GIC/measured/NERC:
2026-07-31T10:23:37.308481Z INFO  main 
    std: : [0.12610344719746985]
    ave: : [0.04608695652173913]
    min: : [0.0]
    max: : [0.44]
    n: 1321
    n_valid: : [23]
    dt_original: : [3600000000000]
2026-07-31T10:23:37.308481Z INFO  main Plotting '10348' data
2026-07-31T10:23:37.322671Z INFO  main   Plotting '10348/GIC/measured/NERC' original vs. modified data
2026-07-31T10:23:38.143133Z INFO  main     Writing C:\Users\lwilker\Documents\GitHub\SWERVE-data\data_processed/2021-05-12/sites/10348/figures\original\GIC_measured_NERC.png
2026-07-31T10:23:39.060478Z INFO  main     Writing C:\Users\lwilker\Documents\GitHub\SWERVE-data\data_processed/2021-05-12/sites/10348/figures\original\GIC_measured_NERC.pdf
2026-07-31T10:23:39.299904Z INFO  main Reading '10349' data
2026-07-31T10:23:39.314212Z INFO  main   Reading 'GIC/measured/NERC' data
2026-07-31T10:23:39.320805Z INFO  main     Reading C:\Users\lwilker\Documents\GitHub\SWERVE-data\data_original\nerc\2021-05-12\gic\2021E01_10349.csv
2026-07-31T10:23:39.366465Z INFO  main     Running automated error checks on GIC measured data
2026-07-31T10:23:39.386328Z INFO  main     
Resample to 1m aves and NaN pad or trim to start/stop.
2026-07-31T10:23:39.409588Z INFO  main     Writing C:\Users\lwilker\Documents\GitHub\SWERVE-data\data_processed\2021-05-12\sites\10349\data\GIC_measured_NERC.pkl
2026-07-31T10:23:39.423325Z INFO  main   Writing C:\Users\lwilker\Documents\GitHub\SWERVE-data\data_processed\2021-05-12\sites\10349\data\_all.pkl
2026-07-31T10:23:39.428445Z INFO  main Computing stats for '10349' data
2026-07-31T10:23:39.428445Z INFO  main   Uniq dts [ns] = [3600000000000]
2026-07-31T10:23:39.431678Z INFO  main   Uniq dts [#]  = 1
2026-07-31T10:23:39.433499Z INFO  main   Stats for GIC/measured/NERC:
2026-07-31T10:23:39.434173Z INFO  main 
    std: : [0.1482640570867347]
    ave: : [-0.05217391304347827]
    min: : [-0.61]
    max: : [0.0]
    n: 1321
    n_valid: : [23]
    dt_original: : [3600000000000]
2026-07-31T10:23:39.436206Z INFO  main Plotting '10349' data
2026-07-31T10:23:39.442115Z INFO  main   Plotting '10349/GIC/measured/NERC' original vs. modified data
2026-07-31T10:23:40.249295Z INFO  main     Writing C:\Users\lwilker\Documents\GitHub\SWERVE-data\data_processed/2021-05-12/sites/10349/figures\original\GIC_measured_NERC.png
2026-07-31T10:23:41.308481Z INFO  main     Writing C:\Users\lwilker\Documents\GitHub\SWERVE-data\data_processed/2021-05-12/sites/10349/figures\original\GIC_measured_NERC.pdf
2026-07-31T10:23:41.632830Z INFO  main Reading '10350' data
2026-07-31T10:23:41.653131Z INFO  main   Reading 'GIC/measured/NERC' data
2026-07-31T10:23:41.658611Z INFO  main     Reading C:\Users\lwilker\Documents\GitHub\SWERVE-data\data_original\nerc\2021-05-12\gic\2021E01_10350.csv
2026-07-31T10:23:41.701154Z INFO  main     Running automated error checks on GIC measured data
2026-07-31T10:23:41.717501Z INFO  main     Baseline offset of 2.00 A corrected. 
Resample to 1m aves and NaN pad or trim to start/stop.
2026-07-31T10:23:41.741548Z INFO  main     Writing C:\Users\lwilker\Documents\GitHub\SWERVE-data\data_processed\2021-05-12\sites\10350\data\GIC_measured_NERC.pkl
2026-07-31T10:23:41.757373Z INFO  main   Writing C:\Users\lwilker\Documents\GitHub\SWERVE-data\data_processed\2021-05-12\sites\10350\data\_all.pkl
2026-07-31T10:23:41.760112Z INFO  main Computing stats for '10350' data
2026-07-31T10:23:41.760112Z INFO  main   Uniq dts [ns] = [3600000000000]
2026-07-31T10:23:41.760112Z INFO  main   Uniq dts [#]  = 1
2026-07-31T10:23:41.760112Z INFO  main   Stats for GIC/measured/NERC:
2026-07-31T10:23:41.760112Z INFO  main 
    std: : [0.16541749895432]
    ave: : [-0.05391304347826087]
    min: : [-0.6399999999999999]
    max: : [0.22999999999999998]
    n: 1321
    n_valid: : [23]
    dt_original: : [3600000000000]
2026-07-31T10:23:41.767564Z INFO  main Plotting '10350' data
2026-07-31T10:23:41.767564Z INFO  main   Plotting '10350/GIC/measured/NERC' original vs. modified data
2026-07-31T10:23:42.586756Z INFO  main     Writing C:\Users\lwilker\Documents\GitHub\SWERVE-data\data_processed/2021-05-12/sites/10350/figures\original\GIC_measured_NERC.png
2026-07-31T10:23:43.672756Z INFO  main     Writing C:\Users\lwilker\Documents\GitHub\SWERVE-data\data_processed/2021-05-12/sites/10350/figures\original\GIC_measured_NERC.pdf
2026-07-31T10:23:43.984449Z INFO  main Reading '10351' data
2026-07-31T10:23:44.006046Z INFO  main   Reading 'GIC/measured/NERC' data
2026-07-31T10:23:44.006046Z INFO  main     Reading C:\Users\lwilker\Documents\GitHub\SWERVE-data\data_original\nerc\2021-05-12\gic\2021E01_10351.csv
2026-07-31T10:23:44.062908Z INFO  main     Running automated error checks on GIC measured data
2026-07-31T10:23:44.084872Z INFO  main     Baseline offset of 2.00 A corrected. 
Resample to 1m aves and NaN pad or trim to start/stop.
2026-07-31T10:23:44.102930Z INFO  main     Writing C:\Users\lwilker\Documents\GitHub\SWERVE-data\data_processed\2021-05-12\sites\10351\data\GIC_measured_NERC.pkl
2026-07-31T10:23:44.119434Z INFO  main   Writing C:\Users\lwilker\Documents\GitHub\SWERVE-data\data_processed\2021-05-12\sites\10351\data\_all.pkl
2026-07-31T10:23:44.123478Z INFO  main Computing stats for '10351' data
2026-07-31T10:23:44.123478Z INFO  main   Uniq dts [ns] = [3600000000000]
2026-07-31T10:23:44.123478Z INFO  main   Uniq dts [#]  = 1
2026-07-31T10:23:44.123478Z INFO  main   Stats for GIC/measured/NERC:
2026-07-31T10:23:44.123478Z INFO  main 
    std: : [0.0]
    ave: : [0.0]
    min: : [0.0]
    max: : [0.0]
    n: 1321
    n_valid: : [23]
    dt_original: : [3600000000000]
2026-07-31T10:23:44.127543Z INFO  main Plotting '10351' data
2026-07-31T10:23:44.135967Z INFO  main   Plotting '10351/GIC/measured/NERC' original vs. modified data
2026-07-31T10:23:44.921766Z INFO  main     Writing C:\Users\lwilker\Documents\GitHub\SWERVE-data\data_processed/2021-05-12/sites/10351/figures\original\GIC_measured_NERC.png
2026-07-31T10:23:45.928208Z INFO  main     Writing C:\Users\lwilker\Documents\GitHub\SWERVE-data\data_processed/2021-05-12/sites/10351/figures\original\GIC_measured_NERC.pdf
2026-07-31T10:23:46.257264Z INFO  main Reading '10352' data
2026-07-31T10:23:46.272064Z INFO  main   Reading 'GIC/measured/NERC' data
2026-07-31T10:23:46.280691Z INFO  main     Reading C:\Users\lwilker\Documents\GitHub\SWERVE-data\data_original\nerc\2021-05-12\gic\2021E01_10352.csv
2026-07-31T10:23:46.329869Z INFO  main     Running automated error checks on GIC measured data
2026-07-31T10:23:46.348529Z INFO  main     Baseline offset of 2.00 A corrected. 
Resample to 1m aves and NaN pad or trim to start/stop.
2026-07-31T10:23:46.372710Z INFO  main     Writing C:\Users\lwilker\Documents\GitHub\SWERVE-data\data_processed\2021-05-12\sites\10352\data\GIC_measured_NERC.pkl
2026-07-31T10:23:46.382357Z INFO  main   Writing C:\Users\lwilker\Documents\GitHub\SWERVE-data\data_processed\2021-05-12\sites\10352\data\_all.pkl
2026-07-31T10:23:46.389887Z INFO  main Computing stats for '10352' data
2026-07-31T10:23:46.390422Z INFO  main   Uniq dts [ns] = [3600000000000]
2026-07-31T10:23:46.390422Z INFO  main   Uniq dts [#]  = 1
2026-07-31T10:23:46.392433Z INFO  main   Stats for GIC/measured/NERC:
2026-07-31T10:23:46.392433Z INFO  main 
    std: : [0.0]
    ave: : [0.0]
    min: : [0.0]
    max: : [0.0]
    n: 1321
    n_valid: : [23]
    dt_original: : [3600000000000]
2026-07-31T10:23:46.394897Z INFO  main Plotting '10352' data
2026-07-31T10:23:46.398934Z INFO  main   Plotting '10352/GIC/measured/NERC' original vs. modified data
2026-07-31T10:23:47.247166Z INFO  main     Writing C:\Users\lwilker\Documents\GitHub\SWERVE-data\data_processed/2021-05-12/sites/10352/figures\original\GIC_measured_NERC.png
2026-07-31T10:23:48.255738Z INFO  main     Writing C:\Users\lwilker\Documents\GitHub\SWERVE-data\data_processed/2021-05-12/sites/10352/figures\original\GIC_measured_NERC.pdf
2026-07-31T10:23:48.578483Z INFO  main Reading '10353' data
2026-07-31T10:23:48.592572Z INFO  main   Reading 'GIC/measured/NERC' data
2026-07-31T10:23:48.606933Z INFO  main     Reading C:\Users\lwilker\Documents\GitHub\SWERVE-data\data_original\nerc\2021-05-12\gic\2021E01_10353.csv
2026-07-31T10:23:48.648324Z INFO  main     Running automated error checks on GIC measured data
2026-07-31T10:23:48.683851Z INFO  main     Baseline offset of 1.98 A corrected. 
Resample to 1m aves and NaN pad or trim to start/stop.
2026-07-31T10:23:48.700009Z INFO  main     Writing C:\Users\lwilker\Documents\GitHub\SWERVE-data\data_processed\2021-05-12\sites\10353\data\GIC_measured_NERC.pkl
2026-07-31T10:23:48.710479Z INFO  main   Writing C:\Users\lwilker\Documents\GitHub\SWERVE-data\data_processed\2021-05-12\sites\10353\data\_all.pkl
2026-07-31T10:23:48.716182Z INFO  main Computing stats for '10353' data
2026-07-31T10:23:48.716182Z INFO  main   Uniq dts [ns] = [3600000000000]
2026-07-31T10:23:48.716182Z INFO  main   Uniq dts [#]  = 1
2026-07-31T10:23:48.716182Z INFO  main   Stats for GIC/measured/NERC:
2026-07-31T10:23:48.716182Z INFO  main 
    std: : [0.11793433179637342]
    ave: : [-0.00043478260869569117]
    min: : [-0.31000000000000005]
    max: : [0.27]
    n: 1321
    n_valid: : [23]
    dt_original: : [3600000000000]
2026-07-31T10:23:48.719085Z INFO  main Plotting '10353' data
2026-07-31T10:23:48.724476Z INFO  main   Plotting '10353/GIC/measured/NERC' original vs. modified data
2026-07-31T10:23:49.798273Z INFO  main     Writing C:\Users\lwilker\Documents\GitHub\SWERVE-data\data_processed/2021-05-12/sites/10353/figures\original\GIC_measured_NERC.png
2026-07-31T10:23:50.901264Z INFO  main     Writing C:\Users\lwilker\Documents\GitHub\SWERVE-data\data_processed/2021-05-12/sites/10353/figures\original\GIC_measured_NERC.pdf
2026-07-31T10:23:51.209411Z INFO  main Reading '10354' data
2026-07-31T10:23:51.220618Z INFO  main   Reading 'GIC/measured/NERC' data
2026-07-31T10:23:51.227767Z INFO  main     Reading C:\Users\lwilker\Documents\GitHub\SWERVE-data\data_original\nerc\2021-05-12\gic\2021E01_10354.csv
2026-07-31T10:23:51.271971Z INFO  main     Running automated error checks on GIC measured data
2026-07-31T10:23:51.295361Z INFO  main     
Resample to 1m aves and NaN pad or trim to start/stop.
2026-07-31T10:23:51.311578Z INFO  main     Writing C:\Users\lwilker\Documents\GitHub\SWERVE-data\data_processed\2021-05-12\sites\10354\data\GIC_measured_NERC.pkl
2026-07-31T10:23:51.326428Z INFO  main   Writing C:\Users\lwilker\Documents\GitHub\SWERVE-data\data_processed\2021-05-12\sites\10354\data\_all.pkl
2026-07-31T10:23:51.326428Z INFO  main Computing stats for '10354' data
2026-07-31T10:23:51.337797Z INFO  main   Uniq dts [ns] = [3600000000000]
2026-07-31T10:23:51.338634Z INFO  main   Uniq dts [#]  = 1
2026-07-31T10:23:51.339492Z INFO  main   Stats for GIC/measured/NERC:
2026-07-31T10:23:51.339492Z INFO  main 
    std: : [0.15087896224337255]
    ave: : [-0.9908695652173912]
    min: : [-1.39]
    max: : [-0.43]
    n: 1321
    n_valid: : [23]
    dt_original: : [3600000000000]
2026-07-31T10:23:51.341448Z INFO  main Plotting '10354' data
2026-07-31T10:23:51.347702Z INFO  main   Plotting '10354/GIC/measured/NERC' original vs. modified data
2026-07-31T10:23:52.183179Z INFO  main     Writing C:\Users\lwilker\Documents\GitHub\SWERVE-data\data_processed/2021-05-12/sites/10354/figures\original\GIC_measured_NERC.png
2026-07-31T10:23:53.301419Z INFO  main     Writing C:\Users\lwilker\Documents\GitHub\SWERVE-data\data_processed/2021-05-12/sites/10354/figures\original\GIC_measured_NERC.pdf
2026-07-31T10:23:53.640298Z INFO  main Reading '10355' data
2026-07-31T10:23:53.654668Z INFO  main   Reading 'GIC/measured/NERC' data
2026-07-31T10:23:53.659695Z INFO  main     Reading C:\Users\lwilker\Documents\GitHub\SWERVE-data\data_original\nerc\2021-05-12\gic\2021E01_10355.csv
2026-07-31T10:23:53.703301Z INFO  main     Running automated error checks on GIC measured data
2026-07-31T10:23:53.720958Z INFO  main     
Resample to 1m aves and NaN pad or trim to start/stop.
2026-07-31T10:23:53.743536Z INFO  main     Writing C:\Users\lwilker\Documents\GitHub\SWERVE-data\data_processed\2021-05-12\sites\10355\data\GIC_measured_NERC.pkl
2026-07-31T10:23:53.757549Z INFO  main   Writing C:\Users\lwilker\Documents\GitHub\SWERVE-data\data_processed\2021-05-12\sites\10355\data\_all.pkl
2026-07-31T10:23:53.761053Z INFO  main Computing stats for '10355' data
2026-07-31T10:23:53.761053Z INFO  main   Uniq dts [ns] = [3600000000000]
2026-07-31T10:23:53.761053Z INFO  main   Uniq dts [#]  = 1
2026-07-31T10:23:53.761053Z INFO  main   Stats for GIC/measured/NERC:
2026-07-31T10:23:53.761053Z INFO  main 
    std: : [0.22143798817884808]
    ave: : [0.2]
    min: : [-0.06]
    max: : [0.52]
    n: 1321
    n_valid: : [23]
    dt_original: : [3600000000000]
2026-07-31T10:23:53.764358Z INFO  main Plotting '10355' data
2026-07-31T10:23:53.769552Z INFO  main   Plotting '10355/GIC/measured/NERC' original vs. modified data
2026-07-31T10:23:54.565071Z INFO  main     Writing C:\Users\lwilker\Documents\GitHub\SWERVE-data\data_processed/2021-05-12/sites/10355/figures\original\GIC_measured_NERC.png
2026-07-31T10:23:55.581292Z INFO  main     Writing C:\Users\lwilker\Documents\GitHub\SWERVE-data\data_processed/2021-05-12/sites/10355/figures\original\GIC_measured_NERC.pdf
2026-07-31T10:23:55.922591Z INFO  main Reading '10356' data
2026-07-31T10:23:55.942278Z INFO  main   Reading 'GIC/measured/NERC' data
2026-07-31T10:23:55.942278Z INFO  main     Reading C:\Users\lwilker\Documents\GitHub\SWERVE-data\data_original\nerc\2021-05-12\gic\2021E01_10356.csv
2026-07-31T10:23:55.986465Z INFO  main     Running automated error checks on GIC measured data
2026-07-31T10:23:56.012335Z INFO  main     
Resample to 1m aves and NaN pad or trim to start/stop.
2026-07-31T10:23:56.029310Z INFO  main     Writing C:\Users\lwilker\Documents\GitHub\SWERVE-data\data_processed\2021-05-12\sites\10356\data\GIC_measured_NERC.pkl
2026-07-31T10:23:56.039431Z INFO  main   Writing C:\Users\lwilker\Documents\GitHub\SWERVE-data\data_processed\2021-05-12\sites\10356\data\_all.pkl
2026-07-31T10:23:56.044365Z INFO  main Computing stats for '10356' data
2026-07-31T10:23:56.044365Z INFO  main   Uniq dts [ns] = [3600000000000]
2026-07-31T10:23:56.044365Z INFO  main   Uniq dts [#]  = 1
2026-07-31T10:23:56.044365Z INFO  main   Stats for GIC/measured/NERC:
2026-07-31T10:23:56.044365Z INFO  main 
    std: : [0.3161004123683373]
    ave: : [-0.013913043478260863]
    min: : [-0.47]
    max: : [0.42]
    n: 1321
    n_valid: : [23]
    dt_original: : [3600000000000]
2026-07-31T10:23:56.049725Z INFO  main Plotting '10356' data
2026-07-31T10:23:56.054270Z INFO  main   Plotting '10356/GIC/measured/NERC' original vs. modified data
2026-07-31T10:23:56.891934Z INFO  main     Writing C:\Users\lwilker\Documents\GitHub\SWERVE-data\data_processed/2021-05-12/sites/10356/figures\original\GIC_measured_NERC.png
2026-07-31T10:23:57.837070Z INFO  main     Writing C:\Users\lwilker\Documents\GitHub\SWERVE-data\data_processed/2021-05-12/sites/10356/figures\original\GIC_measured_NERC.pdf
2026-07-31T10:23:58.068641Z INFO  main Reading '10357' data
2026-07-31T10:23:58.084152Z INFO  main   Reading 'GIC/measured/NERC' data
2026-07-31T10:23:58.105166Z INFO  main     Reading C:\Users\lwilker\Documents\GitHub\SWERVE-data\data_original\nerc\2021-05-12\gic\2021E01_10357.csv
2026-07-31T10:23:58.498913Z INFO  main     Running automated error checks on GIC measured data
2026-07-31T10:24:00.184645Z INFO  main     Removed 12 spikes. 
Resample to 1m aves and NaN pad or trim to start/stop.
2026-07-31T10:24:00.248621Z INFO  main     Writing C:\Users\lwilker\Documents\GitHub\SWERVE-data\data_processed\2021-05-12\sites\10357\data\GIC_measured_NERC.pkl
2026-07-31T10:24:00.282707Z INFO  main   Writing C:\Users\lwilker\Documents\GitHub\SWERVE-data\data_processed\2021-05-12\sites\10357\data\_all.pkl
2026-07-31T10:24:00.303799Z INFO  main Computing stats for '10357' data
2026-07-31T10:24:00.340649Z INFO  main   Uniq dts [ns] = [10000000000]
2026-07-31T10:24:00.342659Z INFO  main   Uniq dts [#]  = 1
2026-07-31T10:24:00.342659Z INFO  main   Stats for GIC/measured/NERC:
2026-07-31T10:24:00.342659Z INFO  main 
    std: : [0.24435686475142598]
    ave: : [0.6839276681841173]
    min: : [-0.3]
    max: : [1.3]
    n: 1321
    n_valid: : [1318]
    dt_original: : [10000000000]
2026-07-31T10:24:00.342659Z INFO  main Plotting '10357' data
2026-07-31T10:24:00.351726Z INFO  main   Plotting '10357/GIC/measured/NERC' original vs. modified data
2026-07-31T10:24:01.225054Z INFO  main     Writing C:\Users\lwilker\Documents\GitHub\SWERVE-data\data_processed/2021-05-12/sites/10357/figures\original\GIC_measured_NERC.png
2026-07-31T10:24:02.287671Z INFO  main     Writing C:\Users\lwilker\Documents\GitHub\SWERVE-data\data_processed/2021-05-12/sites/10357/figures\original\GIC_measured_NERC.pdf
2026-07-31T10:24:02.590006Z INFO  main Reading '10397' data
2026-07-31T10:24:02.602379Z INFO  main   Reading 'GIC/measured/NERC' data
2026-07-31T10:24:02.613986Z INFO  main     Reading C:\Users\lwilker\Documents\GitHub\SWERVE-data\data_original\nerc\2021-05-12\gic\2021E01_10397.csv
2026-07-31T10:24:02.879742Z INFO  main     Running automated error checks on GIC measured data
2026-07-31T10:24:04.248401Z INFO  main     
Resample to 1m aves and NaN pad or trim to start/stop.
2026-07-31T10:24:04.290412Z INFO  main     Writing C:\Users\lwilker\Documents\GitHub\SWERVE-data\data_processed\2021-05-12\sites\10397\data\GIC_measured_NERC.pkl
2026-07-31T10:24:04.313723Z INFO  main   Writing C:\Users\lwilker\Documents\GitHub\SWERVE-data\data_processed\2021-05-12\sites\10397\data\_all.pkl
2026-07-31T10:24:04.330688Z INFO  main Computing stats for '10397' data
2026-07-31T10:24:04.363153Z INFO  main   Uniq dts [ns] = [10000000000]
2026-07-31T10:24:04.363153Z INFO  main   Uniq dts [#]  = 1
2026-07-31T10:24:04.363153Z INFO  main   Stats for GIC/measured/NERC:
2026-07-31T10:24:04.363153Z INFO  main 
    std: : [1.4016720560742344]
    ave: : [0.2605980317940954]
    min: : [-4.933333333333334]
    max: : [18.51666666666667]
    n: 1321
    n_valid: : [1321]
    dt_original: : [10000000000]
2026-07-31T10:24:04.371289Z INFO  main Plotting '10397' data
2026-07-31T10:24:04.382125Z INFO  main   Plotting '10397/GIC/measured/NERC' original vs. modified data
2026-07-31T10:24:05.287803Z INFO  main     Writing C:\Users\lwilker\Documents\GitHub\SWERVE-data\data_processed/2021-05-12/sites/10397/figures\original\GIC_measured_NERC.png
2026-07-31T10:24:06.519379Z INFO  main     Writing C:\Users\lwilker\Documents\GitHub\SWERVE-data\data_processed/2021-05-12/sites/10397/figures\original\GIC_measured_NERC.pdf
2026-07-31T10:24:06.826551Z INFO  main Reading '10398' data
2026-07-31T10:24:06.843986Z INFO  main   Reading 'GIC/measured/NERC' data
2026-07-31T10:24:06.848587Z INFO  main     Reading C:\Users\lwilker\Documents\GitHub\SWERVE-data\data_original\nerc\2021-05-12\gic\2021E01_10398.csv
2026-07-31T10:24:07.241981Z INFO  main     Running automated error checks on GIC measured data
2026-07-31T10:24:08.629155Z INFO  main     Baseline offset of 7.00 A corrected. 
Resample to 1m aves and NaN pad or trim to start/stop.
2026-07-31T10:24:08.696037Z INFO  main     Writing C:\Users\lwilker\Documents\GitHub\SWERVE-data\data_processed\2021-05-12\sites\10398\data\GIC_measured_NERC.pkl
2026-07-31T10:24:08.731193Z INFO  main   Writing C:\Users\lwilker\Documents\GitHub\SWERVE-data\data_processed\2021-05-12\sites\10398\data\_all.pkl
2026-07-31T10:24:08.753999Z INFO  main Computing stats for '10398' data
2026-07-31T10:24:08.785960Z INFO  main   Uniq dts [ns] = [10000000000]
2026-07-31T10:24:08.787208Z INFO  main   Uniq dts [#]  = 1
2026-07-31T10:24:08.787208Z INFO  main   Stats for GIC/measured/NERC:
2026-07-31T10:24:08.787208Z INFO  main 
    std: : [3.9071665889958753]
    ave: : [3.05035326772647]
    min: : [-3.1]
    max: : [9.233333333333334]
    n: 1321
    n_valid: : [1321]
    dt_original: : [10000000000]
2026-07-31T10:24:08.790093Z INFO  main Plotting '10398' data
2026-07-31T10:24:08.794219Z INFO  main   Plotting '10398/GIC/measured/NERC' original vs. modified data
2026-07-31T10:24:09.740752Z INFO  main     Writing C:\Users\lwilker\Documents\GitHub\SWERVE-data\data_processed/2021-05-12/sites/10398/figures\original\GIC_measured_NERC.png
2026-07-31T10:24:11.061310Z INFO  main     Writing C:\Users\lwilker\Documents\GitHub\SWERVE-data\data_processed/2021-05-12/sites/10398/figures\original\GIC_measured_NERC.pdf
2026-07-31T10:24:11.381112Z INFO  main Reading '10595' data
2026-07-31T10:24:11.397499Z INFO  main   Reading 'GIC/measured/NERC' data
2026-07-31T10:24:11.397499Z INFO  main     Reading C:\Users\lwilker\Documents\GitHub\SWERVE-data\data_original\nerc\2021-05-12\gic\2021E01_10595.csv
2026-07-31T10:24:11.661787Z INFO  main     Running automated error checks on GIC measured data
2026-07-31T10:24:13.098204Z INFO  main     Removed 6 spikes. Baseline offset of 6.30 A corrected. 
Resample to 1m aves and NaN pad or trim to start/stop.
2026-07-31T10:24:13.153699Z INFO  main     Writing C:\Users\lwilker\Documents\GitHub\SWERVE-data\data_processed\2021-05-12\sites\10595\data\GIC_measured_NERC.pkl
2026-07-31T10:24:13.193872Z INFO  main   Writing C:\Users\lwilker\Documents\GitHub\SWERVE-data\data_processed\2021-05-12\sites\10595\data\_all.pkl
2026-07-31T10:24:13.210371Z INFO  main Computing stats for '10595' data
2026-07-31T10:24:13.253348Z INFO  main   Uniq dts [ns] = [10000000000]
2026-07-31T10:24:13.253348Z INFO  main   Uniq dts [#]  = 1
2026-07-31T10:24:13.255246Z INFO  main   Stats for GIC/measured/NERC:
2026-07-31T10:24:13.255246Z INFO  main 
    std: : [236.2039991775803]
    ave: : [-189.91771544099066]
    min: : [-483.90000000000003]
    max: : [0.0]
    n: 1321
    n_valid: : [1319]
    dt_original: : [10000000000]
2026-07-31T10:24:13.255246Z INFO  main Plotting '10595' data
2026-07-31T10:24:13.261273Z INFO  main   Plotting '10595/GIC/measured/NERC' original vs. modified data
2026-07-31T10:24:14.269027Z INFO  main     Writing C:\Users\lwilker\Documents\GitHub\SWERVE-data\data_processed/2021-05-12/sites/10595/figures\original\GIC_measured_NERC.png
2026-07-31T10:24:15.233605Z INFO  main     Writing C:\Users\lwilker\Documents\GitHub\SWERVE-data\data_processed/2021-05-12/sites/10595/figures\original\GIC_measured_NERC.pdf
2026-07-31T10:24:15.523405Z INFO  main Reading '10596' data
2026-07-31T10:24:15.545760Z INFO  main   Reading 'GIC/measured/NERC' data
2026-07-31T10:24:15.554028Z INFO  main     Reading C:\Users\lwilker\Documents\GitHub\SWERVE-data\data_original\nerc\2021-05-12\gic\2021E01_10596.csv
2026-07-31T10:24:15.838659Z INFO  main     Running automated error checks on GIC measured data
2026-07-31T10:24:17.251798Z INFO  main     Baseline offset of 2.00 A corrected. 
Resample to 1m aves and NaN pad or trim to start/stop.
2026-07-31T10:24:17.288041Z INFO  main     Writing C:\Users\lwilker\Documents\GitHub\SWERVE-data\data_processed\2021-05-12\sites\10596\data\GIC_measured_NERC.pkl
2026-07-31T10:24:17.319204Z INFO  main   Writing C:\Users\lwilker\Documents\GitHub\SWERVE-data\data_processed\2021-05-12\sites\10596\data\_all.pkl
2026-07-31T10:24:17.344589Z INFO  main Computing stats for '10596' data
2026-07-31T10:24:17.377508Z INFO  main   Uniq dts [ns] = [10000000000]
2026-07-31T10:24:17.379541Z INFO  main   Uniq dts [#]  = 1
2026-07-31T10:24:17.379541Z INFO  main   Stats for GIC/measured/NERC:
2026-07-31T10:24:17.379541Z INFO  main 
    std: : [28.20015683068907]
    ave: : [-22.694246782740354]
    min: : [-57.6]
    max: : [0.2999999999999998]
    n: 1321
    n_valid: : [1321]
    dt_original: : [10000000000]
2026-07-31T10:24:17.383156Z INFO  main Plotting '10596' data
2026-07-31T10:24:17.390904Z INFO  main   Plotting '10596/GIC/measured/NERC' original vs. modified data
2026-07-31T10:24:18.244039Z INFO  main     Writing C:\Users\lwilker\Documents\GitHub\SWERVE-data\data_processed/2021-05-12/sites/10596/figures\original\GIC_measured_NERC.png
2026-07-31T10:24:19.220979Z INFO  main     Writing C:\Users\lwilker\Documents\GitHub\SWERVE-data\data_processed/2021-05-12/sites/10596/figures\original\GIC_measured_NERC.pdf
2026-07-31T10:24:19.505188Z INFO  main Reading '10597' data
2026-07-31T10:24:19.516943Z INFO  main   Reading 'GIC/measured/NERC' data
2026-07-31T10:24:19.529098Z INFO  main     Reading C:\Users\lwilker\Documents\GitHub\SWERVE-data\data_original\nerc\2021-05-12\gic\2021E01_10597.csv
2026-07-31T10:24:19.815923Z INFO  main     Running automated error checks on GIC measured data
2026-07-31T10:24:21.310928Z INFO  main     Baseline offset of -425.10 A corrected. 
Resample to 1m aves and NaN pad or trim to start/stop.
2026-07-31T10:24:21.363325Z INFO  main     Writing C:\Users\lwilker\Documents\GitHub\SWERVE-data\data_processed\2021-05-12\sites\10597\data\GIC_measured_NERC.pkl
2026-07-31T10:24:21.397332Z INFO  main   Writing C:\Users\lwilker\Documents\GitHub\SWERVE-data\data_processed\2021-05-12\sites\10597\data\_all.pkl
2026-07-31T10:24:21.427674Z INFO  main Computing stats for '10597' data
2026-07-31T10:24:21.453415Z INFO  main   Uniq dts [ns] = [10000000000]
2026-07-31T10:24:21.464514Z INFO  main   Uniq dts [#]  = 1
2026-07-31T10:24:21.464514Z INFO  main   Stats for GIC/measured/NERC:
2026-07-31T10:24:21.466580Z INFO  main 
    std: : [0.0]
    ave: : [0.0]
    min: : [0.0]
    max: : [0.0]
    n: 1321
    n_valid: : [1321]
    dt_original: : [10000000000]
2026-07-31T10:24:21.468735Z INFO  main Plotting '10597' data
2026-07-31T10:24:21.471352Z INFO  main   Plotting '10597/GIC/measured/NERC' original vs. modified data
2026-07-31T10:24:22.338588Z INFO  main     Writing C:\Users\lwilker\Documents\GitHub\SWERVE-data\data_processed/2021-05-12/sites/10597/figures\original\GIC_measured_NERC.png
2026-07-31T10:24:23.220378Z INFO  main     Writing C:\Users\lwilker\Documents\GitHub\SWERVE-data\data_processed/2021-05-12/sites/10597/figures\original\GIC_measured_NERC.pdf
2026-07-31T10:24:23.528922Z INFO  main Reading '10598' data
2026-07-31T10:24:23.551575Z INFO  main   Reading 'GIC/measured/NERC' data
2026-07-31T10:24:23.553622Z INFO  main     Reading C:\Users\lwilker\Documents\GitHub\SWERVE-data\data_original\nerc\2021-05-12\gic\2021E01_10598.csv
2026-07-31T10:24:23.846518Z INFO  main     Running automated error checks on GIC measured data
2026-07-31T10:24:24.925400Z INFO  main     Baseline offset of -55.30 A corrected. 
Resample to 1m aves and NaN pad or trim to start/stop.
2026-07-31T10:24:24.968568Z INFO  main     Writing C:\Users\lwilker\Documents\GitHub\SWERVE-data\data_processed\2021-05-12\sites\10598\data\GIC_measured_NERC.pkl
2026-07-31T10:24:24.980186Z INFO  main   Writing C:\Users\lwilker\Documents\GitHub\SWERVE-data\data_processed\2021-05-12\sites\10598\data\_all.pkl
2026-07-31T10:24:25.013967Z INFO  main Computing stats for '10598' data
2026-07-31T10:24:25.045484Z INFO  main   Uniq dts [ns] = [10000000000]
2026-07-31T10:24:25.045484Z INFO  main   Uniq dts [#]  = 1
2026-07-31T10:24:25.045484Z INFO  main   Stats for GIC/measured/NERC:
2026-07-31T10:24:25.045484Z INFO  main 
    std: : [0.0]
    ave: : [0.0]
    min: : [0.0]
    max: : [0.0]
    n: 1321
    n_valid: : [1321]
    dt_original: : [10000000000]
2026-07-31T10:24:25.054501Z INFO  main Plotting '10598' data
2026-07-31T10:24:25.062601Z INFO  main   Plotting '10598/GIC/measured/NERC' original vs. modified data
2026-07-31T10:24:25.937378Z INFO  main     Writing C:\Users\lwilker\Documents\GitHub\SWERVE-data\data_processed/2021-05-12/sites/10598/figures\original\GIC_measured_NERC.png
2026-07-31T10:24:26.897559Z INFO  main     Writing C:\Users\lwilker\Documents\GitHub\SWERVE-data\data_processed/2021-05-12/sites/10598/figures\original\GIC_measured_NERC.pdf
2026-07-31T10:24:27.203214Z INFO  main Reading '10618' data
2026-07-31T10:24:27.362738Z INFO  main   Reading 'GIC/measured/NERC' data
2026-07-31T10:24:27.368380Z INFO  main     Reading C:\Users\lwilker\Documents\GitHub\SWERVE-data\data_original\nerc\2021-05-12\gic\2021E01_10618.csv
2026-07-31T10:24:27.428408Z INFO  main     Running automated error checks on GIC measured data
2026-07-31T10:24:27.496000Z INFO  main     
Resample to 1m aves and NaN pad or trim to start/stop.
2026-07-31T10:24:27.513982Z INFO  main     Writing C:\Users\lwilker\Documents\GitHub\SWERVE-data\data_processed\2021-05-12\sites\10618\data\GIC_measured_NERC.pkl
2026-07-31T10:24:27.528354Z INFO  main   Writing C:\Users\lwilker\Documents\GitHub\SWERVE-data\data_processed\2021-05-12\sites\10618\data\_all.pkl
2026-07-31T10:24:27.532552Z INFO  main Computing stats for '10618' data
2026-07-31T10:24:27.535604Z INFO  main   Uniq dts [ns] = [ 299000000000  300000000000  301000000000  600000000000  601000000000
  899000000000  900000000000 1200000000000]
2026-07-31T10:24:27.535997Z INFO  main   Uniq dts [#]  = 8
2026-07-31T10:24:27.535997Z INFO  main   Stats for GIC/measured/NERC:
2026-07-31T10:24:27.536526Z INFO  main 
    std: : [nan]
    ave: : [nan]
    min: : [nan]
    max: : [nan]
    n: 1316
    n_valid: : [0]
    dt_original: : [299000000000 nanoseconds, 300000000000 nanoseconds, ..., 900000000000 nanoseconds, 1200000000000 nanoseconds] (8 elements)
2026-07-31T10:24:27.537298Z INFO  main Plotting '10618' data
2026-07-31T10:24:27.547183Z INFO  main   Plotting '10618/GIC/measured/NERC' original vs. modified data
2026-07-31T10:24:28.399742Z INFO  main     Writing C:\Users\lwilker\Documents\GitHub\SWERVE-data\data_processed/2021-05-12/sites/10618/figures\original\GIC_measured_NERC.png
2026-07-31T10:24:29.433020Z INFO  main     Writing C:\Users\lwilker\Documents\GitHub\SWERVE-data\data_processed/2021-05-12/sites/10618/figures\original\GIC_measured_NERC.pdf
2026-07-31T10:24:29.742930Z INFO  main Reading '10619' data
2026-07-31T10:24:29.757829Z INFO  main   Reading 'GIC/measured/NERC' data
2026-07-31T10:24:29.764607Z INFO  main     Reading C:\Users\lwilker\Documents\GitHub\SWERVE-data\data_original\nerc\2021-05-12\gic\2021E01_10619.csv
2026-07-31T10:24:29.854995Z INFO  main     Running automated error checks on GIC measured data
2026-07-31T10:24:29.922684Z INFO  main     
Resample to 1m aves and NaN pad or trim to start/stop.
2026-07-31T10:24:29.942085Z INFO  main     Writing C:\Users\lwilker\Documents\GitHub\SWERVE-data\data_processed\2021-05-12\sites\10619\data\GIC_measured_NERC.pkl
2026-07-31T10:24:29.953406Z INFO  main   Writing C:\Users\lwilker\Documents\GitHub\SWERVE-data\data_processed\2021-05-12\sites\10619\data\_all.pkl
2026-07-31T10:24:29.959239Z INFO  main Computing stats for '10619' data
2026-07-31T10:24:29.962654Z INFO  main   Uniq dts [ns] = [ 299000000000  300000000000  301000000000  599000000000  600000000000
  601000000000  900000000000 1199000000000 1200000000000 1500000000000
 1800000000000 3000000000000]
2026-07-31T10:24:29.964664Z INFO  main   Uniq dts [#]  = 12
2026-07-31T10:24:29.964664Z INFO  main   Stats for GIC/measured/NERC:
2026-07-31T10:24:29.964664Z INFO  main 
    std: : [nan]
    ave: : [nan]
    min: : [nan]
    max: : [nan]
    n: 1316
    n_valid: : [0]
    dt_original: : [299000000000 nanoseconds, 300000000000 nanoseconds, ..., 1800000000000 nanoseconds, 3000000000000 nanoseconds] (12 elements)
2026-07-31T10:24:29.964664Z INFO  main Plotting '10619' data
2026-07-31T10:24:29.973118Z INFO  main   Plotting '10619/GIC/measured/NERC' original vs. modified data
2026-07-31T10:24:30.790727Z INFO  main     Writing C:\Users\lwilker\Documents\GitHub\SWERVE-data\data_processed/2021-05-12/sites/10619/figures\original\GIC_measured_NERC.png
2026-07-31T10:24:31.856148Z INFO  main     Writing C:\Users\lwilker\Documents\GitHub\SWERVE-data\data_processed/2021-05-12/sites/10619/figures\original\GIC_measured_NERC.pdf
2026-07-31T10:24:32.169377Z INFO  main Reading '10622' data
2026-07-31T10:24:32.184575Z INFO  main   Reading 'GIC/measured/NERC' data
2026-07-31T10:24:32.191624Z INFO  main     Reading C:\Users\lwilker\Documents\GitHub\SWERVE-data\data_original\nerc\2021-05-12\gic\2021E01_10622.csv
2026-07-31T10:24:32.249890Z INFO  main     Running automated error checks on GIC measured data
2026-07-31T10:24:32.308205Z INFO  main     
Resample to 1m aves and NaN pad or trim to start/stop.
2026-07-31T10:24:32.327146Z INFO  main     Writing C:\Users\lwilker\Documents\GitHub\SWERVE-data\data_processed\2021-05-12\sites\10622\data\GIC_measured_NERC.pkl
2026-07-31T10:24:32.337825Z INFO  main   Writing C:\Users\lwilker\Documents\GitHub\SWERVE-data\data_processed\2021-05-12\sites\10622\data\_all.pkl
2026-07-31T10:24:32.341299Z INFO  main Computing stats for '10622' data
2026-07-31T10:24:32.346143Z INFO  main   Uniq dts [ns] = [ 299000000000  300000000000  301000000000  599000000000  600000000000
  601000000000  899000000000  900000000000  901000000000 1199000000000
 1200000000000 1201000000000 1500000000000 1800000000000 2100000000000
 4200000000000]
2026-07-31T10:24:32.346143Z INFO  main   Uniq dts [#]  = 16
2026-07-31T10:24:32.346143Z INFO  main   Stats for GIC/measured/NERC:
2026-07-31T10:24:32.346143Z INFO  main 
    std: : [nan]
    ave: : [nan]
    min: : [nan]
    max: : [nan]
    n: 1316
    n_valid: : [0]
    dt_original: : [299000000000 nanoseconds, 300000000000 nanoseconds, ..., 2100000000000 nanoseconds, 4200000000000 nanoseconds] (16 elements)
2026-07-31T10:24:32.346143Z INFO  main Plotting '10622' data
2026-07-31T10:24:32.359455Z INFO  main   Plotting '10622/GIC/measured/NERC' original vs. modified data
2026-07-31T10:24:33.198611Z INFO  main     Writing C:\Users\lwilker\Documents\GitHub\SWERVE-data\data_processed/2021-05-12/sites/10622/figures\original\GIC_measured_NERC.png
2026-07-31T10:24:34.319067Z INFO  main     Writing C:\Users\lwilker\Documents\GitHub\SWERVE-data\data_processed/2021-05-12/sites/10622/figures\original\GIC_measured_NERC.pdf
2026-07-31T10:24:34.623118Z INFO  main Reading '10623' data
2026-07-31T10:24:34.638458Z INFO  main   Reading 'GIC/measured/NERC' data
2026-07-31T10:24:34.644418Z INFO  main     Reading C:\Users\lwilker\Documents\GitHub\SWERVE-data\data_original\nerc\2021-05-12\gic\2021E01_10623.csv
2026-07-31T10:24:34.694284Z INFO  main     Running automated error checks on GIC measured data
2026-07-31T10:24:34.738130Z INFO  main     
Resample to 1m aves and NaN pad or trim to start/stop.
2026-07-31T10:24:34.760497Z INFO  main     Writing C:\Users\lwilker\Documents\GitHub\SWERVE-data\data_processed\2021-05-12\sites\10623\data\GIC_measured_NERC.pkl
2026-07-31T10:24:34.773789Z INFO  main   Writing C:\Users\lwilker\Documents\GitHub\SWERVE-data\data_processed\2021-05-12\sites\10623\data\_all.pkl
2026-07-31T10:24:34.776385Z INFO  main Computing stats for '10623' data
2026-07-31T10:24:34.780103Z INFO  main   Uniq dts [ns] = [ 299000000000  300000000000  301000000000  599000000000  600000000000
  601000000000  900000000000  901000000000 1199000000000 1200000000000
 1500000000000 1800000000000 2400000000000 2700000000000 3000000000000
 3301000000000 3900000000000 4500000000000 5100000000000 5700000000000
 6300000000000 6600000000000]
2026-07-31T10:24:34.780103Z INFO  main   Uniq dts [#]  = 22
2026-07-31T10:24:34.780103Z INFO  main   Stats for GIC/measured/NERC:
2026-07-31T10:24:34.780103Z INFO  main 
    std: : [nan]
    ave: : [nan]
    min: : [nan]
    max: : [nan]
    n: 1316
    n_valid: : [0]
    dt_original: : [299000000000 nanoseconds, 300000000000 nanoseconds, ..., 6300000000000 nanoseconds, 6600000000000 nanoseconds] (22 elements)
2026-07-31T10:24:34.782110Z INFO  main Plotting '10623' data
2026-07-31T10:24:34.789256Z INFO  main   Plotting '10623/GIC/measured/NERC' original vs. modified data
2026-07-31T10:24:35.595483Z INFO  main     Writing C:\Users\lwilker\Documents\GitHub\SWERVE-data\data_processed/2021-05-12/sites/10623/figures\original\GIC_measured_NERC.png
2026-07-31T10:24:36.728617Z INFO  main     Writing C:\Users\lwilker\Documents\GitHub\SWERVE-data\data_processed/2021-05-12/sites/10623/figures\original\GIC_measured_NERC.pdf
2026-07-31T10:24:37.022314Z INFO  main Reading '10051' data
2026-07-31T10:24:37.041705Z INFO  main   Reading 'GIC/measured/NERC' data
2026-07-31T10:24:37.046394Z INFO  main     Reading C:\Users\lwilker\Documents\GitHub\SWERVE-data\data_original\nerc\2021-05-12\gic\2021E01_10051.csv
2026-07-31T10:24:39.605939Z INFO  main     Running automated error checks on GIC measured data
2026-07-31T10:24:52.746196Z INFO  main     
Resample to 1m aves and NaN pad or trim to start/stop.
2026-07-31T10:24:53.108083Z INFO  main     Writing C:\Users\lwilker\Documents\GitHub\SWERVE-data\data_processed\2021-05-12\sites\10051\data\GIC_measured_NERC.pkl
2026-07-31T10:24:53.362652Z INFO  main   Writing C:\Users\lwilker\Documents\GitHub\SWERVE-data\data_processed\2021-05-12\sites\10051\data\_all.pkl
2026-07-31T10:24:53.595892Z INFO  main Computing stats for '10051' data
2026-07-31T10:24:53.906827Z INFO  main   Uniq dts [ns] = [1000000000]
2026-07-31T10:24:53.906827Z INFO  main   Uniq dts [#]  = 1
2026-07-31T10:24:53.906827Z INFO  main   Stats for GIC/measured/NERC:
2026-07-31T10:24:53.906827Z INFO  main 
    std: : [0.07840257730051398]
    ave: : [0.3922949785516023]
    min: : [0.2]
    max: : [0.785]
    n: 1321
    n_valid: : [1321]
    dt_original: : [1000000000]
2026-07-31T10:24:53.906827Z INFO  main Plotting '10051' data
2026-07-31T10:24:53.920868Z INFO  main   Plotting '10051/GIC/measured/NERC' original vs. modified data
2026-07-31T10:24:55.274278Z INFO  main     Writing C:\Users\lwilker\Documents\GitHub\SWERVE-data\data_processed/2021-05-12/sites/10051/figures\original\GIC_measured_NERC.png
2026-07-31T10:24:56.284472Z INFO  main     Writing C:\Users\lwilker\Documents\GitHub\SWERVE-data\data_processed/2021-05-12/sites/10051/figures\original\GIC_measured_NERC.pdf
2026-07-31T10:24:56.604164Z INFO  main Reading '10063' data
2026-07-31T10:24:56.620931Z INFO  main   Reading 'GIC/measured/NERC' data
2026-07-31T10:24:56.627416Z INFO  main     Reading C:\Users\lwilker\Documents\GitHub\SWERVE-data\data_original\nerc\2021-05-12\gic\2021E01_10063.csv
2026-07-31T10:24:59.135899Z INFO  main     Running automated error checks on GIC measured data
2026-07-31T10:25:14.489352Z INFO  main     
Resample to 1m aves and NaN pad or trim to start/stop.
2026-07-31T10:25:15.139019Z INFO  main     Writing C:\Users\lwilker\Documents\GitHub\SWERVE-data\data_processed\2021-05-12\sites\10063\data\GIC_measured_NERC.pkl
2026-07-31T10:25:15.610969Z INFO  main   Writing C:\Users\lwilker\Documents\GitHub\SWERVE-data\data_processed\2021-05-12\sites\10063\data\_all.pkl
2026-07-31T10:25:16.076868Z INFO  main Computing stats for '10063' data
2026-07-31T10:25:16.576634Z INFO  main   Uniq dts [ns] = [1000000000 2000000000]
2026-07-31T10:25:16.578606Z INFO  main   Uniq dts [#]  = 2
2026-07-31T10:25:16.578606Z INFO  main   Stats for GIC/measured/NERC:
2026-07-31T10:25:16.580122Z INFO  main 
    std: : [0.06429736527071131]
    ave: : [0.007011059931484877]
    min: : [-0.21833333333333332]
    max: : [0.19333333333333336]
    n: 1321
    n_valid: : [1321]
    dt_original: : [1000000000, 2000000000]
2026-07-31T10:25:16.582145Z INFO  main Plotting '10063' data
2026-07-31T10:25:16.599326Z INFO  main   Plotting '10063/GIC/measured/NERC' original vs. modified data
2026-07-31T10:25:20.476672Z INFO  main     Writing C:\Users\lwilker\Documents\GitHub\SWERVE-data\data_processed/2021-05-12/sites/10063/figures\original\GIC_measured_NERC.png
2026-07-31T10:25:27.563039Z INFO  main     Writing C:\Users\lwilker\Documents\GitHub\SWERVE-data\data_processed/2021-05-12/sites/10063/figures\original\GIC_measured_NERC.pdf
2026-07-31T10:25:28.285094Z INFO  main Reading '10077' data
2026-07-31T10:25:28.310589Z INFO  main   Reading 'GIC/measured/NERC' data
2026-07-31T10:25:28.322009Z INFO  main     Reading C:\Users\lwilker\Documents\GitHub\SWERVE-data\data_original\nerc\2021-05-12\gic\2021E01_10077.csv
2026-07-31T10:25:28.892187Z INFO  main     Running automated error checks on GIC measured data
2026-07-31T10:25:31.725617Z INFO  main     
Resample to 1m aves and NaN pad or trim to start/stop.
2026-07-31T10:25:31.816010Z INFO  main     Writing C:\Users\lwilker\Documents\GitHub\SWERVE-data\data_processed\2021-05-12\sites\10077\data\GIC_measured_NERC.pkl
2026-07-31T10:25:31.871305Z INFO  main   Writing C:\Users\lwilker\Documents\GitHub\SWERVE-data\data_processed\2021-05-12\sites\10077\data\_all.pkl
2026-07-31T10:25:31.925946Z INFO  main Computing stats for '10077' data
2026-07-31T10:25:31.982779Z INFO  main   Uniq dts [ns] = [10000000000 30000000000 50000000000]
2026-07-31T10:25:31.982779Z INFO  main   Uniq dts [#]  = 3
2026-07-31T10:25:31.982779Z INFO  main   Stats for GIC/measured/NERC:
2026-07-31T10:25:31.984773Z INFO  main 
    std: : [0.7643894922664837]
    ave: : [-0.6945730507191522]
    min: : [-7.368333333333333]
    max: : [4.676666666666667]
    n: 1321
    n_valid: : [1321]
    dt_original: : [10000000000, 30000000000, 50000000000]
2026-07-31T10:25:31.986285Z INFO  main Plotting '10077' data
2026-07-31T10:25:31.996596Z INFO  main   Plotting '10077/GIC/measured/NERC' original vs. modified data
2026-07-31T10:25:33.629795Z INFO  main     Writing C:\Users\lwilker\Documents\GitHub\SWERVE-data\data_processed/2021-05-12/sites/10077/figures\original\GIC_measured_NERC.png
2026-07-31T10:25:35.946929Z INFO  main     Writing C:\Users\lwilker\Documents\GitHub\SWERVE-data\data_processed/2021-05-12/sites/10077/figures\original\GIC_measured_NERC.pdf
2026-07-31T10:25:36.538627Z INFO  main Reading '10078' data
2026-07-31T10:25:36.562900Z INFO  main   Reading 'GIC/measured/NERC' data
2026-07-31T10:25:36.577026Z INFO  main     Reading C:\Users\lwilker\Documents\GitHub\SWERVE-data\data_original\nerc\2021-05-12\gic\2021E01_10078.csv
2026-07-31T10:25:37.071309Z INFO  main     Running automated error checks on GIC measured data
2026-07-31T10:25:39.937761Z INFO  main     Baseline offset of -1.13 A corrected. 
Resample to 1m aves and NaN pad or trim to start/stop.
2026-07-31T10:25:40.035066Z INFO  main     Writing C:\Users\lwilker\Documents\GitHub\SWERVE-data\data_processed\2021-05-12\sites\10078\data\GIC_measured_NERC.pkl
2026-07-31T10:25:40.095337Z INFO  main   Writing C:\Users\lwilker\Documents\GitHub\SWERVE-data\data_processed\2021-05-12\sites\10078\data\_all.pkl
2026-07-31T10:25:40.160185Z INFO  main Computing stats for '10078' data
2026-07-31T10:25:40.219234Z INFO  main   Uniq dts [ns] = [10000000000 30000000000 50000000000]
2026-07-31T10:25:40.219234Z INFO  main   Uniq dts [#]  = 3
2026-07-31T10:25:40.219234Z INFO  main   Stats for GIC/measured/NERC:
2026-07-31T10:25:40.221246Z INFO  main 
    std: : [0.3679196174211165]
    ave: : [-0.10367764319959635]
    min: : [-1.2933333333333334]
    max: : [0.975]
    n: 1321
    n_valid: : [1321]
    dt_original: : [10000000000, 30000000000, 50000000000]
2026-07-31T10:25:40.223233Z INFO  main Plotting '10078' data
2026-07-31T10:25:40.234262Z INFO  main   Plotting '10078/GIC/measured/NERC' original vs. modified data
2026-07-31T10:25:42.519697Z INFO  main     Writing C:\Users\lwilker\Documents\GitHub\SWERVE-data\data_processed/2021-05-12/sites/10078/figures\original\GIC_measured_NERC.png
2026-07-31T10:25:45.298609Z INFO  main     Writing C:\Users\lwilker\Documents\GitHub\SWERVE-data\data_processed/2021-05-12/sites/10078/figures\original\GIC_measured_NERC.pdf
2026-07-31T10:25:45.821687Z INFO  main Reading '10079' data
2026-07-31T10:25:45.852734Z INFO  main   Reading 'GIC/measured/NERC' data
2026-07-31T10:25:45.875201Z INFO  main     Reading C:\Users\lwilker\Documents\GitHub\SWERVE-data\data_original\nerc\2021-05-12\gic\2021E01_10079.csv
2026-07-31T10:25:46.333258Z INFO  main     Running automated error checks on GIC measured data
2026-07-31T10:25:49.176704Z INFO  main     Baseline offset of 1.63 A corrected. 
Resample to 1m aves and NaN pad or trim to start/stop.
2026-07-31T10:25:49.295030Z INFO  main     Writing C:\Users\lwilker\Documents\GitHub\SWERVE-data\data_processed\2021-05-12\sites\10079\data\GIC_measured_NERC.pkl
2026-07-31T10:25:49.372207Z INFO  main   Writing C:\Users\lwilker\Documents\GitHub\SWERVE-data\data_processed\2021-05-12\sites\10079\data\_all.pkl
2026-07-31T10:25:49.420897Z INFO  main Computing stats for '10079' data
2026-07-31T10:25:49.487043Z INFO  main   Uniq dts [ns] = [10000000000 30000000000 50000000000]
2026-07-31T10:25:49.488061Z INFO  main   Uniq dts [#]  = 3
2026-07-31T10:25:49.489735Z INFO  main   Stats for GIC/measured/NERC:
2026-07-31T10:25:49.491401Z INFO  main 
    std: : [0.37969387402276633]
    ave: : [0.09755816300782247]
    min: : [-2.1133333333333333]
    max: : [1.946666666666667]
    n: 1321
    n_valid: : [1321]
    dt_original: : [10000000000, 30000000000, 50000000000]
2026-07-31T10:25:49.491401Z INFO  main Plotting '10079' data
2026-07-31T10:25:49.513716Z INFO  main   Plotting '10079/GIC/measured/NERC' original vs. modified data
2026-07-31T10:25:51.174678Z INFO  main     Writing C:\Users\lwilker\Documents\GitHub\SWERVE-data\data_processed/2021-05-12/sites/10079/figures\original\GIC_measured_NERC.png
2026-07-31T10:25:53.190868Z INFO  main     Writing C:\Users\lwilker\Documents\GitHub\SWERVE-data\data_processed/2021-05-12/sites/10079/figures\original\GIC_measured_NERC.pdf
2026-07-31T10:25:53.801712Z INFO  main Reading '10080' data
2026-07-31T10:25:53.824186Z INFO  main   Reading 'GIC/measured/NERC' data
2026-07-31T10:25:53.832183Z INFO  main     Reading C:\Users\lwilker\Documents\GitHub\SWERVE-data\data_original\nerc\2021-05-12\gic\2021E01_10080.csv
2026-07-31T10:25:54.276215Z INFO  main     Running automated error checks on GIC measured data
2026-07-31T10:25:57.290369Z INFO  main     Baseline offset of 1.57 A corrected. 
Resample to 1m aves and NaN pad or trim to start/stop.
2026-07-31T10:25:57.382987Z INFO  main     Writing C:\Users\lwilker\Documents\GitHub\SWERVE-data\data_processed\2021-05-12\sites\10080\data\GIC_measured_NERC.pkl
2026-07-31T10:25:57.491273Z INFO  main   Writing C:\Users\lwilker\Documents\GitHub\SWERVE-data\data_processed\2021-05-12\sites\10080\data\_all.pkl
2026-07-31T10:25:57.544099Z INFO  main Computing stats for '10080' data
2026-07-31T10:25:57.603256Z INFO  main   Uniq dts [ns] = [10000000000 30000000000 50000000000]
2026-07-31T10:25:57.606399Z INFO  main   Uniq dts [#]  = 3
2026-07-31T10:25:57.606399Z INFO  main   Stats for GIC/measured/NERC:
2026-07-31T10:25:57.606399Z INFO  main 
    std: : [0.8636245248196923]
    ave: : [-0.05418571789048706]
    min: : [-2.1149999999999998]
    max: : [1.9599999999999997]
    n: 1321
    n_valid: : [1321]
    dt_original: : [10000000000, 30000000000, 50000000000]
2026-07-31T10:25:57.609443Z INFO  main Plotting '10080' data
2026-07-31T10:25:57.621331Z INFO  main   Plotting '10080/GIC/measured/NERC' original vs. modified data
2026-07-31T10:25:59.624932Z INFO  main     Writing C:\Users\lwilker\Documents\GitHub\SWERVE-data\data_processed/2021-05-12/sites/10080/figures\original\GIC_measured_NERC.png
2026-07-31T10:26:02.224695Z INFO  main     Writing C:\Users\lwilker\Documents\GitHub\SWERVE-data\data_processed/2021-05-12/sites/10080/figures\original\GIC_measured_NERC.pdf
2026-07-31T10:26:02.774760Z INFO  main Reading '10081' data
2026-07-31T10:26:02.811136Z INFO  main   Reading 'GIC/measured/NERC' data
2026-07-31T10:26:02.827047Z INFO  main     Reading C:\Users\lwilker\Documents\GitHub\SWERVE-data\data_original\nerc\2021-05-12\gic\2021E01_10081.csv
2026-07-31T10:26:03.316432Z INFO  main     Running automated error checks on GIC measured data
2026-07-31T10:26:06.251425Z INFO  main     Baseline offset of -1.85 A corrected. 
Resample to 1m aves and NaN pad or trim to start/stop.
2026-07-31T10:26:06.366477Z INFO  main     Writing C:\Users\lwilker\Documents\GitHub\SWERVE-data\data_processed\2021-05-12\sites\10081\data\GIC_measured_NERC.pkl
2026-07-31T10:26:06.432200Z INFO  main   Writing C:\Users\lwilker\Documents\GitHub\SWERVE-data\data_processed\2021-05-12\sites\10081\data\_all.pkl
2026-07-31T10:26:06.482888Z INFO  main Computing stats for '10081' data
2026-07-31T10:26:06.546382Z INFO  main   Uniq dts [ns] = [10000000000 30000000000]
2026-07-31T10:26:06.548396Z INFO  main   Uniq dts [#]  = 2
2026-07-31T10:26:06.549408Z INFO  main   Stats for GIC/measured/NERC:
2026-07-31T10:26:06.549408Z INFO  main 
    std: : [1.196527185378654]
    ave: : [-0.6286033308099924]
    min: : [-3.4299999999999997]
    max: : [1.155]
    n: 1321
    n_valid: : [1321]
    dt_original: : [10000000000, 30000000000]
2026-07-31T10:26:06.552609Z INFO  main Plotting '10081' data
2026-07-31T10:26:06.566451Z INFO  main   Plotting '10081/GIC/measured/NERC' original vs. modified data
2026-07-31T10:26:08.349508Z INFO  main     Writing C:\Users\lwilker\Documents\GitHub\SWERVE-data\data_processed/2021-05-12/sites/10081/figures\original\GIC_measured_NERC.png
2026-07-31T10:26:10.936113Z INFO  main     Writing C:\Users\lwilker\Documents\GitHub\SWERVE-data\data_processed/2021-05-12/sites/10081/figures\original\GIC_measured_NERC.pdf
2026-07-31T10:26:11.553961Z INFO  main Reading '10082' data
2026-07-31T10:26:11.577744Z INFO  main   Reading 'GIC/measured/NERC' data
2026-07-31T10:26:11.588223Z INFO  main     Reading C:\Users\lwilker\Documents\GitHub\SWERVE-data\data_original\nerc\2021-05-12\gic\2021E01_10082.csv
2026-07-31T10:26:12.376474Z INFO  main     Running automated error checks on GIC measured data
2026-07-31T10:26:15.048695Z INFO  main     
Resample to 1m aves and NaN pad or trim to start/stop.
2026-07-31T10:26:15.145375Z INFO  main     Writing C:\Users\lwilker\Documents\GitHub\SWERVE-data\data_processed\2021-05-12\sites\10082\data\GIC_measured_NERC.pkl
2026-07-31T10:26:15.201246Z INFO  main   Writing C:\Users\lwilker\Documents\GitHub\SWERVE-data\data_processed\2021-05-12\sites\10082\data\_all.pkl
2026-07-31T10:26:15.256405Z INFO  main Computing stats for '10082' data
2026-07-31T10:26:15.311969Z INFO  main   Uniq dts [ns] = [10000000000 30000000000 60000000000]
2026-07-31T10:26:15.315037Z INFO  main   Uniq dts [#]  = 3
2026-07-31T10:26:15.315037Z INFO  main   Stats for GIC/measured/NERC:
2026-07-31T10:26:15.315037Z INFO  main 
    std: : [0.0]
    ave: : [0.0]
    min: : [0.0]
    max: : [0.0]
    n: 1321
    n_valid: : [1321]
    dt_original: : [10000000000, 30000000000, 60000000000]
2026-07-31T10:26:15.318163Z INFO  main Plotting '10082' data
2026-07-31T10:26:15.327428Z INFO  main   Plotting '10082/GIC/measured/NERC' original vs. modified data
2026-07-31T10:26:16.903425Z INFO  main     Writing C:\Users\lwilker\Documents\GitHub\SWERVE-data\data_processed/2021-05-12/sites/10082/figures\original\GIC_measured_NERC.png
2026-07-31T10:26:18.349230Z INFO  main     Writing C:\Users\lwilker\Documents\GitHub\SWERVE-data\data_processed/2021-05-12/sites/10082/figures\original\GIC_measured_NERC.pdf
2026-07-31T10:26:18.832678Z INFO  main Reading '10083' data
2026-07-31T10:26:18.862443Z INFO  main   Reading 'GIC/measured/NERC' data
2026-07-31T10:26:18.879632Z INFO  main     Reading C:\Users\lwilker\Documents\GitHub\SWERVE-data\data_original\nerc\2021-05-12\gic\2021E01_10083.csv
2026-07-31T10:26:19.362509Z INFO  main     Running automated error checks on GIC measured data
2026-07-31T10:26:22.140042Z INFO  main     
Resample to 1m aves and NaN pad or trim to start/stop.
2026-07-31T10:26:22.252577Z INFO  main     Writing C:\Users\lwilker\Documents\GitHub\SWERVE-data\data_processed\2021-05-12\sites\10083\data\GIC_measured_NERC.pkl
2026-07-31T10:26:22.324287Z INFO  main   Writing C:\Users\lwilker\Documents\GitHub\SWERVE-data\data_processed\2021-05-12\sites\10083\data\_all.pkl
2026-07-31T10:26:22.389845Z INFO  main Computing stats for '10083' data
2026-07-31T10:26:22.458642Z INFO  main   Uniq dts [ns] = [10000000000 30000000000 60000000000]
2026-07-31T10:26:22.458642Z INFO  main   Uniq dts [#]  = 3
2026-07-31T10:26:22.458642Z INFO  main   Stats for GIC/measured/NERC:
2026-07-31T10:26:22.461696Z INFO  main 
    std: : [0.09499195159836141]
    ave: : [0.6916868533938935]
    min: : [0.5]
    max: : [0.8000000000000002]
    n: 1321
    n_valid: : [1321]
    dt_original: : [10000000000, 30000000000, 60000000000]
2026-07-31T10:26:22.465513Z INFO  main Plotting '10083' data
2026-07-31T10:26:22.474578Z INFO  main   Plotting '10083/GIC/measured/NERC' original vs. modified data
2026-07-31T10:26:24.288800Z INFO  main     Writing C:\Users\lwilker\Documents\GitHub\SWERVE-data\data_processed/2021-05-12/sites/10083/figures\original\GIC_measured_NERC.png
2026-07-31T10:26:26.068120Z INFO  main     Writing C:\Users\lwilker\Documents\GitHub\SWERVE-data\data_processed/2021-05-12/sites/10083/figures\original\GIC_measured_NERC.pdf
2026-07-31T10:26:26.576887Z INFO  main Reading '10084' data
2026-07-31T10:26:26.618004Z INFO  main   Reading 'GIC/measured/NERC' data
2026-07-31T10:26:26.639044Z INFO  main     Reading C:\Users\lwilker\Documents\GitHub\SWERVE-data\data_original\nerc\2021-05-12\gic\2021E01_10084.csv
2026-07-31T10:26:27.152305Z INFO  main     Running automated error checks on GIC measured data
2026-07-31T10:26:29.902706Z INFO  main     
Resample to 1m aves and NaN pad or trim to start/stop.
2026-07-31T10:26:29.998142Z INFO  main     Writing C:\Users\lwilker\Documents\GitHub\SWERVE-data\data_processed\2021-05-12\sites\10084\data\GIC_measured_NERC.pkl
2026-07-31T10:26:30.055400Z INFO  main   Writing C:\Users\lwilker\Documents\GitHub\SWERVE-data\data_processed\2021-05-12\sites\10084\data\_all.pkl
2026-07-31T10:26:30.106917Z INFO  main Computing stats for '10084' data
2026-07-31T10:26:30.169316Z INFO  main   Uniq dts [ns] = [10000000000 30000000000 80000000000]
2026-07-31T10:26:30.170478Z INFO  main   Uniq dts [#]  = 3
2026-07-31T10:26:30.171497Z INFO  main   Stats for GIC/measured/NERC:
2026-07-31T10:26:30.171497Z INFO  main 
    std: : [0.0]
    ave: : [0.0]
    min: : [0.0]
    max: : [0.0]
    n: 1321
    n_valid: : [1321]
    dt_original: : [10000000000, 30000000000, 80000000000]
2026-07-31T10:26:30.174930Z INFO  main Plotting '10084' data
2026-07-31T10:26:30.191511Z INFO  main   Plotting '10084/GIC/measured/NERC' original vs. modified data
2026-07-31T10:26:31.645061Z INFO  main     Writing C:\Users\lwilker\Documents\GitHub\SWERVE-data\data_processed/2021-05-12/sites/10084/figures\original\GIC_measured_NERC.png
2026-07-31T10:26:33.166306Z INFO  main     Writing C:\Users\lwilker\Documents\GitHub\SWERVE-data\data_processed/2021-05-12/sites/10084/figures\original\GIC_measured_NERC.pdf
2026-07-31T10:26:33.791151Z INFO  main Reading '10085' data
2026-07-31T10:26:33.833301Z INFO  main   Reading 'GIC/measured/NERC' data
2026-07-31T10:26:33.848938Z INFO  main     Reading C:\Users\lwilker\Documents\GitHub\SWERVE-data\data_original\nerc\2021-05-12\gic\2021E01_10085.csv
2026-07-31T10:26:34.335051Z INFO  main     Running automated error checks on GIC measured data
2026-07-31T10:26:37.239810Z INFO  main     
Resample to 1m aves and NaN pad or trim to start/stop.
2026-07-31T10:26:37.340339Z INFO  main     Writing C:\Users\lwilker\Documents\GitHub\SWERVE-data\data_processed\2021-05-12\sites\10085\data\GIC_measured_NERC.pkl
2026-07-31T10:26:37.407518Z INFO  main   Writing C:\Users\lwilker\Documents\GitHub\SWERVE-data\data_processed\2021-05-12\sites\10085\data\_all.pkl
2026-07-31T10:26:37.452273Z INFO  main Computing stats for '10085' data
2026-07-31T10:26:37.507005Z INFO  main   Uniq dts [ns] = [10000000000 30000000000 80000000000]
2026-07-31T10:26:37.508005Z INFO  main   Uniq dts [#]  = 3
2026-07-31T10:26:37.508005Z INFO  main   Stats for GIC/measured/NERC:
2026-07-31T10:26:37.509008Z INFO  main 
    std: : [0.0]
    ave: : [0.0]
    min: : [0.0]
    max: : [0.0]
    n: 1321
    n_valid: : [1321]
    dt_original: : [10000000000, 30000000000, 80000000000]
2026-07-31T10:26:37.511005Z INFO  main Plotting '10085' data
2026-07-31T10:26:37.522170Z INFO  main   Plotting '10085/GIC/measured/NERC' original vs. modified data
2026-07-31T10:26:38.941300Z INFO  main     Writing C:\Users\lwilker\Documents\GitHub\SWERVE-data\data_processed/2021-05-12/sites/10085/figures\original\GIC_measured_NERC.png
2026-07-31T10:26:40.486476Z INFO  main     Writing C:\Users\lwilker\Documents\GitHub\SWERVE-data\data_processed/2021-05-12/sites/10085/figures\original\GIC_measured_NERC.pdf
2026-07-31T10:26:41.026990Z INFO  main Reading '10102' data
2026-07-31T10:26:41.054000Z INFO  main   Reading 'GIC/measured/NERC' data
2026-07-31T10:26:41.063358Z INFO  main     Reading C:\Users\lwilker\Documents\GitHub\SWERVE-data\data_original\nerc\2021-05-12\gic\2021E01_10102.csv
2026-07-31T10:26:41.187261Z ERROR main     Not computing modified due to error: Duplicate time stamps found
2026-07-31T10:26:41.206460Z INFO  main   Writing C:\Users\lwilker\Documents\GitHub\SWERVE-data\data_processed\2021-05-12\sites\10102\data\_all.pkl
2026-07-31T10:26:41.213465Z INFO  main Computing stats for '10102' data
2026-07-31T10:26:41.217477Z INFO  main Plotting '10102' data
2026-07-31T10:26:41.226475Z INFO  main   Plotting '10102/GIC/measured/NERC' original vs. modified data
2026-07-31T10:26:42.573658Z INFO  main     Writing C:\Users\lwilker\Documents\GitHub\SWERVE-data\data_processed/2021-05-12/sites/10102/figures\original\GIC_measured_NERC.png
2026-07-31T10:26:44.041089Z INFO  main     Writing C:\Users\lwilker\Documents\GitHub\SWERVE-data\data_processed/2021-05-12/sites/10102/figures\original\GIC_measured_NERC.pdf
2026-07-31T10:26:44.561488Z INFO  main Reading '10107' data
2026-07-31T10:26:44.591411Z INFO  main   Reading 'GIC/measured/NERC' data
2026-07-31T10:26:44.603981Z INFO  main     Reading C:\Users\lwilker\Documents\GitHub\SWERVE-data\data_original\nerc\2021-05-12\gic\2021E01_10107.csv
2026-07-31T10:26:49.801612Z INFO  main     Multiplying GIC data by 3 to account for single-phase transformer.
2026-07-31T10:26:49.803618Z INFO  main     Running automated error checks on GIC measured data
2026-07-31T10:27:19.751721Z INFO  main     
Resample to 1m aves and NaN pad or trim to start/stop.
2026-07-31T10:27:20.486794Z INFO  main     Writing C:\Users\lwilker\Documents\GitHub\SWERVE-data\data_processed\2021-05-12\sites\10107\data\GIC_measured_NERC.pkl
2026-07-31T10:27:21.128554Z INFO  main   Writing C:\Users\lwilker\Documents\GitHub\SWERVE-data\data_processed\2021-05-12\sites\10107\data\_all.pkl
2026-07-31T10:27:21.583584Z INFO  main Computing stats for '10107' data
2026-07-31T10:27:22.153630Z INFO  main   Uniq dts [ns] = [1000000000 4000000000]
2026-07-31T10:27:22.153630Z INFO  main   Uniq dts [#]  = 2
2026-07-31T10:27:22.153630Z INFO  main   Stats for GIC/measured/NERC:
2026-07-31T10:27:22.157169Z INFO  main 
    std: : [1.1699099354531086]
    ave: : [-0.04065480696442089]
    min: : [-4.905]
    max: : [5.985]
    n: 1321
    n_valid: : [1321]
    dt_original: : [1000000000, 4000000000]
2026-07-31T10:27:22.159217Z INFO  main Plotting '10107' data
2026-07-31T10:27:22.172466Z INFO  main   Plotting '10107/GIC/measured/NERC' original vs. modified data
2026-07-31T10:27:25.169443Z INFO  main     Writing C:\Users\lwilker\Documents\GitHub\SWERVE-data\data_processed/2021-05-12/sites/10107/figures\original\GIC_measured_NERC.png
2026-07-31T10:27:27.718904Z INFO  main     Writing C:\Users\lwilker\Documents\GitHub\SWERVE-data\data_processed/2021-05-12/sites/10107/figures\original\GIC_measured_NERC.pdf
2026-07-31T10:27:28.387091Z INFO  main Reading '10110' data
2026-07-31T10:27:28.415475Z INFO  main   Reading 'GIC/measured/NERC' data
2026-07-31T10:27:28.455130Z INFO  main     Reading C:\Users\lwilker\Documents\GitHub\SWERVE-data\data_original\nerc\2021-05-12\gic\2021E01_10110.csv
2026-07-31T10:27:28.561318Z ERROR main     Not computing modified due to error: Duplicate time stamps found
2026-07-31T10:27:28.577097Z INFO  main   Writing C:\Users\lwilker\Documents\GitHub\SWERVE-data\data_processed\2021-05-12\sites\10110\data\_all.pkl
2026-07-31T10:27:28.580272Z INFO  main Computing stats for '10110' data
2026-07-31T10:27:28.583344Z INFO  main Plotting '10110' data
2026-07-31T10:27:28.595313Z INFO  main   Plotting '10110/GIC/measured/NERC' original vs. modified data
2026-07-31T10:27:29.925271Z INFO  main     Writing C:\Users\lwilker\Documents\GitHub\SWERVE-data\data_processed/2021-05-12/sites/10110/figures\original\GIC_measured_NERC.png
2026-07-31T10:27:31.604802Z INFO  main     Writing C:\Users\lwilker\Documents\GitHub\SWERVE-data\data_processed/2021-05-12/sites/10110/figures\original\GIC_measured_NERC.pdf
2026-07-31T10:27:32.143776Z INFO  main Reading '10111' data
2026-07-31T10:27:32.168474Z INFO  main   Reading 'GIC/measured/NERC' data
2026-07-31T10:27:32.181090Z INFO  main     Reading C:\Users\lwilker\Documents\GitHub\SWERVE-data\data_original\nerc\2021-05-12\gic\2021E01_10111.csv
2026-07-31T10:27:32.385986Z INFO  main     Running automated error checks on GIC measured data
2026-07-31T10:27:33.395937Z INFO  main     Baseline offset of 1.60 A corrected. 
Resample to 1m aves and NaN pad or trim to start/stop.
2026-07-31T10:27:33.451406Z INFO  main     Writing C:\Users\lwilker\Documents\GitHub\SWERVE-data\data_processed\2021-05-12\sites\10111\data\GIC_measured_NERC.pkl
2026-07-31T10:27:33.482394Z INFO  main   Writing C:\Users\lwilker\Documents\GitHub\SWERVE-data\data_processed\2021-05-12\sites\10111\data\_all.pkl
2026-07-31T10:27:33.497904Z INFO  main Computing stats for '10111' data
2026-07-31T10:27:33.522855Z INFO  main   Uniq dts [ns] = [10000000000]
2026-07-31T10:27:33.522855Z INFO  main   Uniq dts [#]  = 1
2026-07-31T10:27:33.524896Z INFO  main   Stats for GIC/measured/NERC:
2026-07-31T10:27:33.525984Z INFO  main 
    std: : [0.5195029569619602]
    ave: : [0.011357340720221517]
    min: : [-1.6000000000000003]
    max: : [1.4666666666666666]
    n: 1321
    n_valid: : [361]
    dt_original: : [10000000000]
2026-07-31T10:27:33.529057Z INFO  main Plotting '10111' data
2026-07-31T10:27:33.538041Z INFO  main   Plotting '10111/GIC/measured/NERC' original vs. modified data
2026-07-31T10:27:35.160397Z INFO  main     Writing C:\Users\lwilker\Documents\GitHub\SWERVE-data\data_processed/2021-05-12/sites/10111/figures\original\GIC_measured_NERC.png
2026-07-31T10:27:37.230385Z INFO  main     Writing C:\Users\lwilker\Documents\GitHub\SWERVE-data\data_processed/2021-05-12/sites/10111/figures\original\GIC_measured_NERC.pdf
2026-07-31T10:27:37.784319Z INFO  main Reading '10112' data
2026-07-31T10:27:37.814125Z INFO  main   Reading 'GIC/measured/NERC' data
2026-07-31T10:27:37.828936Z INFO  main     Reading C:\Users\lwilker\Documents\GitHub\SWERVE-data\data_original\nerc\2021-05-12\gic\2021E01_10112.csv
2026-07-31T10:27:38.060651Z INFO  main     Running automated error checks on GIC measured data
2026-07-31T10:27:39.066697Z INFO  main     Baseline offset of 1.33 A corrected. 
Resample to 1m aves and NaN pad or trim to start/stop.
2026-07-31T10:27:39.128813Z INFO  main     Writing C:\Users\lwilker\Documents\GitHub\SWERVE-data\data_processed\2021-05-12\sites\10112\data\GIC_measured_NERC.pkl
2026-07-31T10:27:39.162686Z INFO  main   Writing C:\Users\lwilker\Documents\GitHub\SWERVE-data\data_processed\2021-05-12\sites\10112\data\_all.pkl
2026-07-31T10:27:39.183833Z INFO  main Computing stats for '10112' data
2026-07-31T10:27:39.206336Z INFO  main   Uniq dts [ns] = [10000000000]
2026-07-31T10:27:39.206336Z INFO  main   Uniq dts [#]  = 1
2026-07-31T10:27:39.206336Z INFO  main   Stats for GIC/measured/NERC:
2026-07-31T10:27:39.206336Z INFO  main 
    std: : [1.806666698013712]
    ave: : [0.5909418282548476]
    min: : [-10.108333333333333]
    max: : [6.973333333333334]
    n: 1321
    n_valid: : [361]
    dt_original: : [10000000000]
2026-07-31T10:27:39.210705Z INFO  main Plotting '10112' data
2026-07-31T10:27:39.221116Z INFO  main   Plotting '10112/GIC/measured/NERC' original vs. modified data
2026-07-31T10:27:40.756880Z INFO  main     Writing C:\Users\lwilker\Documents\GitHub\SWERVE-data\data_processed/2021-05-12/sites/10112/figures\original\GIC_measured_NERC.png
2026-07-31T10:27:42.866617Z INFO  main     Writing C:\Users\lwilker\Documents\GitHub\SWERVE-data\data_processed/2021-05-12/sites/10112/figures\original\GIC_measured_NERC.pdf
2026-07-31T10:27:43.328782Z INFO  main Reading '10113' data
2026-07-31T10:27:43.356170Z INFO  main   Reading 'GIC/measured/NERC' data
2026-07-31T10:27:43.368611Z INFO  main     Reading C:\Users\lwilker\Documents\GitHub\SWERVE-data\data_original\nerc\2021-05-12\gic\2021E01_10113.csv
2026-07-31T10:27:43.602554Z INFO  main     Running automated error checks on GIC measured data
2026-07-31T10:27:44.614139Z INFO  main     Baseline offset of -2.14 A corrected. 
Resample to 1m aves and NaN pad or trim to start/stop.
2026-07-31T10:27:44.676928Z INFO  main     Writing C:\Users\lwilker\Documents\GitHub\SWERVE-data\data_processed\2021-05-12\sites\10113\data\GIC_measured_NERC.pkl
2026-07-31T10:27:44.720467Z INFO  main   Writing C:\Users\lwilker\Documents\GitHub\SWERVE-data\data_processed\2021-05-12\sites\10113\data\_all.pkl
2026-07-31T10:27:44.742507Z INFO  main Computing stats for '10113' data
2026-07-31T10:27:44.766440Z INFO  main   Uniq dts [ns] = [10000000000]
2026-07-31T10:27:44.766440Z INFO  main   Uniq dts [#]  = 1
2026-07-31T10:27:44.766440Z INFO  main   Stats for GIC/measured/NERC:
2026-07-31T10:27:44.766440Z INFO  main 
    std: : [0.3593572350156957]
    ave: : [-0.20091412742382256]
    min: : [-1.9099999999999995]
    max: : [0.6283333333333335]
    n: 1321
    n_valid: : [361]
    dt_original: : [10000000000]
2026-07-31T10:27:44.771755Z INFO  main Plotting '10113' data
2026-07-31T10:27:44.782896Z INFO  main   Plotting '10113/GIC/measured/NERC' original vs. modified data
2026-07-31T10:27:46.327632Z INFO  main     Writing C:\Users\lwilker\Documents\GitHub\SWERVE-data\data_processed/2021-05-12/sites/10113/figures\original\GIC_measured_NERC.png
2026-07-31T10:27:48.224969Z INFO  main     Writing C:\Users\lwilker\Documents\GitHub\SWERVE-data\data_processed/2021-05-12/sites/10113/figures\original\GIC_measured_NERC.pdf
2026-07-31T10:27:48.745384Z INFO  main Reading '10114' data
2026-07-31T10:27:48.791693Z INFO  main   Reading 'GIC/measured/NERC' data
2026-07-31T10:27:48.820231Z INFO  main     Reading C:\Users\lwilker\Documents\GitHub\SWERVE-data\data_original\nerc\2021-05-12\gic\2021E01_10114.csv
2026-07-31T10:27:49.020467Z INFO  main     Running automated error checks on GIC measured data
2026-07-31T10:27:50.036809Z INFO  main     Baseline offset of -1.56 A corrected. 
Resample to 1m aves and NaN pad or trim to start/stop.
2026-07-31T10:27:50.093137Z INFO  main     Writing C:\Users\lwilker\Documents\GitHub\SWERVE-data\data_processed\2021-05-12\sites\10114\data\GIC_measured_NERC.pkl
2026-07-31T10:27:50.121830Z INFO  main   Writing C:\Users\lwilker\Documents\GitHub\SWERVE-data\data_processed\2021-05-12\sites\10114\data\_all.pkl
2026-07-31T10:27:50.149838Z INFO  main Computing stats for '10114' data
2026-07-31T10:27:50.172471Z INFO  main   Uniq dts [ns] = [10000000000]
2026-07-31T10:27:50.181636Z INFO  main   Uniq dts [#]  = 1
2026-07-31T10:27:50.181636Z INFO  main   Stats for GIC/measured/NERC:
2026-07-31T10:27:50.185052Z INFO  main 
    std: : [0.16159577030060457]
    ave: : [-0.02066481994459831]
    min: : [-0.6533333333333333]
    max: : [0.7133333333333334]
    n: 1321
    n_valid: : [361]
    dt_original: : [10000000000]
2026-07-31T10:27:50.187086Z INFO  main Plotting '10114' data
2026-07-31T10:27:50.197555Z INFO  main   Plotting '10114/GIC/measured/NERC' original vs. modified data
2026-07-31T10:27:51.798768Z INFO  main     Writing C:\Users\lwilker\Documents\GitHub\SWERVE-data\data_processed/2021-05-12/sites/10114/figures\original\GIC_measured_NERC.png
2026-07-31T10:27:54.411383Z INFO  main     Writing C:\Users\lwilker\Documents\GitHub\SWERVE-data\data_processed/2021-05-12/sites/10114/figures\original\GIC_measured_NERC.pdf
2026-07-31T10:27:54.947953Z INFO  main Reading '10115' data
2026-07-31T10:27:54.976390Z INFO  main   Reading 'GIC/measured/NERC' data
2026-07-31T10:27:54.988783Z INFO  main     Reading C:\Users\lwilker\Documents\GitHub\SWERVE-data\data_original\nerc\2021-05-12\gic\2021E01_10115.csv
2026-07-31T10:27:55.173691Z INFO  main     Running automated error checks on GIC measured data
2026-07-31T10:27:56.176449Z INFO  main     
Resample to 1m aves and NaN pad or trim to start/stop.
2026-07-31T10:27:56.232047Z INFO  main     Writing C:\Users\lwilker\Documents\GitHub\SWERVE-data\data_processed\2021-05-12\sites\10115\data\GIC_measured_NERC.pkl
2026-07-31T10:27:56.268932Z INFO  main   Writing C:\Users\lwilker\Documents\GitHub\SWERVE-data\data_processed\2021-05-12\sites\10115\data\_all.pkl
2026-07-31T10:27:56.291375Z INFO  main Computing stats for '10115' data
2026-07-31T10:27:56.313179Z INFO  main   Uniq dts [ns] = [10000000000]
2026-07-31T10:27:56.316243Z INFO  main   Uniq dts [#]  = 1
2026-07-31T10:27:56.316243Z INFO  main   Stats for GIC/measured/NERC:
2026-07-31T10:27:56.316243Z INFO  main 
    std: : [0.29888628683661533]
    ave: : [-0.6954616805170822]
    min: : [-1.9566666666666668]
    max: : [0.13333333333333333]
    n: 1321
    n_valid: : [361]
    dt_original: : [10000000000]
2026-07-31T10:27:56.319313Z INFO  main Plotting '10115' data
2026-07-31T10:27:56.334768Z INFO  main   Plotting '10115/GIC/measured/NERC' original vs. modified data
2026-07-31T10:27:58.460207Z INFO  main     Writing C:\Users\lwilker\Documents\GitHub\SWERVE-data\data_processed/2021-05-12/sites/10115/figures\original\GIC_measured_NERC.png
2026-07-31T10:28:00.529213Z INFO  main     Writing C:\Users\lwilker\Documents\GitHub\SWERVE-data\data_processed/2021-05-12/sites/10115/figures\original\GIC_measured_NERC.pdf
2026-07-31T10:28:00.973622Z INFO  main Reading '10116' data
2026-07-31T10:28:01.008403Z INFO  main   Reading 'GIC/measured/NERC' data
2026-07-31T10:28:01.027234Z INFO  main     Reading C:\Users\lwilker\Documents\GitHub\SWERVE-data\data_original\nerc\2021-05-12\gic\2021E01_10116.csv
2026-07-31T10:28:01.285505Z INFO  main     Running automated error checks on GIC measured data
2026-07-31T10:28:02.278669Z INFO  main     
Resample to 1m aves and NaN pad or trim to start/stop.
2026-07-31T10:28:02.345783Z INFO  main     Writing C:\Users\lwilker\Documents\GitHub\SWERVE-data\data_processed\2021-05-12\sites\10116\data\GIC_measured_NERC.pkl
2026-07-31T10:28:02.377534Z INFO  main   Writing C:\Users\lwilker\Documents\GitHub\SWERVE-data\data_processed\2021-05-12\sites\10116\data\_all.pkl
2026-07-31T10:28:02.394740Z INFO  main Computing stats for '10116' data
2026-07-31T10:28:02.415158Z INFO  main   Uniq dts [ns] = [10000000000]
2026-07-31T10:28:02.417162Z INFO  main   Uniq dts [#]  = 1
2026-07-31T10:28:02.419157Z INFO  main   Stats for GIC/measured/NERC:
2026-07-31T10:28:02.419157Z INFO  main 
    std: : [0.46934888212694276]
    ave: : [0.8600138504155124]
    min: : [-0.5066666666666667]
    max: : [2.76]
    n: 1321
    n_valid: : [361]
    dt_original: : [10000000000]
2026-07-31T10:28:02.421310Z INFO  main Plotting '10116' data
2026-07-31T10:28:02.431321Z INFO  main   Plotting '10116/GIC/measured/NERC' original vs. modified data
2026-07-31T10:28:04.057791Z INFO  main     Writing C:\Users\lwilker\Documents\GitHub\SWERVE-data\data_processed/2021-05-12/sites/10116/figures\original\GIC_measured_NERC.png
2026-07-31T10:28:06.298725Z INFO  main     Writing C:\Users\lwilker\Documents\GitHub\SWERVE-data\data_processed/2021-05-12/sites/10116/figures\original\GIC_measured_NERC.pdf
2026-07-31T10:28:06.774133Z INFO  main Reading '10117' data
2026-07-31T10:28:06.805549Z INFO  main   Reading 'GIC/measured/NERC' data
2026-07-31T10:28:06.821884Z INFO  main     Reading C:\Users\lwilker\Documents\GitHub\SWERVE-data\data_original\nerc\2021-05-12\gic\2021E01_10117.csv
2026-07-31T10:28:07.022364Z INFO  main     Running automated error checks on GIC measured data
2026-07-31T10:28:07.945947Z INFO  main     
Resample to 1m aves and NaN pad or trim to start/stop.
2026-07-31T10:28:08.012204Z INFO  main     Writing C:\Users\lwilker\Documents\GitHub\SWERVE-data\data_processed\2021-05-12\sites\10117\data\GIC_measured_NERC.pkl
2026-07-31T10:28:08.050913Z INFO  main   Writing C:\Users\lwilker\Documents\GitHub\SWERVE-data\data_processed\2021-05-12\sites\10117\data\_all.pkl
2026-07-31T10:28:08.072139Z INFO  main Computing stats for '10117' data
2026-07-31T10:28:08.098089Z INFO  main   Uniq dts [ns] = [10000000000]
2026-07-31T10:28:08.100360Z INFO  main   Uniq dts [#]  = 1
2026-07-31T10:28:08.100904Z INFO  main   Stats for GIC/measured/NERC:
2026-07-31T10:28:08.102425Z INFO  main 
    std: : [0.144445040227183]
    ave: : [-0.5093582640812557]
    min: : [-1.0633333333333332]
    max: : [-0.045000000000000005]
    n: 1321
    n_valid: : [361]
    dt_original: : [10000000000]
2026-07-31T10:28:08.106441Z INFO  main Plotting '10117' data
2026-07-31T10:28:08.120107Z INFO  main   Plotting '10117/GIC/measured/NERC' original vs. modified data
2026-07-31T10:28:09.942632Z INFO  main     Writing C:\Users\lwilker\Documents\GitHub\SWERVE-data\data_processed/2021-05-12/sites/10117/figures\original\GIC_measured_NERC.png
2026-07-31T10:28:12.090423Z INFO  main     Writing C:\Users\lwilker\Documents\GitHub\SWERVE-data\data_processed/2021-05-12/sites/10117/figures\original\GIC_measured_NERC.pdf
2026-07-31T10:28:12.602761Z INFO  main Reading '10118' data
2026-07-31T10:28:12.628649Z INFO  main   Reading 'GIC/measured/NERC' data
2026-07-31T10:28:12.636690Z INFO  main     Reading C:\Users\lwilker\Documents\GitHub\SWERVE-data\data_original\nerc\2021-05-12\gic\2021E01_10118.csv
2026-07-31T10:28:12.832691Z INFO  main     Running automated error checks on GIC measured data
2026-07-31T10:28:13.768673Z INFO  main     Baseline offset of 5.70 A corrected. 
Resample to 1m aves and NaN pad or trim to start/stop.
2026-07-31T10:28:13.832750Z INFO  main     Writing C:\Users\lwilker\Documents\GitHub\SWERVE-data\data_processed\2021-05-12\sites\10118\data\GIC_measured_NERC.pkl
2026-07-31T10:28:13.867788Z INFO  main   Writing C:\Users\lwilker\Documents\GitHub\SWERVE-data\data_processed\2021-05-12\sites\10118\data\_all.pkl
2026-07-31T10:28:13.888396Z INFO  main Computing stats for '10118' data
2026-07-31T10:28:13.910887Z INFO  main   Uniq dts [ns] = [10000000000]
2026-07-31T10:28:13.913476Z INFO  main   Uniq dts [#]  = 1
2026-07-31T10:28:13.915220Z INFO  main   Stats for GIC/measured/NERC:
2026-07-31T10:28:13.915220Z INFO  main 
    std: : [0.2102240524233674]
    ave: : [-0.27608494921514326]
    min: : [-0.6000000000000005]
    max: : [0.5]
    n: 1321
    n_valid: : [361]
    dt_original: : [10000000000]
2026-07-31T10:28:13.919260Z INFO  main Plotting '10118' data
2026-07-31T10:28:13.935263Z INFO  main   Plotting '10118/GIC/measured/NERC' original vs. modified data
2026-07-31T10:28:15.402931Z INFO  main     Writing C:\Users\lwilker\Documents\GitHub\SWERVE-data\data_processed/2021-05-12/sites/10118/figures\original\GIC_measured_NERC.png
2026-07-31T10:28:17.105150Z INFO  main     Writing C:\Users\lwilker\Documents\GitHub\SWERVE-data\data_processed/2021-05-12/sites/10118/figures\original\GIC_measured_NERC.pdf
2026-07-31T10:28:17.641626Z INFO  main Reading '10119' data
2026-07-31T10:28:17.667690Z INFO  main   Reading 'GIC/measured/NERC' data
2026-07-31T10:28:17.681627Z INFO  main     Reading C:\Users\lwilker\Documents\GitHub\SWERVE-data\data_original\nerc\2021-05-12\gic\2021E01_10119.csv
2026-07-31T10:28:18.208422Z INFO  main     Running automated error checks on GIC measured data
2026-07-31T10:28:19.103775Z INFO  main     Baseline offset of 2.16 A corrected. 
Resample to 1m aves and NaN pad or trim to start/stop.
2026-07-31T10:28:19.159972Z INFO  main     Writing C:\Users\lwilker\Documents\GitHub\SWERVE-data\data_processed\2021-05-12\sites\10119\data\GIC_measured_NERC.pkl
2026-07-31T10:28:19.194122Z INFO  main   Writing C:\Users\lwilker\Documents\GitHub\SWERVE-data\data_processed\2021-05-12\sites\10119\data\_all.pkl
2026-07-31T10:28:19.212769Z INFO  main Computing stats for '10119' data
2026-07-31T10:28:19.239506Z INFO  main   Uniq dts [ns] = [10000000000]
2026-07-31T10:28:19.240072Z INFO  main   Uniq dts [#]  = 1
2026-07-31T10:28:19.240072Z INFO  main   Stats for GIC/measured/NERC:
2026-07-31T10:28:19.242101Z INFO  main 
    std: : [0.373709592567079]
    ave: : [-0.3781255771006465]
    min: : [-1.8266666666666669]
    max: : [0.8599999999999999]
    n: 1321
    n_valid: : [361]
    dt_original: : [10000000000]
2026-07-31T10:28:19.244619Z INFO  main Plotting '10119' data
2026-07-31T10:28:19.258776Z INFO  main   Plotting '10119/GIC/measured/NERC' original vs. modified data
2026-07-31T10:28:21.025558Z INFO  main     Writing C:\Users\lwilker\Documents\GitHub\SWERVE-data\data_processed/2021-05-12/sites/10119/figures\original\GIC_measured_NERC.png
2026-07-31T10:28:23.333240Z INFO  main     Writing C:\Users\lwilker\Documents\GitHub\SWERVE-data\data_processed/2021-05-12/sites/10119/figures\original\GIC_measured_NERC.pdf
2026-07-31T10:28:23.958087Z INFO  main Reading '10120' data
2026-07-31T10:28:23.986660Z INFO  main   Reading 'GIC/measured/NERC' data
2026-07-31T10:28:23.999173Z INFO  main     Reading C:\Users\lwilker\Documents\GitHub\SWERVE-data\data_original\nerc\2021-05-12\gic\2021E01_10120.csv
2026-07-31T10:28:24.196702Z INFO  main     Running automated error checks on GIC measured data
2026-07-31T10:28:25.077724Z INFO  main     Baseline offset of -3.42 A corrected. 
Resample to 1m aves and NaN pad or trim to start/stop.
2026-07-31T10:28:25.138126Z INFO  main     Writing C:\Users\lwilker\Documents\GitHub\SWERVE-data\data_processed\2021-05-12\sites\10120\data\GIC_measured_NERC.pkl
2026-07-31T10:28:25.170524Z INFO  main   Writing C:\Users\lwilker\Documents\GitHub\SWERVE-data\data_processed\2021-05-12\sites\10120\data\_all.pkl
2026-07-31T10:28:25.191423Z INFO  main Computing stats for '10120' data
2026-07-31T10:28:25.213987Z INFO  main   Uniq dts [ns] = [10000000000]
2026-07-31T10:28:25.213987Z INFO  main   Uniq dts [#]  = 1
2026-07-31T10:28:25.213987Z INFO  main   Stats for GIC/measured/NERC:
2026-07-31T10:28:25.215996Z INFO  main 
    std: : [0.8589408275747447]
    ave: : [-0.007968605724838535]
    min: : [-3.6333333333333333]
    max: : [5.1049999999999995]
    n: 1321
    n_valid: : [361]
    dt_original: : [10000000000]
2026-07-31T10:28:25.217971Z INFO  main Plotting '10120' data
2026-07-31T10:28:25.227988Z INFO  main   Plotting '10120/GIC/measured/NERC' original vs. modified data
2026-07-31T10:28:26.718229Z INFO  main     Writing C:\Users\lwilker\Documents\GitHub\SWERVE-data\data_processed/2021-05-12/sites/10120/figures\original\GIC_measured_NERC.png
2026-07-31T10:28:28.960911Z INFO  main     Writing C:\Users\lwilker\Documents\GitHub\SWERVE-data\data_processed/2021-05-12/sites/10120/figures\original\GIC_measured_NERC.pdf
2026-07-31T10:28:29.443712Z INFO  main Reading '10121' data
2026-07-31T10:28:29.473283Z INFO  main   Reading 'GIC/measured/NERC' data
2026-07-31T10:28:29.486368Z INFO  main     Reading C:\Users\lwilker\Documents\GitHub\SWERVE-data\data_original\nerc\2021-05-12\gic\2021E01_10121.csv
2026-07-31T10:28:29.688045Z INFO  main     Running automated error checks on GIC measured data
2026-07-31T10:28:30.643234Z INFO  main     Baseline offset of 1.40 A corrected. 
Resample to 1m aves and NaN pad or trim to start/stop.
2026-07-31T10:28:30.712888Z INFO  main     Writing C:\Users\lwilker\Documents\GitHub\SWERVE-data\data_processed\2021-05-12\sites\10121\data\GIC_measured_NERC.pkl
2026-07-31T10:28:30.754121Z INFO  main   Writing C:\Users\lwilker\Documents\GitHub\SWERVE-data\data_processed\2021-05-12\sites\10121\data\_all.pkl
2026-07-31T10:28:30.780971Z INFO  main Computing stats for '10121' data
2026-07-31T10:28:30.803312Z INFO  main   Uniq dts [ns] = [10000000000]
2026-07-31T10:28:30.804378Z INFO  main   Uniq dts [#]  = 1
2026-07-31T10:28:30.805962Z INFO  main   Stats for GIC/measured/NERC:
2026-07-31T10:28:30.805962Z INFO  main 
    std: : [0.04477511662830317]
    ave: : [0.017303785780240086]
    min: : [0.0]
    max: : [0.1983333333333335]
    n: 1321
    n_valid: : [361]
    dt_original: : [10000000000]
2026-07-31T10:28:30.809289Z INFO  main Plotting '10121' data
2026-07-31T10:28:30.828175Z INFO  main   Plotting '10121/GIC/measured/NERC' original vs. modified data
2026-07-31T10:28:32.336395Z INFO  main     Writing C:\Users\lwilker\Documents\GitHub\SWERVE-data\data_processed/2021-05-12/sites/10121/figures\original\GIC_measured_NERC.png
2026-07-31T10:28:34.029302Z INFO  main     Writing C:\Users\lwilker\Documents\GitHub\SWERVE-data\data_processed/2021-05-12/sites/10121/figures\original\GIC_measured_NERC.pdf
2026-07-31T10:28:34.485178Z INFO  main Reading '10230' data
2026-07-31T10:28:34.510105Z INFO  main   Reading 'GIC/measured/NERC' data
2026-07-31T10:28:34.518009Z INFO  main     Reading C:\Users\lwilker\Documents\GitHub\SWERVE-data\data_original\nerc\2021-05-12\gic\2021E01_10230.csv
2026-07-31T10:28:34.578443Z INFO  main     Running automated error checks on GIC measured data
2026-07-31T10:28:34.606471Z INFO  main     
Resample to 1m aves and NaN pad or trim to start/stop.
2026-07-31T10:28:34.633734Z INFO  main     Writing C:\Users\lwilker\Documents\GitHub\SWERVE-data\data_processed\2021-05-12\sites\10230\data\GIC_measured_NERC.pkl
2026-07-31T10:28:34.652836Z INFO  main   Writing C:\Users\lwilker\Documents\GitHub\SWERVE-data\data_processed\2021-05-12\sites\10230\data\_all.pkl
2026-07-31T10:28:34.662592Z INFO  main Computing stats for '10230' data
2026-07-31T10:28:34.665694Z INFO  main   Uniq dts [ns] = [3600000000000]
2026-07-31T10:28:34.665694Z INFO  main   Uniq dts [#]  = 1
2026-07-31T10:28:34.665694Z INFO  main   Stats for GIC/measured/NERC:
2026-07-31T10:28:34.665694Z INFO  main 
    std: : [0.20407752706028096]
    ave: : [0.11956521739130435]
    min: : [0.0]
    max: : [0.69]
    n: 1321
    n_valid: : [23]
    dt_original: : [3600000000000]
2026-07-31T10:28:34.668773Z INFO  main Plotting '10230' data
2026-07-31T10:28:34.681537Z INFO  main   Plotting '10230/GIC/measured/NERC' original vs. modified data
2026-07-31T10:28:36.559957Z INFO  main     Writing C:\Users\lwilker\Documents\GitHub\SWERVE-data\data_processed/2021-05-12/sites/10230/figures\original\GIC_measured_NERC.png
2026-07-31T10:28:38.433733Z INFO  main     Writing C:\Users\lwilker\Documents\GitHub\SWERVE-data\data_processed/2021-05-12/sites/10230/figures\original\GIC_measured_NERC.pdf
2026-07-31T10:28:39.064289Z INFO  main Reading '10231' data
2026-07-31T10:28:39.093388Z INFO  main   Reading 'GIC/measured/NERC' data
2026-07-31T10:28:39.105963Z INFO  main     Reading C:\Users\lwilker\Documents\GitHub\SWERVE-data\data_original\nerc\2021-05-12\gic\2021E01_10231.csv
2026-07-31T10:28:39.158520Z INFO  main     Running automated error checks on GIC measured data
2026-07-31T10:28:39.187371Z INFO  main     
Resample to 1m aves and NaN pad or trim to start/stop.
2026-07-31T10:28:39.213471Z INFO  main     Writing C:\Users\lwilker\Documents\GitHub\SWERVE-data\data_processed\2021-05-12\sites\10231\data\GIC_measured_NERC.pkl
2026-07-31T10:28:39.234846Z INFO  main   Writing C:\Users\lwilker\Documents\GitHub\SWERVE-data\data_processed\2021-05-12\sites\10231\data\_all.pkl
2026-07-31T10:28:39.240458Z INFO  main Computing stats for '10231' data
2026-07-31T10:28:39.243530Z INFO  main   Uniq dts [ns] = [3600000000000]
2026-07-31T10:28:39.245064Z INFO  main   Uniq dts [#]  = 1
2026-07-31T10:28:39.245064Z INFO  main   Stats for GIC/measured/NERC:
2026-07-31T10:28:39.245064Z INFO  main 
    std: : [0.0]
    ave: : [0.0]
    min: : [0.0]
    max: : [0.0]
    n: 1321
    n_valid: : [23]
    dt_original: : [3600000000000]
2026-07-31T10:28:39.246856Z INFO  main Plotting '10231' data
2026-07-31T10:28:39.259544Z INFO  main   Plotting '10231/GIC/measured/NERC' original vs. modified data
2026-07-31T10:28:40.797646Z INFO  main     Writing C:\Users\lwilker\Documents\GitHub\SWERVE-data\data_processed/2021-05-12/sites/10231/figures\original\GIC_measured_NERC.png
2026-07-31T10:28:42.333856Z INFO  main     Writing C:\Users\lwilker\Documents\GitHub\SWERVE-data\data_processed/2021-05-12/sites/10231/figures\original\GIC_measured_NERC.pdf
2026-07-31T10:28:42.904615Z INFO  main Reading '10234' data
2026-07-31T10:28:42.956411Z INFO  main   Reading 'GIC/measured/NERC' data
2026-07-31T10:28:42.968476Z INFO  main     Reading C:\Users\lwilker\Documents\GitHub\SWERVE-data\data_original\nerc\2021-05-12\gic\2021E01_10234.csv
2026-07-31T10:28:47.296417Z INFO  main     Running automated error checks on GIC measured data
2026-07-31T10:29:15.657057Z INFO  main     
Resample to 1m aves and NaN pad or trim to start/stop.
2026-07-31T10:29:16.265486Z INFO  main     Writing C:\Users\lwilker\Documents\GitHub\SWERVE-data\data_processed\2021-05-12\sites\10234\data\GIC_measured_NERC.pkl
2026-07-31T10:29:16.696962Z INFO  main   Writing C:\Users\lwilker\Documents\GitHub\SWERVE-data\data_processed\2021-05-12\sites\10234\data\_all.pkl
2026-07-31T10:29:17.113318Z INFO  main Computing stats for '10234' data
2026-07-31T10:29:17.663676Z INFO  main   Uniq dts [ns] = [1000000000]
2026-07-31T10:29:17.663676Z INFO  main   Uniq dts [#]  = 1
2026-07-31T10:29:17.666246Z INFO  main   Stats for GIC/measured/NERC:
2026-07-31T10:29:17.666246Z INFO  main 
    std: : [0.06707748745656393]
    ave: : [0.3322722684834721]
    min: : [0.1]
    max: : [0.5266666666666667]
    n: 1321
    n_valid: : [1321]
    dt_original: : [1000000000]
2026-07-31T10:29:17.669422Z INFO  main Plotting '10234' data
2026-07-31T10:29:17.681823Z INFO  main   Plotting '10234/GIC/measured/NERC' original vs. modified data
2026-07-31T10:29:20.679561Z INFO  main     Writing C:\Users\lwilker\Documents\GitHub\SWERVE-data\data_processed/2021-05-12/sites/10234/figures\original\GIC_measured_NERC.png
2026-07-31T10:29:22.656895Z INFO  main     Writing C:\Users\lwilker\Documents\GitHub\SWERVE-data\data_processed/2021-05-12/sites/10234/figures\original\GIC_measured_NERC.pdf
2026-07-31T10:29:23.288366Z INFO  main Reading '10235' data
2026-07-31T10:29:23.316065Z INFO  main   Reading 'GIC/measured/NERC' data
2026-07-31T10:29:23.328382Z INFO  main     Reading C:\Users\lwilker\Documents\GitHub\SWERVE-data\data_original\nerc\2021-05-12\gic\2021E01_10235.csv
2026-07-31T10:29:27.986749Z INFO  main     Running automated error checks on GIC measured data
2026-07-31T10:29:55.355565Z INFO  main     
Resample to 1m aves and NaN pad or trim to start/stop.
2026-07-31T10:29:55.980190Z INFO  main     Writing C:\Users\lwilker\Documents\GitHub\SWERVE-data\data_processed\2021-05-12\sites\10235\data\GIC_measured_NERC.pkl
2026-07-31T10:29:56.428024Z INFO  main   Writing C:\Users\lwilker\Documents\GitHub\SWERVE-data\data_processed\2021-05-12\sites\10235\data\_all.pkl
2026-07-31T10:29:56.873132Z INFO  main Computing stats for '10235' data
2026-07-31T10:29:57.389764Z INFO  main   Uniq dts [ns] = [1000000000]
2026-07-31T10:29:57.390764Z INFO  main   Uniq dts [#]  = 1
2026-07-31T10:29:57.391779Z INFO  main   Stats for GIC/measured/NERC:
2026-07-31T10:29:57.392778Z INFO  main 
    std: : [0.05580591635968614]
    ave: : [0.941313398940197]
    min: : [0.8]
    max: : [1.0]
    n: 1321
    n_valid: : [1321]
    dt_original: : [1000000000]
2026-07-31T10:29:57.394784Z INFO  main Plotting '10235' data
2026-07-31T10:29:57.407307Z INFO  main   Plotting '10235/GIC/measured/NERC' original vs. modified data
2026-07-31T10:29:59.979307Z INFO  main     Writing C:\Users\lwilker\Documents\GitHub\SWERVE-data\data_processed/2021-05-12/sites/10235/figures\original\GIC_measured_NERC.png
2026-07-31T10:30:01.579906Z INFO  main     Writing C:\Users\lwilker\Documents\GitHub\SWERVE-data\data_processed/2021-05-12/sites/10235/figures\original\GIC_measured_NERC.pdf
2026-07-31T10:30:02.096288Z INFO  main Reading '10236' data
2026-07-31T10:30:02.115273Z INFO  main   Reading 'GIC/measured/NERC' data
2026-07-31T10:30:02.126014Z INFO  main     Reading C:\Users\lwilker\Documents\GitHub\SWERVE-data\data_original\nerc\2021-05-12\gic\2021E01_10236.csv
2026-07-31T10:30:06.516211Z INFO  main     Running automated error checks on GIC measured data
2026-07-31T10:30:31.255589Z INFO  main     
Resample to 1m aves and NaN pad or trim to start/stop.
2026-07-31T10:30:31.869636Z INFO  main     Writing C:\Users\lwilker\Documents\GitHub\SWERVE-data\data_processed\2021-05-12\sites\10236\data\GIC_measured_NERC.pkl
2026-07-31T10:30:32.337753Z INFO  main   Writing C:\Users\lwilker\Documents\GitHub\SWERVE-data\data_processed\2021-05-12\sites\10236\data\_all.pkl
2026-07-31T10:30:32.771128Z INFO  main Computing stats for '10236' data
2026-07-31T10:30:33.290809Z INFO  main   Uniq dts [ns] = [1000000000]
2026-07-31T10:30:33.290809Z INFO  main   Uniq dts [#]  = 1
2026-07-31T10:30:33.290809Z INFO  main   Stats for GIC/measured/NERC:
2026-07-31T10:30:33.294879Z INFO  main 
    std: : [0.5737571507328437]
    ave: : [0.5827403482210447]
    min: : [-2.3]
    max: : [2.7]
    n: 1321
    n_valid: : [1321]
    dt_original: : [1000000000]
2026-07-31T10:30:33.294879Z INFO  main Plotting '10236' data
2026-07-31T10:30:33.303530Z INFO  main   Plotting '10236/GIC/measured/NERC' original vs. modified data
2026-07-31T10:30:35.867946Z INFO  main     Writing C:\Users\lwilker\Documents\GitHub\SWERVE-data\data_processed/2021-05-12/sites/10236/figures\original\GIC_measured_NERC.png
2026-07-31T10:30:37.338645Z INFO  main     Writing C:\Users\lwilker\Documents\GitHub\SWERVE-data\data_processed/2021-05-12/sites/10236/figures\original\GIC_measured_NERC.pdf
2026-07-31T10:30:37.835881Z INFO  main Reading '10240' data
2026-07-31T10:30:37.852684Z INFO  main   Reading 'GIC/measured/NERC' data
2026-07-31T10:30:37.864895Z INFO  main     Reading C:\Users\lwilker\Documents\GitHub\SWERVE-data\data_original\nerc\2021-05-12\gic\2021E01_10240.csv
2026-07-31T10:30:38.303345Z INFO  main     Running automated error checks on GIC measured data
2026-07-31T10:30:41.032917Z INFO  main     Baseline offset of -2.24 A corrected. 
Resample to 1m aves and NaN pad or trim to start/stop.
2026-07-31T10:30:41.119879Z INFO  main     Writing C:\Users\lwilker\Documents\GitHub\SWERVE-data\data_processed\2021-05-12\sites\10240\data\GIC_measured_NERC.pkl
2026-07-31T10:30:41.190148Z INFO  main   Writing C:\Users\lwilker\Documents\GitHub\SWERVE-data\data_processed\2021-05-12\sites\10240\data\_all.pkl
2026-07-31T10:30:41.238161Z INFO  main Computing stats for '10240' data
2026-07-31T10:30:41.292195Z INFO  main   Uniq dts [ns] = [10000000000]
2026-07-31T10:30:41.292195Z INFO  main   Uniq dts [#]  = 1
2026-07-31T10:30:41.292195Z INFO  main   Stats for GIC/measured/NERC:
2026-07-31T10:30:41.296258Z INFO  main 
    std: : [1.3800274946863529]
    ave: : [0.33865632096896314]
    min: : [-3.78]
    max: : [8.608333333333333]
    n: 1321
    n_valid: : [1321]
    dt_original: : [10000000000]
2026-07-31T10:30:41.296258Z INFO  main Plotting '10240' data
2026-07-31T10:30:41.308574Z INFO  main   Plotting '10240/GIC/measured/NERC' original vs. modified data
2026-07-31T10:30:42.831240Z INFO  main     Writing C:\Users\lwilker\Documents\GitHub\SWERVE-data\data_processed/2021-05-12/sites/10240/figures\original\GIC_measured_NERC.png
2026-07-31T10:30:45.005728Z INFO  main     Writing C:\Users\lwilker\Documents\GitHub\SWERVE-data\data_processed/2021-05-12/sites/10240/figures\original\GIC_measured_NERC.pdf
2026-07-31T10:30:45.584163Z INFO  main Reading '10241' data
2026-07-31T10:30:45.603469Z INFO  main   Reading 'GIC/measured/NERC' data
2026-07-31T10:30:45.615170Z INFO  main     Reading C:\Users\lwilker\Documents\GitHub\SWERVE-data\data_original\nerc\2021-05-12\gic\2021E01_10241.csv
2026-07-31T10:30:45.681554Z INFO  main     Running automated error checks on GIC measured data
2026-07-31T10:30:45.809930Z INFO  main     Baseline offset of -1.30 A corrected. 
Resample to 1m aves and NaN pad or trim to start/stop.
2026-07-31T10:30:45.838903Z INFO  main     Writing C:\Users\lwilker\Documents\GitHub\SWERVE-data\data_processed\2021-05-12\sites\10241\data\GIC_measured_NERC.pkl
2026-07-31T10:30:45.859786Z INFO  main   Writing C:\Users\lwilker\Documents\GitHub\SWERVE-data\data_processed\2021-05-12\sites\10241\data\_all.pkl
2026-07-31T10:30:45.868196Z INFO  main Computing stats for '10241' data
2026-07-31T10:30:45.874274Z INFO  main   Uniq dts [ns] = [240000000000]
2026-07-31T10:30:45.876322Z INFO  main   Uniq dts [#]  = 1
2026-07-31T10:30:45.876322Z INFO  main   Stats for GIC/measured/NERC:
2026-07-31T10:30:45.878474Z INFO  main 
    std: : [nan]
    ave: : [nan]
    min: : [nan]
    max: : [nan]
    n: 1321
    n_valid: : [0]
    dt_original: : [240000000000]
2026-07-31T10:30:45.882002Z INFO  main Plotting '10241' data
2026-07-31T10:30:45.892678Z INFO  main   Plotting '10241/GIC/measured/NERC' original vs. modified data
2026-07-31T10:30:47.305678Z INFO  main     Writing C:\Users\lwilker\Documents\GitHub\SWERVE-data\data_processed/2021-05-12/sites/10241/figures\original\GIC_measured_NERC.png
2026-07-31T10:30:49.209780Z INFO  main     Writing C:\Users\lwilker\Documents\GitHub\SWERVE-data\data_processed/2021-05-12/sites/10241/figures\original\GIC_measured_NERC.pdf
2026-07-31T10:30:49.765454Z INFO  main Reading '10242' data
2026-07-31T10:30:49.788584Z INFO  main   Reading 'GIC/measured/NERC' data
2026-07-31T10:30:49.802388Z INFO  main     Reading C:\Users\lwilker\Documents\GitHub\SWERVE-data\data_original\nerc\2021-05-12\gic\2021E01_10242.csv
2026-07-31T10:30:49.871897Z INFO  main     Running automated error checks on GIC measured data
2026-07-31T10:30:50.004714Z INFO  main     
Resample to 1m aves and NaN pad or trim to start/stop.
2026-07-31T10:30:50.035327Z INFO  main     Writing C:\Users\lwilker\Documents\GitHub\SWERVE-data\data_processed\2021-05-12\sites\10242\data\GIC_measured_NERC.pkl
2026-07-31T10:30:50.055035Z INFO  main   Writing C:\Users\lwilker\Documents\GitHub\SWERVE-data\data_processed\2021-05-12\sites\10242\data\_all.pkl
2026-07-31T10:30:50.063733Z INFO  main Computing stats for '10242' data
2026-07-31T10:30:50.070779Z INFO  main   Uniq dts [ns] = [240000000000]
2026-07-31T10:30:50.071791Z INFO  main   Uniq dts [#]  = 1
2026-07-31T10:30:50.072392Z INFO  main   Stats for GIC/measured/NERC:
2026-07-31T10:30:50.072392Z INFO  main 
    std: : [nan]
    ave: : [nan]
    min: : [nan]
    max: : [nan]
    n: 1321
    n_valid: : [0]
    dt_original: : [240000000000]
2026-07-31T10:30:50.076189Z INFO  main Plotting '10242' data
2026-07-31T10:30:50.088012Z INFO  main   Plotting '10242/GIC/measured/NERC' original vs. modified data
2026-07-31T10:30:51.470665Z INFO  main     Writing C:\Users\lwilker\Documents\GitHub\SWERVE-data\data_processed/2021-05-12/sites/10242/figures\original\GIC_measured_NERC.png
2026-07-31T10:30:53.303906Z INFO  main     Writing C:\Users\lwilker\Documents\GitHub\SWERVE-data\data_processed/2021-05-12/sites/10242/figures\original\GIC_measured_NERC.pdf
2026-07-31T10:30:53.841598Z INFO  main Reading '10243' data
2026-07-31T10:30:53.863654Z INFO  main   Reading 'GIC/measured/NERC' data
2026-07-31T10:30:53.872212Z INFO  main     Reading C:\Users\lwilker\Documents\GitHub\SWERVE-data\data_original\nerc\2021-05-12\gic\2021E01_10243.csv
2026-07-31T10:30:53.941749Z INFO  main     Running automated error checks on GIC measured data
2026-07-31T10:30:54.063929Z INFO  main     
Resample to 1m aves and NaN pad or trim to start/stop.
2026-07-31T10:30:54.101433Z INFO  main     Writing C:\Users\lwilker\Documents\GitHub\SWERVE-data\data_processed\2021-05-12\sites\10243\data\GIC_measured_NERC.pkl
2026-07-31T10:30:54.124341Z INFO  main   Writing C:\Users\lwilker\Documents\GitHub\SWERVE-data\data_processed\2021-05-12\sites\10243\data\_all.pkl
2026-07-31T10:30:54.134215Z INFO  main Computing stats for '10243' data
2026-07-31T10:30:54.143071Z INFO  main   Uniq dts [ns] = [240000000000]
2026-07-31T10:30:54.145092Z INFO  main   Uniq dts [#]  = 1
2026-07-31T10:30:54.145092Z INFO  main   Stats for GIC/measured/NERC:
2026-07-31T10:30:54.147251Z INFO  main 
    std: : [nan]
    ave: : [nan]
    min: : [nan]
    max: : [nan]
    n: 1321
    n_valid: : [0]
    dt_original: : [240000000000]
2026-07-31T10:30:54.147251Z INFO  main Plotting '10243' data
2026-07-31T10:30:54.160888Z INFO  main   Plotting '10243/GIC/measured/NERC' original vs. modified data
2026-07-31T10:30:55.962815Z INFO  main     Writing C:\Users\lwilker\Documents\GitHub\SWERVE-data\data_processed/2021-05-12/sites/10243/figures\original\GIC_measured_NERC.png
2026-07-31T10:30:57.762133Z INFO  main     Writing C:\Users\lwilker\Documents\GitHub\SWERVE-data\data_processed/2021-05-12/sites/10243/figures\original\GIC_measured_NERC.pdf
2026-07-31T10:30:58.275726Z INFO  main Reading '10246' data
2026-07-31T10:30:58.304786Z INFO  main   Reading 'GIC/measured/NERC' data
2026-07-31T10:30:58.316678Z INFO  main     Reading C:\Users\lwilker\Documents\GitHub\SWERVE-data\data_original\nerc\2021-05-12\gic\2021E01_10246.csv
2026-07-31T10:30:58.382526Z INFO  main     Running automated error checks on GIC measured data
2026-07-31T10:30:58.512164Z INFO  main     
Resample to 1m aves and NaN pad or trim to start/stop.
2026-07-31T10:30:58.540401Z INFO  main     Writing C:\Users\lwilker\Documents\GitHub\SWERVE-data\data_processed\2021-05-12\sites\10246\data\GIC_measured_NERC.pkl
2026-07-31T10:30:58.564220Z INFO  main   Writing C:\Users\lwilker\Documents\GitHub\SWERVE-data\data_processed\2021-05-12\sites\10246\data\_all.pkl
2026-07-31T10:30:58.571548Z INFO  main Computing stats for '10246' data
2026-07-31T10:30:58.576559Z INFO  main   Uniq dts [ns] = [240000000000]
2026-07-31T10:30:58.581169Z INFO  main   Uniq dts [#]  = 1
2026-07-31T10:30:58.581169Z INFO  main   Stats for GIC/measured/NERC:
2026-07-31T10:30:58.581169Z INFO  main 
    std: : [nan]
    ave: : [nan]
    min: : [nan]
    max: : [nan]
    n: 1321
    n_valid: : [0]
    dt_original: : [240000000000]
2026-07-31T10:30:58.584197Z INFO  main Plotting '10246' data
2026-07-31T10:30:58.596533Z INFO  main   Plotting '10246/GIC/measured/NERC' original vs. modified data
2026-07-31T10:30:59.953318Z INFO  main     Writing C:\Users\lwilker\Documents\GitHub\SWERVE-data\data_processed/2021-05-12/sites/10246/figures\original\GIC_measured_NERC.png
2026-07-31T10:31:01.728921Z INFO  main     Writing C:\Users\lwilker\Documents\GitHub\SWERVE-data\data_processed/2021-05-12/sites/10246/figures\original\GIC_measured_NERC.pdf
2026-07-31T10:31:02.236643Z INFO  main Reading '10257' data
2026-07-31T10:31:02.259168Z INFO  main   Reading 'GIC/measured/NERC' data
2026-07-31T10:31:02.267701Z INFO  main     Reading C:\Users\lwilker\Documents\GitHub\SWERVE-data\data_original\nerc\2021-05-12\gic\2021E01_10257.csv
2026-07-31T10:31:02.724555Z INFO  main     Running automated error checks on GIC measured data
2026-07-31T10:31:05.409088Z INFO  main     Baseline offset of -2.91 A corrected. 
Resample to 1m aves and NaN pad or trim to start/stop.
2026-07-31T10:31:05.508206Z INFO  main     Writing C:\Users\lwilker\Documents\GitHub\SWERVE-data\data_processed\2021-05-12\sites\10257\data\GIC_measured_NERC.pkl
2026-07-31T10:31:05.564378Z INFO  main   Writing C:\Users\lwilker\Documents\GitHub\SWERVE-data\data_processed\2021-05-12\sites\10257\data\_all.pkl
2026-07-31T10:31:05.615809Z INFO  main Computing stats for '10257' data
2026-07-31T10:31:05.672068Z INFO  main   Uniq dts [ns] = [10000000000]
2026-07-31T10:31:05.672068Z INFO  main   Uniq dts [#]  = 1
2026-07-31T10:31:05.672068Z INFO  main   Stats for GIC/measured/NERC:
2026-07-31T10:31:05.672068Z INFO  main 
    std: : [1.465988924161334]
    ave: : [1.2207178904870049]
    min: : [-0.09999999999999994]
    max: : [2.935]
    n: 1321
    n_valid: : [1321]
    dt_original: : [10000000000]
2026-07-31T10:31:05.676209Z INFO  main Plotting '10257' data
2026-07-31T10:31:05.689281Z INFO  main   Plotting '10257/GIC/measured/NERC' original vs. modified data
2026-07-31T10:31:07.271294Z INFO  main     Writing C:\Users\lwilker\Documents\GitHub\SWERVE-data\data_processed/2021-05-12/sites/10257/figures\original\GIC_measured_NERC.png
2026-07-31T10:31:08.796698Z INFO  main     Writing C:\Users\lwilker\Documents\GitHub\SWERVE-data\data_processed/2021-05-12/sites/10257/figures\original\GIC_measured_NERC.pdf
2026-07-31T10:31:09.301664Z INFO  main Reading '10258' data
2026-07-31T10:31:09.324571Z INFO  main   Reading 'GIC/measured/NERC' data
2026-07-31T10:31:09.336758Z INFO  main     Reading C:\Users\lwilker\Documents\GitHub\SWERVE-data\data_original\nerc\2021-05-12\gic\2021E01_10258.csv
2026-07-31T10:31:09.759323Z INFO  main     Running automated error checks on GIC measured data
2026-07-31T10:31:12.666603Z INFO  main     
Resample to 1m aves and NaN pad or trim to start/stop.
2026-07-31T10:31:12.765460Z INFO  main     Writing C:\Users\lwilker\Documents\GitHub\SWERVE-data\data_processed\2021-05-12\sites\10258\data\GIC_measured_NERC.pkl
2026-07-31T10:31:12.825618Z INFO  main   Writing C:\Users\lwilker\Documents\GitHub\SWERVE-data\data_processed\2021-05-12\sites\10258\data\_all.pkl
2026-07-31T10:31:12.891815Z INFO  main Computing stats for '10258' data
2026-07-31T10:31:12.948762Z INFO  main   Uniq dts [ns] = [10000000000]
2026-07-31T10:31:12.950774Z INFO  main   Uniq dts [#]  = 1
2026-07-31T10:31:12.950774Z INFO  main   Stats for GIC/measured/NERC:
2026-07-31T10:31:12.950774Z INFO  main 
    std: : [0.19257858622843307]
    ave: : [-0.25439439818319454]
    min: : [-0.4916666666666667]
    max: : [-0.008333333333333337]
    n: 1321
    n_valid: : [1321]
    dt_original: : [10000000000]
2026-07-31T10:31:12.955020Z INFO  main Plotting '10258' data
2026-07-31T10:31:12.963542Z INFO  main   Plotting '10258/GIC/measured/NERC' original vs. modified data
2026-07-31T10:31:14.701303Z INFO  main     Writing C:\Users\lwilker\Documents\GitHub\SWERVE-data\data_processed/2021-05-12/sites/10258/figures\original\GIC_measured_NERC.png
2026-07-31T10:31:16.598269Z INFO  main     Writing C:\Users\lwilker\Documents\GitHub\SWERVE-data\data_processed/2021-05-12/sites/10258/figures\original\GIC_measured_NERC.pdf
2026-07-31T10:31:17.103399Z INFO  main Reading '10259' data
2026-07-31T10:31:17.123796Z INFO  main   Reading 'GIC/measured/NERC' data
2026-07-31T10:31:17.132030Z INFO  main     Reading C:\Users\lwilker\Documents\GitHub\SWERVE-data\data_original\nerc\2021-05-12\gic\2021E01_10259.csv
2026-07-31T10:31:17.548754Z INFO  main     Running automated error checks on GIC measured data
2026-07-31T10:31:19.905082Z INFO  main     Baseline offset of -1.03 A corrected. 
Resample to 1m aves and NaN pad or trim to start/stop.
2026-07-31T10:31:19.987461Z INFO  main     Writing C:\Users\lwilker\Documents\GitHub\SWERVE-data\data_processed\2021-05-12\sites\10259\data\GIC_measured_NERC.pkl
2026-07-31T10:31:20.037189Z INFO  main   Writing C:\Users\lwilker\Documents\GitHub\SWERVE-data\data_processed\2021-05-12\sites\10259\data\_all.pkl
2026-07-31T10:31:20.082934Z INFO  main Computing stats for '10259' data
2026-07-31T10:31:20.136711Z INFO  main   Uniq dts [ns] = [10000000000]
2026-07-31T10:31:20.140555Z INFO  main   Uniq dts [#]  = 1
2026-07-31T10:31:20.140555Z INFO  main   Stats for GIC/measured/NERC:
2026-07-31T10:31:20.140555Z INFO  main 
    std: : [0.5117500464987995]
    ave: : [0.41753595760787277]
    min: : [-0.09500000000000001]
    max: : [1.0433333333333332]
    n: 1321
    n_valid: : [1321]
    dt_original: : [10000000000]
2026-07-31T10:31:20.144632Z INFO  main Plotting '10259' data
2026-07-31T10:31:20.152788Z INFO  main   Plotting '10259/GIC/measured/NERC' original vs. modified data
2026-07-31T10:31:21.934254Z INFO  main     Writing C:\Users\lwilker\Documents\GitHub\SWERVE-data\data_processed/2021-05-12/sites/10259/figures\original\GIC_measured_NERC.png
2026-07-31T10:31:23.634925Z INFO  main     Writing C:\Users\lwilker\Documents\GitHub\SWERVE-data\data_processed/2021-05-12/sites/10259/figures\original\GIC_measured_NERC.pdf
2026-07-31T10:31:24.167440Z INFO  main Reading '10260' data
2026-07-31T10:31:24.196095Z INFO  main   Reading 'GIC/measured/NERC' data
2026-07-31T10:31:24.208782Z INFO  main     Reading C:\Users\lwilker\Documents\GitHub\SWERVE-data\data_original\nerc\2021-05-12\gic\2021E01_10260.csv
2026-07-31T10:31:24.669990Z INFO  main     Running automated error checks on GIC measured data
2026-07-31T10:31:27.275774Z INFO  main     Baseline offset of -3.40 A corrected. 
Resample to 1m aves and NaN pad or trim to start/stop.
2026-07-31T10:31:27.365503Z INFO  main     Writing C:\Users\lwilker\Documents\GitHub\SWERVE-data\data_processed\2021-05-12\sites\10260\data\GIC_measured_NERC.pkl
2026-07-31T10:31:27.419083Z INFO  main   Writing C:\Users\lwilker\Documents\GitHub\SWERVE-data\data_processed\2021-05-12\sites\10260\data\_all.pkl
2026-07-31T10:31:27.471814Z INFO  main Computing stats for '10260' data
2026-07-31T10:31:27.534786Z INFO  main   Uniq dts [ns] = [10000000000]
2026-07-31T10:31:27.534786Z INFO  main   Uniq dts [#]  = 1
2026-07-31T10:31:27.534786Z INFO  main   Stats for GIC/measured/NERC:
2026-07-31T10:31:27.537869Z INFO  main 
    std: : [1.7758556049487348]
    ave: : [1.3187988897300025]
    min: : [-0.455]
    max: : [3.391666666666667]
    n: 1321
    n_valid: : [1321]
    dt_original: : [10000000000]
2026-07-31T10:31:27.539384Z INFO  main Plotting '10260' data
2026-07-31T10:31:27.550579Z INFO  main   Plotting '10260/GIC/measured/NERC' original vs. modified data
2026-07-31T10:31:29.053677Z INFO  main     Writing C:\Users\lwilker\Documents\GitHub\SWERVE-data\data_processed/2021-05-12/sites/10260/figures\original\GIC_measured_NERC.png
2026-07-31T10:31:30.659873Z INFO  main     Writing C:\Users\lwilker\Documents\GitHub\SWERVE-data\data_processed/2021-05-12/sites/10260/figures\original\GIC_measured_NERC.pdf
2026-07-31T10:31:31.197769Z INFO  main Reading '10261' data
2026-07-31T10:31:31.218261Z INFO  main   Reading 'GIC/measured/NERC' data
2026-07-31T10:31:31.230580Z INFO  main     Reading C:\Users\lwilker\Documents\GitHub\SWERVE-data\data_original\nerc\2021-05-12\gic\2021E01_10261.csv
2026-07-31T10:31:31.656634Z INFO  main     Running automated error checks on GIC measured data
2026-07-31T10:31:34.248620Z INFO  main     Removed 1 spikes. 
Resample to 1m aves and NaN pad or trim to start/stop.
2026-07-31T10:31:34.336394Z INFO  main     Writing C:\Users\lwilker\Documents\GitHub\SWERVE-data\data_processed\2021-05-12\sites\10261\data\GIC_measured_NERC.pkl
2026-07-31T10:31:34.390751Z INFO  main   Writing C:\Users\lwilker\Documents\GitHub\SWERVE-data\data_processed\2021-05-12\sites\10261\data\_all.pkl
2026-07-31T10:31:34.714576Z INFO  main Computing stats for '10261' data
2026-07-31T10:31:34.770256Z INFO  main   Uniq dts [ns] = [10000000000]
2026-07-31T10:31:34.770256Z INFO  main   Uniq dts [#]  = 1
2026-07-31T10:31:34.770256Z INFO  main   Stats for GIC/measured/NERC:
2026-07-31T10:31:34.770256Z INFO  main 
    std: : [0.02891782022346926]
    ave: : [-0.6761758768609639]
    min: : [-0.7466666666666667]
    max: : [-0.54]
    n: 1321
    n_valid: : [1321]
    dt_original: : [10000000000]
2026-07-31T10:31:34.776438Z INFO  main Plotting '10261' data
2026-07-31T10:31:34.787262Z INFO  main   Plotting '10261/GIC/measured/NERC' original vs. modified data
2026-07-31T10:31:36.292584Z INFO  main     Writing C:\Users\lwilker\Documents\GitHub\SWERVE-data\data_processed/2021-05-12/sites/10261/figures\original\GIC_measured_NERC.png
2026-07-31T10:31:38.013911Z INFO  main     Writing C:\Users\lwilker\Documents\GitHub\SWERVE-data\data_processed/2021-05-12/sites/10261/figures\original\GIC_measured_NERC.pdf
2026-07-31T10:31:38.518567Z INFO  main Reading '10262' data
2026-07-31T10:31:38.539088Z INFO  main   Reading 'GIC/measured/NERC' data
2026-07-31T10:31:38.547225Z INFO  main     Reading C:\Users\lwilker\Documents\GitHub\SWERVE-data\data_original\nerc\2021-05-12\gic\2021E01_10262.csv
2026-07-31T10:31:39.013030Z INFO  main     Running automated error checks on GIC measured data
2026-07-31T10:31:41.531856Z INFO  main     Removed 1 spikes. Baseline offset of -1.04 A corrected. 
Resample to 1m aves and NaN pad or trim to start/stop.
2026-07-31T10:31:41.626604Z INFO  main     Writing C:\Users\lwilker\Documents\GitHub\SWERVE-data\data_processed\2021-05-12\sites\10262\data\GIC_measured_NERC.pkl
2026-07-31T10:31:41.675836Z INFO  main   Writing C:\Users\lwilker\Documents\GitHub\SWERVE-data\data_processed\2021-05-12\sites\10262\data\_all.pkl
2026-07-31T10:31:41.721566Z INFO  main Computing stats for '10262' data
2026-07-31T10:31:41.775963Z INFO  main   Uniq dts [ns] = [10000000000]
2026-07-31T10:31:41.775963Z INFO  main   Uniq dts [#]  = 1
2026-07-31T10:31:41.780015Z INFO  main   Stats for GIC/measured/NERC:
2026-07-31T10:31:41.780015Z INFO  main 
    std: : [0.5095742920130661]
    ave: : [0.22871561948019187]
    min: : [-0.34999999999999987]
    max: : [1.4466666666666665]
    n: 1321
    n_valid: : [1321]
    dt_original: : [10000000000]
2026-07-31T10:31:41.780015Z INFO  main Plotting '10262' data
2026-07-31T10:31:41.792308Z INFO  main   Plotting '10262/GIC/measured/NERC' original vs. modified data
2026-07-31T10:31:43.244194Z INFO  main     Writing C:\Users\lwilker\Documents\GitHub\SWERVE-data\data_processed/2021-05-12/sites/10262/figures\original\GIC_measured_NERC.png
2026-07-31T10:31:44.844578Z INFO  main     Writing C:\Users\lwilker\Documents\GitHub\SWERVE-data\data_processed/2021-05-12/sites/10262/figures\original\GIC_measured_NERC.pdf
2026-07-31T10:31:45.338281Z INFO  main Reading '10263' data
2026-07-31T10:31:45.371520Z INFO  main   Reading 'GIC/measured/NERC' data
2026-07-31T10:31:45.379674Z INFO  main     Reading C:\Users\lwilker\Documents\GitHub\SWERVE-data\data_original\nerc\2021-05-12\gic\2021E01_10263.csv
2026-07-31T10:31:45.821469Z INFO  main     Running automated error checks on GIC measured data
2026-07-31T10:31:48.637497Z INFO  main     Removed 1 spikes. 
Resample to 1m aves and NaN pad or trim to start/stop.
2026-07-31T10:31:48.724337Z INFO  main     Writing C:\Users\lwilker\Documents\GitHub\SWERVE-data\data_processed\2021-05-12\sites\10263\data\GIC_measured_NERC.pkl
2026-07-31T10:31:48.798565Z INFO  main   Writing C:\Users\lwilker\Documents\GitHub\SWERVE-data\data_processed\2021-05-12\sites\10263\data\_all.pkl
2026-07-31T10:31:48.844668Z INFO  main Computing stats for '10263' data
2026-07-31T10:31:48.901405Z INFO  main   Uniq dts [ns] = [10000000000]
2026-07-31T10:31:48.901405Z INFO  main   Uniq dts [#]  = 1
2026-07-31T10:31:48.901405Z INFO  main   Stats for GIC/measured/NERC:
2026-07-31T10:31:48.901405Z INFO  main 
    std: : [0.0968091466120246]
    ave: : [0.1366994700984103]
    min: : [-0.04]
    max: : [0.3]
    n: 1321
    n_valid: : [1321]
    dt_original: : [10000000000]
2026-07-31T10:31:48.905486Z INFO  main Plotting '10263' data
2026-07-31T10:31:48.913611Z INFO  main   Plotting '10263/GIC/measured/NERC' original vs. modified data
2026-07-31T10:31:50.428744Z INFO  main     Writing C:\Users\lwilker\Documents\GitHub\SWERVE-data\data_processed/2021-05-12/sites/10263/figures\original\GIC_measured_NERC.png
2026-07-31T10:31:52.148559Z INFO  main     Writing C:\Users\lwilker\Documents\GitHub\SWERVE-data\data_processed/2021-05-12/sites/10263/figures\original\GIC_measured_NERC.pdf
2026-07-31T10:31:52.646874Z INFO  main Reading '10264' data
2026-07-31T10:31:52.669852Z INFO  main   Reading 'GIC/measured/NERC' data
2026-07-31T10:31:52.682281Z INFO  main     Reading C:\Users\lwilker\Documents\GitHub\SWERVE-data\data_original\nerc\2021-05-12\gic\2021E01_10264.csv
2026-07-31T10:31:53.156101Z INFO  main     Running automated error checks on GIC measured data
2026-07-31T10:31:55.797862Z INFO  main     Removed 1 spikes. 
Resample to 1m aves and NaN pad or trim to start/stop.
2026-07-31T10:31:55.886190Z INFO  main     Writing C:\Users\lwilker\Documents\GitHub\SWERVE-data\data_processed\2021-05-12\sites\10264\data\GIC_measured_NERC.pkl
2026-07-31T10:31:55.959295Z INFO  main   Writing C:\Users\lwilker\Documents\GitHub\SWERVE-data\data_processed\2021-05-12\sites\10264\data\_all.pkl
2026-07-31T10:31:56.001820Z INFO  main Computing stats for '10264' data
2026-07-31T10:31:56.063920Z INFO  main   Uniq dts [ns] = [10000000000]
2026-07-31T10:31:56.063920Z INFO  main   Uniq dts [#]  = 1
2026-07-31T10:31:56.063920Z INFO  main   Stats for GIC/measured/NERC:
2026-07-31T10:31:56.063920Z INFO  main 
    std: : [0.020707981572594198]
    ave: : [-0.2765442846328539]
    min: : [-0.5133333333333333]
    max: : [-0.2383333333333333]
    n: 1321
    n_valid: : [1321]
    dt_original: : [10000000000]
2026-07-31T10:31:56.068310Z INFO  main Plotting '10264' data
2026-07-31T10:31:56.099373Z INFO  main   Plotting '10264/GIC/measured/NERC' original vs. modified data
2026-07-31T10:31:57.899402Z INFO  main     Writing C:\Users\lwilker\Documents\GitHub\SWERVE-data\data_processed/2021-05-12/sites/10264/figures\original\GIC_measured_NERC.png
2026-07-31T10:31:59.631732Z INFO  main     Writing C:\Users\lwilker\Documents\GitHub\SWERVE-data\data_processed/2021-05-12/sites/10264/figures\original\GIC_measured_NERC.pdf
2026-07-31T10:32:00.221201Z INFO  main Reading '10291' data
2026-07-31T10:32:00.241275Z INFO  main   Reading 'GIC/measured/NERC' data
2026-07-31T10:32:00.253602Z INFO  main     Reading C:\Users\lwilker\Documents\GitHub\SWERVE-data\data_original\nerc\2021-05-12\gic\2021E01_10291.csv
2026-07-31T10:32:00.684624Z INFO  main     Running automated error checks on GIC measured data
2026-07-31T10:32:03.009351Z INFO  main     
Resample to 1m aves and NaN pad or trim to start/stop.
2026-07-31T10:32:03.097040Z INFO  main     Writing C:\Users\lwilker\Documents\GitHub\SWERVE-data\data_processed\2021-05-12\sites\10291\data\GIC_measured_NERC.pkl
2026-07-31T10:32:03.145617Z INFO  main   Writing C:\Users\lwilker\Documents\GitHub\SWERVE-data\data_processed\2021-05-12\sites\10291\data\_all.pkl
2026-07-31T10:32:03.192302Z INFO  main Computing stats for '10291' data
2026-07-31T10:32:03.247182Z INFO  main   Uniq dts [ns] = [10000000000]
2026-07-31T10:32:03.247182Z INFO  main   Uniq dts [#]  = 1
2026-07-31T10:32:03.249200Z INFO  main   Stats for GIC/measured/NERC:
2026-07-31T10:32:03.249200Z INFO  main 
    std: : [0.0]
    ave: : [0.0]
    min: : [0.0]
    max: : [0.0]
    n: 1321
    n_valid: : [1321]
    dt_original: : [10000000000]
2026-07-31T10:32:03.251209Z INFO  main Plotting '10291' data
2026-07-31T10:32:03.263149Z INFO  main   Plotting '10291/GIC/measured/NERC' original vs. modified data
2026-07-31T10:32:04.670270Z INFO  main     Writing C:\Users\lwilker\Documents\GitHub\SWERVE-data\data_processed/2021-05-12/sites/10291/figures\original\GIC_measured_NERC.png
2026-07-31T10:32:06.059081Z INFO  main     Writing C:\Users\lwilker\Documents\GitHub\SWERVE-data\data_processed/2021-05-12/sites/10291/figures\original\GIC_measured_NERC.pdf
2026-07-31T10:32:06.533353Z INFO  main Reading '10292' data
2026-07-31T10:32:06.561039Z INFO  main   Reading 'GIC/measured/NERC' data
2026-07-31T10:32:06.573581Z INFO  main     Reading C:\Users\lwilker\Documents\GitHub\SWERVE-data\data_original\nerc\2021-05-12\gic\2021E01_10292.csv
2026-07-31T10:32:07.007742Z INFO  main     Running automated error checks on GIC measured data
2026-07-31T10:32:09.759312Z INFO  main     
Resample to 1m aves and NaN pad or trim to start/stop.
2026-07-31T10:32:09.847016Z INFO  main     Writing C:\Users\lwilker\Documents\GitHub\SWERVE-data\data_processed\2021-05-12\sites\10292\data\GIC_measured_NERC.pkl
2026-07-31T10:32:09.905657Z INFO  main   Writing C:\Users\lwilker\Documents\GitHub\SWERVE-data\data_processed\2021-05-12\sites\10292\data\_all.pkl
2026-07-31T10:32:09.951624Z INFO  main Computing stats for '10292' data
2026-07-31T10:32:10.004588Z INFO  main   Uniq dts [ns] = [10000000000]
2026-07-31T10:32:10.007652Z INFO  main   Uniq dts [#]  = 1
2026-07-31T10:32:10.007652Z INFO  main   Stats for GIC/measured/NERC:
2026-07-31T10:32:10.007652Z INFO  main 
    std: : [0.025874618648921068]
    ave: : [0.0009336361342417361]
    min: : [0.0]
    max: : [0.8666666666666667]
    n: 1321
    n_valid: : [1321]
    dt_original: : [10000000000]
2026-07-31T10:32:10.010713Z INFO  main Plotting '10292' data
2026-07-31T10:32:10.020182Z INFO  main   Plotting '10292/GIC/measured/NERC' original vs. modified data
2026-07-31T10:32:11.438394Z INFO  main     Writing C:\Users\lwilker\Documents\GitHub\SWERVE-data\data_processed/2021-05-12/sites/10292/figures\original\GIC_measured_NERC.png
2026-07-31T10:32:12.879728Z INFO  main     Writing C:\Users\lwilker\Documents\GitHub\SWERVE-data\data_processed/2021-05-12/sites/10292/figures\original\GIC_measured_NERC.pdf
2026-07-31T10:32:13.348308Z INFO  main Reading '10293' data
2026-07-31T10:32:13.372259Z INFO  main   Reading 'GIC/measured/NERC' data
2026-07-31T10:32:13.384912Z INFO  main     Reading C:\Users\lwilker\Documents\GitHub\SWERVE-data\data_original\nerc\2021-05-12\gic\2021E01_10293.csv
2026-07-31T10:32:13.824149Z INFO  main     Running automated error checks on GIC measured data
2026-07-31T10:32:16.117753Z INFO  main     Baseline offset of -2.20 A corrected. 
Resample to 1m aves and NaN pad or trim to start/stop.
2026-07-31T10:32:16.205505Z INFO  main     Writing C:\Users\lwilker\Documents\GitHub\SWERVE-data\data_processed\2021-05-12\sites\10293\data\GIC_measured_NERC.pkl
2026-07-31T10:32:16.257009Z INFO  main   Writing C:\Users\lwilker\Documents\GitHub\SWERVE-data\data_processed\2021-05-12\sites\10293\data\_all.pkl
2026-07-31T10:32:16.298012Z INFO  main Computing stats for '10293' data
2026-07-31T10:32:16.353572Z INFO  main   Uniq dts [ns] = [10000000000]
2026-07-31T10:32:16.353572Z INFO  main   Uniq dts [#]  = 1
2026-07-31T10:32:16.353572Z INFO  main   Stats for GIC/measured/NERC:
2026-07-31T10:32:16.356631Z INFO  main 
    std: : [0.1569174878691408]
    ave: : [0.15217007317688633]
    min: : [-0.4333333333333333]
    max: : [0.5833333333333335]
    n: 1321
    n_valid: : [1321]
    dt_original: : [10000000000]
2026-07-31T10:32:16.356631Z INFO  main Plotting '10293' data
2026-07-31T10:32:16.369129Z INFO  main   Plotting '10293/GIC/measured/NERC' original vs. modified data
2026-07-31T10:32:17.816124Z INFO  main     Writing C:\Users\lwilker\Documents\GitHub\SWERVE-data\data_processed/2021-05-12/sites/10293/figures\original\GIC_measured_NERC.png
2026-07-31T10:32:19.569553Z INFO  main     Writing C:\Users\lwilker\Documents\GitHub\SWERVE-data\data_processed/2021-05-12/sites/10293/figures\original\GIC_measured_NERC.pdf
2026-07-31T10:32:20.062773Z INFO  main Reading '10294' data
2026-07-31T10:32:20.085821Z INFO  main   Reading 'GIC/measured/NERC' data
2026-07-31T10:32:20.096296Z INFO  main     Reading C:\Users\lwilker\Documents\GitHub\SWERVE-data\data_original\nerc\2021-05-12\gic\2021E01_10294.csv
2026-07-31T10:32:20.883289Z INFO  main     Running automated error checks on GIC measured data
2026-07-31T10:32:23.304500Z INFO  main     
Resample to 1m aves and NaN pad or trim to start/stop.
2026-07-31T10:32:23.389303Z INFO  main     Writing C:\Users\lwilker\Documents\GitHub\SWERVE-data\data_processed\2021-05-12\sites\10294\data\GIC_measured_NERC.pkl
2026-07-31T10:32:23.462727Z INFO  main   Writing C:\Users\lwilker\Documents\GitHub\SWERVE-data\data_processed\2021-05-12\sites\10294\data\_all.pkl
2026-07-31T10:32:23.508765Z INFO  main Computing stats for '10294' data
2026-07-31T10:32:23.561390Z INFO  main   Uniq dts [ns] = [10000000000]
2026-07-31T10:32:23.563404Z INFO  main   Uniq dts [#]  = 1
2026-07-31T10:32:23.563404Z INFO  main   Stats for GIC/measured/NERC:
2026-07-31T10:32:23.564418Z INFO  main 
    std: : [0.2432846754136496]
    ave: : [0.008011607368155437]
    min: : [-1.7666666666666666]
    max: : [2.6]
    n: 1321
    n_valid: : [1321]
    dt_original: : [10000000000]
2026-07-31T10:32:23.565539Z INFO  main Plotting '10294' data
2026-07-31T10:32:23.577799Z INFO  main   Plotting '10294/GIC/measured/NERC' original vs. modified data
2026-07-31T10:32:25.011698Z INFO  main     Writing C:\Users\lwilker\Documents\GitHub\SWERVE-data\data_processed/2021-05-12/sites/10294/figures\original\GIC_measured_NERC.png
2026-07-31T10:32:26.635242Z INFO  main     Writing C:\Users\lwilker\Documents\GitHub\SWERVE-data\data_processed/2021-05-12/sites/10294/figures\original\GIC_measured_NERC.pdf
2026-07-31T10:32:27.137157Z INFO  main Reading '10295' data
2026-07-31T10:32:27.159959Z INFO  main   Reading 'GIC/measured/NERC' data
2026-07-31T10:32:27.173082Z INFO  main     Reading C:\Users\lwilker\Documents\GitHub\SWERVE-data\data_original\nerc\2021-05-12\gic\2021E01_10295.csv
2026-07-31T10:32:27.619771Z INFO  main     Running automated error checks on GIC measured data
2026-07-31T10:32:30.131826Z INFO  main     
Resample to 1m aves and NaN pad or trim to start/stop.
2026-07-31T10:32:30.219167Z INFO  main     Writing C:\Users\lwilker\Documents\GitHub\SWERVE-data\data_processed\2021-05-12\sites\10295\data\GIC_measured_NERC.pkl
2026-07-31T10:32:30.287696Z INFO  main   Writing C:\Users\lwilker\Documents\GitHub\SWERVE-data\data_processed\2021-05-12\sites\10295\data\_all.pkl
2026-07-31T10:32:30.334579Z INFO  main Computing stats for '10295' data
2026-07-31T10:32:30.391560Z INFO  main   Uniq dts [ns] = [10000000000]
2026-07-31T10:32:30.394891Z INFO  main   Uniq dts [#]  = 1
2026-07-31T10:32:30.394891Z INFO  main   Stats for GIC/measured/NERC:
2026-07-31T10:32:30.394891Z INFO  main 
    std: : [0.14229987551015155]
    ave: : [-0.019480191773908653]
    min: : [-2.266666666666667]
    max: : [0.16666666666666666]
    n: 1321
    n_valid: : [1321]
    dt_original: : [10000000000]
2026-07-31T10:32:30.397924Z INFO  main Plotting '10295' data
2026-07-31T10:32:30.407189Z INFO  main   Plotting '10295/GIC/measured/NERC' original vs. modified data
2026-07-31T10:32:32.156402Z INFO  main     Writing C:\Users\lwilker\Documents\GitHub\SWERVE-data\data_processed/2021-05-12/sites/10295/figures\original\GIC_measured_NERC.png
2026-07-31T10:32:33.737914Z INFO  main     Writing C:\Users\lwilker\Documents\GitHub\SWERVE-data\data_processed/2021-05-12/sites/10295/figures\original\GIC_measured_NERC.pdf
2026-07-31T10:32:34.238918Z INFO  main Reading '10296' data
2026-07-31T10:32:34.265029Z INFO  main   Reading 'GIC/measured/NERC' data
2026-07-31T10:32:34.271397Z INFO  main     Reading C:\Users\lwilker\Documents\GitHub\SWERVE-data\data_original\nerc\2021-05-12\gic\2021E01_10296.csv
2026-07-31T10:32:34.735552Z INFO  main     Running automated error checks on GIC measured data
2026-07-31T10:32:37.299379Z INFO  main     
Resample to 1m aves and NaN pad or trim to start/stop.
2026-07-31T10:32:37.388397Z INFO  main     Writing C:\Users\lwilker\Documents\GitHub\SWERVE-data\data_processed\2021-05-12\sites\10296\data\GIC_measured_NERC.pkl
2026-07-31T10:32:37.450441Z INFO  main   Writing C:\Users\lwilker\Documents\GitHub\SWERVE-data\data_processed\2021-05-12\sites\10296\data\_all.pkl
2026-07-31T10:32:37.491508Z INFO  main Computing stats for '10296' data
2026-07-31T10:32:37.550360Z INFO  main   Uniq dts [ns] = [10000000000]
2026-07-31T10:32:37.550360Z INFO  main   Uniq dts [#]  = 1
2026-07-31T10:32:37.552374Z INFO  main   Stats for GIC/measured/NERC:
2026-07-31T10:32:37.552374Z INFO  main 
    std: : [0.5783574087840432]
    ave: : [-0.1962276053494827]
    min: : [-2.9499999999999997]
    max: : [3.5666666666666664]
    n: 1321
    n_valid: : [1321]
    dt_original: : [10000000000]
2026-07-31T10:32:37.552374Z INFO  main Plotting '10296' data
2026-07-31T10:32:37.562700Z INFO  main   Plotting '10296/GIC/measured/NERC' original vs. modified data
2026-07-31T10:32:39.008841Z INFO  main     Writing C:\Users\lwilker\Documents\GitHub\SWERVE-data\data_processed/2021-05-12/sites/10296/figures\original\GIC_measured_NERC.png
2026-07-31T10:32:40.692159Z INFO  main     Writing C:\Users\lwilker\Documents\GitHub\SWERVE-data\data_processed/2021-05-12/sites/10296/figures\original\GIC_measured_NERC.pdf
2026-07-31T10:32:41.207997Z INFO  main Reading '10332' data
2026-07-31T10:32:41.228138Z INFO  main   Reading 'GIC/measured/NERC' data
2026-07-31T10:32:41.242191Z INFO  main     Reading C:\Users\lwilker\Documents\GitHub\SWERVE-data\data_original\nerc\2021-05-12\gic\2021E01_10332.csv
2026-07-31T10:32:41.285967Z INFO  main     Running automated error checks on GIC measured data
2026-07-31T10:32:41.311033Z INFO  main     
Resample to 1m aves and NaN pad or trim to start/stop.
2026-07-31T10:32:41.336471Z INFO  main     Writing C:\Users\lwilker\Documents\GitHub\SWERVE-data\data_processed\2021-05-12\sites\10332\data\GIC_measured_NERC.pkl
2026-07-31T10:32:41.353161Z INFO  main   Writing C:\Users\lwilker\Documents\GitHub\SWERVE-data\data_processed\2021-05-12\sites\10332\data\_all.pkl
2026-07-31T10:32:41.357263Z INFO  main Computing stats for '10332' data
2026-07-31T10:32:41.361286Z INFO  main   Uniq dts [ns] = [3600000000000]
2026-07-31T10:32:41.361286Z INFO  main   Uniq dts [#]  = 1
2026-07-31T10:32:41.361286Z INFO  main   Stats for GIC/measured/NERC:
2026-07-31T10:32:41.363306Z INFO  main 
    std: : [0.12008818435917959]
    ave: : [-1.0069565217391305]
    min: : [-1.48]
    max: : [-0.68]
    n: 1321
    n_valid: : [23]
    dt_original: : [3600000000000]
2026-07-31T10:32:41.365344Z INFO  main Plotting '10332' data
2026-07-31T10:32:41.375815Z INFO  main   Plotting '10332/GIC/measured/NERC' original vs. modified data
2026-07-31T10:32:42.707794Z INFO  main     Writing C:\Users\lwilker\Documents\GitHub\SWERVE-data\data_processed/2021-05-12/sites/10332/figures\original\GIC_measured_NERC.png
2026-07-31T10:32:44.569821Z INFO  main     Writing C:\Users\lwilker\Documents\GitHub\SWERVE-data\data_processed/2021-05-12/sites/10332/figures\original\GIC_measured_NERC.pdf
2026-07-31T10:32:45.100263Z INFO  main Reading '10333' data
2026-07-31T10:32:45.121212Z INFO  main   Reading 'GIC/measured/NERC' data
2026-07-31T10:32:45.133992Z INFO  main     Reading C:\Users\lwilker\Documents\GitHub\SWERVE-data\data_original\nerc\2021-05-12\gic\2021E01_10333.csv
2026-07-31T10:32:45.177018Z INFO  main     Running automated error checks on GIC measured data
2026-07-31T10:32:45.203706Z INFO  main     
Resample to 1m aves and NaN pad or trim to start/stop.
2026-07-31T10:32:45.226447Z INFO  main     Writing C:\Users\lwilker\Documents\GitHub\SWERVE-data\data_processed\2021-05-12\sites\10333\data\GIC_measured_NERC.pkl
2026-07-31T10:32:45.243832Z INFO  main   Writing C:\Users\lwilker\Documents\GitHub\SWERVE-data\data_processed\2021-05-12\sites\10333\data\_all.pkl
2026-07-31T10:32:45.248017Z INFO  main Computing stats for '10333' data
2026-07-31T10:32:45.250821Z INFO  main   Uniq dts [ns] = [3600000000000]
2026-07-31T10:32:45.252334Z INFO  main   Uniq dts [#]  = 1
2026-07-31T10:32:45.252334Z INFO  main   Stats for GIC/measured/NERC:
2026-07-31T10:32:45.252334Z INFO  main 
    std: : [0.0061179335997696895]
    ave: : [0.0013043478260869564]
    min: : [0.0]
    max: : [0.03]
    n: 1321
    n_valid: : [23]
    dt_original: : [3600000000000]
2026-07-31T10:32:45.256734Z INFO  main Plotting '10333' data
2026-07-31T10:32:45.268461Z INFO  main   Plotting '10333/GIC/measured/NERC' original vs. modified data
2026-07-31T10:32:47.042109Z INFO  main     Writing C:\Users\lwilker\Documents\GitHub\SWERVE-data\data_processed/2021-05-12/sites/10333/figures\original\GIC_measured_NERC.png
2026-07-31T10:32:48.776449Z INFO  main     Writing C:\Users\lwilker\Documents\GitHub\SWERVE-data\data_processed/2021-05-12/sites/10333/figures\original\GIC_measured_NERC.pdf
2026-07-31T10:32:49.336979Z INFO  main Reading '10334' data
2026-07-31T10:32:49.357354Z INFO  main   Reading 'GIC/measured/NERC' data
2026-07-31T10:32:49.365317Z INFO  main     Reading C:\Users\lwilker\Documents\GitHub\SWERVE-data\data_original\nerc\2021-05-12\gic\2021E01_10334.csv
2026-07-31T10:32:49.409519Z INFO  main     Running automated error checks on GIC measured data
2026-07-31T10:32:49.435762Z INFO  main     
Resample to 1m aves and NaN pad or trim to start/stop.
2026-07-31T10:32:49.459644Z INFO  main     Writing C:\Users\lwilker\Documents\GitHub\SWERVE-data\data_processed\2021-05-12\sites\10334\data\GIC_measured_NERC.pkl
2026-07-31T10:32:49.475411Z INFO  main   Writing C:\Users\lwilker\Documents\GitHub\SWERVE-data\data_processed\2021-05-12\sites\10334\data\_all.pkl
2026-07-31T10:32:49.479719Z INFO  main Computing stats for '10334' data
2026-07-31T10:32:49.482489Z INFO  main   Uniq dts [ns] = [3600000000000]
2026-07-31T10:32:49.482489Z INFO  main   Uniq dts [#]  = 1
2026-07-31T10:32:49.482489Z INFO  main   Stats for GIC/measured/NERC:
2026-07-31T10:32:49.485911Z INFO  main 
    std: : [0.19373456399270686]
    ave: : [1.0413043478260868]
    min: : [1.0]
    max: : [1.95]
    n: 1321
    n_valid: : [23]
    dt_original: : [3600000000000]
2026-07-31T10:32:49.487929Z INFO  main Plotting '10334' data
2026-07-31T10:32:49.494688Z INFO  main   Plotting '10334/GIC/measured/NERC' original vs. modified data
2026-07-31T10:32:51.024622Z INFO  main     Writing C:\Users\lwilker\Documents\GitHub\SWERVE-data\data_processed/2021-05-12/sites/10334/figures\original\GIC_measured_NERC.png
2026-07-31T10:32:52.773095Z INFO  main     Writing C:\Users\lwilker\Documents\GitHub\SWERVE-data\data_processed/2021-05-12/sites/10334/figures\original\GIC_measured_NERC.pdf
2026-07-31T10:32:53.320924Z INFO  main Reading '10335' data
2026-07-31T10:32:53.345739Z INFO  main   Reading 'GIC/measured/NERC' data
2026-07-31T10:32:53.354936Z INFO  main     Reading C:\Users\lwilker\Documents\GitHub\SWERVE-data\data_original\nerc\2021-05-12\gic\2021E01_10335.csv
2026-07-31T10:32:53.402660Z INFO  main     Running automated error checks on GIC measured data
2026-07-31T10:32:53.433353Z INFO  main     
Resample to 1m aves and NaN pad or trim to start/stop.
2026-07-31T10:32:53.458985Z INFO  main     Writing C:\Users\lwilker\Documents\GitHub\SWERVE-data\data_processed\2021-05-12\sites\10335\data\GIC_measured_NERC.pkl
2026-07-31T10:32:53.481446Z INFO  main   Writing C:\Users\lwilker\Documents\GitHub\SWERVE-data\data_processed\2021-05-12\sites\10335\data\_all.pkl
2026-07-31T10:32:53.484904Z INFO  main Computing stats for '10335' data
2026-07-31T10:32:53.489742Z INFO  main   Uniq dts [ns] = [3600000000000]
2026-07-31T10:32:53.489742Z INFO  main   Uniq dts [#]  = 1
2026-07-31T10:32:53.491760Z INFO  main   Stats for GIC/measured/NERC:
2026-07-31T10:32:53.493781Z INFO  main 
    std: : [0.3374176368029817]
    ave: : [-0.15434782608695652]
    min: : [-1.0]
    max: : [0.27]
    n: 1321
    n_valid: : [23]
    dt_original: : [3600000000000]
2026-07-31T10:32:53.496850Z INFO  main Plotting '10335' data
2026-07-31T10:32:53.506786Z INFO  main   Plotting '10335/GIC/measured/NERC' original vs. modified data
2026-07-31T10:32:54.824600Z INFO  main     Writing C:\Users\lwilker\Documents\GitHub\SWERVE-data\data_processed/2021-05-12/sites/10335/figures\original\GIC_measured_NERC.png
2026-07-31T10:32:56.651960Z INFO  main     Writing C:\Users\lwilker\Documents\GitHub\SWERVE-data\data_processed/2021-05-12/sites/10335/figures\original\GIC_measured_NERC.pdf
2026-07-31T10:32:57.199872Z INFO  main Reading '10346' data
2026-07-31T10:32:57.223346Z INFO  main   Reading 'GIC/measured/NERC' data
2026-07-31T10:32:57.234432Z INFO  main     Reading C:\Users\lwilker\Documents\GitHub\SWERVE-data\data_original\nerc\2021-05-12\gic\2021E01_10346.csv
2026-07-31T10:32:57.280622Z INFO  main     Running automated error checks on GIC measured data
2026-07-31T10:32:57.305531Z INFO  main     
Resample to 1m aves and NaN pad or trim to start/stop.
2026-07-31T10:32:57.334457Z INFO  main     Writing C:\Users\lwilker\Documents\GitHub\SWERVE-data\data_processed\2021-05-12\sites\10346\data\GIC_measured_NERC.pkl
2026-07-31T10:32:57.349731Z INFO  main   Writing C:\Users\lwilker\Documents\GitHub\SWERVE-data\data_processed\2021-05-12\sites\10346\data\_all.pkl
2026-07-31T10:32:57.358008Z INFO  main Computing stats for '10346' data
2026-07-31T10:32:57.359783Z INFO  main   Uniq dts [ns] = [3600000000000]
2026-07-31T10:32:57.359783Z INFO  main   Uniq dts [#]  = 1
2026-07-31T10:32:57.359783Z INFO  main   Stats for GIC/measured/NERC:
2026-07-31T10:32:57.363180Z INFO  main 
    std: : [0.46831435647856445]
    ave: : [0.5034782608695652]
    min: : [0.0]
    max: : [1.0]
    n: 1321
    n_valid: : [23]
    dt_original: : [3600000000000]
2026-07-31T10:32:57.363180Z INFO  main Plotting '10346' data
2026-07-31T10:32:57.375973Z INFO  main   Plotting '10346/GIC/measured/NERC' original vs. modified data
2026-07-31T10:32:58.789963Z INFO  main     Writing C:\Users\lwilker\Documents\GitHub\SWERVE-data\data_processed/2021-05-12/sites/10346/figures\original\GIC_measured_NERC.png
2026-07-31T10:33:00.504275Z INFO  main     Writing C:\Users\lwilker\Documents\GitHub\SWERVE-data\data_processed/2021-05-12/sites/10346/figures\original\GIC_measured_NERC.pdf
2026-07-31T10:33:01.093544Z INFO  main Reading '10359' data
2026-07-31T10:33:01.118986Z INFO  main   Reading 'GIC/measured/NERC' data
2026-07-31T10:33:01.127189Z INFO  main     Reading C:\Users\lwilker\Documents\GitHub\SWERVE-data\data_original\nerc\2021-05-12\gic\2021E01_10359.csv
2026-07-31T10:33:05.585681Z INFO  main     Running automated error checks on GIC measured data
2026-07-31T10:33:30.042928Z INFO  main     
Resample to 1m aves and NaN pad or trim to start/stop.
2026-07-31T10:33:30.650115Z INFO  main     Writing C:\Users\lwilker\Documents\GitHub\SWERVE-data\data_processed\2021-05-12\sites\10359\data\GIC_measured_NERC.pkl
2026-07-31T10:33:31.373732Z INFO  main   Writing C:\Users\lwilker\Documents\GitHub\SWERVE-data\data_processed\2021-05-12\sites\10359\data\_all.pkl
2026-07-31T10:33:31.824129Z INFO  main Computing stats for '10359' data
2026-07-31T10:33:32.375985Z INFO  main   Uniq dts [ns] = [1000000000]
2026-07-31T10:33:32.375985Z INFO  main   Uniq dts [#]  = 1
2026-07-31T10:33:32.377910Z INFO  main   Stats for GIC/measured/NERC:
2026-07-31T10:33:32.379199Z INFO  main 
    std: : [0.1352665274504294]
    ave: : [0.05919505425182943]
    min: : [-0.78]
    max: : [0.39]
    n: 1321
    n_valid: : [1321]
    dt_original: : [1000000000]
2026-07-31T10:33:32.382256Z INFO  main Plotting '10359' data
2026-07-31T10:33:32.391859Z INFO  main   Plotting '10359/GIC/measured/NERC' original vs. modified data
2026-07-31T10:33:35.079257Z INFO  main     Writing C:\Users\lwilker\Documents\GitHub\SWERVE-data\data_processed/2021-05-12/sites/10359/figures\original\GIC_measured_NERC.png
2026-07-31T10:33:36.729149Z INFO  main     Writing C:\Users\lwilker\Documents\GitHub\SWERVE-data\data_processed/2021-05-12/sites/10359/figures\original\GIC_measured_NERC.pdf
2026-07-31T10:33:37.280892Z INFO  main Reading '10360' data
2026-07-31T10:33:37.305754Z INFO  main   Reading 'GIC/measured/NERC' data
2026-07-31T10:33:37.317957Z INFO  main     Reading C:\Users\lwilker\Documents\GitHub\SWERVE-data\data_original\nerc\2021-05-12\gic\2021E01_10360.csv
2026-07-31T10:33:37.763613Z INFO  main     Running automated error checks on GIC measured data
2026-07-31T10:33:40.261931Z INFO  main     
Resample to 1m aves and NaN pad or trim to start/stop.
2026-07-31T10:33:40.346067Z INFO  main     Writing C:\Users\lwilker\Documents\GitHub\SWERVE-data\data_processed\2021-05-12\sites\10360\data\GIC_measured_NERC.pkl
2026-07-31T10:33:40.400850Z INFO  main   Writing C:\Users\lwilker\Documents\GitHub\SWERVE-data\data_processed\2021-05-12\sites\10360\data\_all.pkl
2026-07-31T10:33:40.444858Z INFO  main Computing stats for '10360' data
2026-07-31T10:33:40.501568Z INFO  main   Uniq dts [ns] = [10000000000]
2026-07-31T10:33:40.501568Z INFO  main   Uniq dts [#]  = 1
2026-07-31T10:33:40.503547Z INFO  main   Stats for GIC/measured/NERC:
2026-07-31T10:33:40.503547Z INFO  main 
    std: : [0.4748954291655801]
    ave: : [-1.153785011355034]
    min: : [-2.1]
    max: : [-0.5]
    n: 1321
    n_valid: : [1321]
    dt_original: : [10000000000]
2026-07-31T10:33:40.508049Z INFO  main Plotting '10360' data
2026-07-31T10:33:40.518033Z INFO  main   Plotting '10360/GIC/measured/NERC' original vs. modified data
2026-07-31T10:33:42.043749Z INFO  main     Writing C:\Users\lwilker\Documents\GitHub\SWERVE-data\data_processed/2021-05-12/sites/10360/figures\original\GIC_measured_NERC.png
2026-07-31T10:33:43.761253Z INFO  main     Writing C:\Users\lwilker\Documents\GitHub\SWERVE-data\data_processed/2021-05-12/sites/10360/figures\original\GIC_measured_NERC.pdf
2026-07-31T10:33:44.244237Z INFO  main Reading '10361' data
2026-07-31T10:33:44.263861Z INFO  main   Reading 'GIC/measured/NERC' data
2026-07-31T10:33:44.274407Z INFO  main     Reading C:\Users\lwilker\Documents\GitHub\SWERVE-data\data_original\nerc\2021-05-12\gic\2021E01_10361.csv
2026-07-31T10:33:44.678997Z INFO  main     Running automated error checks on GIC measured data
2026-07-31T10:33:46.970228Z INFO  main     Baseline offset of 4.00 A corrected. 
Resample to 1m aves and NaN pad or trim to start/stop.
2026-07-31T10:33:47.051169Z INFO  main     Writing C:\Users\lwilker\Documents\GitHub\SWERVE-data\data_processed\2021-05-12\sites\10361\data\GIC_measured_NERC.pkl
2026-07-31T10:33:47.102019Z INFO  main   Writing C:\Users\lwilker\Documents\GitHub\SWERVE-data\data_processed\2021-05-12\sites\10361\data\_all.pkl
2026-07-31T10:33:47.142821Z INFO  main Computing stats for '10361' data
2026-07-31T10:33:47.193322Z INFO  main   Uniq dts [ns] = [10000000000]
2026-07-31T10:33:47.193322Z INFO  main   Uniq dts [#]  = 1
2026-07-31T10:33:47.193322Z INFO  main   Stats for GIC/measured/NERC:
2026-07-31T10:33:47.195322Z INFO  main 
    std: : [0.5653411030479178]
    ave: : [-0.21953065859197576]
    min: : [-1.3999999999999997]
    max: : [0.7166666666666668]
    n: 1321
    n_valid: : [1321]
    dt_original: : [10000000000]
2026-07-31T10:33:47.197310Z INFO  main Plotting '10361' data
2026-07-31T10:33:47.207359Z INFO  main   Plotting '10361/GIC/measured/NERC' original vs. modified data
2026-07-31T10:33:48.586626Z INFO  main     Writing C:\Users\lwilker\Documents\GitHub\SWERVE-data\data_processed/2021-05-12/sites/10361/figures\original\GIC_measured_NERC.png
2026-07-31T10:33:50.173249Z INFO  main     Writing C:\Users\lwilker\Documents\GitHub\SWERVE-data\data_processed/2021-05-12/sites/10361/figures\original\GIC_measured_NERC.pdf
2026-07-31T10:33:50.673791Z INFO  main Reading '10362' data
2026-07-31T10:33:50.702163Z INFO  main   Reading 'GIC/measured/NERC' data
2026-07-31T10:33:50.714209Z INFO  main     Reading C:\Users\lwilker\Documents\GitHub\SWERVE-data\data_original\nerc\2021-05-12\gic\2021E01_10362.csv
2026-07-31T10:33:51.559835Z INFO  main     Running automated error checks on GIC measured data
2026-07-31T10:33:54.147061Z INFO  main     Baseline offset of 6.00 A corrected. 
Resample to 1m aves and NaN pad or trim to start/stop.
2026-07-31T10:33:54.234667Z INFO  main     Writing C:\Users\lwilker\Documents\GitHub\SWERVE-data\data_processed\2021-05-12\sites\10362\data\GIC_measured_NERC.pkl
2026-07-31T10:33:54.293040Z INFO  main   Writing C:\Users\lwilker\Documents\GitHub\SWERVE-data\data_processed\2021-05-12\sites\10362\data\_all.pkl
2026-07-31T10:33:54.335064Z INFO  main Computing stats for '10362' data
2026-07-31T10:33:54.389654Z INFO  main   Uniq dts [ns] = [10000000000]
2026-07-31T10:33:54.391197Z INFO  main   Uniq dts [#]  = 1
2026-07-31T10:33:54.391197Z INFO  main   Stats for GIC/measured/NERC:
2026-07-31T10:33:54.391197Z INFO  main 
    std: : [0.7058477475723495]
    ave: : [0.17476659096643948]
    min: : [-4.2]
    max: : [4.3999999999999995]
    n: 1321
    n_valid: : [1321]
    dt_original: : [10000000000]
2026-07-31T10:33:54.395246Z INFO  main Plotting '10362' data
2026-07-31T10:33:54.403243Z INFO  main   Plotting '10362/GIC/measured/NERC' original vs. modified data
2026-07-31T10:33:55.727970Z INFO  main     Writing C:\Users\lwilker\Documents\GitHub\SWERVE-data\data_processed/2021-05-12/sites/10362/figures\original\GIC_measured_NERC.png
2026-07-31T10:33:57.732607Z INFO  main     Writing C:\Users\lwilker\Documents\GitHub\SWERVE-data\data_processed/2021-05-12/sites/10362/figures\original\GIC_measured_NERC.pdf
2026-07-31T10:33:58.188156Z INFO  main Reading '10363' data
2026-07-31T10:33:58.210559Z INFO  main   Reading 'GIC/measured/NERC' data
2026-07-31T10:33:58.220605Z INFO  main     Reading C:\Users\lwilker\Documents\GitHub\SWERVE-data\data_original\nerc\2021-05-12\gic\2021E01_10363.csv
2026-07-31T10:33:58.657802Z INFO  main     Running automated error checks on GIC measured data
2026-07-31T10:34:01.148749Z INFO  main     
Resample to 1m aves and NaN pad or trim to start/stop.
2026-07-31T10:34:01.243735Z INFO  main     Writing C:\Users\lwilker\Documents\GitHub\SWERVE-data\data_processed\2021-05-12\sites\10363\data\GIC_measured_NERC.pkl
2026-07-31T10:34:01.313744Z INFO  main   Writing C:\Users\lwilker\Documents\GitHub\SWERVE-data\data_processed\2021-05-12\sites\10363\data\_all.pkl
2026-07-31T10:34:01.363890Z INFO  main Computing stats for '10363' data
2026-07-31T10:34:01.423637Z INFO  main   Uniq dts [ns] = [10000000000]
2026-07-31T10:34:01.423637Z INFO  main   Uniq dts [#]  = 1
2026-07-31T10:34:01.423637Z INFO  main   Stats for GIC/measured/NERC:
2026-07-31T10:34:01.425665Z INFO  main 
    std: : [1.7671628197718157]
    ave: : [-0.9581503911178401]
    min: : [-6.666666666666667]
    max: : [1.0]
    n: 1321
    n_valid: : [1321]
    dt_original: : [10000000000]
2026-07-31T10:34:01.427705Z INFO  main Plotting '10363' data
2026-07-31T10:34:01.440252Z INFO  main   Plotting '10363/GIC/measured/NERC' original vs. modified data
2026-07-31T10:34:03.281920Z INFO  main     Writing C:\Users\lwilker\Documents\GitHub\SWERVE-data\data_processed/2021-05-12/sites/10363/figures\original\GIC_measured_NERC.png
2026-07-31T10:34:05.280866Z INFO  main     Writing C:\Users\lwilker\Documents\GitHub\SWERVE-data\data_processed/2021-05-12/sites/10363/figures\original\GIC_measured_NERC.pdf
2026-07-31T10:34:05.989926Z INFO  main Reading '10364' data
2026-07-31T10:34:06.014490Z INFO  main   Reading 'GIC/measured/NERC' data
2026-07-31T10:34:06.024488Z INFO  main     Reading C:\Users\lwilker\Documents\GitHub\SWERVE-data\data_original\nerc\2021-05-12\gic\2021E01_10364.csv
2026-07-31T10:34:06.426472Z INFO  main     Running automated error checks on GIC measured data
2026-07-31T10:34:08.806885Z INFO  main     
Resample to 1m aves and NaN pad or trim to start/stop.
2026-07-31T10:34:08.894964Z INFO  main     Writing C:\Users\lwilker\Documents\GitHub\SWERVE-data\data_processed\2021-05-12\sites\10364\data\GIC_measured_NERC.pkl
2026-07-31T10:34:08.960455Z INFO  main   Writing C:\Users\lwilker\Documents\GitHub\SWERVE-data\data_processed\2021-05-12\sites\10364\data\_all.pkl
2026-07-31T10:34:09.008232Z INFO  main Computing stats for '10364' data
2026-07-31T10:34:09.072080Z INFO  main   Uniq dts [ns] = [10000000000]
2026-07-31T10:34:09.073078Z INFO  main   Uniq dts [#]  = 1
2026-07-31T10:34:09.073078Z INFO  main   Stats for GIC/measured/NERC:
2026-07-31T10:34:09.074081Z INFO  main 
    std: : [1.0345985257538843]
    ave: : [-0.3082639414584911]
    min: : [-4.633333333333333]
    max: : [1.1]
    n: 1321
    n_valid: : [1321]
    dt_original: : [10000000000]
2026-07-31T10:34:09.076080Z INFO  main Plotting '10364' data
2026-07-31T10:34:09.085783Z INFO  main   Plotting '10364/GIC/measured/NERC' original vs. modified data
2026-07-31T10:34:10.704182Z INFO  main     Writing C:\Users\lwilker\Documents\GitHub\SWERVE-data\data_processed/2021-05-12/sites/10364/figures\original\GIC_measured_NERC.png
2026-07-31T10:34:12.684979Z INFO  main     Writing C:\Users\lwilker\Documents\GitHub\SWERVE-data\data_processed/2021-05-12/sites/10364/figures\original\GIC_measured_NERC.pdf
2026-07-31T10:34:13.194280Z INFO  main Reading '10399' data
2026-07-31T10:34:13.215994Z INFO  main   Reading 'GIC/measured/NERC' data
2026-07-31T10:34:13.224571Z INFO  main     Reading C:\Users\lwilker\Documents\GitHub\SWERVE-data\data_original\nerc\2021-05-12\gic\2021E01_10399.csv
2026-07-31T10:34:13.664103Z INFO  main     Running automated error checks on GIC measured data
2026-07-31T10:34:16.446549Z INFO  main     
Resample to 1m aves and NaN pad or trim to start/stop.
2026-07-31T10:34:16.539616Z INFO  main     Writing C:\Users\lwilker\Documents\GitHub\SWERVE-data\data_processed\2021-05-12\sites\10399\data\GIC_measured_NERC.pkl
2026-07-31T10:34:16.601550Z INFO  main   Writing C:\Users\lwilker\Documents\GitHub\SWERVE-data\data_processed\2021-05-12\sites\10399\data\_all.pkl
2026-07-31T10:34:16.648758Z INFO  main Computing stats for '10399' data
2026-07-31T10:34:16.703022Z INFO  main   Uniq dts [ns] = [10000000000]
2026-07-31T10:34:16.704023Z INFO  main   Uniq dts [#]  = 1
2026-07-31T10:34:16.705022Z INFO  main   Stats for GIC/measured/NERC:
2026-07-31T10:34:16.705022Z INFO  main 
    std: : [0.5091792755552138]
    ave: : [0.14492808478425437]
    min: : [-1.6166666666666665]
    max: : [2.8499999999999996]
    n: 1321
    n_valid: : [1321]
    dt_original: : [10000000000]
2026-07-31T10:34:16.708616Z INFO  main Plotting '10399' data
2026-07-31T10:34:16.720608Z INFO  main   Plotting '10399/GIC/measured/NERC' original vs. modified data
2026-07-31T10:34:18.202201Z INFO  main     Writing C:\Users\lwilker\Documents\GitHub\SWERVE-data\data_processed/2021-05-12/sites/10399/figures\original\GIC_measured_NERC.png
2026-07-31T10:34:19.970475Z INFO  main     Writing C:\Users\lwilker\Documents\GitHub\SWERVE-data\data_processed/2021-05-12/sites/10399/figures\original\GIC_measured_NERC.pdf
2026-07-31T10:34:20.496473Z INFO  main Reading '10400' data
2026-07-31T10:34:20.517109Z INFO  main   Reading 'GIC/measured/NERC' data
2026-07-31T10:34:20.526663Z INFO  main     Reading C:\Users\lwilker\Documents\GitHub\SWERVE-data\data_original\nerc\2021-05-12\gic\2021E01_10400.csv
2026-07-31T10:34:20.968329Z INFO  main     Running automated error checks on GIC measured data
2026-07-31T10:34:23.487450Z INFO  main     
Resample to 1m aves and NaN pad or trim to start/stop.
2026-07-31T10:34:23.575793Z INFO  main     Writing C:\Users\lwilker\Documents\GitHub\SWERVE-data\data_processed\2021-05-12\sites\10400\data\GIC_measured_NERC.pkl
2026-07-31T10:34:23.628991Z INFO  main   Writing C:\Users\lwilker\Documents\GitHub\SWERVE-data\data_processed\2021-05-12\sites\10400\data\_all.pkl
2026-07-31T10:34:23.673567Z INFO  main Computing stats for '10400' data
2026-07-31T10:34:23.728684Z INFO  main   Uniq dts [ns] = [10000000000]
2026-07-31T10:34:23.729689Z INFO  main   Uniq dts [#]  = 1
2026-07-31T10:34:23.729689Z INFO  main   Stats for GIC/measured/NERC:
2026-07-31T10:34:23.731215Z INFO  main 
    std: : [0.4944497178759413]
    ave: : [0.11863487257128438]
    min: : [-1.8]
    max: : [2.533333333333333]
    n: 1321
    n_valid: : [1321]
    dt_original: : [10000000000]
2026-07-31T10:34:23.734241Z INFO  main Plotting '10400' data
2026-07-31T10:34:23.747244Z INFO  main   Plotting '10400/GIC/measured/NERC' original vs. modified data
2026-07-31T10:34:25.468587Z INFO  main     Writing C:\Users\lwilker\Documents\GitHub\SWERVE-data\data_processed/2021-05-12/sites/10400/figures\original\GIC_measured_NERC.png
2026-07-31T10:34:27.265502Z INFO  main     Writing C:\Users\lwilker\Documents\GitHub\SWERVE-data\data_processed/2021-05-12/sites/10400/figures\original\GIC_measured_NERC.pdf
2026-07-31T10:34:27.806512Z INFO  main Reading '10401' data
2026-07-31T10:34:27.838233Z INFO  main   Reading 'GIC/measured/NERC' data
2026-07-31T10:34:27.853841Z INFO  main     Reading C:\Users\lwilker\Documents\GitHub\SWERVE-data\data_original\nerc\2021-05-12\gic\2021E01_10401.csv
2026-07-31T10:34:28.347354Z INFO  main     Running automated error checks on GIC measured data
2026-07-31T10:34:30.949789Z INFO  main     
Resample to 1m aves and NaN pad or trim to start/stop.
2026-07-31T10:34:31.022600Z INFO  main     Writing C:\Users\lwilker\Documents\GitHub\SWERVE-data\data_processed\2021-05-12\sites\10401\data\GIC_measured_NERC.pkl
2026-07-31T10:34:31.069094Z INFO  main   Writing C:\Users\lwilker\Documents\GitHub\SWERVE-data\data_processed\2021-05-12\sites\10401\data\_all.pkl
2026-07-31T10:34:31.114278Z INFO  main Computing stats for '10401' data
2026-07-31T10:34:31.166202Z INFO  main   Uniq dts [ns] = [10000000000]
2026-07-31T10:34:31.166202Z INFO  main   Uniq dts [#]  = 1
2026-07-31T10:34:31.166202Z INFO  main   Stats for GIC/measured/NERC:
2026-07-31T10:34:31.168213Z INFO  main 
    std: : [0.49393605241926625]
    ave: : [0.48012869038607114]
    min: : [-1.1500000000000001]
    max: : [3.6333333333333333]
    n: 1321
    n_valid: : [1321]
    dt_original: : [10000000000]
2026-07-31T10:34:31.169245Z INFO  main Plotting '10401' data
2026-07-31T10:34:31.183917Z INFO  main   Plotting '10401/GIC/measured/NERC' original vs. modified data
2026-07-31T10:34:32.735823Z INFO  main     Writing C:\Users\lwilker\Documents\GitHub\SWERVE-data\data_processed/2021-05-12/sites/10401/figures\original\GIC_measured_NERC.png
2026-07-31T10:34:34.547636Z INFO  main     Writing C:\Users\lwilker\Documents\GitHub\SWERVE-data\data_processed/2021-05-12/sites/10401/figures\original\GIC_measured_NERC.pdf
2026-07-31T10:34:35.068157Z INFO  main Reading '10402' data
2026-07-31T10:34:35.093059Z INFO  main   Reading 'GIC/measured/NERC' data
2026-07-31T10:34:35.101251Z INFO  main     Reading C:\Users\lwilker\Documents\GitHub\SWERVE-data\data_original\nerc\2021-05-12\gic\2021E01_10402.csv
2026-07-31T10:34:35.512266Z INFO  main     Running automated error checks on GIC measured data
2026-07-31T10:34:38.090267Z INFO  main     
Resample to 1m aves and NaN pad or trim to start/stop.
2026-07-31T10:34:38.177172Z INFO  main     Writing C:\Users\lwilker\Documents\GitHub\SWERVE-data\data_processed\2021-05-12\sites\10402\data\GIC_measured_NERC.pkl
2026-07-31T10:34:38.502834Z INFO  main   Writing C:\Users\lwilker\Documents\GitHub\SWERVE-data\data_processed\2021-05-12\sites\10402\data\_all.pkl
2026-07-31T10:34:38.553949Z INFO  main Computing stats for '10402' data
2026-07-31T10:34:38.608560Z INFO  main   Uniq dts [ns] = [10000000000]
2026-07-31T10:34:38.608560Z INFO  main   Uniq dts [#]  = 1
2026-07-31T10:34:38.608560Z INFO  main   Stats for GIC/measured/NERC:
2026-07-31T10:34:38.608560Z INFO  main 
    std: : [0.3353841139844764]
    ave: : [-0.6086424425939945]
    min: : [-1.5666666666666667]
    max: : [2.733333333333333]
    n: 1321
    n_valid: : [1321]
    dt_original: : [10000000000]
2026-07-31T10:34:38.611549Z INFO  main Plotting '10402' data
2026-07-31T10:34:38.622226Z INFO  main   Plotting '10402/GIC/measured/NERC' original vs. modified data
2026-07-31T10:34:40.257031Z INFO  main     Writing C:\Users\lwilker\Documents\GitHub\SWERVE-data\data_processed/2021-05-12/sites/10402/figures\original\GIC_measured_NERC.png
2026-07-31T10:34:42.128353Z INFO  main     Writing C:\Users\lwilker\Documents\GitHub\SWERVE-data\data_processed/2021-05-12/sites/10402/figures\original\GIC_measured_NERC.pdf
2026-07-31T10:34:42.771220Z INFO  main Reading '10403' data
2026-07-31T10:34:42.791915Z INFO  main   Reading 'GIC/measured/NERC' data
2026-07-31T10:34:42.804362Z INFO  main     Reading C:\Users\lwilker\Documents\GitHub\SWERVE-data\data_original\nerc\2021-05-12\gic\2021E01_10403.csv
2026-07-31T10:34:43.250756Z INFO  main     Running automated error checks on GIC measured data
2026-07-31T10:34:45.957526Z INFO  main     
Resample to 1m aves and NaN pad or trim to start/stop.
2026-07-31T10:34:46.045862Z INFO  main     Writing C:\Users\lwilker\Documents\GitHub\SWERVE-data\data_processed\2021-05-12\sites\10403\data\GIC_measured_NERC.pkl
2026-07-31T10:34:46.130667Z INFO  main   Writing C:\Users\lwilker\Documents\GitHub\SWERVE-data\data_processed\2021-05-12\sites\10403\data\_all.pkl
2026-07-31T10:34:46.176654Z INFO  main Computing stats for '10403' data
2026-07-31T10:34:46.230137Z INFO  main   Uniq dts [ns] = [10000000000]
2026-07-31T10:34:46.234571Z INFO  main   Uniq dts [#]  = 1
2026-07-31T10:34:46.235083Z INFO  main   Stats for GIC/measured/NERC:
2026-07-31T10:34:46.236149Z INFO  main 
    std: : [0.4798818296951214]
    ave: : [0.13673984355286398]
    min: : [-1.9000000000000001]
    max: : [2.3333333333333335]
    n: 1321
    n_valid: : [1321]
    dt_original: : [10000000000]
2026-07-31T10:34:46.236149Z INFO  main Plotting '10403' data
2026-07-31T10:34:46.249072Z INFO  main   Plotting '10403/GIC/measured/NERC' original vs. modified data
2026-07-31T10:34:50.151898Z INFO  main     Writing C:\Users\lwilker\Documents\GitHub\SWERVE-data\data_processed/2021-05-12/sites/10403/figures\original\GIC_measured_NERC.png
2026-07-31T10:34:56.306729Z INFO  main     Writing C:\Users\lwilker\Documents\GitHub\SWERVE-data\data_processed/2021-05-12/sites/10403/figures\original\GIC_measured_NERC.pdf
2026-07-31T10:34:56.874342Z INFO  main Reading '10404' data
2026-07-31T10:34:56.897064Z INFO  main   Reading 'GIC/measured/NERC' data
2026-07-31T10:34:56.905116Z INFO  main     Reading C:\Users\lwilker\Documents\GitHub\SWERVE-data\data_original\nerc\2021-05-12\gic\2021E01_10404.csv
2026-07-31T10:34:57.663214Z INFO  main     Running automated error checks on GIC measured data
2026-07-31T10:35:00.303575Z INFO  main     
Resample to 1m aves and NaN pad or trim to start/stop.
2026-07-31T10:35:00.388913Z INFO  main     Writing C:\Users\lwilker\Documents\GitHub\SWERVE-data\data_processed\2021-05-12\sites\10404\data\GIC_measured_NERC.pkl
2026-07-31T10:35:00.451345Z INFO  main   Writing C:\Users\lwilker\Documents\GitHub\SWERVE-data\data_processed\2021-05-12\sites\10404\data\_all.pkl
2026-07-31T10:35:00.511185Z INFO  main Computing stats for '10404' data
2026-07-31T10:35:00.567276Z INFO  main   Uniq dts [ns] = [10000000000]
2026-07-31T10:35:00.567276Z INFO  main   Uniq dts [#]  = 1
2026-07-31T10:35:00.567276Z INFO  main   Stats for GIC/measured/NERC:
2026-07-31T10:35:00.567276Z INFO  main 
    std: : [0.7955405669912878]
    ave: : [0.31896290688872064]
    min: : [-1.5833333333333333]
    max: : [6.566666666666666]
    n: 1321
    n_valid: : [1321]
    dt_original: : [10000000000]
2026-07-31T10:35:00.571735Z INFO  main Plotting '10404' data
2026-07-31T10:35:00.580191Z INFO  main   Plotting '10404/GIC/measured/NERC' original vs. modified data
2026-07-31T10:35:02.244796Z INFO  main     Writing C:\Users\lwilker\Documents\GitHub\SWERVE-data\data_processed/2021-05-12/sites/10404/figures\original\GIC_measured_NERC.png
2026-07-31T10:35:04.236943Z INFO  main     Writing C:\Users\lwilker\Documents\GitHub\SWERVE-data\data_processed/2021-05-12/sites/10404/figures\original\GIC_measured_NERC.pdf
2026-07-31T10:35:04.719552Z INFO  main Reading '10405' data
2026-07-31T10:35:04.741194Z INFO  main   Reading 'GIC/measured/NERC' data
2026-07-31T10:35:04.754175Z INFO  main     Reading C:\Users\lwilker\Documents\GitHub\SWERVE-data\data_original\nerc\2021-05-12\gic\2021E01_10405.csv
2026-07-31T10:35:05.216619Z INFO  main     Running automated error checks on GIC measured data
2026-07-31T10:35:07.814286Z INFO  main     
Resample to 1m aves and NaN pad or trim to start/stop.
2026-07-31T10:35:07.912235Z INFO  main     Writing C:\Users\lwilker\Documents\GitHub\SWERVE-data\data_processed\2021-05-12\sites\10405\data\GIC_measured_NERC.pkl
2026-07-31T10:35:07.971359Z INFO  main   Writing C:\Users\lwilker\Documents\GitHub\SWERVE-data\data_processed\2021-05-12\sites\10405\data\_all.pkl
2026-07-31T10:35:08.030083Z INFO  main Computing stats for '10405' data
2026-07-31T10:35:08.087389Z INFO  main   Uniq dts [ns] = [10000000000]
2026-07-31T10:35:08.087389Z INFO  main   Uniq dts [#]  = 1
2026-07-31T10:35:08.088940Z INFO  main   Stats for GIC/measured/NERC:
2026-07-31T10:35:08.088940Z INFO  main 
    std: : [0.5399695126671162]
    ave: : [-0.14256876103961644]
    min: : [-1.8166666666666667]
    max: : [4.133333333333333]
    n: 1321
    n_valid: : [1321]
    dt_original: : [10000000000]
2026-07-31T10:35:08.091748Z INFO  main Plotting '10405' data
2026-07-31T10:35:08.103875Z INFO  main   Plotting '10405/GIC/measured/NERC' original vs. modified data
2026-07-31T10:35:10.061179Z INFO  main     Writing C:\Users\lwilker\Documents\GitHub\SWERVE-data\data_processed/2021-05-12/sites/10405/figures\original\GIC_measured_NERC.png
2026-07-31T10:35:12.083232Z INFO  main     Writing C:\Users\lwilker\Documents\GitHub\SWERVE-data\data_processed/2021-05-12/sites/10405/figures\original\GIC_measured_NERC.pdf
2026-07-31T10:35:12.596761Z INFO  main Reading '10406' data
2026-07-31T10:35:12.617874Z INFO  main   Reading 'GIC/measured/NERC' data
2026-07-31T10:35:12.633698Z INFO  main     Reading C:\Users\lwilker\Documents\GitHub\SWERVE-data\data_original\nerc\2021-05-12\gic\2021E01_10406.csv
2026-07-31T10:35:13.080082Z INFO  main     Running automated error checks on GIC measured data
2026-07-31T10:35:15.829151Z INFO  main     
Resample to 1m aves and NaN pad or trim to start/stop.
2026-07-31T10:35:15.913653Z INFO  main     Writing C:\Users\lwilker\Documents\GitHub\SWERVE-data\data_processed\2021-05-12\sites\10406\data\GIC_measured_NERC.pkl
2026-07-31T10:35:15.991686Z INFO  main   Writing C:\Users\lwilker\Documents\GitHub\SWERVE-data\data_processed\2021-05-12\sites\10406\data\_all.pkl
2026-07-31T10:35:16.041576Z INFO  main Computing stats for '10406' data
2026-07-31T10:35:16.088008Z INFO  main   Uniq dts [ns] = [10000000000]
2026-07-31T10:35:16.088008Z INFO  main   Uniq dts [#]  = 1
2026-07-31T10:35:16.090024Z INFO  main   Stats for GIC/measured/NERC:
2026-07-31T10:35:16.090024Z INFO  main 
    std: : [0.7553037258868872]
    ave: : [0.33565480696442085]
    min: : [-1.55]
    max: : [6.283333333333334]
    n: 1321
    n_valid: : [1321]
    dt_original: : [10000000000]
2026-07-31T10:35:16.091036Z INFO  main Plotting '10406' data
2026-07-31T10:35:16.100555Z INFO  main   Plotting '10406/GIC/measured/NERC' original vs. modified data
2026-07-31T10:35:17.714021Z INFO  main     Writing C:\Users\lwilker\Documents\GitHub\SWERVE-data\data_processed/2021-05-12/sites/10406/figures\original\GIC_measured_NERC.png
2026-07-31T10:35:19.692509Z INFO  main     Writing C:\Users\lwilker\Documents\GitHub\SWERVE-data\data_processed/2021-05-12/sites/10406/figures\original\GIC_measured_NERC.pdf
2026-07-31T10:35:20.225060Z INFO  main Reading '10407' data
2026-07-31T10:35:20.247998Z INFO  main   Reading 'GIC/measured/NERC' data
2026-07-31T10:35:20.259520Z INFO  main     Reading C:\Users\lwilker\Documents\GitHub\SWERVE-data\data_original\nerc\2021-05-12\gic\2021E01_10407.csv
2026-07-31T10:35:20.694234Z INFO  main     Running automated error checks on GIC measured data
2026-07-31T10:35:23.599982Z INFO  main     
Resample to 1m aves and NaN pad or trim to start/stop.
2026-07-31T10:35:23.690963Z INFO  main     Writing C:\Users\lwilker\Documents\GitHub\SWERVE-data\data_processed\2021-05-12\sites\10407\data\GIC_measured_NERC.pkl
2026-07-31T10:35:23.745535Z INFO  main   Writing C:\Users\lwilker\Documents\GitHub\SWERVE-data\data_processed\2021-05-12\sites\10407\data\_all.pkl
2026-07-31T10:35:23.788995Z INFO  main Computing stats for '10407' data
2026-07-31T10:35:23.846226Z INFO  main   Uniq dts [ns] = [10000000000]
2026-07-31T10:35:23.846226Z INFO  main   Uniq dts [#]  = 1
2026-07-31T10:35:23.846226Z INFO  main   Stats for GIC/measured/NERC:
2026-07-31T10:35:23.846226Z INFO  main 
    std: : [0.6107152847698606]
    ave: : [0.2489906636386576]
    min: : [-2.1]
    max: : [5.1000000000000005]
    n: 1321
    n_valid: : [1321]
    dt_original: : [10000000000]
2026-07-31T10:35:23.849288Z INFO  main Plotting '10407' data
2026-07-31T10:35:23.861864Z INFO  main   Plotting '10407/GIC/measured/NERC' original vs. modified data
2026-07-31T10:35:25.244885Z INFO  main     Writing C:\Users\lwilker\Documents\GitHub\SWERVE-data\data_processed/2021-05-12/sites/10407/figures\original\GIC_measured_NERC.png
2026-07-31T10:35:27.259334Z INFO  main     Writing C:\Users\lwilker\Documents\GitHub\SWERVE-data\data_processed/2021-05-12/sites/10407/figures\original\GIC_measured_NERC.pdf
2026-07-31T10:35:27.775063Z INFO  main Reading '10408' data
2026-07-31T10:35:27.799666Z INFO  main   Reading 'GIC/measured/NERC' data
2026-07-31T10:35:27.811553Z INFO  main     Reading C:\Users\lwilker\Documents\GitHub\SWERVE-data\data_original\nerc\2021-05-12\gic\2021E01_10408.csv
2026-07-31T10:35:28.316455Z INFO  main     Running automated error checks on GIC measured data
2026-07-31T10:35:30.927773Z INFO  main     Baseline offset of 7.00 A corrected. 
Resample to 1m aves and NaN pad or trim to start/stop.
2026-07-31T10:35:31.017528Z INFO  main     Writing C:\Users\lwilker\Documents\GitHub\SWERVE-data\data_processed\2021-05-12\sites\10408\data\GIC_measured_NERC.pkl
2026-07-31T10:35:31.076955Z INFO  main   Writing C:\Users\lwilker\Documents\GitHub\SWERVE-data\data_processed\2021-05-12\sites\10408\data\_all.pkl
2026-07-31T10:35:31.116356Z INFO  main Computing stats for '10408' data
2026-07-31T10:35:31.173631Z INFO  main   Uniq dts [ns] = [10000000000]
2026-07-31T10:35:31.175648Z INFO  main   Uniq dts [#]  = 1
2026-07-31T10:35:31.175648Z INFO  main   Stats for GIC/measured/NERC:
2026-07-31T10:35:31.175648Z INFO  main 
    std: : [0.2770453292671665]
    ave: : [0.1586172091849609]
    min: : [0.0]
    max: : [1.0]
    n: 1321
    n_valid: : [1321]
    dt_original: : [10000000000]
2026-07-31T10:35:31.178761Z INFO  main Plotting '10408' data
2026-07-31T10:35:31.187979Z INFO  main   Plotting '10408/GIC/measured/NERC' original vs. modified data
2026-07-31T10:35:32.530240Z INFO  main     Writing C:\Users\lwilker\Documents\GitHub\SWERVE-data\data_processed/2021-05-12/sites/10408/figures\original\GIC_measured_NERC.png
2026-07-31T10:35:34.104303Z INFO  main     Writing C:\Users\lwilker\Documents\GitHub\SWERVE-data\data_processed/2021-05-12/sites/10408/figures\original\GIC_measured_NERC.pdf
2026-07-31T10:35:34.826821Z INFO  main Reading '10409' data
2026-07-31T10:35:34.909370Z INFO  main   Reading 'GIC/measured/NERC' data
2026-07-31T10:35:34.935328Z INFO  main     Reading C:\Users\lwilker\Documents\GitHub\SWERVE-data\data_original\nerc\2021-05-12\gic\2021E01_10409.csv
2026-07-31T10:35:36.118977Z INFO  main     Running automated error checks on GIC measured data
2026-07-31T10:35:38.594027Z INFO  main     
Resample to 1m aves and NaN pad or trim to start/stop.
2026-07-31T10:35:38.683042Z INFO  main     Writing C:\Users\lwilker\Documents\GitHub\SWERVE-data\data_processed\2021-05-12\sites\10409\data\GIC_measured_NERC.pkl
2026-07-31T10:35:38.744668Z INFO  main   Writing C:\Users\lwilker\Documents\GitHub\SWERVE-data\data_processed\2021-05-12\sites\10409\data\_all.pkl
2026-07-31T10:35:38.795094Z INFO  main Computing stats for '10409' data
2026-07-31T10:35:38.851444Z INFO  main   Uniq dts [ns] = [10000000000]
2026-07-31T10:35:38.852642Z INFO  main   Uniq dts [#]  = 1
2026-07-31T10:35:38.852642Z INFO  main   Stats for GIC/measured/NERC:
2026-07-31T10:35:38.852642Z INFO  main 
    std: : [0.3888437056273429]
    ave: : [-0.2833080999242998]
    min: : [-1.4000000000000001]
    max: : [3.0]
    n: 1321
    n_valid: : [1321]
    dt_original: : [10000000000]
2026-07-31T10:35:38.854949Z INFO  main Plotting '10409' data
2026-07-31T10:35:38.864816Z INFO  main   Plotting '10409/GIC/measured/NERC' original vs. modified data
2026-07-31T10:35:40.325838Z INFO  main     Writing C:\Users\lwilker\Documents\GitHub\SWERVE-data\data_processed/2021-05-12/sites/10409/figures\original\GIC_measured_NERC.png
2026-07-31T10:35:42.041571Z INFO  main     Writing C:\Users\lwilker\Documents\GitHub\SWERVE-data\data_processed/2021-05-12/sites/10409/figures\original\GIC_measured_NERC.pdf
2026-07-31T10:35:42.551318Z INFO  main Reading '10410' data
2026-07-31T10:35:42.572993Z INFO  main   Reading 'GIC/measured/NERC' data
2026-07-31T10:35:42.582553Z INFO  main     Reading C:\Users\lwilker\Documents\GitHub\SWERVE-data\data_original\nerc\2021-05-12\gic\2021E01_10410.csv
2026-07-31T10:35:42.990314Z INFO  main     Running automated error checks on GIC measured data
2026-07-31T10:35:45.406747Z INFO  main     
Resample to 1m aves and NaN pad or trim to start/stop.
2026-07-31T10:35:45.490888Z INFO  main     Writing C:\Users\lwilker\Documents\GitHub\SWERVE-data\data_processed\2021-05-12\sites\10410\data\GIC_measured_NERC.pkl
2026-07-31T10:35:45.537790Z INFO  main   Writing C:\Users\lwilker\Documents\GitHub\SWERVE-data\data_processed\2021-05-12\sites\10410\data\_all.pkl
2026-07-31T10:35:45.792171Z INFO  main Computing stats for '10410' data
2026-07-31T10:35:45.855403Z INFO  main   Uniq dts [ns] = [10000000000]
2026-07-31T10:35:45.856411Z INFO  main   Uniq dts [#]  = 1
2026-07-31T10:35:45.856411Z INFO  main   Stats for GIC/measured/NERC:
2026-07-31T10:35:45.858426Z INFO  main 
    std: : [0.38008016747785506]
    ave: : [-0.21413070905879386]
    min: : [-1.3666666666666665]
    max: : [2.9499999999999997]
    n: 1321
    n_valid: : [1321]
    dt_original: : [10000000000]
2026-07-31T10:35:45.861452Z INFO  main Plotting '10410' data
2026-07-31T10:35:45.872070Z INFO  main   Plotting '10410/GIC/measured/NERC' original vs. modified data
2026-07-31T10:35:47.428709Z INFO  main     Writing C:\Users\lwilker\Documents\GitHub\SWERVE-data\data_processed/2021-05-12/sites/10410/figures\original\GIC_measured_NERC.png
2026-07-31T10:35:49.170614Z INFO  main     Writing C:\Users\lwilker\Documents\GitHub\SWERVE-data\data_processed/2021-05-12/sites/10410/figures\original\GIC_measured_NERC.pdf
2026-07-31T10:35:49.698452Z INFO  main Reading '10411' data
2026-07-31T10:35:49.726793Z INFO  main   Reading 'GIC/measured/NERC' data
2026-07-31T10:35:49.750032Z INFO  main     Reading C:\Users\lwilker\Documents\GitHub\SWERVE-data\data_original\nerc\2021-05-12\gic\2021E01_10411.csv
2026-07-31T10:35:50.169917Z INFO  main     Running automated error checks on GIC measured data
2026-07-31T10:35:52.496767Z INFO  main     
Resample to 1m aves and NaN pad or trim to start/stop.
2026-07-31T10:35:52.580341Z INFO  main     Writing C:\Users\lwilker\Documents\GitHub\SWERVE-data\data_processed\2021-05-12\sites\10411\data\GIC_measured_NERC.pkl
2026-07-31T10:35:52.628528Z INFO  main   Writing C:\Users\lwilker\Documents\GitHub\SWERVE-data\data_processed\2021-05-12\sites\10411\data\_all.pkl
2026-07-31T10:35:52.670291Z INFO  main Computing stats for '10411' data
2026-07-31T10:35:52.720081Z INFO  main   Uniq dts [ns] = [10000000000]
2026-07-31T10:35:52.720081Z INFO  main   Uniq dts [#]  = 1
2026-07-31T10:35:52.720081Z INFO  main   Stats for GIC/measured/NERC:
2026-07-31T10:35:52.723116Z INFO  main 
    std: : [0.3807020926785583]
    ave: : [-0.7003154176129195]
    min: : [-1.8499999999999999]
    max: : [2.5]
    n: 1321
    n_valid: : [1321]
    dt_original: : [10000000000]
2026-07-31T10:35:52.726190Z INFO  main Plotting '10411' data
2026-07-31T10:35:52.736043Z INFO  main   Plotting '10411/GIC/measured/NERC' original vs. modified data
2026-07-31T10:35:54.369624Z INFO  main     Writing C:\Users\lwilker\Documents\GitHub\SWERVE-data\data_processed/2021-05-12/sites/10411/figures\original\GIC_measured_NERC.png
2026-07-31T10:35:56.158549Z INFO  main     Writing C:\Users\lwilker\Documents\GitHub\SWERVE-data\data_processed/2021-05-12/sites/10411/figures\original\GIC_measured_NERC.pdf
2026-07-31T10:35:56.726226Z INFO  main Reading '10412' data
2026-07-31T10:35:56.760427Z INFO  main   Reading 'GIC/measured/NERC' data
2026-07-31T10:35:56.772814Z INFO  main     Reading C:\Users\lwilker\Documents\GitHub\SWERVE-data\data_original\nerc\2021-05-12\gic\2021E01_10412.csv
2026-07-31T10:35:57.272274Z INFO  main     Running automated error checks on GIC measured data
2026-07-31T10:35:59.986066Z INFO  main     
Resample to 1m aves and NaN pad or trim to start/stop.
2026-07-31T10:36:00.074471Z INFO  main     Writing C:\Users\lwilker\Documents\GitHub\SWERVE-data\data_processed\2021-05-12\sites\10412\data\GIC_measured_NERC.pkl
2026-07-31T10:36:00.137726Z INFO  main   Writing C:\Users\lwilker\Documents\GitHub\SWERVE-data\data_processed\2021-05-12\sites\10412\data\_all.pkl
2026-07-31T10:36:00.183178Z INFO  main Computing stats for '10412' data
2026-07-31T10:36:00.240495Z INFO  main   Uniq dts [ns] = [10000000000]
2026-07-31T10:36:00.240495Z INFO  main   Uniq dts [#]  = 1
2026-07-31T10:36:00.240495Z INFO  main   Stats for GIC/measured/NERC:
2026-07-31T10:36:00.240495Z INFO  main 
    std: : [0.40440992234643874]
    ave: : [-0.010295230885692659]
    min: : [-1.1666666666666667]
    max: : [3.3333333333333335]
    n: 1321
    n_valid: : [1321]
    dt_original: : [10000000000]
2026-07-31T10:36:00.243563Z INFO  main Plotting '10412' data
2026-07-31T10:36:00.252810Z INFO  main   Plotting '10412/GIC/measured/NERC' original vs. modified data
2026-07-31T10:36:01.753094Z INFO  main     Writing C:\Users\lwilker\Documents\GitHub\SWERVE-data\data_processed/2021-05-12/sites/10412/figures\original\GIC_measured_NERC.png
2026-07-31T10:36:03.427714Z INFO  main     Writing C:\Users\lwilker\Documents\GitHub\SWERVE-data\data_processed/2021-05-12/sites/10412/figures\original\GIC_measured_NERC.pdf
2026-07-31T10:36:03.930630Z INFO  main Reading '10413' data
2026-07-31T10:36:03.951983Z INFO  main   Reading 'GIC/measured/NERC' data
2026-07-31T10:36:03.959243Z INFO  main     Reading C:\Users\lwilker\Documents\GitHub\SWERVE-data\data_original\nerc\2021-05-12\gic\2021E01_10413.csv
2026-07-31T10:36:04.364469Z INFO  main     Running automated error checks on GIC measured data
2026-07-31T10:36:06.924991Z INFO  main     
Resample to 1m aves and NaN pad or trim to start/stop.
2026-07-31T10:36:07.015621Z INFO  main     Writing C:\Users\lwilker\Documents\GitHub\SWERVE-data\data_processed\2021-05-12\sites\10413\data\GIC_measured_NERC.pkl
2026-07-31T10:36:07.076429Z INFO  main   Writing C:\Users\lwilker\Documents\GitHub\SWERVE-data\data_processed\2021-05-12\sites\10413\data\_all.pkl
2026-07-31T10:36:07.120585Z INFO  main Computing stats for '10413' data
2026-07-31T10:36:07.174804Z INFO  main   Uniq dts [ns] = [10000000000]
2026-07-31T10:36:07.175804Z INFO  main   Uniq dts [#]  = 1
2026-07-31T10:36:07.176795Z INFO  main   Stats for GIC/measured/NERC:
2026-07-31T10:36:07.177796Z INFO  main 
    std: : [0.6177744064898616]
    ave: : [-0.46587181428210955]
    min: : [-5.3]
    max: : [1.05]
    n: 1321
    n_valid: : [1321]
    dt_original: : [10000000000]
2026-07-31T10:36:07.179796Z INFO  main Plotting '10413' data
2026-07-31T10:36:07.189816Z INFO  main   Plotting '10413/GIC/measured/NERC' original vs. modified data
2026-07-31T10:36:08.965104Z INFO  main     Writing C:\Users\lwilker\Documents\GitHub\SWERVE-data\data_processed/2021-05-12/sites/10413/figures\original\GIC_measured_NERC.png
2026-07-31T10:36:10.894176Z INFO  main     Writing C:\Users\lwilker\Documents\GitHub\SWERVE-data\data_processed/2021-05-12/sites/10413/figures\original\GIC_measured_NERC.pdf
2026-07-31T10:36:11.445759Z INFO  main Reading '10414' data
2026-07-31T10:36:11.467771Z INFO  main   Reading 'GIC/measured/NERC' data
2026-07-31T10:36:11.480133Z INFO  main     Reading C:\Users\lwilker\Documents\GitHub\SWERVE-data\data_original\nerc\2021-05-12\gic\2021E01_10414.csv
2026-07-31T10:36:11.939890Z INFO  main     Running automated error checks on GIC measured data
2026-07-31T10:36:14.501494Z INFO  main     
Resample to 1m aves and NaN pad or trim to start/stop.
2026-07-31T10:36:14.589542Z INFO  main     Writing C:\Users\lwilker\Documents\GitHub\SWERVE-data\data_processed\2021-05-12\sites\10414\data\GIC_measured_NERC.pkl
2026-07-31T10:36:14.640743Z INFO  main   Writing C:\Users\lwilker\Documents\GitHub\SWERVE-data\data_processed\2021-05-12\sites\10414\data\_all.pkl
2026-07-31T10:36:14.686812Z INFO  main Computing stats for '10414' data
2026-07-31T10:36:14.741057Z INFO  main   Uniq dts [ns] = [10000000000]
2026-07-31T10:36:14.741057Z INFO  main   Uniq dts [#]  = 1
2026-07-31T10:36:14.741057Z INFO  main   Stats for GIC/measured/NERC:
2026-07-31T10:36:14.744090Z INFO  main 
    std: : [0.0]
    ave: : [0.0]
    min: : [0.0]
    max: : [0.0]
    n: 1321
    n_valid: : [1321]
    dt_original: : [10000000000]
2026-07-31T10:36:14.744090Z INFO  main Plotting '10414' data
2026-07-31T10:36:14.757405Z INFO  main   Plotting '10414/GIC/measured/NERC' original vs. modified data
2026-07-31T10:36:16.261345Z INFO  main     Writing C:\Users\lwilker\Documents\GitHub\SWERVE-data\data_processed/2021-05-12/sites/10414/figures\original\GIC_measured_NERC.png
2026-07-31T10:36:17.702729Z INFO  main     Writing C:\Users\lwilker\Documents\GitHub\SWERVE-data\data_processed/2021-05-12/sites/10414/figures\original\GIC_measured_NERC.pdf
2026-07-31T10:36:18.228541Z INFO  main Reading '10417' data
2026-07-31T10:36:18.256606Z INFO  main   Reading 'GIC/measured/NERC' data
2026-07-31T10:36:18.266175Z INFO  main     Reading C:\Users\lwilker\Documents\GitHub\SWERVE-data\data_original\nerc\2021-05-12\gic\2021E01_10417.csv
2026-07-31T10:36:22.407001Z INFO  main     Running automated error checks on GIC measured data
2026-07-31T10:36:50.250107Z INFO  main     Baseline offset of 19.75 A corrected. 
Resample to 1m aves and NaN pad or trim to start/stop.
2026-07-31T10:36:50.896173Z INFO  main     Writing C:\Users\lwilker\Documents\GitHub\SWERVE-data\data_processed\2021-05-12\sites\10417\data\GIC_measured_NERC.pkl
2026-07-31T10:36:51.314277Z INFO  main   Writing C:\Users\lwilker\Documents\GitHub\SWERVE-data\data_processed\2021-05-12\sites\10417\data\_all.pkl
2026-07-31T10:36:51.705023Z INFO  main Computing stats for '10417' data
2026-07-31T10:36:52.225829Z INFO  main   Uniq dts [ns] = [1000000000 2000000000]
2026-07-31T10:36:52.227595Z INFO  main   Uniq dts [#]  = 2
2026-07-31T10:36:52.227595Z INFO  main   Stats for GIC/measured/NERC:
2026-07-31T10:36:52.227595Z INFO  main 
    std: : [3.321111779341559]
    ave: : [-1.1602224325006307]
    min: : [-8.99]
    max: : [14.976666666666665]
    n: 1321
    n_valid: : [1321]
    dt_original: : [1000000000, 2000000000]
2026-07-31T10:36:52.232189Z INFO  main Plotting '10417' data
2026-07-31T10:36:52.248402Z INFO  main   Plotting '10417/GIC/measured/NERC' original vs. modified data
2026-07-31T10:36:55.164748Z INFO  main     Writing C:\Users\lwilker\Documents\GitHub\SWERVE-data\data_processed/2021-05-12/sites/10417/figures\original\GIC_measured_NERC.png
2026-07-31T10:36:56.956370Z INFO  main     Writing C:\Users\lwilker\Documents\GitHub\SWERVE-data\data_processed/2021-05-12/sites/10417/figures\original\GIC_measured_NERC.pdf
2026-07-31T10:36:57.520033Z INFO  main Reading '10420' data
2026-07-31T10:36:57.549812Z INFO  main   Reading 'GIC/measured/NERC' data
2026-07-31T10:36:57.561964Z INFO  main     Reading C:\Users\lwilker\Documents\GitHub\SWERVE-data\data_original\nerc\2021-05-12\gic\2021E01_10420.csv
2026-07-31T10:37:02.225979Z INFO  main     Multiplying GIC data by 3 to account for single-phase transformer.
2026-07-31T10:37:02.227491Z INFO  main     Running automated error checks on GIC measured data
2026-07-31T10:37:30.670729Z INFO  main     Baseline offset of 7.20 A corrected. 
Resample to 1m aves and NaN pad or trim to start/stop.
2026-07-31T10:37:31.315934Z INFO  main     Writing C:\Users\lwilker\Documents\GitHub\SWERVE-data\data_processed\2021-05-12\sites\10420\data\GIC_measured_NERC.pkl
2026-07-31T10:37:31.806176Z INFO  main   Writing C:\Users\lwilker\Documents\GitHub\SWERVE-data\data_processed\2021-05-12\sites\10420\data\_all.pkl
2026-07-31T10:37:32.288338Z INFO  main Computing stats for '10420' data
2026-07-31T10:37:32.850103Z INFO  main   Uniq dts [ns] = [1000000000]
2026-07-31T10:37:32.851104Z INFO  main   Uniq dts [#]  = 1
2026-07-31T10:37:32.852098Z INFO  main   Stats for GIC/measured/NERC:
2026-07-31T10:37:32.853076Z INFO  main 
    std: : [6.95342837095443]
    ave: : [2.3211733535200607]
    min: : [-4.379999999999999]
    max: : [69.02]
    n: 1321
    n_valid: : [1321]
    dt_original: : [1000000000]
2026-07-31T10:37:32.858099Z INFO  main Plotting '10420' data
2026-07-31T10:37:32.878595Z INFO  main   Plotting '10420/GIC/measured/NERC' original vs. modified data
2026-07-31T10:37:35.646561Z INFO  main     Writing C:\Users\lwilker\Documents\GitHub\SWERVE-data\data_processed/2021-05-12/sites/10420/figures\original\GIC_measured_NERC.png
2026-07-31T10:37:37.843888Z INFO  main     Writing C:\Users\lwilker\Documents\GitHub\SWERVE-data\data_processed/2021-05-12/sites/10420/figures\original\GIC_measured_NERC.pdf
2026-07-31T10:37:38.405613Z INFO  main Reading '10421' data
2026-07-31T10:37:38.460814Z INFO  main   Reading 'GIC/measured/NERC' data
2026-07-31T10:37:38.482586Z INFO  main     Reading C:\Users\lwilker\Documents\GitHub\SWERVE-data\data_original\nerc\2021-05-12\gic\2021E01_10421.csv
2026-07-31T10:37:42.782874Z INFO  main     Multiplying GIC data by 3 to account for single-phase transformer.
2026-07-31T10:37:42.789955Z INFO  main     Running automated error checks on GIC measured data
2026-07-31T10:38:09.475960Z INFO  main     Baseline offset of 14.10 A corrected. 
Resample to 1m aves and NaN pad or trim to start/stop.
2026-07-31T10:38:10.164248Z INFO  main     Writing C:\Users\lwilker\Documents\GitHub\SWERVE-data\data_processed\2021-05-12\sites\10421\data\GIC_measured_NERC.pkl
2026-07-31T10:38:10.897245Z INFO  main   Writing C:\Users\lwilker\Documents\GitHub\SWERVE-data\data_processed\2021-05-12\sites\10421\data\_all.pkl
2026-07-31T10:38:11.458073Z INFO  main Computing stats for '10421' data
2026-07-31T10:38:12.019624Z INFO  main   Uniq dts [ns] = [1000000000]
2026-07-31T10:38:12.019624Z INFO  main   Uniq dts [#]  = 1
2026-07-31T10:38:12.019624Z INFO  main   Stats for GIC/measured/NERC:
2026-07-31T10:38:12.022934Z INFO  main 
    std: : [9.566355182392925]
    ave: : [2.4129409538228606]
    min: : [-13.065000000000001]
    max: : [79.025]
    n: 1321
    n_valid: : [1321]
    dt_original: : [1000000000]
2026-07-31T10:38:12.023782Z INFO  main Plotting '10421' data
2026-07-31T10:38:12.042210Z INFO  main   Plotting '10421/GIC/measured/NERC' original vs. modified data
2026-07-31T10:38:14.775902Z INFO  main     Writing C:\Users\lwilker\Documents\GitHub\SWERVE-data\data_processed/2021-05-12/sites/10421/figures\original\GIC_measured_NERC.png
2026-07-31T10:38:16.875735Z INFO  main     Writing C:\Users\lwilker\Documents\GitHub\SWERVE-data\data_processed/2021-05-12/sites/10421/figures\original\GIC_measured_NERC.pdf
2026-07-31T10:38:17.361293Z INFO  main Reading '10422' data
2026-07-31T10:38:17.381742Z INFO  main   Reading 'GIC/measured/NERC' data
2026-07-31T10:38:17.392256Z INFO  main     Reading C:\Users\lwilker\Documents\GitHub\SWERVE-data\data_original\nerc\2021-05-12\gic\2021E01_10422.csv
2026-07-31T10:38:21.824645Z INFO  main     Running automated error checks on GIC measured data
2026-07-31T10:38:49.158210Z INFO  main     Baseline offset of 11.25 A corrected. 
Resample to 1m aves and NaN pad or trim to start/stop.
2026-07-31T10:38:49.815921Z INFO  main     Writing C:\Users\lwilker\Documents\GitHub\SWERVE-data\data_processed\2021-05-12\sites\10422\data\GIC_measured_NERC.pkl
2026-07-31T10:38:50.328602Z INFO  main   Writing C:\Users\lwilker\Documents\GitHub\SWERVE-data\data_processed\2021-05-12\sites\10422\data\_all.pkl
2026-07-31T10:38:50.852027Z INFO  main Computing stats for '10422' data
2026-07-31T10:38:51.386190Z INFO  main   Uniq dts [ns] = [1000000000 2000000000]
2026-07-31T10:38:51.386190Z INFO  main   Uniq dts [#]  = 2
2026-07-31T10:38:51.388188Z INFO  main   Stats for GIC/measured/NERC:
2026-07-31T10:38:51.388188Z INFO  main 
    std: : [1.2946116078883205]
    ave: : [0.1891445874337623]
    min: : [0.0]
    max: : [9.3]
    n: 1321
    n_valid: : [1321]
    dt_original: : [1000000000, 2000000000]
2026-07-31T10:38:51.390199Z INFO  main Plotting '10422' data
2026-07-31T10:38:51.403210Z INFO  main   Plotting '10422/GIC/measured/NERC' original vs. modified data
2026-07-31T10:38:54.074104Z INFO  main     Writing C:\Users\lwilker\Documents\GitHub\SWERVE-data\data_processed/2021-05-12/sites/10422/figures\original\GIC_measured_NERC.png
2026-07-31T10:38:55.486960Z INFO  main     Writing C:\Users\lwilker\Documents\GitHub\SWERVE-data\data_processed/2021-05-12/sites/10422/figures\original\GIC_measured_NERC.pdf
2026-07-31T10:38:55.938819Z INFO  main Reading '10423' data
2026-07-31T10:38:55.963254Z INFO  main   Reading 'GIC/measured/NERC' data
2026-07-31T10:38:55.977229Z INFO  main     Reading C:\Users\lwilker\Documents\GitHub\SWERVE-data\data_original\nerc\2021-05-12\gic\2021E01_10423.csv
2026-07-31T10:39:00.695266Z INFO  main     Running automated error checks on GIC measured data
2026-07-31T10:39:28.430938Z INFO  main     Baseline offset of 15.05 A corrected. 
Resample to 1m aves and NaN pad or trim to start/stop.
2026-07-31T10:39:29.104872Z INFO  main     Writing C:\Users\lwilker\Documents\GitHub\SWERVE-data\data_processed\2021-05-12\sites\10423\data\GIC_measured_NERC.pkl
2026-07-31T10:39:29.650998Z INFO  main   Writing C:\Users\lwilker\Documents\GitHub\SWERVE-data\data_processed\2021-05-12\sites\10423\data\_all.pkl
2026-07-31T10:39:30.190263Z INFO  main Computing stats for '10423' data
2026-07-31T10:39:30.775105Z INFO  main   Uniq dts [ns] = [1000000000 2000000000]
2026-07-31T10:39:30.775105Z INFO  main   Uniq dts [#]  = 2
2026-07-31T10:39:30.776125Z INFO  main   Stats for GIC/measured/NERC:
2026-07-31T10:39:30.777121Z INFO  main 
    std: : [0.9766800170654684]
    ave: : [0.7980142568761035]
    min: : [-2.012333333333334]
    max: : [6.494833333333332]
    n: 1321
    n_valid: : [1321]
    dt_original: : [1000000000, 2000000000]
2026-07-31T10:39:30.779120Z INFO  main Plotting '10423' data
2026-07-31T10:39:30.810797Z INFO  main   Plotting '10423/GIC/measured/NERC' original vs. modified data
2026-07-31T10:39:33.631189Z INFO  main     Writing C:\Users\lwilker\Documents\GitHub\SWERVE-data\data_processed/2021-05-12/sites/10423/figures\original\GIC_measured_NERC.png
2026-07-31T10:39:36.416802Z INFO  main     Writing C:\Users\lwilker\Documents\GitHub\SWERVE-data\data_processed/2021-05-12/sites/10423/figures\original\GIC_measured_NERC.pdf
2026-07-31T10:39:36.987156Z INFO  main Reading '10424' data
2026-07-31T10:39:37.014359Z INFO  main   Reading 'GIC/measured/NERC' data
2026-07-31T10:39:37.026677Z INFO  main     Reading C:\Users\lwilker\Documents\GitHub\SWERVE-data\data_original\nerc\2021-05-12\gic\2021E01_10424.csv
2026-07-31T10:39:41.649244Z INFO  main     Running automated error checks on GIC measured data
2026-07-31T10:40:10.037386Z INFO  main     Baseline offset of 40.65 A corrected. 
Resample to 1m aves and NaN pad or trim to start/stop.
2026-07-31T10:40:10.706604Z INFO  main     Writing C:\Users\lwilker\Documents\GitHub\SWERVE-data\data_processed\2021-05-12\sites\10424\data\GIC_measured_NERC.pkl
2026-07-31T10:40:11.231567Z INFO  main   Writing C:\Users\lwilker\Documents\GitHub\SWERVE-data\data_processed\2021-05-12\sites\10424\data\_all.pkl
2026-07-31T10:40:11.725798Z INFO  main Computing stats for '10424' data
2026-07-31T10:40:12.241105Z INFO  main   Uniq dts [ns] = [1000000000 2000000000]
2026-07-31T10:40:12.242127Z INFO  main   Uniq dts [#]  = 2
2026-07-31T10:40:12.242127Z INFO  main   Stats for GIC/measured/NERC:
2026-07-31T10:40:12.243811Z INFO  main 
    std: : [1.2656677838663373]
    ave: : [-0.3560132475397418]
    min: : [-8.744333333333334]
    max: : [3.5823333333333354]
    n: 1321
    n_valid: : [1321]
    dt_original: : [1000000000, 2000000000]
2026-07-31T10:40:12.245580Z INFO  main Plotting '10424' data
2026-07-31T10:40:12.255821Z INFO  main   Plotting '10424/GIC/measured/NERC' original vs. modified data
2026-07-31T10:40:15.254904Z INFO  main     Writing C:\Users\lwilker\Documents\GitHub\SWERVE-data\data_processed/2021-05-12/sites/10424/figures\original\GIC_measured_NERC.png
2026-07-31T10:40:17.477095Z INFO  main     Writing C:\Users\lwilker\Documents\GitHub\SWERVE-data\data_processed/2021-05-12/sites/10424/figures\original\GIC_measured_NERC.pdf
2026-07-31T10:40:18.097691Z INFO  main Reading '10425' data
2026-07-31T10:40:18.118999Z INFO  main   Reading 'GIC/measured/NERC' data
2026-07-31T10:40:18.127377Z INFO  main     Reading C:\Users\lwilker\Documents\GitHub\SWERVE-data\data_original\nerc\2021-05-12\gic\2021E01_10425.csv
2026-07-31T10:40:18.951562Z INFO  main     Running automated error checks on GIC measured data
2026-07-31T10:40:23.642350Z INFO  main     
Resample to 1m aves and NaN pad or trim to start/stop.
2026-07-31T10:40:23.784088Z INFO  main     Writing C:\Users\lwilker\Documents\GitHub\SWERVE-data\data_processed\2021-05-12\sites\10425\data\GIC_measured_NERC.pkl
2026-07-31T10:40:24.144634Z INFO  main   Writing C:\Users\lwilker\Documents\GitHub\SWERVE-data\data_processed\2021-05-12\sites\10425\data\_all.pkl
2026-07-31T10:40:24.231905Z INFO  main Computing stats for '10425' data
2026-07-31T10:40:24.343396Z INFO  main   Uniq dts [ns] = [5000000000]
2026-07-31T10:40:24.343396Z INFO  main   Uniq dts [#]  = 1
2026-07-31T10:40:24.343396Z INFO  main   Stats for GIC/measured/NERC:
2026-07-31T10:40:24.343396Z INFO  main 
    std: : [0.3118714087690062]
    ave: : [0.08588190764572294]
    min: : [0.0]
    max: : [2.075]
    n: 1321
    n_valid: : [1321]
    dt_original: : [5000000000]
2026-07-31T10:40:24.347080Z INFO  main Plotting '10425' data
2026-07-31T10:40:24.362087Z INFO  main   Plotting '10425/GIC/measured/NERC' original vs. modified data
2026-07-31T10:40:26.007926Z INFO  main     Writing C:\Users\lwilker\Documents\GitHub\SWERVE-data\data_processed/2021-05-12/sites/10425/figures\original\GIC_measured_NERC.png
2026-07-31T10:40:27.719232Z INFO  main     Writing C:\Users\lwilker\Documents\GitHub\SWERVE-data\data_processed/2021-05-12/sites/10425/figures\original\GIC_measured_NERC.pdf
2026-07-31T10:40:28.312612Z INFO  main Reading '10426' data
2026-07-31T10:40:28.348768Z INFO  main   Reading 'GIC/measured/NERC' data
2026-07-31T10:40:28.363539Z INFO  main     Reading C:\Users\lwilker\Documents\GitHub\SWERVE-data\data_original\nerc\2021-05-12\gic\2021E01_10426.csv
2026-07-31T10:40:29.336100Z INFO  main     Running automated error checks on GIC measured data
2026-07-31T10:40:35.375521Z INFO  main     
Resample to 1m aves and NaN pad or trim to start/stop.
2026-07-31T10:40:35.528073Z INFO  main     Writing C:\Users\lwilker\Documents\GitHub\SWERVE-data\data_processed\2021-05-12\sites\10426\data\GIC_measured_NERC.pkl
2026-07-31T10:40:35.632551Z INFO  main   Writing C:\Users\lwilker\Documents\GitHub\SWERVE-data\data_processed\2021-05-12\sites\10426\data\_all.pkl
2026-07-31T10:40:35.734710Z INFO  main Computing stats for '10426' data
2026-07-31T10:40:35.841723Z INFO  main   Uniq dts [ns] = [5000000000]
2026-07-31T10:40:35.843298Z INFO  main   Uniq dts [#]  = 1
2026-07-31T10:40:35.844054Z INFO  main   Stats for GIC/measured/NERC:
2026-07-31T10:40:35.845068Z INFO  main 
    std: : [0.720694937206969]
    ave: : [0.6404806964420894]
    min: : [-3.6166666666666667]
    max: : [5.25]
    n: 1321
    n_valid: : [1321]
    dt_original: : [5000000000]
2026-07-31T10:40:35.845068Z INFO  main Plotting '10426' data
2026-07-31T10:40:35.862786Z INFO  main   Plotting '10426/GIC/measured/NERC' original vs. modified data
2026-07-31T10:40:37.656031Z INFO  main     Writing C:\Users\lwilker\Documents\GitHub\SWERVE-data\data_processed/2021-05-12/sites/10426/figures\original\GIC_measured_NERC.png
2026-07-31T10:40:39.340681Z INFO  main     Writing C:\Users\lwilker\Documents\GitHub\SWERVE-data\data_processed/2021-05-12/sites/10426/figures\original\GIC_measured_NERC.pdf
2026-07-31T10:40:39.865251Z INFO  main Reading '10427' data
2026-07-31T10:40:39.925213Z INFO  main   Reading 'GIC/measured/NERC' data
2026-07-31T10:40:39.963384Z INFO  main     Reading C:\Users\lwilker\Documents\GitHub\SWERVE-data\data_original\nerc\2021-05-12\gic\2021E01_10427.csv
2026-07-31T10:40:40.917318Z INFO  main     Running automated error checks on GIC measured data
2026-07-31T10:40:46.415437Z INFO  main     Baseline offset of -1.50 A corrected. 
Resample to 1m aves and NaN pad or trim to start/stop.
2026-07-31T10:40:46.591663Z INFO  main     Writing C:\Users\lwilker\Documents\GitHub\SWERVE-data\data_processed\2021-05-12\sites\10427\data\GIC_measured_NERC.pkl
2026-07-31T10:40:46.978895Z INFO  main   Writing C:\Users\lwilker\Documents\GitHub\SWERVE-data\data_processed\2021-05-12\sites\10427\data\_all.pkl
2026-07-31T10:40:47.087013Z INFO  main Computing stats for '10427' data
2026-07-31T10:40:47.198054Z INFO  main   Uniq dts [ns] = [5000000000]
2026-07-31T10:40:47.198054Z INFO  main   Uniq dts [#]  = 1
2026-07-31T10:40:47.199957Z INFO  main   Stats for GIC/measured/NERC:
2026-07-31T10:40:47.202278Z INFO  main 
    std: : [2.72125654961982]
    ave: : [0.730463033055766]
    min: : [-4.8500000000000005]
    max: : [22.333333333333332]
    n: 1321
    n_valid: : [1321]
    dt_original: : [5000000000]
2026-07-31T10:40:47.205292Z INFO  main Plotting '10427' data
2026-07-31T10:40:47.222828Z INFO  main   Plotting '10427/GIC/measured/NERC' original vs. modified data
2026-07-31T10:40:49.076589Z INFO  main     Writing C:\Users\lwilker\Documents\GitHub\SWERVE-data\data_processed/2021-05-12/sites/10427/figures\original\GIC_measured_NERC.png
2026-07-31T10:40:50.809020Z INFO  main     Writing C:\Users\lwilker\Documents\GitHub\SWERVE-data\data_processed/2021-05-12/sites/10427/figures\original\GIC_measured_NERC.pdf
2026-07-31T10:40:51.423634Z INFO  main Reading '10428' data
2026-07-31T10:40:51.459793Z INFO  main   Reading 'GIC/measured/NERC' data
2026-07-31T10:40:51.470060Z INFO  main     Reading C:\Users\lwilker\Documents\GitHub\SWERVE-data\data_original\nerc\2021-05-12\gic\2021E01_10428.csv
2026-07-31T10:40:52.436877Z INFO  main     Running automated error checks on GIC measured data
2026-07-31T10:40:58.358998Z INFO  main     Baseline offset of -1.30 A corrected. 
Resample to 1m aves and NaN pad or trim to start/stop.
2026-07-31T10:40:58.509721Z INFO  main     Writing C:\Users\lwilker\Documents\GitHub\SWERVE-data\data_processed\2021-05-12\sites\10428\data\GIC_measured_NERC.pkl
2026-07-31T10:40:58.929954Z INFO  main   Writing C:\Users\lwilker\Documents\GitHub\SWERVE-data\data_processed\2021-05-12\sites\10428\data\_all.pkl
2026-07-31T10:40:59.036198Z INFO  main Computing stats for '10428' data
2026-07-31T10:40:59.149731Z INFO  main   Uniq dts [ns] = [5000000000]
2026-07-31T10:40:59.149731Z INFO  main   Uniq dts [#]  = 1
2026-07-31T10:40:59.149731Z INFO  main   Stats for GIC/measured/NERC:
2026-07-31T10:40:59.152292Z INFO  main 
    std: : [1.3947895007259081]
    ave: : [-0.09890234670704008]
    min: : [-11.35]
    max: : [5.949999999999999]
    n: 1321
    n_valid: : [1321]
    dt_original: : [5000000000]
2026-07-31T10:40:59.155329Z INFO  main Plotting '10428' data
2026-07-31T10:40:59.173651Z INFO  main   Plotting '10428/GIC/measured/NERC' original vs. modified data
2026-07-31T10:41:01.073563Z INFO  main     Writing C:\Users\lwilker\Documents\GitHub\SWERVE-data\data_processed/2021-05-12/sites/10428/figures\original\GIC_measured_NERC.png
2026-07-31T10:41:03.170134Z INFO  main     Writing C:\Users\lwilker\Documents\GitHub\SWERVE-data\data_processed/2021-05-12/sites/10428/figures\original\GIC_measured_NERC.pdf
2026-07-31T10:41:03.802836Z INFO  main Reading '10429' data
2026-07-31T10:41:03.836119Z INFO  main   Reading 'GIC/measured/NERC' data
2026-07-31T10:41:03.844258Z INFO  main     Reading C:\Users\lwilker\Documents\GitHub\SWERVE-data\data_original\nerc\2021-05-12\gic\2021E01_10429.csv
2026-07-31T10:41:04.686829Z INFO  main     Running automated error checks on GIC measured data
2026-07-31T10:41:10.437785Z INFO  main     
Resample to 1m aves and NaN pad or trim to start/stop.
2026-07-31T10:41:10.605558Z INFO  main     Writing C:\Users\lwilker\Documents\GitHub\SWERVE-data\data_processed\2021-05-12\sites\10429\data\GIC_measured_NERC.pkl
2026-07-31T10:41:10.904562Z INFO  main   Writing C:\Users\lwilker\Documents\GitHub\SWERVE-data\data_processed\2021-05-12\sites\10429\data\_all.pkl
2026-07-31T10:41:10.999920Z INFO  main Computing stats for '10429' data
2026-07-31T10:41:11.114076Z INFO  main   Uniq dts [ns] = [5000000000]
2026-07-31T10:41:11.114076Z INFO  main   Uniq dts [#]  = 1
2026-07-31T10:41:11.116064Z INFO  main   Stats for GIC/measured/NERC:
2026-07-31T10:41:11.116064Z INFO  main 
    std: : [0.6418317139083011]
    ave: : [0.26640171587181427]
    min: : [0.0]
    max: : [5.791666666666667]
    n: 1321
    n_valid: : [1321]
    dt_original: : [5000000000]
2026-07-31T10:41:11.120061Z INFO  main Plotting '10429' data
2026-07-31T10:41:11.134477Z INFO  main   Plotting '10429/GIC/measured/NERC' original vs. modified data
2026-07-31T10:41:13.017883Z INFO  main     Writing C:\Users\lwilker\Documents\GitHub\SWERVE-data\data_processed/2021-05-12/sites/10429/figures\original\GIC_measured_NERC.png
2026-07-31T10:41:15.019980Z INFO  main     Writing C:\Users\lwilker\Documents\GitHub\SWERVE-data\data_processed/2021-05-12/sites/10429/figures\original\GIC_measured_NERC.pdf
2026-07-31T10:41:15.547202Z INFO  main Reading '10441' data
2026-07-31T10:41:15.573228Z INFO  main   Reading 'GIC/measured/NERC' data
2026-07-31T10:41:15.585312Z INFO  main     Reading C:\Users\lwilker\Documents\GitHub\SWERVE-data\data_original\nerc\2021-05-12\gic\2021E01_10441.csv
2026-07-31T10:41:15.653279Z ERROR main     Not computing modified due to error: Duplicate time stamps found
2026-07-31T10:41:15.665875Z INFO  main   Writing C:\Users\lwilker\Documents\GitHub\SWERVE-data\data_processed\2021-05-12\sites\10441\data\_all.pkl
2026-07-31T10:41:15.671913Z INFO  main Computing stats for '10441' data
2026-07-31T10:41:15.673890Z INFO  main Plotting '10441' data
2026-07-31T10:41:15.683506Z INFO  main   Plotting '10441/GIC/measured/NERC' original vs. modified data
2026-07-31T10:41:17.209426Z INFO  main     Writing C:\Users\lwilker\Documents\GitHub\SWERVE-data\data_processed/2021-05-12/sites/10441/figures\original\GIC_measured_NERC.png
2026-07-31T10:41:18.859499Z INFO  main     Writing C:\Users\lwilker\Documents\GitHub\SWERVE-data\data_processed/2021-05-12/sites/10441/figures\original\GIC_measured_NERC.pdf
2026-07-31T10:41:19.365187Z INFO  main Reading '10442' data
2026-07-31T10:41:19.395223Z INFO  main   Reading 'GIC/measured/NERC' data
2026-07-31T10:41:19.406765Z INFO  main     Reading C:\Users\lwilker\Documents\GitHub\SWERVE-data\data_original\nerc\2021-05-12\gic\2021E01_10442.csv
2026-07-31T10:41:19.566137Z ERROR main     Not computing modified due to error: Duplicate time stamps found
2026-07-31T10:41:19.578142Z INFO  main   Writing C:\Users\lwilker\Documents\GitHub\SWERVE-data\data_processed\2021-05-12\sites\10442\data\_all.pkl
2026-07-31T10:41:19.590109Z INFO  main Computing stats for '10442' data
2026-07-31T10:41:19.594136Z INFO  main Plotting '10442' data
2026-07-31T10:41:19.604699Z INFO  main   Plotting '10442/GIC/measured/NERC' original vs. modified data
2026-07-31T10:41:21.067815Z INFO  main     Writing C:\Users\lwilker\Documents\GitHub\SWERVE-data\data_processed/2021-05-12/sites/10442/figures\original\GIC_measured_NERC.png
2026-07-31T10:41:22.881811Z INFO  main     Writing C:\Users\lwilker\Documents\GitHub\SWERVE-data\data_processed/2021-05-12/sites/10442/figures\original\GIC_measured_NERC.pdf
2026-07-31T10:41:23.379549Z INFO  main Reading '10086' data
2026-07-31T10:41:23.416891Z INFO  main   Reading 'GIC/measured/NERC' data
2026-07-31T10:41:23.429395Z INFO  main     Reading C:\Users\lwilker\Documents\GitHub\SWERVE-data\data_original\nerc\2021-05-12\gic\2021E01_10086.csv
2026-07-31T10:41:23.931558Z INFO  main     Running automated error checks on GIC measured data
2026-07-31T10:41:26.775628Z INFO  main     
Resample to 1m aves and NaN pad or trim to start/stop.
2026-07-31T10:41:26.874249Z INFO  main     Writing C:\Users\lwilker\Documents\GitHub\SWERVE-data\data_processed\2021-05-12\sites\10086\data\GIC_measured_NERC.pkl
2026-07-31T10:41:26.928896Z INFO  main   Writing C:\Users\lwilker\Documents\GitHub\SWERVE-data\data_processed\2021-05-12\sites\10086\data\_all.pkl
2026-07-31T10:41:26.981790Z INFO  main Computing stats for '10086' data
2026-07-31T10:41:27.041321Z INFO  main   Uniq dts [ns] = [10000000000]
2026-07-31T10:41:27.041321Z INFO  main   Uniq dts [#]  = 1
2026-07-31T10:41:27.041321Z INFO  main   Stats for GIC/measured/NERC:
2026-07-31T10:41:27.044411Z INFO  main 
    std: : [0.11629517315540881]
    ave: : [-0.08662629321221298]
    min: : [-0.3]
    max: : [0.20000000000000004]
    n: 1321
    n_valid: : [1321]
    dt_original: : [10000000000]
2026-07-31T10:41:27.046110Z INFO  main Plotting '10086' data
2026-07-31T10:41:27.064432Z INFO  main   Plotting '10086/GIC/measured/NERC' original vs. modified data
2026-07-31T10:41:29.127312Z INFO  main     Writing C:\Users\lwilker\Documents\GitHub\SWERVE-data\data_processed/2021-05-12/sites/10086/figures\original\GIC_measured_NERC.png
2026-07-31T10:41:30.838232Z INFO  main     Writing C:\Users\lwilker\Documents\GitHub\SWERVE-data\data_processed/2021-05-12/sites/10086/figures\original\GIC_measured_NERC.pdf
2026-07-31T10:41:31.421918Z INFO  main Reading '10087' data
2026-07-31T10:41:31.459237Z INFO  main   Reading 'GIC/measured/NERC' data
2026-07-31T10:41:31.473696Z INFO  main     Reading C:\Users\lwilker\Documents\GitHub\SWERVE-data\data_original\nerc\2021-05-12\gic\2021E01_10087.csv
2026-07-31T10:41:31.909655Z INFO  main     Running automated error checks on GIC measured data
2026-07-31T10:41:34.789077Z INFO  main     
Resample to 1m aves and NaN pad or trim to start/stop.
2026-07-31T10:41:34.887683Z INFO  main     Writing C:\Users\lwilker\Documents\GitHub\SWERVE-data\data_processed\2021-05-12\sites\10087\data\GIC_measured_NERC.pkl
2026-07-31T10:41:34.956585Z INFO  main   Writing C:\Users\lwilker\Documents\GitHub\SWERVE-data\data_processed\2021-05-12\sites\10087\data\_all.pkl
2026-07-31T10:41:35.027860Z INFO  main Computing stats for '10087' data
2026-07-31T10:41:35.096578Z INFO  main   Uniq dts [ns] = [10000000000]
2026-07-31T10:41:35.096578Z INFO  main   Uniq dts [#]  = 1
2026-07-31T10:41:35.096578Z INFO  main   Stats for GIC/measured/NERC:
2026-07-31T10:41:35.098759Z INFO  main 
    std: : [0.31237321340949975]
    ave: : [-0.08599545798637397]
    min: : [-1.383333333333333]
    max: : [0.5]
    n: 1321
    n_valid: : [1321]
    dt_original: : [10000000000]
2026-07-31T10:41:35.100771Z INFO  main Plotting '10087' data
2026-07-31T10:41:35.110775Z INFO  main   Plotting '10087/GIC/measured/NERC' original vs. modified data
2026-07-31T10:41:36.390659Z INFO  main     Writing C:\Users\lwilker\Documents\GitHub\SWERVE-data\data_processed/2021-05-12/sites/10087/figures\original\GIC_measured_NERC.png
2026-07-31T10:41:38.081994Z INFO  main     Writing C:\Users\lwilker\Documents\GitHub\SWERVE-data\data_processed/2021-05-12/sites/10087/figures\original\GIC_measured_NERC.pdf
2026-07-31T10:41:38.532127Z INFO  main Reading '10088' data
2026-07-31T10:41:38.588602Z INFO  main   Reading 'GIC/measured/NERC' data
2026-07-31T10:41:38.621389Z INFO  main     Reading C:\Users\lwilker\Documents\GitHub\SWERVE-data\data_original\nerc\2021-05-12\gic\2021E01_10088.csv
2026-07-31T10:41:39.150537Z INFO  main     Running automated error checks on GIC measured data
2026-07-31T10:41:42.030812Z INFO  main     
Resample to 1m aves and NaN pad or trim to start/stop.
2026-07-31T10:41:42.133389Z INFO  main     Writing C:\Users\lwilker\Documents\GitHub\SWERVE-data\data_processed\2021-05-12\sites\10088\data\GIC_measured_NERC.pkl
2026-07-31T10:41:42.209482Z INFO  main   Writing C:\Users\lwilker\Documents\GitHub\SWERVE-data\data_processed\2021-05-12\sites\10088\data\_all.pkl
2026-07-31T10:41:42.260135Z INFO  main Computing stats for '10088' data
2026-07-31T10:41:42.321793Z INFO  main   Uniq dts [ns] = [10000000000]
2026-07-31T10:41:42.321793Z INFO  main   Uniq dts [#]  = 1
2026-07-31T10:41:42.321793Z INFO  main   Stats for GIC/measured/NERC:
2026-07-31T10:41:42.321793Z INFO  main 
    std: : [0.08485796994866067]
    ave: : [-0.05600555134998739]
    min: : [-0.5]
    max: : [0.10000000000000002]
    n: 1321
    n_valid: : [1321]
    dt_original: : [10000000000]
2026-07-31T10:41:42.325917Z INFO  main Plotting '10088' data
2026-07-31T10:41:42.334052Z INFO  main   Plotting '10088/GIC/measured/NERC' original vs. modified data
2026-07-31T10:41:43.877550Z INFO  main     Writing C:\Users\lwilker\Documents\GitHub\SWERVE-data\data_processed/2021-05-12/sites/10088/figures\original\GIC_measured_NERC.png
2026-07-31T10:41:45.520689Z INFO  main     Writing C:\Users\lwilker\Documents\GitHub\SWERVE-data\data_processed/2021-05-12/sites/10088/figures\original\GIC_measured_NERC.pdf
2026-07-31T10:41:46.057496Z INFO  main Reading '10089' data
2026-07-31T10:41:46.099353Z INFO  main   Reading 'GIC/measured/NERC' data
2026-07-31T10:41:46.119767Z INFO  main     Reading C:\Users\lwilker\Documents\GitHub\SWERVE-data\data_original\nerc\2021-05-12\gic\2021E01_10089.csv
2026-07-31T10:41:46.716489Z INFO  main     Running automated error checks on GIC measured data
2026-07-31T10:41:49.751526Z INFO  main     
Resample to 1m aves and NaN pad or trim to start/stop.
2026-07-31T10:41:49.847974Z INFO  main     Writing C:\Users\lwilker\Documents\GitHub\SWERVE-data\data_processed\2021-05-12\sites\10089\data\GIC_measured_NERC.pkl
2026-07-31T10:41:49.917430Z INFO  main   Writing C:\Users\lwilker\Documents\GitHub\SWERVE-data\data_processed\2021-05-12\sites\10089\data\_all.pkl
2026-07-31T10:41:49.978329Z INFO  main Computing stats for '10089' data
2026-07-31T10:41:50.049481Z INFO  main   Uniq dts [ns] = [10000000000]
2026-07-31T10:41:50.049481Z INFO  main   Uniq dts [#]  = 1
2026-07-31T10:41:50.049481Z INFO  main   Stats for GIC/measured/NERC:
2026-07-31T10:41:50.051495Z INFO  main 
    std: : [0.10548267020958642]
    ave: : [-0.053381276810497084]
    min: : [-0.4000000000000001]
    max: : [0.10000000000000002]
    n: 1321
    n_valid: : [1321]
    dt_original: : [10000000000]
2026-07-31T10:41:50.055475Z INFO  main Plotting '10089' data
2026-07-31T10:41:50.075100Z INFO  main   Plotting '10089/GIC/measured/NERC' original vs. modified data
2026-07-31T10:41:51.906759Z INFO  main     Writing C:\Users\lwilker\Documents\GitHub\SWERVE-data\data_processed/2021-05-12/sites/10089/figures\original\GIC_measured_NERC.png
2026-07-31T10:41:54.008906Z INFO  main     Writing C:\Users\lwilker\Documents\GitHub\SWERVE-data\data_processed/2021-05-12/sites/10089/figures\original\GIC_measured_NERC.pdf
2026-07-31T10:41:54.530815Z INFO  main Reading '10090' data
2026-07-31T10:41:54.561154Z INFO  main   Reading 'GIC/measured/NERC' data
2026-07-31T10:41:54.577842Z INFO  main     Reading C:\Users\lwilker\Documents\GitHub\SWERVE-data\data_original\nerc\2021-05-12\gic\2021E01_10090.csv
2026-07-31T10:41:55.160464Z INFO  main     Running automated error checks on GIC measured data
2026-07-31T10:41:58.154289Z INFO  main     
Resample to 1m aves and NaN pad or trim to start/stop.
2026-07-31T10:41:58.242502Z INFO  main     Writing C:\Users\lwilker\Documents\GitHub\SWERVE-data\data_processed\2021-05-12\sites\10090\data\GIC_measured_NERC.pkl
2026-07-31T10:41:58.307108Z INFO  main   Writing C:\Users\lwilker\Documents\GitHub\SWERVE-data\data_processed\2021-05-12\sites\10090\data\_all.pkl
2026-07-31T10:41:58.349631Z INFO  main Computing stats for '10090' data
2026-07-31T10:41:58.409897Z INFO  main   Uniq dts [ns] = [10000000000]
2026-07-31T10:41:58.409897Z INFO  main   Uniq dts [#]  = 1
2026-07-31T10:41:58.412626Z INFO  main   Stats for GIC/measured/NERC:
2026-07-31T10:41:58.412626Z INFO  main 
    std: : [0.11522659063950805]
    ave: : [0.037004794347716384]
    min: : [-0.3]
    max: : [0.20000000000000004]
    n: 1321
    n_valid: : [1321]
    dt_original: : [10000000000]
2026-07-31T10:41:58.416422Z INFO  main Plotting '10090' data
2026-07-31T10:41:58.426702Z INFO  main   Plotting '10090/GIC/measured/NERC' original vs. modified data
2026-07-31T10:42:00.223987Z INFO  main     Writing C:\Users\lwilker\Documents\GitHub\SWERVE-data\data_processed/2021-05-12/sites/10090/figures\original\GIC_measured_NERC.png
2026-07-31T10:42:02.004023Z INFO  main     Writing C:\Users\lwilker\Documents\GitHub\SWERVE-data\data_processed/2021-05-12/sites/10090/figures\original\GIC_measured_NERC.pdf
2026-07-31T10:42:02.525199Z INFO  main Reading '10091' data
2026-07-31T10:42:02.553598Z INFO  main   Reading 'GIC/measured/NERC' data
2026-07-31T10:42:02.564582Z INFO  main     Reading C:\Users\lwilker\Documents\GitHub\SWERVE-data\data_original\nerc\2021-05-12\gic\2021E01_10091.csv
2026-07-31T10:42:03.067901Z INFO  main     Running automated error checks on GIC measured data
2026-07-31T10:42:06.066254Z INFO  main     
Resample to 1m aves and NaN pad or trim to start/stop.
2026-07-31T10:42:06.158695Z INFO  main     Writing C:\Users\lwilker\Documents\GitHub\SWERVE-data\data_processed\2021-05-12\sites\10091\data\GIC_measured_NERC.pkl
2026-07-31T10:42:06.217552Z INFO  main   Writing C:\Users\lwilker\Documents\GitHub\SWERVE-data\data_processed\2021-05-12\sites\10091\data\_all.pkl
2026-07-31T10:42:06.278190Z INFO  main Computing stats for '10091' data
2026-07-31T10:42:06.334558Z INFO  main   Uniq dts [ns] = [10000000000]
2026-07-31T10:42:06.336589Z INFO  main   Uniq dts [#]  = 1
2026-07-31T10:42:06.336589Z INFO  main   Stats for GIC/measured/NERC:
2026-07-31T10:42:06.336589Z INFO  main 
    std: : [0.3809984541917556]
    ave: : [-0.3761418117587686]
    min: : [-0.8000000000000002]
    max: : [0.3]
    n: 1321
    n_valid: : [1321]
    dt_original: : [10000000000]
2026-07-31T10:42:06.338580Z INFO  main Plotting '10091' data
2026-07-31T10:42:06.351388Z INFO  main   Plotting '10091/GIC/measured/NERC' original vs. modified data
2026-07-31T10:42:07.874424Z INFO  main     Writing C:\Users\lwilker\Documents\GitHub\SWERVE-data\data_processed/2021-05-12/sites/10091/figures\original\GIC_measured_NERC.png
2026-07-31T10:42:09.479454Z INFO  main     Writing C:\Users\lwilker\Documents\GitHub\SWERVE-data\data_processed/2021-05-12/sites/10091/figures\original\GIC_measured_NERC.pdf
2026-07-31T10:42:09.973696Z INFO  main Reading '10180' data
2026-07-31T10:42:10.012417Z INFO  main   Reading 'GIC/measured/NERC' data
2026-07-31T10:42:10.022390Z INFO  main     Reading C:\Users\lwilker\Documents\GitHub\SWERVE-data\data_original\nerc\2021-05-12\gic\2021E01_10180.csv
2026-07-31T10:42:12.204144Z INFO  main     Running automated error checks on GIC measured data
2026-07-31T10:42:26.258451Z INFO  main     
Resample to 1m aves and NaN pad or trim to start/stop.
2026-07-31T10:42:26.599170Z INFO  main     Writing C:\Users\lwilker\Documents\GitHub\SWERVE-data\data_processed\2021-05-12\sites\10180\data\GIC_measured_NERC.pkl
2026-07-31T10:42:26.854260Z INFO  main   Writing C:\Users\lwilker\Documents\GitHub\SWERVE-data\data_processed\2021-05-12\sites\10180\data\_all.pkl
2026-07-31T10:42:27.059772Z INFO  main Computing stats for '10180' data
2026-07-31T10:42:27.308700Z INFO  main   Uniq dts [ns] = [2000000000 4000000000 6000000000]
2026-07-31T10:42:27.312745Z INFO  main   Uniq dts [#]  = 3
2026-07-31T10:42:27.312745Z INFO  main   Stats for GIC/measured/NERC:
2026-07-31T10:42:27.315017Z INFO  main 
    std: : [1.6409837614184029]
    ave: : [-0.16385314155942476]
    min: : [-13.156666666666666]
    max: : [4.1033333333333335]
    n: 1321
    n_valid: : [1321]
    dt_original: : [2000000000, 4000000000, 6000000000]
2026-07-31T10:42:27.319582Z INFO  main Plotting '10180' data
2026-07-31T10:42:27.333797Z INFO  main   Plotting '10180/GIC/measured/NERC' original vs. modified data
2026-07-31T10:42:29.788421Z INFO  main     Writing C:\Users\lwilker\Documents\GitHub\SWERVE-data\data_processed/2021-05-12/sites/10180/figures\original\GIC_measured_NERC.png
2026-07-31T10:42:31.771675Z INFO  main     Writing C:\Users\lwilker\Documents\GitHub\SWERVE-data\data_processed/2021-05-12/sites/10180/figures\original\GIC_measured_NERC.pdf
2026-07-31T10:42:32.413339Z INFO  main Reading '10181' data
2026-07-31T10:42:32.443966Z INFO  main   Reading 'GIC/measured/NERC' data
2026-07-31T10:42:32.452269Z INFO  main     Reading C:\Users\lwilker\Documents\GitHub\SWERVE-data\data_original\nerc\2021-05-12\gic\2021E01_10181.csv
2026-07-31T10:42:37.127037Z INFO  main     Running automated error checks on GIC measured data
2026-07-31T10:43:03.736770Z INFO  main     
Resample to 1m aves and NaN pad or trim to start/stop.
2026-07-31T10:43:04.384924Z INFO  main     Writing C:\Users\lwilker\Documents\GitHub\SWERVE-data\data_processed\2021-05-12\sites\10181\data\GIC_measured_NERC.pkl
2026-07-31T10:43:04.800006Z INFO  main   Writing C:\Users\lwilker\Documents\GitHub\SWERVE-data\data_processed\2021-05-12\sites\10181\data\_all.pkl
2026-07-31T10:43:05.204340Z INFO  main Computing stats for '10181' data
2026-07-31T10:43:05.771040Z INFO  main   Uniq dts [ns] = [1000000000 5000000000 6000000000]
2026-07-31T10:43:05.772053Z INFO  main   Uniq dts [#]  = 3
2026-07-31T10:43:05.772053Z INFO  main   Stats for GIC/measured/NERC:
2026-07-31T10:43:05.773079Z INFO  main 
    std: : [1.4448374614785922]
    ave: : [0.12565096109021492]
    min: : [-4.185]
    max: : [10.366666666666667]
    n: 1321
    n_valid: : [1321]
    dt_original: : [1000000000, 5000000000, 6000000000]
2026-07-31T10:43:05.775097Z INFO  main Plotting '10181' data
2026-07-31T10:43:05.787500Z INFO  main   Plotting '10181/GIC/measured/NERC' original vs. modified data
2026-07-31T10:43:08.436619Z INFO  main     Writing C:\Users\lwilker\Documents\GitHub\SWERVE-data\data_processed/2021-05-12/sites/10181/figures\original\GIC_measured_NERC.png
2026-07-31T10:43:10.387452Z INFO  main     Writing C:\Users\lwilker\Documents\GitHub\SWERVE-data\data_processed/2021-05-12/sites/10181/figures\original\GIC_measured_NERC.pdf
2026-07-31T10:43:10.961403Z INFO  main Reading '10182' data
2026-07-31T10:43:10.989450Z INFO  main   Reading 'GIC/measured/NERC' data
2026-07-31T10:43:11.005033Z INFO  main     Reading C:\Users\lwilker\Documents\GitHub\SWERVE-data\data_original\nerc\2021-05-12\gic\2021E01_10182.csv
2026-07-31T10:43:15.470883Z INFO  main     Running automated error checks on GIC measured data
2026-07-31T10:43:42.320890Z INFO  main     
Resample to 1m aves and NaN pad or trim to start/stop.
2026-07-31T10:43:42.973528Z INFO  main     Writing C:\Users\lwilker\Documents\GitHub\SWERVE-data\data_processed\2021-05-12\sites\10182\data\GIC_measured_NERC.pkl
2026-07-31T10:43:43.459024Z INFO  main   Writing C:\Users\lwilker\Documents\GitHub\SWERVE-data\data_processed\2021-05-12\sites\10182\data\_all.pkl
2026-07-31T10:43:43.921050Z INFO  main Computing stats for '10182' data
2026-07-31T10:43:44.428765Z INFO  main   Uniq dts [ns] = [1000000000 2000000000]
2026-07-31T10:43:44.428765Z INFO  main   Uniq dts [#]  = 2
2026-07-31T10:43:44.430774Z INFO  main   Stats for GIC/measured/NERC:
2026-07-31T10:43:44.430774Z INFO  main 
    std: : [0.2182770430045655]
    ave: : [0.009455706813448123]
    min: : [-1.215]
    max: : [1.0916666666666666]
    n: 1321
    n_valid: : [1321]
    dt_original: : [1000000000, 2000000000]
2026-07-31T10:43:44.432778Z INFO  main Plotting '10182' data
2026-07-31T10:43:44.442501Z INFO  main   Plotting '10182/GIC/measured/NERC' original vs. modified data
2026-07-31T10:43:47.230539Z INFO  main     Writing C:\Users\lwilker\Documents\GitHub\SWERVE-data\data_processed/2021-05-12/sites/10182/figures\original\GIC_measured_NERC.png
2026-07-31T10:43:49.792457Z INFO  main     Writing C:\Users\lwilker\Documents\GitHub\SWERVE-data\data_processed/2021-05-12/sites/10182/figures\original\GIC_measured_NERC.pdf
2026-07-31T10:43:50.360210Z INFO  main Reading '10183' data
2026-07-31T10:43:50.383351Z INFO  main   Reading 'GIC/measured/NERC' data
2026-07-31T10:43:50.391527Z INFO  main     Reading C:\Users\lwilker\Documents\GitHub\SWERVE-data\data_original\nerc\2021-05-12\gic\2021E01_10183.csv
2026-07-31T10:43:54.670367Z INFO  main     Running automated error checks on GIC measured data
2026-07-31T10:44:19.915296Z INFO  main     
Resample to 1m aves and NaN pad or trim to start/stop.
2026-07-31T10:44:20.529435Z INFO  main     Writing C:\Users\lwilker\Documents\GitHub\SWERVE-data\data_processed\2021-05-12\sites\10183\data\GIC_measured_NERC.pkl
2026-07-31T10:44:20.942652Z INFO  main   Writing C:\Users\lwilker\Documents\GitHub\SWERVE-data\data_processed\2021-05-12\sites\10183\data\_all.pkl
2026-07-31T10:44:21.365459Z INFO  main Computing stats for '10183' data
2026-07-31T10:44:21.863720Z INFO  main   Uniq dts [ns] = [1000000000]
2026-07-31T10:44:21.863720Z INFO  main   Uniq dts [#]  = 1
2026-07-31T10:44:21.866750Z INFO  main   Stats for GIC/measured/NERC:
2026-07-31T10:44:21.866750Z INFO  main 
    std: : [0.8765971308990484]
    ave: : [0.009230381024476424]
    min: : [-2.915]
    max: : [8.976666666666667]
    n: 1321
    n_valid: : [1321]
    dt_original: : [1000000000]
2026-07-31T10:44:21.869792Z INFO  main Plotting '10183' data
2026-07-31T10:44:21.914894Z INFO  main   Plotting '10183/GIC/measured/NERC' original vs. modified data
2026-07-31T10:44:24.629473Z INFO  main     Writing C:\Users\lwilker\Documents\GitHub\SWERVE-data\data_processed/2021-05-12/sites/10183/figures\original\GIC_measured_NERC.png
2026-07-31T10:44:26.862164Z INFO  main     Writing C:\Users\lwilker\Documents\GitHub\SWERVE-data\data_processed/2021-05-12/sites/10183/figures\original\GIC_measured_NERC.pdf
2026-07-31T10:44:27.431376Z INFO  main Reading '10188' data
2026-07-31T10:44:27.452283Z INFO  main   Reading 'GIC/measured/NERC' data
2026-07-31T10:44:27.461735Z INFO  main     Reading C:\Users\lwilker\Documents\GitHub\SWERVE-data\data_original\nerc\2021-05-12\gic\2021E01_10188.csv
2026-07-31T10:44:32.226436Z INFO  main     Running automated error checks on GIC measured data
2026-07-31T10:44:58.317335Z INFO  main     
Resample to 1m aves and NaN pad or trim to start/stop.
2026-07-31T10:44:58.914964Z INFO  main     Writing C:\Users\lwilker\Documents\GitHub\SWERVE-data\data_processed\2021-05-12\sites\10188\data\GIC_measured_NERC.pkl
2026-07-31T10:44:59.420331Z INFO  main   Writing C:\Users\lwilker\Documents\GitHub\SWERVE-data\data_processed\2021-05-12\sites\10188\data\_all.pkl
2026-07-31T10:44:59.885221Z INFO  main Computing stats for '10188' data
2026-07-31T10:45:00.396309Z INFO  main   Uniq dts [ns] = [1000000000 2000000000]
2026-07-31T10:45:00.399447Z INFO  main   Uniq dts [#]  = 2
2026-07-31T10:45:00.399447Z INFO  main   Stats for GIC/measured/NERC:
2026-07-31T10:45:00.400492Z INFO  main 
    std: : [0.8115630079615881]
    ave: : [0.012341232673415548]
    min: : [-2.101666666666667]
    max: : [6.678333333333333]
    n: 1321
    n_valid: : [1321]
    dt_original: : [1000000000, 2000000000]
2026-07-31T10:45:00.400492Z INFO  main Plotting '10188' data
2026-07-31T10:45:00.413549Z INFO  main   Plotting '10188/GIC/measured/NERC' original vs. modified data
2026-07-31T10:45:03.033618Z INFO  main     Writing C:\Users\lwilker\Documents\GitHub\SWERVE-data\data_processed/2021-05-12/sites/10188/figures\original\GIC_measured_NERC.png
2026-07-31T10:45:05.234635Z INFO  main     Writing C:\Users\lwilker\Documents\GitHub\SWERVE-data\data_processed/2021-05-12/sites/10188/figures\original\GIC_measured_NERC.pdf
2026-07-31T10:45:05.718087Z INFO  main Reading '10191' data
2026-07-31T10:45:05.738820Z INFO  main   Reading 'GIC/measured/NERC' data
2026-07-31T10:45:05.747878Z INFO  main     Reading C:\Users\lwilker\Documents\GitHub\SWERVE-data\data_original\nerc\2021-05-12\gic\2021E01_10191.csv
2026-07-31T10:45:10.096153Z INFO  main     Running automated error checks on GIC measured data
2026-07-31T10:45:36.432330Z INFO  main     
Resample to 1m aves and NaN pad or trim to start/stop.
2026-07-31T10:45:37.057766Z INFO  main     Writing C:\Users\lwilker\Documents\GitHub\SWERVE-data\data_processed\2021-05-12\sites\10191\data\GIC_measured_NERC.pkl
2026-07-31T10:45:37.506309Z INFO  main   Writing C:\Users\lwilker\Documents\GitHub\SWERVE-data\data_processed\2021-05-12\sites\10191\data\_all.pkl
2026-07-31T10:45:37.920913Z INFO  main Computing stats for '10191' data
2026-07-31T10:45:38.468971Z INFO  main   Uniq dts [ns] = [1000000000 2000000000 5000000000 6000000000 7000000000]
2026-07-31T10:45:38.469966Z INFO  main   Uniq dts [#]  = 5
2026-07-31T10:45:38.469966Z INFO  main   Stats for GIC/measured/NERC:
2026-07-31T10:45:38.470966Z INFO  main 
    std: : [0.11846805983227128]
    ave: : [0.007298763562957353]
    min: : [-0.6666666666666666]
    max: : [0.7316666666666667]
    n: 1321
    n_valid: : [1321]
    dt_original: : [1000000000 nanoseconds, 2000000000 nanoseconds, ..., 6000000000 nanoseconds, 7000000000 nanoseconds] (5 elements)
2026-07-31T10:45:38.472966Z INFO  main Plotting '10191' data
2026-07-31T10:45:38.481462Z INFO  main   Plotting '10191/GIC/measured/NERC' original vs. modified data
2026-07-31T10:45:41.399625Z INFO  main     Writing C:\Users\lwilker\Documents\GitHub\SWERVE-data\data_processed/2021-05-12/sites/10191/figures\original\GIC_measured_NERC.png
2026-07-31T10:45:44.240951Z INFO  main     Writing C:\Users\lwilker\Documents\GitHub\SWERVE-data\data_processed/2021-05-12/sites/10191/figures\original\GIC_measured_NERC.pdf
2026-07-31T10:45:44.722352Z INFO  main Reading '10192' data
2026-07-31T10:45:44.754407Z INFO  main   Reading 'GIC/measured/NERC' data
2026-07-31T10:45:44.769859Z INFO  main     Reading C:\Users\lwilker\Documents\GitHub\SWERVE-data\data_original\nerc\2021-05-12\gic\2021E01_10192.csv
2026-07-31T10:45:50.029040Z INFO  main     Running automated error checks on GIC measured data
2026-07-31T10:46:17.712305Z INFO  main     
Resample to 1m aves and NaN pad or trim to start/stop.
2026-07-31T10:46:18.310160Z INFO  main     Writing C:\Users\lwilker\Documents\GitHub\SWERVE-data\data_processed\2021-05-12\sites\10192\data\GIC_measured_NERC.pkl
2026-07-31T10:46:18.724331Z INFO  main   Writing C:\Users\lwilker\Documents\GitHub\SWERVE-data\data_processed\2021-05-12\sites\10192\data\_all.pkl
2026-07-31T10:46:19.155726Z INFO  main Computing stats for '10192' data
2026-07-31T10:46:19.627022Z INFO  main   Uniq dts [ns] = [1000000000]
2026-07-31T10:46:19.630046Z INFO  main   Uniq dts [#]  = 1
2026-07-31T10:46:19.630046Z INFO  main   Stats for GIC/measured/NERC:
2026-07-31T10:46:19.630046Z INFO  main 
    std: : [0.3077382846614916]
    ave: : [0.05231642694928086]
    min: : [-0.63]
    max: : [1.255]
    n: 1321
    n_valid: : [1321]
    dt_original: : [1000000000]
2026-07-31T10:46:19.633074Z INFO  main Plotting '10192' data
2026-07-31T10:46:19.639617Z INFO  main   Plotting '10192/GIC/measured/NERC' original vs. modified data
2026-07-31T10:46:22.665765Z INFO  main     Writing C:\Users\lwilker\Documents\GitHub\SWERVE-data\data_processed/2021-05-12/sites/10192/figures\original\GIC_measured_NERC.png
2026-07-31T10:46:25.915871Z INFO  main     Writing C:\Users\lwilker\Documents\GitHub\SWERVE-data\data_processed/2021-05-12/sites/10192/figures\original\GIC_measured_NERC.pdf
2026-07-31T10:46:26.414725Z INFO  main Reading '10193' data
2026-07-31T10:46:26.470386Z INFO  main   Reading 'GIC/measured/NERC' data
2026-07-31T10:46:26.488321Z INFO  main     Reading C:\Users\lwilker\Documents\GitHub\SWERVE-data\data_original\nerc\2021-05-12\gic\2021E01_10193.csv
2026-07-31T10:46:31.626161Z INFO  main     Running automated error checks on GIC measured data
2026-07-31T10:46:56.082062Z INFO  main     
Resample to 1m aves and NaN pad or trim to start/stop.
2026-07-31T10:46:56.746688Z INFO  main     Writing C:\Users\lwilker\Documents\GitHub\SWERVE-data\data_processed\2021-05-12\sites\10193\data\GIC_measured_NERC.pkl
2026-07-31T10:46:57.239482Z INFO  main   Writing C:\Users\lwilker\Documents\GitHub\SWERVE-data\data_processed\2021-05-12\sites\10193\data\_all.pkl
2026-07-31T10:46:57.881694Z INFO  main Computing stats for '10193' data
2026-07-31T10:46:58.397231Z INFO  main   Uniq dts [ns] = [ 1000000000  6000000000 11000000000]
2026-07-31T10:46:58.397231Z INFO  main   Uniq dts [#]  = 3
2026-07-31T10:46:58.397231Z INFO  main   Stats for GIC/measured/NERC:
2026-07-31T10:46:58.397231Z INFO  main 
    std: : [1.349820658557079]
    ave: : [0.005698896611841349]
    min: : [-14.871666666666666]
    max: : [5.676666666666667]
    n: 1321
    n_valid: : [1321]
    dt_original: : [1000000000, 6000000000, 11000000000]
2026-07-31T10:46:58.400404Z INFO  main Plotting '10193' data
2026-07-31T10:46:58.412899Z INFO  main   Plotting '10193/GIC/measured/NERC' original vs. modified data
2026-07-31T10:47:00.878725Z INFO  main     Writing C:\Users\lwilker\Documents\GitHub\SWERVE-data\data_processed/2021-05-12/sites/10193/figures\original\GIC_measured_NERC.png
2026-07-31T10:47:02.640702Z INFO  main     Writing C:\Users\lwilker\Documents\GitHub\SWERVE-data\data_processed/2021-05-12/sites/10193/figures\original\GIC_measured_NERC.pdf
2026-07-31T10:47:03.110698Z INFO  main Reading '10194' data
2026-07-31T10:47:03.130115Z INFO  main   Reading 'GIC/measured/NERC' data
2026-07-31T10:47:03.139934Z INFO  main     Reading C:\Users\lwilker\Documents\GitHub\SWERVE-data\data_original\nerc\2021-05-12\gic\2021E01_10194.csv
2026-07-31T10:47:07.247314Z INFO  main     Running automated error checks on GIC measured data
2026-07-31T10:47:31.015723Z INFO  main     
Resample to 1m aves and NaN pad or trim to start/stop.
2026-07-31T10:47:31.644650Z INFO  main     Writing C:\Users\lwilker\Documents\GitHub\SWERVE-data\data_processed\2021-05-12\sites\10194\data\GIC_measured_NERC.pkl
2026-07-31T10:47:32.073303Z INFO  main   Writing C:\Users\lwilker\Documents\GitHub\SWERVE-data\data_processed\2021-05-12\sites\10194\data\_all.pkl
2026-07-31T10:47:32.520190Z INFO  main Computing stats for '10194' data
2026-07-31T10:47:33.029747Z INFO  main   Uniq dts [ns] = [ 1000000000  4000000000  5000000000  7000000000 11000000000]
2026-07-31T10:47:33.029747Z INFO  main   Uniq dts [#]  = 5
2026-07-31T10:47:33.031766Z INFO  main   Stats for GIC/measured/NERC:
2026-07-31T10:47:33.031766Z INFO  main 
    std: : [0.2728640437193771]
    ave: : [-0.019553529724418952]
    min: : [-0.7816666666666666]
    max: : [2.2483333333333335]
    n: 1321
    n_valid: : [1321]
    dt_original: : [1000000000 nanoseconds, 4000000000 nanoseconds, ..., 7000000000 nanoseconds, 11000000000 nanoseconds] (5 elements)
2026-07-31T10:47:33.033767Z INFO  main Plotting '10194' data
2026-07-31T10:47:33.048933Z INFO  main   Plotting '10194/GIC/measured/NERC' original vs. modified data
2026-07-31T10:47:35.659004Z INFO  main     Writing C:\Users\lwilker\Documents\GitHub\SWERVE-data\data_processed/2021-05-12/sites/10194/figures\original\GIC_measured_NERC.png
2026-07-31T10:47:37.758066Z INFO  main     Writing C:\Users\lwilker\Documents\GitHub\SWERVE-data\data_processed/2021-05-12/sites/10194/figures\original\GIC_measured_NERC.pdf
2026-07-31T10:47:38.242907Z INFO  main Reading '10195' data
2026-07-31T10:47:38.264610Z INFO  main   Reading 'GIC/measured/NERC' data
2026-07-31T10:47:38.276120Z INFO  main     Reading C:\Users\lwilker\Documents\GitHub\SWERVE-data\data_original\nerc\2021-05-12\gic\2021E01_10195.csv
2026-07-31T10:47:42.546494Z INFO  main     Running automated error checks on GIC measured data
2026-07-31T10:48:06.530278Z INFO  main     
Resample to 1m aves and NaN pad or trim to start/stop.
2026-07-31T10:48:07.160664Z INFO  main     Writing C:\Users\lwilker\Documents\GitHub\SWERVE-data\data_processed\2021-05-12\sites\10195\data\GIC_measured_NERC.pkl
2026-07-31T10:48:08.056283Z INFO  main   Writing C:\Users\lwilker\Documents\GitHub\SWERVE-data\data_processed\2021-05-12\sites\10195\data\_all.pkl
2026-07-31T10:48:08.550902Z INFO  main Computing stats for '10195' data
2026-07-31T10:48:09.022032Z INFO  main   Uniq dts [ns] = [1000000000]
2026-07-31T10:48:09.022032Z INFO  main   Uniq dts [#]  = 1
2026-07-31T10:48:09.022032Z INFO  main   Stats for GIC/measured/NERC:
2026-07-31T10:48:09.022032Z INFO  main 
    std: : [0.6244288874237325]
    ave: : [-0.0007683573050719156]
    min: : [-4.158333333333333]
    max: : [1.3666666666666667]
    n: 1321
    n_valid: : [1321]
    dt_original: : [1000000000]
2026-07-31T10:48:09.026369Z INFO  main Plotting '10195' data
2026-07-31T10:48:09.035701Z INFO  main   Plotting '10195/GIC/measured/NERC' original vs. modified data
2026-07-31T10:48:11.605123Z INFO  main     Writing C:\Users\lwilker\Documents\GitHub\SWERVE-data\data_processed/2021-05-12/sites/10195/figures\original\GIC_measured_NERC.png
2026-07-31T10:48:13.659003Z INFO  main     Writing C:\Users\lwilker\Documents\GitHub\SWERVE-data\data_processed/2021-05-12/sites/10195/figures\original\GIC_measured_NERC.pdf
2026-07-31T10:48:14.150190Z INFO  main Reading '10196' data
2026-07-31T10:48:14.170501Z INFO  main   Reading 'GIC/measured/NERC' data
2026-07-31T10:48:14.178710Z INFO  main     Reading C:\Users\lwilker\Documents\GitHub\SWERVE-data\data_original\nerc\2021-05-12\gic\2021E01_10196.csv
2026-07-31T10:48:18.114173Z INFO  main     Running automated error checks on GIC measured data
2026-07-31T11:01:23.449437Z INFO  main     
Resample to 1m aves and NaN pad or trim to start/stop.
2026-07-31T11:01:23.763167Z INFO  main     Writing C:\Users\lwilker\Documents\GitHub\SWERVE-data\data_processed\2021-05-12\sites\10196\data\GIC_measured_NERC.pkl
2026-07-31T11:01:24.014900Z INFO  main   Writing C:\Users\lwilker\Documents\GitHub\SWERVE-data\data_processed\2021-05-12\sites\10196\data\_all.pkl
2026-07-31T11:01:24.346136Z INFO  main Computing stats for '10196' data
2026-07-31T11:01:24.550320Z INFO  main   Uniq dts [ns] = [1000000000]
2026-07-31T11:01:24.550320Z INFO  main   Uniq dts [#]  = 1
2026-07-31T11:01:24.550320Z INFO  main   Stats for GIC/measured/NERC:
2026-07-31T11:01:24.550320Z INFO  main 
    std: : [0.16944628504391182]
    ave: : [0.022214231642694926]
    min: : [-0.26166666666666666]
    max: : [0.4066666666666667]
    n: 1321
    n_valid: : [1321]
    dt_original: : [1000000000]
2026-07-31T11:01:24.550320Z INFO  main Plotting '10196' data
2026-07-31T11:01:24.550320Z INFO  main   Plotting '10196/GIC/measured/NERC' original vs. modified data
2026-07-31T11:01:25.684582Z INFO  main     Writing C:\Users\lwilker\Documents\GitHub\SWERVE-data\data_processed/2021-05-12/sites/10196/figures\original\GIC_measured_NERC.png
2026-07-31T11:01:27.386168Z INFO  main     Writing C:\Users\lwilker\Documents\GitHub\SWERVE-data\data_processed/2021-05-12/sites/10196/figures\original\GIC_measured_NERC.pdf
2026-07-31T11:01:27.794469Z INFO  main Reading '10197' data
2026-07-31T11:01:27.808488Z INFO  main   Reading 'GIC/measured/NERC' data
2026-07-31T11:01:27.813506Z INFO  main     Reading C:\Users\lwilker\Documents\GitHub\SWERVE-data\data_original\nerc\2021-05-12\gic\2021E01_10197.csv
2026-07-31T11:01:30.749556Z INFO  main     Running automated error checks on GIC measured data
2026-07-31T11:01:55.134328Z INFO  main     
Resample to 1m aves and NaN pad or trim to start/stop.
2026-07-31T11:01:55.758867Z INFO  main     Writing C:\Users\lwilker\Documents\GitHub\SWERVE-data\data_processed\2021-05-12\sites\10197\data\GIC_measured_NERC.pkl
2026-07-31T11:01:56.261882Z INFO  main   Writing C:\Users\lwilker\Documents\GitHub\SWERVE-data\data_processed\2021-05-12\sites\10197\data\_all.pkl
2026-07-31T11:01:56.746674Z INFO  main Computing stats for '10197' data
2026-07-31T11:01:57.247306Z INFO  main   Uniq dts [ns] = [1000000000 2000000000]
2026-07-31T11:01:57.248329Z INFO  main   Uniq dts [#]  = 2
2026-07-31T11:01:57.249335Z INFO  main   Stats for GIC/measured/NERC:
2026-07-31T11:01:57.250329Z INFO  main 
    std: : [0.2007024593705416]
    ave: : [-0.01921145596770123]
    min: : [-2.731666666666667]
    max: : [1.0666666666666667]
    n: 1321
    n_valid: : [1321]
    dt_original: : [1000000000, 2000000000]
2026-07-31T11:01:57.252328Z INFO  main Plotting '10197' data
2026-07-31T11:01:57.262329Z INFO  main   Plotting '10197/GIC/measured/NERC' original vs. modified data
2026-07-31T11:01:59.777905Z INFO  main     Writing C:\Users\lwilker\Documents\GitHub\SWERVE-data\data_processed/2021-05-12/sites/10197/figures\original\GIC_measured_NERC.png
2026-07-31T11:02:01.460741Z INFO  main     Writing C:\Users\lwilker\Documents\GitHub\SWERVE-data\data_processed/2021-05-12/sites/10197/figures\original\GIC_measured_NERC.pdf
2026-07-31T11:02:01.985363Z INFO  main Reading '10199' data
2026-07-31T11:02:01.998419Z INFO  main   Reading 'GIC/measured/NERC' data
2026-07-31T11:02:02.008165Z INFO  main     Reading C:\Users\lwilker\Documents\GitHub\SWERVE-data\data_original\nerc\2021-05-12\gic\2021E01_10199.csv
2026-07-31T11:02:05.620982Z INFO  main     Running automated error checks on GIC measured data
2026-07-31T11:02:29.504908Z INFO  main     
Resample to 1m aves and NaN pad or trim to start/stop.
2026-07-31T11:02:30.144875Z INFO  main     Writing C:\Users\lwilker\Documents\GitHub\SWERVE-data\data_processed\2021-05-12\sites\10199\data\GIC_measured_NERC.pkl
2026-07-31T11:02:30.593177Z INFO  main   Writing C:\Users\lwilker\Documents\GitHub\SWERVE-data\data_processed\2021-05-12\sites\10199\data\_all.pkl
2026-07-31T11:02:31.005390Z INFO  main Computing stats for '10199' data
2026-07-31T11:02:31.548517Z INFO  main   Uniq dts [ns] = [1000000000]
2026-07-31T11:02:31.548517Z INFO  main   Uniq dts [#]  = 1
2026-07-31T11:02:31.549515Z INFO  main   Stats for GIC/measured/NERC:
2026-07-31T11:02:31.550515Z INFO  main 
    std: : [0.4253873358522257]
    ave: : [-0.01075826394145849]
    min: : [-2.203333333333333]
    max: : [3.828333333333333]
    n: 1321
    n_valid: : [1321]
    dt_original: : [1000000000]
2026-07-31T11:02:31.552516Z INFO  main Plotting '10199' data
2026-07-31T11:02:31.563533Z INFO  main   Plotting '10199/GIC/measured/NERC' original vs. modified data
2026-07-31T11:02:34.122310Z INFO  main     Writing C:\Users\lwilker\Documents\GitHub\SWERVE-data\data_processed/2021-05-12/sites/10199/figures\original\GIC_measured_NERC.png
2026-07-31T11:02:35.900854Z INFO  main     Writing C:\Users\lwilker\Documents\GitHub\SWERVE-data\data_processed/2021-05-12/sites/10199/figures\original\GIC_measured_NERC.pdf
2026-07-31T11:02:36.409877Z INFO  main Reading '10201' data
2026-07-31T11:02:36.428411Z INFO  main   Reading 'GIC/measured/NERC' data
2026-07-31T11:02:36.437940Z INFO  main     Reading C:\Users\lwilker\Documents\GitHub\SWERVE-data\data_original\nerc\2021-05-12\gic\2021E01_10201.csv
2026-07-31T11:02:40.548928Z INFO  main     Running automated error checks on GIC measured data
2026-07-31T11:03:03.807620Z INFO  main     
Resample to 1m aves and NaN pad or trim to start/stop.
2026-07-31T11:03:04.444761Z INFO  main     Writing C:\Users\lwilker\Documents\GitHub\SWERVE-data\data_processed\2021-05-12\sites\10201\data\GIC_measured_NERC.pkl
2026-07-31T11:03:05.061800Z INFO  main   Writing C:\Users\lwilker\Documents\GitHub\SWERVE-data\data_processed\2021-05-12\sites\10201\data\_all.pkl
2026-07-31T11:03:05.484938Z INFO  main Computing stats for '10201' data
2026-07-31T11:03:05.985287Z INFO  main   Uniq dts [ns] = [1000000000 2000000000]
2026-07-31T11:03:05.986290Z INFO  main   Uniq dts [#]  = 2
2026-07-31T11:03:05.986290Z INFO  main   Stats for GIC/measured/NERC:
2026-07-31T11:03:05.988309Z INFO  main 
    std: : [0.06364689631920732]
    ave: : [8.587912769387969e-05]
    min: : [-0.10500000000000001]
    max: : [0.11833333333333335]
    n: 1321
    n_valid: : [1321]
    dt_original: : [1000000000, 2000000000]
2026-07-31T11:03:05.992357Z INFO  main Plotting '10201' data
2026-07-31T11:03:06.012912Z INFO  main   Plotting '10201/GIC/measured/NERC' original vs. modified data
2026-07-31T11:03:09.621277Z INFO  main     Writing C:\Users\lwilker\Documents\GitHub\SWERVE-data\data_processed/2021-05-12/sites/10201/figures\original\GIC_measured_NERC.png
2026-07-31T11:03:16.965724Z INFO  main     Writing C:\Users\lwilker\Documents\GitHub\SWERVE-data\data_processed/2021-05-12/sites/10201/figures\original\GIC_measured_NERC.pdf
2026-07-31T11:03:17.490951Z INFO  main Reading '10202' data
2026-07-31T11:03:17.516469Z INFO  main   Reading 'GIC/measured/NERC' data
2026-07-31T11:03:17.526464Z INFO  main     Reading C:\Users\lwilker\Documents\GitHub\SWERVE-data\data_original\nerc\2021-05-12\gic\2021E01_10202.csv
2026-07-31T11:03:21.515812Z INFO  main     Running automated error checks on GIC measured data
2026-07-31T11:03:45.512436Z INFO  main     
Resample to 1m aves and NaN pad or trim to start/stop.
2026-07-31T11:03:46.144162Z INFO  main     Writing C:\Users\lwilker\Documents\GitHub\SWERVE-data\data_processed\2021-05-12\sites\10202\data\GIC_measured_NERC.pkl
2026-07-31T11:03:46.606445Z INFO  main   Writing C:\Users\lwilker\Documents\GitHub\SWERVE-data\data_processed\2021-05-12\sites\10202\data\_all.pkl
2026-07-31T11:03:47.036823Z INFO  main Computing stats for '10202' data
2026-07-31T11:03:47.547230Z INFO  main   Uniq dts [ns] = [1000000000 2000000000]
2026-07-31T11:03:47.550266Z INFO  main   Uniq dts [#]  = 2
2026-07-31T11:03:47.550266Z INFO  main   Stats for GIC/measured/NERC:
2026-07-31T11:03:47.550266Z INFO  main 
    std: : [0.2649290007651188]
    ave: : [0.01978504556982597]
    min: : [-2.4099999999999997]
    max: : [2.6516666666666664]
    n: 1321
    n_valid: : [1321]
    dt_original: : [1000000000, 2000000000]
2026-07-31T11:03:47.553428Z INFO  main Plotting '10202' data
2026-07-31T11:03:47.571817Z INFO  main   Plotting '10202/GIC/measured/NERC' original vs. modified data
2026-07-31T11:03:50.200225Z INFO  main     Writing C:\Users\lwilker\Documents\GitHub\SWERVE-data\data_processed/2021-05-12/sites/10202/figures\original\GIC_measured_NERC.png
2026-07-31T11:03:51.837434Z INFO  main     Writing C:\Users\lwilker\Documents\GitHub\SWERVE-data\data_processed/2021-05-12/sites/10202/figures\original\GIC_measured_NERC.pdf
2026-07-31T11:03:52.068833Z INFO  main Reading '10203' data
2026-07-31T11:03:52.075551Z INFO  main   Reading 'GIC/measured/NERC' data
2026-07-31T11:03:52.078584Z INFO  main     Reading C:\Users\lwilker\Documents\GitHub\SWERVE-data\data_original\nerc\2021-05-12\gic\2021E01_10203.csv
2026-07-31T11:03:53.572080Z INFO  main     Running automated error checks on GIC measured data
2026-07-31T11:04:13.130694Z INFO  main     
Resample to 1m aves and NaN pad or trim to start/stop.
2026-07-31T11:04:13.742297Z INFO  main     Writing C:\Users\lwilker\Documents\GitHub\SWERVE-data\data_processed\2021-05-12\sites\10203\data\GIC_measured_NERC.pkl
2026-07-31T11:04:14.213362Z INFO  main   Writing C:\Users\lwilker\Documents\GitHub\SWERVE-data\data_processed\2021-05-12\sites\10203\data\_all.pkl
2026-07-31T11:04:14.707991Z INFO  main Computing stats for '10203' data
2026-07-31T11:04:15.205696Z INFO  main   Uniq dts [ns] = [1000000000 2000000000]
2026-07-31T11:04:15.205696Z INFO  main   Uniq dts [#]  = 2
2026-07-31T11:04:15.205696Z INFO  main   Stats for GIC/measured/NERC:
2026-07-31T11:04:15.208876Z INFO  main 
    std: : [0.0]
    ave: : [0.0]
    min: : [0.0]
    max: : [0.0]
    n: 1321
    n_valid: : [1321]
    dt_original: : [1000000000, 2000000000]
2026-07-31T11:04:15.209413Z INFO  main Plotting '10203' data
2026-07-31T11:04:15.222179Z INFO  main   Plotting '10203/GIC/measured/NERC' original vs. modified data
2026-07-31T11:04:17.917124Z INFO  main     Writing C:\Users\lwilker\Documents\GitHub\SWERVE-data\data_processed/2021-05-12/sites/10203/figures\original\GIC_measured_NERC.png
2026-07-31T11:04:19.348716Z INFO  main     Writing C:\Users\lwilker\Documents\GitHub\SWERVE-data\data_processed/2021-05-12/sites/10203/figures\original\GIC_measured_NERC.pdf
2026-07-31T11:04:19.874853Z INFO  main Reading '10204' data
2026-07-31T11:04:19.896977Z INFO  main   Reading 'GIC/measured/NERC' data
2026-07-31T11:04:19.909366Z INFO  main     Reading C:\Users\lwilker\Documents\GitHub\SWERVE-data\data_original\nerc\2021-05-12\gic\2021E01_10204.csv
2026-07-31T11:04:24.052883Z INFO  main     Running automated error checks on GIC measured data
2026-07-31T11:04:48.008003Z INFO  main     
Resample to 1m aves and NaN pad or trim to start/stop.
2026-07-31T11:04:48.651172Z INFO  main     Writing C:\Users\lwilker\Documents\GitHub\SWERVE-data\data_processed\2021-05-12\sites\10204\data\GIC_measured_NERC.pkl
2026-07-31T11:04:49.111170Z INFO  main   Writing C:\Users\lwilker\Documents\GitHub\SWERVE-data\data_processed\2021-05-12\sites\10204\data\_all.pkl
2026-07-31T11:04:49.576866Z INFO  main Computing stats for '10204' data
2026-07-31T11:04:50.069672Z INFO  main   Uniq dts [ns] = [1000000000 2000000000]
2026-07-31T11:04:50.069672Z INFO  main   Uniq dts [#]  = 2
2026-07-31T11:04:50.069672Z INFO  main   Stats for GIC/measured/NERC:
2026-07-31T11:04:50.069672Z INFO  main 
    std: : [0.2529989804612332]
    ave: : [0.018624308754282202]
    min: : [-1.5783333333333334]
    max: : [1.63]
    n: 1321
    n_valid: : [1321]
    dt_original: : [1000000000, 2000000000]
2026-07-31T11:04:50.075289Z INFO  main Plotting '10204' data
2026-07-31T11:04:50.081949Z INFO  main   Plotting '10204/GIC/measured/NERC' original vs. modified data
2026-07-31T11:04:52.688694Z INFO  main     Writing C:\Users\lwilker\Documents\GitHub\SWERVE-data\data_processed/2021-05-12/sites/10204/figures\original\GIC_measured_NERC.png
2026-07-31T11:04:54.823194Z INFO  main     Writing C:\Users\lwilker\Documents\GitHub\SWERVE-data\data_processed/2021-05-12/sites/10204/figures\original\GIC_measured_NERC.pdf
2026-07-31T11:04:55.366620Z INFO  main Reading '10205' data
2026-07-31T11:04:55.391115Z INFO  main   Reading 'GIC/measured/NERC' data
2026-07-31T11:04:55.403467Z INFO  main     Reading C:\Users\lwilker\Documents\GitHub\SWERVE-data\data_original\nerc\2021-05-12\gic\2021E01_10205.csv
2026-07-31T11:04:59.643005Z INFO  main     Running automated error checks on GIC measured data
2026-07-31T11:05:26.306408Z INFO  main     
Resample to 1m aves and NaN pad or trim to start/stop.
2026-07-31T11:05:26.945908Z INFO  main     Writing C:\Users\lwilker\Documents\GitHub\SWERVE-data\data_processed\2021-05-12\sites\10205\data\GIC_measured_NERC.pkl
2026-07-31T11:05:27.465098Z INFO  main   Writing C:\Users\lwilker\Documents\GitHub\SWERVE-data\data_processed\2021-05-12\sites\10205\data\_all.pkl
2026-07-31T11:05:27.974529Z INFO  main Computing stats for '10205' data
2026-07-31T11:05:28.455601Z INFO  main   Uniq dts [ns] = [1000000000 2000000000 3000000000 4000000000]
2026-07-31T11:05:28.455601Z INFO  main   Uniq dts [#]  = 4
2026-07-31T11:05:28.455601Z INFO  main   Stats for GIC/measured/NERC:
2026-07-31T11:05:28.459715Z INFO  main 
    std: : [0.6974075525816994]
    ave: : [0.003561738453576944]
    min: : [-3.79]
    max: : [6.89]
    n: 1321
    n_valid: : [1321]
    dt_original: : [1000000000, 2000000000, 3000000000, 4000000000]
2026-07-31T11:05:28.461726Z INFO  main Plotting '10205' data
2026-07-31T11:05:28.472193Z INFO  main   Plotting '10205/GIC/measured/NERC' original vs. modified data
2026-07-31T11:05:31.621309Z INFO  main     Writing C:\Users\lwilker\Documents\GitHub\SWERVE-data\data_processed/2021-05-12/sites/10205/figures\original\GIC_measured_NERC.png
2026-07-31T11:05:36.734609Z INFO  main     Writing C:\Users\lwilker\Documents\GitHub\SWERVE-data\data_processed/2021-05-12/sites/10205/figures\original\GIC_measured_NERC.pdf
2026-07-31T11:05:37.575325Z INFO  main Reading '10206' data
2026-07-31T11:05:37.598481Z INFO  main   Reading 'GIC/measured/NERC' data
2026-07-31T11:05:37.604734Z INFO  main     Reading C:\Users\lwilker\Documents\GitHub\SWERVE-data\data_original\nerc\2021-05-12\gic\2021E01_10206.csv
2026-07-31T11:05:41.831661Z INFO  main     Running automated error checks on GIC measured data
2026-07-31T11:06:11.521878Z INFO  main     
Resample to 1m aves and NaN pad or trim to start/stop.
2026-07-31T11:06:12.219862Z INFO  main     Writing C:\Users\lwilker\Documents\GitHub\SWERVE-data\data_processed\2021-05-12\sites\10206\data\GIC_measured_NERC.pkl
2026-07-31T11:06:12.780457Z INFO  main   Writing C:\Users\lwilker\Documents\GitHub\SWERVE-data\data_processed\2021-05-12\sites\10206\data\_all.pkl
2026-07-31T11:06:13.324880Z INFO  main Computing stats for '10206' data
2026-07-31T11:06:13.863512Z INFO  main   Uniq dts [ns] = [ 1000000000  6000000000 14000000000 21000000000]
2026-07-31T11:06:13.864510Z INFO  main   Uniq dts [#]  = 4
2026-07-31T11:06:13.864510Z INFO  main   Stats for GIC/measured/NERC:
2026-07-31T11:06:13.866715Z INFO  main 
    std: : [0.43761181091730816]
    ave: : [-0.0008957860206913942]
    min: : [-3.2183333333333333]
    max: : [2.9633333333333334]
    n: 1321
    n_valid: : [1321]
    dt_original: : [1000000000, 6000000000, 14000000000, 21000000000]
2026-07-31T11:06:13.871246Z INFO  main Plotting '10206' data
2026-07-31T11:06:13.887360Z INFO  main   Plotting '10206/GIC/measured/NERC' original vs. modified data
2026-07-31T11:06:18.715903Z INFO  main     Writing C:\Users\lwilker\Documents\GitHub\SWERVE-data\data_processed/2021-05-12/sites/10206/figures\original\GIC_measured_NERC.png
2026-07-31T11:06:20.647109Z INFO  main     Writing C:\Users\lwilker\Documents\GitHub\SWERVE-data\data_processed/2021-05-12/sites/10206/figures\original\GIC_measured_NERC.pdf
2026-07-31T11:06:21.230504Z INFO  main Reading '10207' data
2026-07-31T11:06:21.311936Z INFO  main   Reading 'GIC/measured/NERC' data
2026-07-31T11:06:21.320987Z INFO  main     Reading C:\Users\lwilker\Documents\GitHub\SWERVE-data\data_original\nerc\2021-05-12\gic\2021E01_10207.csv
2026-07-31T11:06:25.741677Z INFO  main     Running automated error checks on GIC measured data
2026-07-31T11:06:53.633430Z INFO  main     
Resample to 1m aves and NaN pad or trim to start/stop.
2026-07-31T11:06:54.297494Z INFO  main     Writing C:\Users\lwilker\Documents\GitHub\SWERVE-data\data_processed\2021-05-12\sites\10207\data\GIC_measured_NERC.pkl
2026-07-31T11:06:54.830592Z INFO  main   Writing C:\Users\lwilker\Documents\GitHub\SWERVE-data\data_processed\2021-05-12\sites\10207\data\_all.pkl
2026-07-31T11:06:55.368099Z INFO  main Computing stats for '10207' data
2026-07-31T11:06:55.873748Z INFO  main   Uniq dts [ns] = [1000000000]
2026-07-31T11:06:55.874766Z INFO  main   Uniq dts [#]  = 1
2026-07-31T11:06:55.875770Z INFO  main   Stats for GIC/measured/NERC:
2026-07-31T11:06:55.876764Z INFO  main 
    std: : [0.5171109821663886]
    ave: : [0.013350996719656828]
    min: : [-3.3433333333333333]
    max: : [3.0733333333333333]
    n: 1321
    n_valid: : [1321]
    dt_original: : [1000000000]
2026-07-31T11:06:55.879293Z INFO  main Plotting '10207' data
2026-07-31T11:06:55.888358Z INFO  main   Plotting '10207/GIC/measured/NERC' original vs. modified data
2026-07-31T11:06:58.754039Z INFO  main     Writing C:\Users\lwilker\Documents\GitHub\SWERVE-data\data_processed/2021-05-12/sites/10207/figures\original\GIC_measured_NERC.png
2026-07-31T11:07:00.756102Z INFO  main     Writing C:\Users\lwilker\Documents\GitHub\SWERVE-data\data_processed/2021-05-12/sites/10207/figures\original\GIC_measured_NERC.pdf
2026-07-31T11:07:01.354242Z INFO  main Reading '10208' data
2026-07-31T11:07:01.376350Z INFO  main   Reading 'GIC/measured/NERC' data
2026-07-31T11:07:01.385904Z INFO  main     Reading C:\Users\lwilker\Documents\GitHub\SWERVE-data\data_original\nerc\2021-05-12\gic\2021E01_10208.csv
2026-07-31T11:07:05.720392Z INFO  main     Running automated error checks on GIC measured data
2026-07-31T11:07:33.399889Z INFO  main     
Resample to 1m aves and NaN pad or trim to start/stop.
2026-07-31T11:07:34.019695Z INFO  main     Writing C:\Users\lwilker\Documents\GitHub\SWERVE-data\data_processed\2021-05-12\sites\10208\data\GIC_measured_NERC.pkl
2026-07-31T11:07:34.563501Z INFO  main   Writing C:\Users\lwilker\Documents\GitHub\SWERVE-data\data_processed\2021-05-12\sites\10208\data\_all.pkl
2026-07-31T11:07:35.115309Z INFO  main Computing stats for '10208' data
2026-07-31T11:07:35.634075Z INFO  main   Uniq dts [ns] = [1000000000]
2026-07-31T11:07:35.635127Z INFO  main   Uniq dts [#]  = 1
2026-07-31T11:07:35.636142Z INFO  main   Stats for GIC/measured/NERC:
2026-07-31T11:07:35.636142Z INFO  main 
    std: : [0.1514690162172988]
    ave: : [-0.0034468836739843588]
    min: : [-1.28]
    max: : [0.825]
    n: 1321
    n_valid: : [1321]
    dt_original: : [1000000000]
2026-07-31T11:07:35.640142Z INFO  main Plotting '10208' data
2026-07-31T11:07:35.651289Z INFO  main   Plotting '10208/GIC/measured/NERC' original vs. modified data
2026-07-31T11:07:39.534794Z INFO  main     Writing C:\Users\lwilker\Documents\GitHub\SWERVE-data\data_processed/2021-05-12/sites/10208/figures\original\GIC_measured_NERC.png
2026-07-31T11:07:46.283911Z INFO  main     Writing C:\Users\lwilker\Documents\GitHub\SWERVE-data\data_processed/2021-05-12/sites/10208/figures\original\GIC_measured_NERC.pdf
2026-07-31T11:07:46.939501Z INFO  main Reading '10209' data
2026-07-31T11:07:46.964365Z INFO  main   Reading 'GIC/measured/NERC' data
2026-07-31T11:07:46.975018Z INFO  main     Reading C:\Users\lwilker\Documents\GitHub\SWERVE-data\data_original\nerc\2021-05-12\gic\2021E01_10209.csv
2026-07-31T11:07:51.437925Z INFO  main     Running automated error checks on GIC measured data
2026-07-31T11:08:19.436010Z INFO  main     
Resample to 1m aves and NaN pad or trim to start/stop.
2026-07-31T11:08:20.100355Z INFO  main     Writing C:\Users\lwilker\Documents\GitHub\SWERVE-data\data_processed\2021-05-12\sites\10209\data\GIC_measured_NERC.pkl
2026-07-31T11:08:20.643720Z INFO  main   Writing C:\Users\lwilker\Documents\GitHub\SWERVE-data\data_processed\2021-05-12\sites\10209\data\_all.pkl
2026-07-31T11:08:21.175202Z INFO  main Computing stats for '10209' data
2026-07-31T11:08:21.690525Z INFO  main   Uniq dts [ns] = [1000000000]
2026-07-31T11:08:21.690525Z INFO  main   Uniq dts [#]  = 1
2026-07-31T11:08:21.691544Z INFO  main   Stats for GIC/measured/NERC:
2026-07-31T11:08:21.692544Z INFO  main 
    std: : [0.44654839682344755]
    ave: : [-0.0018975523593237455]
    min: : [-2.1966666666666668]
    max: : [2.606666666666667]
    n: 1321
    n_valid: : [1321]
    dt_original: : [1000000000]
2026-07-31T11:08:21.695059Z INFO  main Plotting '10209' data
2026-07-31T11:08:21.710232Z INFO  main   Plotting '10209/GIC/measured/NERC' original vs. modified data
2026-07-31T11:08:24.616737Z INFO  main     Writing C:\Users\lwilker\Documents\GitHub\SWERVE-data\data_processed/2021-05-12/sites/10209/figures\original\GIC_measured_NERC.png
2026-07-31T11:08:26.590032Z INFO  main     Writing C:\Users\lwilker\Documents\GitHub\SWERVE-data\data_processed/2021-05-12/sites/10209/figures\original\GIC_measured_NERC.pdf
2026-07-31T11:08:27.217302Z INFO  main Reading '10210' data
2026-07-31T11:08:27.241028Z INFO  main   Reading 'GIC/measured/NERC' data
2026-07-31T11:08:27.252698Z INFO  main     Reading C:\Users\lwilker\Documents\GitHub\SWERVE-data\data_original\nerc\2021-05-12\gic\2021E01_10210.csv
2026-07-31T11:08:31.892707Z INFO  main     Running automated error checks on GIC measured data
2026-07-31T11:08:59.804121Z INFO  main     
Resample to 1m aves and NaN pad or trim to start/stop.
2026-07-31T11:09:00.413284Z INFO  main     Writing C:\Users\lwilker\Documents\GitHub\SWERVE-data\data_processed\2021-05-12\sites\10210\data\GIC_measured_NERC.pkl
2026-07-31T11:09:00.955436Z INFO  main   Writing C:\Users\lwilker\Documents\GitHub\SWERVE-data\data_processed\2021-05-12\sites\10210\data\_all.pkl
2026-07-31T11:09:01.507085Z INFO  main Computing stats for '10210' data
2026-07-31T11:09:02.032119Z INFO  main   Uniq dts [ns] = [1000000000]
2026-07-31T11:09:02.033112Z INFO  main   Uniq dts [#]  = 1
2026-07-31T11:09:02.033112Z INFO  main   Stats for GIC/measured/NERC:
2026-07-31T11:09:02.034110Z INFO  main 
    std: : [0.3252956848032127]
    ave: : [-0.0023454453696694446]
    min: : [-1.745]
    max: : [1.655]
    n: 1321
    n_valid: : [1321]
    dt_original: : [1000000000]
2026-07-31T11:09:02.039169Z INFO  main Plotting '10210' data
2026-07-31T11:09:02.053806Z INFO  main   Plotting '10210/GIC/measured/NERC' original vs. modified data
2026-07-31T11:09:04.999908Z INFO  main     Writing C:\Users\lwilker\Documents\GitHub\SWERVE-data\data_processed/2021-05-12/sites/10210/figures\original\GIC_measured_NERC.png
2026-07-31T11:09:07.205914Z INFO  main     Writing C:\Users\lwilker\Documents\GitHub\SWERVE-data\data_processed/2021-05-12/sites/10210/figures\original\GIC_measured_NERC.pdf
2026-07-31T11:09:07.879660Z INFO  main Reading '10211' data
2026-07-31T11:09:07.901766Z INFO  main   Reading 'GIC/measured/NERC' data
2026-07-31T11:09:07.913032Z INFO  main     Reading C:\Users\lwilker\Documents\GitHub\SWERVE-data\data_original\nerc\2021-05-12\gic\2021E01_10211.csv
2026-07-31T11:09:12.601551Z INFO  main     Running automated error checks on GIC measured data
2026-07-31T11:09:39.213493Z INFO  main     
Resample to 1m aves and NaN pad or trim to start/stop.
2026-07-31T11:09:39.825255Z INFO  main     Writing C:\Users\lwilker\Documents\GitHub\SWERVE-data\data_processed\2021-05-12\sites\10211\data\GIC_measured_NERC.pkl
2026-07-31T11:09:40.352191Z INFO  main   Writing C:\Users\lwilker\Documents\GitHub\SWERVE-data\data_processed\2021-05-12\sites\10211\data\_all.pkl
2026-07-31T11:09:40.875115Z INFO  main Computing stats for '10211' data
2026-07-31T11:09:41.410007Z INFO  main   Uniq dts [ns] = [1000000000]
2026-07-31T11:09:41.411047Z INFO  main   Uniq dts [#]  = 1
2026-07-31T11:09:41.412011Z INFO  main   Stats for GIC/measured/NERC:
2026-07-31T11:09:41.412011Z INFO  main 
    std: : [1.120451455621486]
    ave: : [-0.0029636638909916776]
    min: : [-6.876666666666666]
    max: : [5.3]
    n: 1321
    n_valid: : [1321]
    dt_original: : [1000000000]
2026-07-31T11:09:41.415540Z INFO  main Plotting '10211' data
2026-07-31T11:09:41.426749Z INFO  main   Plotting '10211/GIC/measured/NERC' original vs. modified data
2026-07-31T11:09:44.378577Z INFO  main     Writing C:\Users\lwilker\Documents\GitHub\SWERVE-data\data_processed/2021-05-12/sites/10211/figures\original\GIC_measured_NERC.png
2026-07-31T11:09:46.550663Z INFO  main     Writing C:\Users\lwilker\Documents\GitHub\SWERVE-data\data_processed/2021-05-12/sites/10211/figures\original\GIC_measured_NERC.pdf
2026-07-31T11:09:47.112750Z INFO  main Reading '10212' data
2026-07-31T11:09:47.149359Z INFO  main   Reading 'GIC/measured/NERC' data
2026-07-31T11:09:47.166378Z INFO  main     Reading C:\Users\lwilker\Documents\GitHub\SWERVE-data\data_original\nerc\2021-05-12\gic\2021E01_10212.csv
2026-07-31T11:09:51.756955Z INFO  main     Running automated error checks on GIC measured data
2026-07-31T11:10:19.381273Z INFO  main     
Resample to 1m aves and NaN pad or trim to start/stop.
2026-07-31T11:10:20.040664Z INFO  main     Writing C:\Users\lwilker\Documents\GitHub\SWERVE-data\data_processed\2021-05-12\sites\10212\data\GIC_measured_NERC.pkl
2026-07-31T11:10:20.604678Z INFO  main   Writing C:\Users\lwilker\Documents\GitHub\SWERVE-data\data_processed\2021-05-12\sites\10212\data\_all.pkl
2026-07-31T11:10:21.111239Z INFO  main Computing stats for '10212' data
2026-07-31T11:10:21.645662Z INFO  main   Uniq dts [ns] = [1000000000 2000000000 6000000000]
2026-07-31T11:10:21.647172Z INFO  main   Uniq dts [#]  = 3
2026-07-31T11:10:21.648194Z INFO  main   Stats for GIC/measured/NERC:
2026-07-31T11:10:21.649215Z INFO  main 
    std: : [1.4688316436651485]
    ave: : [0.11458800724887024]
    min: : [-4.786666666666666]
    max: : [2.8699999999999997]
    n: 1321
    n_valid: : [1321]
    dt_original: : [1000000000, 2000000000, 6000000000]
2026-07-31T11:10:21.652742Z INFO  main Plotting '10212' data
2026-07-31T11:10:21.667039Z INFO  main   Plotting '10212/GIC/measured/NERC' original vs. modified data
2026-07-31T11:10:24.764369Z INFO  main     Writing C:\Users\lwilker\Documents\GitHub\SWERVE-data\data_processed/2021-05-12/sites/10212/figures\original\GIC_measured_NERC.png
2026-07-31T11:10:26.951822Z INFO  main     Writing C:\Users\lwilker\Documents\GitHub\SWERVE-data\data_processed/2021-05-12/sites/10212/figures\original\GIC_measured_NERC.pdf
2026-07-31T11:10:27.600535Z INFO  main Reading '10216' data
2026-07-31T11:10:27.629192Z INFO  main   Reading 'GIC/measured/NERC' data
2026-07-31T11:10:27.642315Z INFO  main     Reading C:\Users\lwilker\Documents\GitHub\SWERVE-data\data_original\nerc\2021-05-12\gic\2021E01_10216.csv
2026-07-31T11:10:30.191852Z INFO  main     Running automated error checks on GIC measured data
2026-07-31T11:10:43.493592Z INFO  main     
Resample to 1m aves and NaN pad or trim to start/stop.
2026-07-31T11:10:43.832251Z INFO  main     Writing C:\Users\lwilker\Documents\GitHub\SWERVE-data\data_processed\2021-05-12\sites\10216\data\GIC_measured_NERC.pkl
2026-07-31T11:10:44.426704Z INFO  main   Writing C:\Users\lwilker\Documents\GitHub\SWERVE-data\data_processed\2021-05-12\sites\10216\data\_all.pkl
2026-07-31T11:10:44.687879Z INFO  main Computing stats for '10216' data
2026-07-31T11:10:44.967025Z INFO  main   Uniq dts [ns] = [2000000000 4000000000]
2026-07-31T11:10:44.967025Z INFO  main   Uniq dts [#]  = 2
2026-07-31T11:10:44.968537Z INFO  main   Stats for GIC/measured/NERC:
2026-07-31T11:10:44.968537Z INFO  main 
    std: : [0.6812746694723942]
    ave: : [-0.014167912799304891]
    min: : [-1.95]
    max: : [2.17]
    n: 1321
    n_valid: : [1321]
    dt_original: : [2000000000, 4000000000]
2026-07-31T11:10:44.971067Z INFO  main Plotting '10216' data
2026-07-31T11:10:44.984771Z INFO  main   Plotting '10216/GIC/measured/NERC' original vs. modified data
2026-07-31T11:10:49.358454Z INFO  main     Writing C:\Users\lwilker\Documents\GitHub\SWERVE-data\data_processed/2021-05-12/sites/10216/figures\original\GIC_measured_NERC.png
2026-07-31T11:10:57.078892Z INFO  main     Writing C:\Users\lwilker\Documents\GitHub\SWERVE-data\data_processed/2021-05-12/sites/10216/figures\original\GIC_measured_NERC.pdf
2026-07-31T11:10:57.640820Z INFO  main Reading '10219' data
2026-07-31T11:10:57.660974Z INFO  main   Reading 'GIC/measured/NERC' data
2026-07-31T11:10:57.671845Z INFO  main     Reading C:\Users\lwilker\Documents\GitHub\SWERVE-data\data_original\nerc\2021-05-12\gic\2021E01_10219.csv
2026-07-31T11:11:01.783134Z INFO  main     Running automated error checks on GIC measured data
2026-07-31T11:11:30.469991Z INFO  main     
Resample to 1m aves and NaN pad or trim to start/stop.
2026-07-31T11:11:31.135413Z INFO  main     Writing C:\Users\lwilker\Documents\GitHub\SWERVE-data\data_processed\2021-05-12\sites\10219\data\GIC_measured_NERC.pkl
2026-07-31T11:11:32.008511Z INFO  main   Writing C:\Users\lwilker\Documents\GitHub\SWERVE-data\data_processed\2021-05-12\sites\10219\data\_all.pkl
2026-07-31T11:11:32.558462Z INFO  main Computing stats for '10219' data
2026-07-31T11:11:33.163740Z INFO  main   Uniq dts [ns] = [1000000000]
2026-07-31T11:11:33.163740Z INFO  main   Uniq dts [#]  = 1
2026-07-31T11:11:33.166274Z INFO  main   Stats for GIC/measured/NERC:
2026-07-31T11:11:33.166274Z INFO  main 
    std: : [0.3473923182004285]
    ave: : [0.030875599293464544]
    min: : [-3.0533333333333332]
    max: : [1.8033333333333335]
    n: 1321
    n_valid: : [1321]
    dt_original: : [1000000000]
2026-07-31T11:11:33.170680Z INFO  main Plotting '10219' data
2026-07-31T11:11:33.188305Z INFO  main   Plotting '10219/GIC/measured/NERC' original vs. modified data
2026-07-31T11:11:36.485968Z INFO  main     Writing C:\Users\lwilker\Documents\GitHub\SWERVE-data\data_processed/2021-05-12/sites/10219/figures\original\GIC_measured_NERC.png
2026-07-31T11:11:39.140021Z INFO  main     Writing C:\Users\lwilker\Documents\GitHub\SWERVE-data\data_processed/2021-05-12/sites/10219/figures\original\GIC_measured_NERC.pdf
2026-07-31T11:11:39.685742Z INFO  main Reading '10220' data
2026-07-31T11:11:39.711355Z INFO  main   Reading 'GIC/measured/NERC' data
2026-07-31T11:11:39.722386Z INFO  main     Reading C:\Users\lwilker\Documents\GitHub\SWERVE-data\data_original\nerc\2021-05-12\gic\2021E01_10220.csv
2026-07-31T11:11:44.388306Z INFO  main     Running automated error checks on GIC measured data
2026-07-31T11:12:12.950618Z INFO  main     
Resample to 1m aves and NaN pad or trim to start/stop.
2026-07-31T11:12:13.656615Z INFO  main     Writing C:\Users\lwilker\Documents\GitHub\SWERVE-data\data_processed\2021-05-12\sites\10220\data\GIC_measured_NERC.pkl
2026-07-31T11:12:14.228503Z INFO  main   Writing C:\Users\lwilker\Documents\GitHub\SWERVE-data\data_processed\2021-05-12\sites\10220\data\_all.pkl
2026-07-31T11:12:14.735056Z INFO  main Computing stats for '10220' data
2026-07-31T11:12:15.305191Z INFO  main   Uniq dts [ns] = [1000000000 2000000000 3000000000 4000000000 5000000000 6000000000
 7000000000]
2026-07-31T11:12:15.306192Z INFO  main   Uniq dts [#]  = 7
2026-07-31T11:12:15.307705Z INFO  main   Stats for GIC/measured/NERC:
2026-07-31T11:12:15.308753Z INFO  main 
    std: : [0.2728163091008849]
    ave: : [0.04911974471374042]
    min: : [-1.6216666666666666]
    max: : [1.4683333333333333]
    n: 1321
    n_valid: : [1321]
    dt_original: : [1000000000 nanoseconds, 2000000000 nanoseconds, ..., 6000000000 nanoseconds, 7000000000 nanoseconds] (7 elements)
2026-07-31T11:12:15.310312Z INFO  main Plotting '10220' data
2026-07-31T11:12:15.321485Z INFO  main   Plotting '10220/GIC/measured/NERC' original vs. modified data
2026-07-31T11:12:18.429575Z INFO  main     Writing C:\Users\lwilker\Documents\GitHub\SWERVE-data\data_processed/2021-05-12/sites/10220/figures\original\GIC_measured_NERC.png
2026-07-31T11:12:20.825158Z INFO  main     Writing C:\Users\lwilker\Documents\GitHub\SWERVE-data\data_processed/2021-05-12/sites/10220/figures\original\GIC_measured_NERC.pdf
2026-07-31T11:12:21.517938Z INFO  main Reading '10248' data
2026-07-31T11:12:21.544719Z INFO  main   Reading 'GIC/measured/NERC' data
2026-07-31T11:12:21.558341Z INFO  main     Reading C:\Users\lwilker\Documents\GitHub\SWERVE-data\data_original\nerc\2021-05-12\gic\2021E01_10248.csv
2026-07-31T11:12:23.074142Z INFO  main     Running automated error checks on GIC measured data
2026-07-31T11:12:30.335422Z INFO  main     Baseline offset of 2.10 A corrected. 
Resample to 1m aves and NaN pad or trim to start/stop.
2026-07-31T11:12:30.542654Z INFO  main     Writing C:\Users\lwilker\Documents\GitHub\SWERVE-data\data_processed\2021-05-12\sites\10248\data\GIC_measured_NERC.pkl
2026-07-31T11:12:30.688576Z INFO  main   Writing C:\Users\lwilker\Documents\GitHub\SWERVE-data\data_processed\2021-05-12\sites\10248\data\_all.pkl
2026-07-31T11:12:30.825425Z INFO  main Computing stats for '10248' data
2026-07-31T11:12:30.984458Z INFO  main   Uniq dts [ns] = [4000000000]
2026-07-31T11:12:30.984458Z INFO  main   Uniq dts [#]  = 1
2026-07-31T11:12:30.985453Z INFO  main   Stats for GIC/measured/NERC:
2026-07-31T11:12:30.988469Z INFO  main 
    std: : [0.19632110317001067]
    ave: : [0.007120868029270708]
    min: : [-0.9666666666666667]
    max: : [2.113333333333333]
    n: 1321
    n_valid: : [1321]
    dt_original: : [4000000000]
2026-07-31T11:12:30.996031Z INFO  main Plotting '10248' data
2026-07-31T11:12:31.018898Z INFO  main   Plotting '10248/GIC/measured/NERC' original vs. modified data
2026-07-31T11:12:33.174027Z INFO  main     Writing C:\Users\lwilker\Documents\GitHub\SWERVE-data\data_processed/2021-05-12/sites/10248/figures\original\GIC_measured_NERC.png
2026-07-31T11:12:34.924936Z INFO  main     Writing C:\Users\lwilker\Documents\GitHub\SWERVE-data\data_processed/2021-05-12/sites/10248/figures\original\GIC_measured_NERC.pdf
2026-07-31T11:12:35.461449Z INFO  main Reading '10249' data
2026-07-31T11:12:35.485666Z INFO  main   Reading 'GIC/measured/NERC' data
2026-07-31T11:12:35.496842Z INFO  main     Reading C:\Users\lwilker\Documents\GitHub\SWERVE-data\data_original\nerc\2021-05-12\gic\2021E01_10249.csv
2026-07-31T11:12:36.509288Z INFO  main     Running automated error checks on GIC measured data
2026-07-31T11:12:43.564823Z INFO  main     
Resample to 1m aves and NaN pad or trim to start/stop.
2026-07-31T11:12:43.768386Z INFO  main     Writing C:\Users\lwilker\Documents\GitHub\SWERVE-data\data_processed\2021-05-12\sites\10249\data\GIC_measured_NERC.pkl
2026-07-31T11:12:44.214080Z INFO  main   Writing C:\Users\lwilker\Documents\GitHub\SWERVE-data\data_processed\2021-05-12\sites\10249\data\_all.pkl
2026-07-31T11:12:44.344121Z INFO  main Computing stats for '10249' data
2026-07-31T11:12:44.500376Z INFO  main   Uniq dts [ns] = [4000000000]
2026-07-31T11:12:44.501888Z INFO  main   Uniq dts [#]  = 1
2026-07-31T11:12:44.501888Z INFO  main   Stats for GIC/measured/NERC:
2026-07-31T11:12:44.502901Z INFO  main 
    std: : [0.03472269800466358]
    ave: : [-0.31649760282614176]
    min: : [-0.4]
    max: : [-0.3]
    n: 1321
    n_valid: : [1321]
    dt_original: : [4000000000]
2026-07-31T11:12:44.505918Z INFO  main Plotting '10249' data
2026-07-31T11:12:44.519235Z INFO  main   Plotting '10249/GIC/measured/NERC' original vs. modified data
2026-07-31T11:12:46.176011Z INFO  main     Writing C:\Users\lwilker\Documents\GitHub\SWERVE-data\data_processed/2021-05-12/sites/10249/figures\original\GIC_measured_NERC.png
2026-07-31T11:12:47.907842Z INFO  main     Writing C:\Users\lwilker\Documents\GitHub\SWERVE-data\data_processed/2021-05-12/sites/10249/figures\original\GIC_measured_NERC.pdf
2026-07-31T11:12:48.467814Z INFO  main Reading '10250' data
2026-07-31T11:12:48.513204Z INFO  main   Reading 'GIC/measured/NERC' data
2026-07-31T11:12:48.549316Z INFO  main     Reading C:\Users\lwilker\Documents\GitHub\SWERVE-data\data_original\nerc\2021-05-12\gic\2021E01_10250.csv
2026-07-31T11:12:49.660589Z INFO  main     Running automated error checks on GIC measured data
2026-07-31T11:12:56.435117Z INFO  main     Baseline offset of 1.90 A corrected. 
Resample to 1m aves and NaN pad or trim to start/stop.
2026-07-31T11:12:56.637426Z INFO  main     Writing C:\Users\lwilker\Documents\GitHub\SWERVE-data\data_processed\2021-05-12\sites\10250\data\GIC_measured_NERC.pkl
2026-07-31T11:12:57.161879Z INFO  main   Writing C:\Users\lwilker\Documents\GitHub\SWERVE-data\data_processed\2021-05-12\sites\10250\data\_all.pkl
2026-07-31T11:12:57.288368Z INFO  main Computing stats for '10250' data
2026-07-31T11:12:57.441503Z INFO  main   Uniq dts [ns] = [4000000000]
2026-07-31T11:12:57.441503Z INFO  main   Uniq dts [#]  = 1
2026-07-31T11:12:57.443035Z INFO  main   Stats for GIC/measured/NERC:
2026-07-31T11:12:57.444071Z INFO  main 
    std: : [0.2735034528804407]
    ave: : [0.017491799142064182]
    min: : [-1.853333333333333]
    max: : [2.2800000000000002]
    n: 1321
    n_valid: : [1321]
    dt_original: : [4000000000]
2026-07-31T11:12:57.446069Z INFO  main Plotting '10250' data
2026-07-31T11:12:57.461683Z INFO  main   Plotting '10250/GIC/measured/NERC' original vs. modified data
2026-07-31T11:12:59.380704Z INFO  main     Writing C:\Users\lwilker\Documents\GitHub\SWERVE-data\data_processed/2021-05-12/sites/10250/figures\original\GIC_measured_NERC.png
2026-07-31T11:13:01.354154Z INFO  main     Writing C:\Users\lwilker\Documents\GitHub\SWERVE-data\data_processed/2021-05-12/sites/10250/figures\original\GIC_measured_NERC.pdf
2026-07-31T11:13:01.861616Z INFO  main Reading '10251' data
2026-07-31T11:13:01.894688Z INFO  main   Reading 'GIC/measured/NERC' data
2026-07-31T11:13:01.909974Z INFO  main     Reading C:\Users\lwilker\Documents\GitHub\SWERVE-data\data_original\nerc\2021-05-12\gic\2021E01_10251.csv
2026-07-31T11:13:06.806404Z INFO  main     Running automated error checks on GIC measured data
2026-07-31T11:13:34.944069Z INFO  main     
Resample to 1m aves and NaN pad or trim to start/stop.
2026-07-31T11:13:35.635067Z INFO  main     Writing C:\Users\lwilker\Documents\GitHub\SWERVE-data\data_processed\2021-05-12\sites\10251\data\GIC_measured_NERC.pkl
2026-07-31T11:13:36.096366Z INFO  main   Writing C:\Users\lwilker\Documents\GitHub\SWERVE-data\data_processed\2021-05-12\sites\10251\data\_all.pkl
2026-07-31T11:13:36.856411Z INFO  main Computing stats for '10251' data
2026-07-31T11:13:37.428486Z INFO  main   Uniq dts [ns] = [1000000000 2000000000]
2026-07-31T11:13:37.430000Z INFO  main   Uniq dts [#]  = 2
2026-07-31T11:13:37.431531Z INFO  main   Stats for GIC/measured/NERC:
2026-07-31T11:13:37.431531Z INFO  main 
    std: : [0.08825900667019321]
    ave: : [0.008758516275548828]
    min: : [-0.5716666666666667]
    max: : [0.9916666666666667]
    n: 1321
    n_valid: : [1321]
    dt_original: : [1000000000, 2000000000]
2026-07-31T11:13:37.435076Z INFO  main Plotting '10251' data
2026-07-31T11:13:37.453930Z INFO  main   Plotting '10251/GIC/measured/NERC' original vs. modified data
2026-07-31T11:13:41.315292Z INFO  main     Writing C:\Users\lwilker\Documents\GitHub\SWERVE-data\data_processed/2021-05-12/sites/10251/figures\original\GIC_measured_NERC.png
2026-07-31T11:13:49.379599Z INFO  main     Writing C:\Users\lwilker\Documents\GitHub\SWERVE-data\data_processed/2021-05-12/sites/10251/figures\original\GIC_measured_NERC.pdf
2026-07-31T11:13:50.066211Z INFO  main Reading '10252' data
2026-07-31T11:13:50.109848Z INFO  main   Reading 'GIC/measured/NERC' data
2026-07-31T11:13:50.123808Z INFO  main     Reading C:\Users\lwilker\Documents\GitHub\SWERVE-data\data_original\nerc\2021-05-12\gic\2021E01_10252.csv
2026-07-31T11:13:54.415215Z INFO  main     Running automated error checks on GIC measured data
2026-07-31T11:14:20.490669Z INFO  main     
Resample to 1m aves and NaN pad or trim to start/stop.
2026-07-31T11:14:21.191681Z INFO  main     Writing C:\Users\lwilker\Documents\GitHub\SWERVE-data\data_processed\2021-05-12\sites\10252\data\GIC_measured_NERC.pkl
2026-07-31T11:14:21.715390Z INFO  main   Writing C:\Users\lwilker\Documents\GitHub\SWERVE-data\data_processed\2021-05-12\sites\10252\data\_all.pkl
2026-07-31T11:14:22.225402Z INFO  main Computing stats for '10252' data
2026-07-31T11:14:22.774352Z INFO  main   Uniq dts [ns] = [   1000000000    2000000000 1660000000000 3675000000000 5705000000000]
2026-07-31T11:14:22.775352Z INFO  main   Uniq dts [#]  = 5
2026-07-31T11:14:22.776350Z INFO  main   Stats for GIC/measured/NERC:
2026-07-31T11:14:22.776350Z INFO  main 
    std: : [0.030007436995786316]
    ave: : [0.016120540172794302]
    min: : [-0.07166666666666667]
    max: : [0.09166666666666666]
    n: 1321
    n_valid: : [1141]
    dt_original: : [1000000000 nanoseconds, 2000000000 nanoseconds, ..., 3675000000000 nanoseconds, 5705000000000 nanoseconds] (5 elements)
2026-07-31T11:14:22.779402Z INFO  main Plotting '10252' data
2026-07-31T11:14:22.797603Z INFO  main   Plotting '10252/GIC/measured/NERC' original vs. modified data
2026-07-31T11:14:29.648575Z INFO  main     Writing C:\Users\lwilker\Documents\GitHub\SWERVE-data\data_processed/2021-05-12/sites/10252/figures\original\GIC_measured_NERC.png
2026-07-31T11:14:55.840479Z INFO  main     Writing C:\Users\lwilker\Documents\GitHub\SWERVE-data\data_processed/2021-05-12/sites/10252/figures\original\GIC_measured_NERC.pdf
2026-07-31T11:14:56.531884Z INFO  main Reading '10267' data
2026-07-31T11:14:56.565164Z INFO  main   Reading 'GIC/measured/NERC' data
2026-07-31T11:14:56.580770Z INFO  main     Reading C:\Users\lwilker\Documents\GitHub\SWERVE-data\data_original\nerc\2021-05-12\gic\2021E01_10267.csv
2026-07-31T11:14:57.095789Z INFO  main     Running automated error checks on GIC measured data
2026-07-31T11:15:00.166381Z INFO  main     Baseline offset of -55.90 A corrected. 
Resample to 1m aves and NaN pad or trim to start/stop.
2026-07-31T11:15:00.253967Z INFO  main     Writing C:\Users\lwilker\Documents\GitHub\SWERVE-data\data_processed\2021-05-12\sites\10267\data\GIC_measured_NERC.pkl
2026-07-31T11:15:00.309336Z INFO  main   Writing C:\Users\lwilker\Documents\GitHub\SWERVE-data\data_processed\2021-05-12\sites\10267\data\_all.pkl
2026-07-31T11:15:00.366278Z INFO  main Computing stats for '10267' data
2026-07-31T11:15:00.427798Z INFO  main   Uniq dts [ns] = [10000000000]
2026-07-31T11:15:00.428807Z INFO  main   Uniq dts [#]  = 1
2026-07-31T11:15:00.429818Z INFO  main   Stats for GIC/measured/NERC:
2026-07-31T11:15:00.429818Z INFO  main 
    std: : [0.0]
    ave: : [0.0]
    min: : [0.0]
    max: : [0.0]
    n: 1321
    n_valid: : [1321]
    dt_original: : [10000000000]
2026-07-31T11:15:00.431819Z INFO  main Plotting '10267' data
2026-07-31T11:15:00.450519Z INFO  main   Plotting '10267/GIC/measured/NERC' original vs. modified data
2026-07-31T11:15:02.146430Z INFO  main     Writing C:\Users\lwilker\Documents\GitHub\SWERVE-data\data_processed/2021-05-12/sites/10267/figures\original\GIC_measured_NERC.png
2026-07-31T11:15:03.898628Z INFO  main     Writing C:\Users\lwilker\Documents\GitHub\SWERVE-data\data_processed/2021-05-12/sites/10267/figures\original\GIC_measured_NERC.pdf
2026-07-31T11:15:04.456568Z INFO  main Reading '10268' data
2026-07-31T11:15:04.494462Z INFO  main   Reading 'GIC/measured/NERC' data
2026-07-31T11:15:04.508440Z INFO  main     Reading C:\Users\lwilker\Documents\GitHub\SWERVE-data\data_original\nerc\2021-05-12\gic\2021E01_10268.csv
2026-07-31T11:15:05.575189Z INFO  main     Running automated error checks on GIC measured data
2026-07-31T11:15:08.500689Z INFO  main     Baseline offset of -2.00 A corrected. 
Resample to 1m aves and NaN pad or trim to start/stop.
2026-07-31T11:15:08.603380Z INFO  main     Writing C:\Users\lwilker\Documents\GitHub\SWERVE-data\data_processed\2021-05-12\sites\10268\data\GIC_measured_NERC.pkl
2026-07-31T11:15:08.661988Z INFO  main   Writing C:\Users\lwilker\Documents\GitHub\SWERVE-data\data_processed\2021-05-12\sites\10268\data\_all.pkl
2026-07-31T11:15:08.708434Z INFO  main Computing stats for '10268' data
2026-07-31T11:15:08.767901Z INFO  main   Uniq dts [ns] = [10000000000]
2026-07-31T11:15:08.768430Z INFO  main   Uniq dts [#]  = 1
2026-07-31T11:15:08.769451Z INFO  main   Stats for GIC/measured/NERC:
2026-07-31T11:15:08.769451Z INFO  main 
    std: : [0.2936805462627017]
    ave: : [0.05828917486752459]
    min: : [-0.9666666666666667]
    max: : [1.1833333333333333]
    n: 1321
    n_valid: : [1321]
    dt_original: : [10000000000]
2026-07-31T11:15:08.772984Z INFO  main Plotting '10268' data
2026-07-31T11:15:08.786092Z INFO  main   Plotting '10268/GIC/measured/NERC' original vs. modified data
2026-07-31T11:15:10.438674Z INFO  main     Writing C:\Users\lwilker\Documents\GitHub\SWERVE-data\data_processed/2021-05-12/sites/10268/figures\original\GIC_measured_NERC.png
2026-07-31T11:15:12.243125Z INFO  main     Writing C:\Users\lwilker\Documents\GitHub\SWERVE-data\data_processed/2021-05-12/sites/10268/figures\original\GIC_measured_NERC.pdf
2026-07-31T11:15:12.783627Z INFO  main Reading '10269' data
2026-07-31T11:15:12.810332Z INFO  main   Reading 'GIC/measured/NERC' data
2026-07-31T11:15:12.823485Z INFO  main     Reading C:\Users\lwilker\Documents\GitHub\SWERVE-data\data_original\nerc\2021-05-12\gic\2021E01_10269.csv
2026-07-31T11:15:13.321636Z INFO  main     Running automated error checks on GIC measured data
2026-07-31T11:15:16.303191Z INFO  main     Baseline offset of 13.80 A corrected. 
Resample to 1m aves and NaN pad or trim to start/stop.
2026-07-31T11:15:16.406121Z INFO  main     Writing C:\Users\lwilker\Documents\GitHub\SWERVE-data\data_processed\2021-05-12\sites\10269\data\GIC_measured_NERC.pkl
2026-07-31T11:15:16.481967Z INFO  main   Writing C:\Users\lwilker\Documents\GitHub\SWERVE-data\data_processed\2021-05-12\sites\10269\data\_all.pkl
2026-07-31T11:15:16.573373Z INFO  main Computing stats for '10269' data
2026-07-31T11:15:16.658599Z INFO  main   Uniq dts [ns] = [10000000000]
2026-07-31T11:15:16.659624Z INFO  main   Uniq dts [#]  = 1
2026-07-31T11:15:16.661148Z INFO  main   Stats for GIC/measured/NERC:
2026-07-31T11:15:16.662169Z INFO  main 
    std: : [1.457868610018941]
    ave: : [-1.0860333080999252]
    min: : [-3.0]
    max: : [1.299999999999999]
    n: 1321
    n_valid: : [1321]
    dt_original: : [10000000000]
2026-07-31T11:15:16.668803Z INFO  main Plotting '10269' data
2026-07-31T11:15:16.686498Z INFO  main   Plotting '10269/GIC/measured/NERC' original vs. modified data
2026-07-31T11:15:18.678626Z INFO  main     Writing C:\Users\lwilker\Documents\GitHub\SWERVE-data\data_processed/2021-05-12/sites/10269/figures\original\GIC_measured_NERC.png
2026-07-31T11:15:20.720206Z INFO  main     Writing C:\Users\lwilker\Documents\GitHub\SWERVE-data\data_processed/2021-05-12/sites/10269/figures\original\GIC_measured_NERC.pdf
2026-07-31T11:15:21.312230Z INFO  main Reading '10271' data
2026-07-31T11:15:21.348584Z INFO  main   Reading 'GIC/measured/NERC' data
2026-07-31T11:15:21.364320Z INFO  main     Reading C:\Users\lwilker\Documents\GitHub\SWERVE-data\data_original\nerc\2021-05-12\gic\2021E01_10271.csv
2026-07-31T11:15:21.948630Z INFO  main     Running automated error checks on GIC measured data
2026-07-31T11:15:25.021734Z INFO  main     Baseline offset of 16.00 A corrected. 
Resample to 1m aves and NaN pad or trim to start/stop.
2026-07-31T11:15:25.119899Z INFO  main     Writing C:\Users\lwilker\Documents\GitHub\SWERVE-data\data_processed\2021-05-12\sites\10271\data\GIC_measured_NERC.pkl
2026-07-31T11:15:25.213533Z INFO  main   Writing C:\Users\lwilker\Documents\GitHub\SWERVE-data\data_processed\2021-05-12\sites\10271\data\_all.pkl
2026-07-31T11:15:25.270509Z INFO  main Computing stats for '10271' data
2026-07-31T11:15:25.337553Z INFO  main   Uniq dts [ns] = [10000000000]
2026-07-31T11:15:25.338551Z INFO  main   Uniq dts [#]  = 1
2026-07-31T11:15:25.339960Z INFO  main   Stats for GIC/measured/NERC:
2026-07-31T11:15:25.339960Z INFO  main 
    std: : [2.191960820808499]
    ave: : [-0.11413070905879397]
    min: : [-15.6]
    max: : [15.916666666666666]
    n: 1321
    n_valid: : [1321]
    dt_original: : [10000000000]
2026-07-31T11:15:25.343486Z INFO  main Plotting '10271' data
2026-07-31T11:15:25.354572Z INFO  main   Plotting '10271/GIC/measured/NERC' original vs. modified data
2026-07-31T11:15:27.081572Z INFO  main     Writing C:\Users\lwilker\Documents\GitHub\SWERVE-data\data_processed/2021-05-12/sites/10271/figures\original\GIC_measured_NERC.png
2026-07-31T11:15:29.266525Z INFO  main     Writing C:\Users\lwilker\Documents\GitHub\SWERVE-data\data_processed/2021-05-12/sites/10271/figures\original\GIC_measured_NERC.pdf
2026-07-31T11:15:29.815278Z INFO  main Reading '10272' data
2026-07-31T11:15:29.844039Z INFO  main   Reading 'GIC/measured/NERC' data
2026-07-31T11:15:29.856135Z INFO  main     Reading C:\Users\lwilker\Documents\GitHub\SWERVE-data\data_original\nerc\2021-05-12\gic\2021E01_10272.csv
2026-07-31T11:15:30.361577Z INFO  main     Running automated error checks on GIC measured data
2026-07-31T11:15:33.790456Z INFO  main     Baseline offset of -4.20 A corrected. 
Resample to 1m aves and NaN pad or trim to start/stop.
2026-07-31T11:15:33.883132Z INFO  main     Writing C:\Users\lwilker\Documents\GitHub\SWERVE-data\data_processed\2021-05-12\sites\10272\data\GIC_measured_NERC.pkl
2026-07-31T11:15:33.955477Z INFO  main   Writing C:\Users\lwilker\Documents\GitHub\SWERVE-data\data_processed\2021-05-12\sites\10272\data\_all.pkl
2026-07-31T11:15:34.029828Z INFO  main Computing stats for '10272' data
2026-07-31T11:15:34.100456Z INFO  main   Uniq dts [ns] = [10000000000]
2026-07-31T11:15:34.101973Z INFO  main   Uniq dts [#]  = 1
2026-07-31T11:15:34.102987Z INFO  main   Stats for GIC/measured/NERC:
2026-07-31T11:15:34.104008Z INFO  main 
    std: : [0.28049150234438935]
    ave: : [0.0885187988897302]
    min: : [-1.333333333333333]
    max: : [2.75]
    n: 1321
    n_valid: : [1321]
    dt_original: : [10000000000]
2026-07-31T11:15:34.106006Z INFO  main Plotting '10272' data
2026-07-31T11:15:34.119648Z INFO  main   Plotting '10272/GIC/measured/NERC' original vs. modified data
2026-07-31T11:15:35.691577Z INFO  main     Writing C:\Users\lwilker\Documents\GitHub\SWERVE-data\data_processed/2021-05-12/sites/10272/figures\original\GIC_measured_NERC.png
2026-07-31T11:15:37.592597Z INFO  main     Writing C:\Users\lwilker\Documents\GitHub\SWERVE-data\data_processed/2021-05-12/sites/10272/figures\original\GIC_measured_NERC.pdf
2026-07-31T11:15:38.167918Z INFO  main Reading '10273' data
2026-07-31T11:15:38.203309Z INFO  main   Reading 'GIC/measured/NERC' data
2026-07-31T11:15:38.217547Z INFO  main     Reading C:\Users\lwilker\Documents\GitHub\SWERVE-data\data_original\nerc\2021-05-12\gic\2021E01_10273.csv
2026-07-31T11:15:38.763645Z INFO  main     Running automated error checks on GIC measured data
2026-07-31T11:15:41.759398Z INFO  main     Baseline offset of -1.40 A corrected. 
Resample to 1m aves and NaN pad or trim to start/stop.
2026-07-31T11:15:41.860754Z INFO  main     Writing C:\Users\lwilker\Documents\GitHub\SWERVE-data\data_processed\2021-05-12\sites\10273\data\GIC_measured_NERC.pkl
2026-07-31T11:15:41.938798Z INFO  main   Writing C:\Users\lwilker\Documents\GitHub\SWERVE-data\data_processed\2021-05-12\sites\10273\data\_all.pkl
2026-07-31T11:15:41.998806Z INFO  main Computing stats for '10273' data
2026-07-31T11:15:42.066055Z INFO  main   Uniq dts [ns] = [10000000000]
2026-07-31T11:15:42.068575Z INFO  main   Uniq dts [#]  = 1
2026-07-31T11:15:42.069590Z INFO  main   Stats for GIC/measured/NERC:
2026-07-31T11:15:42.072603Z INFO  main 
    std: : [0.7079478407552021]
    ave: : [0.23426696946757491]
    min: : [-2.6833333333333336]
    max: : [6.833333333333333]
    n: 1321
    n_valid: : [1321]
    dt_original: : [10000000000]
2026-07-31T11:15:42.076957Z INFO  main Plotting '10273' data
2026-07-31T11:15:42.086018Z INFO  main   Plotting '10273/GIC/measured/NERC' original vs. modified data
2026-07-31T11:15:43.767688Z INFO  main     Writing C:\Users\lwilker\Documents\GitHub\SWERVE-data\data_processed/2021-05-12/sites/10273/figures\original\GIC_measured_NERC.png
2026-07-31T11:15:45.750415Z INFO  main     Writing C:\Users\lwilker\Documents\GitHub\SWERVE-data\data_processed/2021-05-12/sites/10273/figures\original\GIC_measured_NERC.pdf
2026-07-31T11:15:46.226315Z INFO  main Reading '10274' data
2026-07-31T11:15:46.250481Z INFO  main   Reading 'GIC/measured/NERC' data
2026-07-31T11:15:46.260566Z INFO  main     Reading C:\Users\lwilker\Documents\GitHub\SWERVE-data\data_original\nerc\2021-05-12\gic\2021E01_10274.csv
2026-07-31T11:15:47.102470Z INFO  main     Running automated error checks on GIC measured data
2026-07-31T11:15:50.090627Z INFO  main     
Resample to 1m aves and NaN pad or trim to start/stop.
2026-07-31T11:15:50.194543Z INFO  main     Writing C:\Users\lwilker\Documents\GitHub\SWERVE-data\data_processed\2021-05-12\sites\10274\data\GIC_measured_NERC.pkl
2026-07-31T11:15:50.272361Z INFO  main   Writing C:\Users\lwilker\Documents\GitHub\SWERVE-data\data_processed\2021-05-12\sites\10274\data\_all.pkl
2026-07-31T11:15:50.332236Z INFO  main Computing stats for '10274' data
2026-07-31T11:15:50.391947Z INFO  main   Uniq dts [ns] = [10000000000]
2026-07-31T11:15:50.391947Z INFO  main   Uniq dts [#]  = 1
2026-07-31T11:15:50.392945Z INFO  main   Stats for GIC/measured/NERC:
2026-07-31T11:15:50.393946Z INFO  main 
    std: : [0.6675026419736861]
    ave: : [-0.8509084027252082]
    min: : [-5.3500000000000005]
    max: : [6.8]
    n: 1321
    n_valid: : [1321]
    dt_original: : [10000000000]
2026-07-31T11:15:50.395943Z INFO  main Plotting '10274' data
2026-07-31T11:15:50.406564Z INFO  main   Plotting '10274/GIC/measured/NERC' original vs. modified data
2026-07-31T11:15:52.153229Z INFO  main     Writing C:\Users\lwilker\Documents\GitHub\SWERVE-data\data_processed/2021-05-12/sites/10274/figures\original\GIC_measured_NERC.png
2026-07-31T11:15:54.364075Z INFO  main     Writing C:\Users\lwilker\Documents\GitHub\SWERVE-data\data_processed/2021-05-12/sites/10274/figures\original\GIC_measured_NERC.pdf
2026-07-31T11:15:54.941651Z INFO  main Reading '10275' data
2026-07-31T11:15:54.970437Z INFO  main   Reading 'GIC/measured/NERC' data
2026-07-31T11:15:54.983118Z INFO  main     Reading C:\Users\lwilker\Documents\GitHub\SWERVE-data\data_original\nerc\2021-05-12\gic\2021E01_10275.csv
2026-07-31T11:15:55.544257Z INFO  main     Running automated error checks on GIC measured data
2026-07-31T11:15:58.745272Z INFO  main     Baseline offset of 8.70 A corrected. 
Resample to 1m aves and NaN pad or trim to start/stop.
2026-07-31T11:15:58.844129Z INFO  main     Writing C:\Users\lwilker\Documents\GitHub\SWERVE-data\data_processed\2021-05-12\sites\10275\data\GIC_measured_NERC.pkl
2026-07-31T11:15:58.903429Z INFO  main   Writing C:\Users\lwilker\Documents\GitHub\SWERVE-data\data_processed\2021-05-12\sites\10275\data\_all.pkl
2026-07-31T11:15:58.962830Z INFO  main Computing stats for '10275' data
2026-07-31T11:15:59.023020Z INFO  main   Uniq dts [ns] = [10000000000]
2026-07-31T11:15:59.024037Z INFO  main   Uniq dts [#]  = 1
2026-07-31T11:15:59.025039Z INFO  main   Stats for GIC/measured/NERC:
2026-07-31T11:15:59.026040Z INFO  main 
    std: : [1.2975304711613542]
    ave: : [-0.867411052233156]
    min: : [-3.4]
    max: : [0.9000000000000004]
    n: 1321
    n_valid: : [1321]
    dt_original: : [10000000000]
2026-07-31T11:15:59.031114Z INFO  main Plotting '10275' data
2026-07-31T11:15:59.045061Z INFO  main   Plotting '10275/GIC/measured/NERC' original vs. modified data
2026-07-31T11:16:01.041254Z INFO  main     Writing C:\Users\lwilker\Documents\GitHub\SWERVE-data\data_processed/2021-05-12/sites/10275/figures\original\GIC_measured_NERC.png
2026-07-31T11:16:02.911880Z INFO  main     Writing C:\Users\lwilker\Documents\GitHub\SWERVE-data\data_processed/2021-05-12/sites/10275/figures\original\GIC_measured_NERC.pdf
2026-07-31T11:16:03.471103Z INFO  main Reading '10276' data
2026-07-31T11:16:03.514408Z INFO  main   Reading 'GIC/measured/NERC' data
2026-07-31T11:16:03.533602Z INFO  main     Reading C:\Users\lwilker\Documents\GitHub\SWERVE-data\data_original\nerc\2021-05-12\gic\2021E01_10276.csv
2026-07-31T11:16:04.005832Z INFO  main     Running automated error checks on GIC measured data
2026-07-31T11:16:06.940548Z INFO  main     Baseline offset of 1.20 A corrected. 
Resample to 1m aves and NaN pad or trim to start/stop.
2026-07-31T11:16:07.035284Z INFO  main     Writing C:\Users\lwilker\Documents\GitHub\SWERVE-data\data_processed\2021-05-12\sites\10276\data\GIC_measured_NERC.pkl
2026-07-31T11:16:07.120099Z INFO  main   Writing C:\Users\lwilker\Documents\GitHub\SWERVE-data\data_processed\2021-05-12\sites\10276\data\_all.pkl
2026-07-31T11:16:07.172571Z INFO  main Computing stats for '10276' data
2026-07-31T11:16:07.235958Z INFO  main   Uniq dts [ns] = [10000000000]
2026-07-31T11:16:07.237469Z INFO  main   Uniq dts [#]  = 1
2026-07-31T11:16:07.238481Z INFO  main   Stats for GIC/measured/NERC:
2026-07-31T11:16:07.239499Z INFO  main 
    std: : [0.47926326135266706]
    ave: : [-0.013966691900075656]
    min: : [-4.116666666666666]
    max: : [3.283333333333333]
    n: 1321
    n_valid: : [1321]
    dt_original: : [10000000000]
2026-07-31T11:16:07.241499Z INFO  main Plotting '10276' data
2026-07-31T11:16:07.256130Z INFO  main   Plotting '10276/GIC/measured/NERC' original vs. modified data
2026-07-31T11:16:08.856092Z INFO  main     Writing C:\Users\lwilker\Documents\GitHub\SWERVE-data\data_processed/2021-05-12/sites/10276/figures\original\GIC_measured_NERC.png
2026-07-31T11:16:10.980585Z INFO  main     Writing C:\Users\lwilker\Documents\GitHub\SWERVE-data\data_processed/2021-05-12/sites/10276/figures\original\GIC_measured_NERC.pdf
2026-07-31T11:16:11.521629Z INFO  main Reading '10280' data
2026-07-31T11:16:11.555412Z INFO  main   Reading 'GIC/measured/NERC' data
2026-07-31T11:16:11.568404Z INFO  main     Reading C:\Users\lwilker\Documents\GitHub\SWERVE-data\data_original\nerc\2021-05-12\gic\2021E01_10280.csv
2026-07-31T11:16:12.113029Z INFO  main     Running automated error checks on GIC measured data
2026-07-31T11:16:15.503023Z INFO  main     Baseline offset of -428.00 A corrected. 
Resample to 1m aves and NaN pad or trim to start/stop.
2026-07-31T11:16:15.606458Z INFO  main     Writing C:\Users\lwilker\Documents\GitHub\SWERVE-data\data_processed\2021-05-12\sites\10280\data\GIC_measured_NERC.pkl
2026-07-31T11:16:15.702029Z INFO  main   Writing C:\Users\lwilker\Documents\GitHub\SWERVE-data\data_processed\2021-05-12\sites\10280\data\_all.pkl
2026-07-31T11:16:15.759448Z INFO  main Computing stats for '10280' data
2026-07-31T11:16:15.824100Z INFO  main   Uniq dts [ns] = [10000000000]
2026-07-31T11:16:15.824100Z INFO  main   Uniq dts [#]  = 1
2026-07-31T11:16:15.825101Z INFO  main   Stats for GIC/measured/NERC:
2026-07-31T11:16:15.826102Z INFO  main 
    std: : [0.0]
    ave: : [0.0]
    min: : [0.0]
    max: : [0.0]
    n: 1321
    n_valid: : [1321]
    dt_original: : [10000000000]
2026-07-31T11:16:15.828629Z INFO  main Plotting '10280' data
2026-07-31T11:16:15.843284Z INFO  main   Plotting '10280/GIC/measured/NERC' original vs. modified data
2026-07-31T11:16:17.376021Z INFO  main     Writing C:\Users\lwilker\Documents\GitHub\SWERVE-data\data_processed/2021-05-12/sites/10280/figures\original\GIC_measured_NERC.png
2026-07-31T11:16:18.947766Z INFO  main     Writing C:\Users\lwilker\Documents\GitHub\SWERVE-data\data_processed/2021-05-12/sites/10280/figures\original\GIC_measured_NERC.pdf
2026-07-31T11:16:19.500555Z INFO  main Reading '10281' data
2026-07-31T11:16:19.537692Z INFO  main   Reading 'GIC/measured/NERC' data
2026-07-31T11:16:19.553047Z INFO  main     Reading C:\Users\lwilker\Documents\GitHub\SWERVE-data\data_original\nerc\2021-05-12\gic\2021E01_10281.csv
2026-07-31T11:16:20.121663Z INFO  main     Running automated error checks on GIC measured data
2026-07-31T11:16:23.094230Z INFO  main     Baseline offset of -2.14 A corrected. 
Resample to 1m aves and NaN pad or trim to start/stop.
2026-07-31T11:16:23.193134Z INFO  main     Writing C:\Users\lwilker\Documents\GitHub\SWERVE-data\data_processed\2021-05-12\sites\10281\data\GIC_measured_NERC.pkl
2026-07-31T11:16:23.256574Z INFO  main   Writing C:\Users\lwilker\Documents\GitHub\SWERVE-data\data_processed\2021-05-12\sites\10281\data\_all.pkl
2026-07-31T11:16:23.320607Z INFO  main Computing stats for '10281' data
2026-07-31T11:16:23.384276Z INFO  main   Uniq dts [ns] = [10000000000]
2026-07-31T11:16:23.385281Z INFO  main   Uniq dts [#]  = 1
2026-07-31T11:16:23.387770Z INFO  main   Stats for GIC/measured/NERC:
2026-07-31T11:16:23.388781Z INFO  main 
    std: : [0.36481857686565916]
    ave: : [0.17189124400706549]
    min: : [-0.9549999999999997]
    max: : [1.3266666666666669]
    n: 1321
    n_valid: : [1321]
    dt_original: : [10000000000]
2026-07-31T11:16:23.391795Z INFO  main Plotting '10281' data
2026-07-31T11:16:23.403003Z INFO  main   Plotting '10281/GIC/measured/NERC' original vs. modified data
2026-07-31T11:16:25.042864Z INFO  main     Writing C:\Users\lwilker\Documents\GitHub\SWERVE-data\data_processed/2021-05-12/sites/10281/figures\original\GIC_measured_NERC.png
2026-07-31T11:16:26.855864Z INFO  main     Writing C:\Users\lwilker\Documents\GitHub\SWERVE-data\data_processed/2021-05-12/sites/10281/figures\original\GIC_measured_NERC.pdf
2026-07-31T11:16:27.323923Z INFO  main Reading '10282' data
2026-07-31T11:16:27.345492Z INFO  main   Reading 'GIC/measured/NERC' data
2026-07-31T11:16:27.355583Z INFO  main     Reading C:\Users\lwilker\Documents\GitHub\SWERVE-data\data_original\nerc\2021-05-12\gic\2021E01_10282.csv
2026-07-31T11:16:28.154036Z INFO  main     Running automated error checks on GIC measured data
2026-07-31T11:16:30.576410Z INFO  main     
Resample to 1m aves and NaN pad or trim to start/stop.
2026-07-31T11:16:30.665630Z INFO  main     Writing C:\Users\lwilker\Documents\GitHub\SWERVE-data\data_processed\2021-05-12\sites\10282\data\GIC_measured_NERC.pkl
2026-07-31T11:16:30.728555Z INFO  main   Writing C:\Users\lwilker\Documents\GitHub\SWERVE-data\data_processed\2021-05-12\sites\10282\data\_all.pkl
2026-07-31T11:16:30.778746Z INFO  main Computing stats for '10282' data
2026-07-31T11:16:30.831695Z INFO  main   Uniq dts [ns] = [10000000000]
2026-07-31T11:16:30.832671Z INFO  main   Uniq dts [#]  = 1
2026-07-31T11:16:30.833184Z INFO  main   Stats for GIC/measured/NERC:
2026-07-31T11:16:30.834201Z INFO  main 
    std: : [0.14548271592361445]
    ave: : [0.6871057279838507]
    min: : [0.23333333333333336]
    max: : [1.4666666666666668]
    n: 1321
    n_valid: : [1321]
    dt_original: : [10000000000]
2026-07-31T11:16:30.836203Z INFO  main Plotting '10282' data
2026-07-31T11:16:30.845268Z INFO  main   Plotting '10282/GIC/measured/NERC' original vs. modified data
2026-07-31T11:16:32.340123Z INFO  main     Writing C:\Users\lwilker\Documents\GitHub\SWERVE-data\data_processed/2021-05-12/sites/10282/figures\original\GIC_measured_NERC.png
2026-07-31T11:16:33.991793Z INFO  main     Writing C:\Users\lwilker\Documents\GitHub\SWERVE-data\data_processed/2021-05-12/sites/10282/figures\original\GIC_measured_NERC.pdf
2026-07-31T11:16:34.539837Z INFO  main Reading '10283' data
2026-07-31T11:16:34.568737Z INFO  main   Reading 'GIC/measured/NERC' data
2026-07-31T11:16:34.580391Z INFO  main     Reading C:\Users\lwilker\Documents\GitHub\SWERVE-data\data_original\nerc\2021-05-12\gic\2021E01_10283.csv
2026-07-31T11:16:35.052146Z INFO  main     Running automated error checks on GIC measured data
2026-07-31T11:16:37.776029Z INFO  main     Baseline offset of 3.60 A corrected. 
Resample to 1m aves and NaN pad or trim to start/stop.
2026-07-31T11:16:37.884180Z INFO  main     Writing C:\Users\lwilker\Documents\GitHub\SWERVE-data\data_processed\2021-05-12\sites\10283\data\GIC_measured_NERC.pkl
2026-07-31T11:16:37.954210Z INFO  main   Writing C:\Users\lwilker\Documents\GitHub\SWERVE-data\data_processed\2021-05-12\sites\10283\data\_all.pkl
2026-07-31T11:16:38.018822Z INFO  main Computing stats for '10283' data
2026-07-31T11:16:38.089835Z INFO  main   Uniq dts [ns] = [10000000000]
2026-07-31T11:16:38.093363Z INFO  main   Uniq dts [#]  = 1
2026-07-31T11:16:38.094388Z INFO  main   Stats for GIC/measured/NERC:
2026-07-31T11:16:38.095385Z INFO  main 
    std: : [0.19110675885414846]
    ave: : [-0.004630330557658405]
    min: : [-1.8]
    max: : [0.9666666666666663]
    n: 1321
    n_valid: : [1321]
    dt_original: : [10000000000]
2026-07-31T11:16:38.098415Z INFO  main Plotting '10283' data
2026-07-31T11:16:38.121099Z INFO  main   Plotting '10283/GIC/measured/NERC' original vs. modified data
2026-07-31T11:16:40.037757Z INFO  main     Writing C:\Users\lwilker\Documents\GitHub\SWERVE-data\data_processed/2021-05-12/sites/10283/figures\original\GIC_measured_NERC.png
2026-07-31T11:16:42.043165Z INFO  main     Writing C:\Users\lwilker\Documents\GitHub\SWERVE-data\data_processed/2021-05-12/sites/10283/figures\original\GIC_measured_NERC.pdf
2026-07-31T11:16:42.640400Z INFO  main Reading '10284' data
2026-07-31T11:16:42.677762Z INFO  main   Reading 'GIC/measured/NERC' data
2026-07-31T11:16:42.688866Z INFO  main     Reading C:\Users\lwilker\Documents\GitHub\SWERVE-data\data_original\nerc\2021-05-12\gic\2021E01_10284.csv
2026-07-31T11:16:43.205412Z INFO  main     Running automated error checks on GIC measured data
2026-07-31T11:16:46.160506Z INFO  main     Baseline offset of -11.00 A corrected. 
Resample to 1m aves and NaN pad or trim to start/stop.
2026-07-31T11:16:46.266221Z INFO  main     Writing C:\Users\lwilker\Documents\GitHub\SWERVE-data\data_processed\2021-05-12\sites\10284\data\GIC_measured_NERC.pkl
2026-07-31T11:16:46.340490Z INFO  main   Writing C:\Users\lwilker\Documents\GitHub\SWERVE-data\data_processed\2021-05-12\sites\10284\data\_all.pkl
2026-07-31T11:16:46.416141Z INFO  main Computing stats for '10284' data
2026-07-31T11:16:46.484039Z INFO  main   Uniq dts [ns] = [10000000000]
2026-07-31T11:16:46.485045Z INFO  main   Uniq dts [#]  = 1
2026-07-31T11:16:46.486045Z INFO  main   Stats for GIC/measured/NERC:
2026-07-31T11:16:46.486045Z INFO  main 
    std: : [0.37296964562642726]
    ave: : [-0.16356295735553855]
    min: : [-1.7000000000000002]
    max: : [2.35]
    n: 1321
    n_valid: : [1321]
    dt_original: : [10000000000]
2026-07-31T11:16:46.491084Z INFO  main Plotting '10284' data
2026-07-31T11:16:46.507726Z INFO  main   Plotting '10284/GIC/measured/NERC' original vs. modified data
2026-07-31T11:16:48.255170Z INFO  main     Writing C:\Users\lwilker\Documents\GitHub\SWERVE-data\data_processed/2021-05-12/sites/10284/figures\original\GIC_measured_NERC.png
2026-07-31T11:16:50.147716Z INFO  main     Writing C:\Users\lwilker\Documents\GitHub\SWERVE-data\data_processed/2021-05-12/sites/10284/figures\original\GIC_measured_NERC.pdf
2026-07-31T11:16:50.795569Z INFO  main Reading '10286' data
2026-07-31T11:16:50.827531Z INFO  main   Reading 'GIC/measured/NERC' data
2026-07-31T11:16:50.840230Z INFO  main     Reading C:\Users\lwilker\Documents\GitHub\SWERVE-data\data_original\nerc\2021-05-12\gic\2021E01_10286.csv
2026-07-31T11:16:51.483092Z INFO  main     Running automated error checks on GIC measured data
2026-07-31T11:16:54.768560Z INFO  main     Baseline offset of 8.00 A corrected. 
Resample to 1m aves and NaN pad or trim to start/stop.
2026-07-31T11:16:54.863185Z INFO  main     Writing C:\Users\lwilker\Documents\GitHub\SWERVE-data\data_processed\2021-05-12\sites\10286\data\GIC_measured_NERC.pkl
2026-07-31T11:16:54.940175Z INFO  main   Writing C:\Users\lwilker\Documents\GitHub\SWERVE-data\data_processed\2021-05-12\sites\10286\data\_all.pkl
2026-07-31T11:16:54.994178Z INFO  main Computing stats for '10286' data
2026-07-31T11:16:55.059694Z INFO  main   Uniq dts [ns] = [10000000000]
2026-07-31T11:16:55.061689Z INFO  main   Uniq dts [#]  = 1
2026-07-31T11:16:55.061689Z INFO  main   Stats for GIC/measured/NERC:
2026-07-31T11:16:55.063213Z INFO  main 
    std: : [0.43412006337941544]
    ave: : [0.14943224829674498]
    min: : [-4.25]
    max: : [1.6499999999999995]
    n: 1321
    n_valid: : [1321]
    dt_original: : [10000000000]
2026-07-31T11:16:55.066232Z INFO  main Plotting '10286' data
2026-07-31T11:16:55.090481Z INFO  main   Plotting '10286/GIC/measured/NERC' original vs. modified data
2026-07-31T11:16:56.740055Z INFO  main     Writing C:\Users\lwilker\Documents\GitHub\SWERVE-data\data_processed/2021-05-12/sites/10286/figures\original\GIC_measured_NERC.png
2026-07-31T11:16:58.834085Z INFO  main     Writing C:\Users\lwilker\Documents\GitHub\SWERVE-data\data_processed/2021-05-12/sites/10286/figures\original\GIC_measured_NERC.pdf
2026-07-31T11:16:59.337801Z INFO  main Reading '10290' data
2026-07-31T11:16:59.369841Z INFO  main   Reading 'GIC/measured/NERC' data
2026-07-31T11:16:59.387950Z INFO  main     Reading C:\Users\lwilker\Documents\GitHub\SWERVE-data\data_original\nerc\2021-05-12\gic\2021E01_10290.csv
2026-07-31T11:16:59.980411Z INFO  main     Running automated error checks on GIC measured data
2026-07-31T11:17:02.942032Z INFO  main     Baseline offset of 1.10 A corrected. 
Resample to 1m aves and NaN pad or trim to start/stop.
2026-07-31T11:17:03.047502Z INFO  main     Writing C:\Users\lwilker\Documents\GitHub\SWERVE-data\data_processed\2021-05-12\sites\10290\data\GIC_measured_NERC.pkl
2026-07-31T11:17:03.146168Z INFO  main   Writing C:\Users\lwilker\Documents\GitHub\SWERVE-data\data_processed\2021-05-12\sites\10290\data\_all.pkl
2026-07-31T11:17:03.189429Z INFO  main Computing stats for '10290' data
2026-07-31T11:17:03.253054Z INFO  main   Uniq dts [ns] = [10000000000]
2026-07-31T11:17:03.256073Z INFO  main   Uniq dts [#]  = 1
2026-07-31T11:17:03.256073Z INFO  main   Stats for GIC/measured/NERC:
2026-07-31T11:17:03.257586Z INFO  main 
    std: : [0.46581475885344775]
    ave: : [0.041761291950542456]
    min: : [-2.066666666666667]
    max: : [4.416666666666667]
    n: 1321
    n_valid: : [1321]
    dt_original: : [10000000000]
2026-07-31T11:17:03.260615Z INFO  main Plotting '10290' data
2026-07-31T11:17:03.274610Z INFO  main   Plotting '10290/GIC/measured/NERC' original vs. modified data
2026-07-31T11:17:04.797691Z INFO  main     Writing C:\Users\lwilker\Documents\GitHub\SWERVE-data\data_processed/2021-05-12/sites/10290/figures\original\GIC_measured_NERC.png
2026-07-31T11:17:06.763471Z INFO  main     Writing C:\Users\lwilker\Documents\GitHub\SWERVE-data\data_processed/2021-05-12/sites/10290/figures\original\GIC_measured_NERC.pdf
2026-07-31T11:17:07.245306Z INFO  main Reading '10325' data
2026-07-31T11:17:07.275405Z INFO  main   Reading 'GIC/measured/NERC' data
2026-07-31T11:17:07.283605Z INFO  main     Reading C:\Users\lwilker\Documents\GitHub\SWERVE-data\data_original\nerc\2021-05-12\gic\2021E01_10325.csv
2026-07-31T11:17:12.185440Z INFO  main     Running automated error checks on GIC measured data
2026-07-31T11:17:40.416443Z INFO  main     
Resample to 1m aves and NaN pad or trim to start/stop.
2026-07-31T11:17:41.131086Z INFO  main     Writing C:\Users\lwilker\Documents\GitHub\SWERVE-data\data_processed\2021-05-12\sites\10325\data\GIC_measured_NERC.pkl
2026-07-31T11:17:41.565637Z INFO  main   Writing C:\Users\lwilker\Documents\GitHub\SWERVE-data\data_processed\2021-05-12\sites\10325\data\_all.pkl
2026-07-31T11:17:42.006098Z INFO  main Computing stats for '10325' data
2026-07-31T11:17:42.594767Z INFO  main   Uniq dts [ns] = [ 1000000000  3000000000  4000000000  6000000000 12000000000 41000000000]
2026-07-31T11:17:42.596104Z INFO  main   Uniq dts [#]  = 6
2026-07-31T11:17:42.596104Z INFO  main   Stats for GIC/measured/NERC:
2026-07-31T11:17:42.597661Z INFO  main 
    std: : [0.08332441787395689]
    ave: : [0.04767698542396133]
    min: : [-0.24000000000000002]
    max: : [0.3016666666666667]
    n: 1321
    n_valid: : [1321]
    dt_original: : [1000000000 nanoseconds, 3000000000 nanoseconds, ..., 12000000000 nanoseconds, 41000000000 nanoseconds] (6 elements)
2026-07-31T11:17:42.600894Z INFO  main Plotting '10325' data
2026-07-31T11:17:42.616251Z INFO  main   Plotting '10325/GIC/measured/NERC' original vs. modified data
2026-07-31T11:17:48.878654Z INFO  main     Writing C:\Users\lwilker\Documents\GitHub\SWERVE-data\data_processed/2021-05-12/sites/10325/figures\original\GIC_measured_NERC.png
2026-07-31T11:18:03.131870Z INFO  main     Writing C:\Users\lwilker\Documents\GitHub\SWERVE-data\data_processed/2021-05-12/sites/10325/figures\original\GIC_measured_NERC.pdf
2026-07-31T11:18:03.866370Z INFO  main Reading '10366' data
2026-07-31T11:18:03.899550Z INFO  main   Reading 'GIC/measured/NERC' data
2026-07-31T11:18:03.914255Z INFO  main     Reading C:\Users\lwilker\Documents\GitHub\SWERVE-data\data_original\nerc\2021-05-12\gic\2021E01_10366.csv
2026-07-31T11:18:04.708760Z INFO  main     Running automated error checks on GIC measured data
2026-07-31T11:18:07.677314Z INFO  main     Baseline offset of -2.40 A corrected. 
Resample to 1m aves and NaN pad or trim to start/stop.
2026-07-31T11:18:07.796387Z INFO  main     Writing C:\Users\lwilker\Documents\GitHub\SWERVE-data\data_processed\2021-05-12\sites\10366\data\GIC_measured_NERC.pkl
2026-07-31T11:18:07.864394Z INFO  main   Writing C:\Users\lwilker\Documents\GitHub\SWERVE-data\data_processed\2021-05-12\sites\10366\data\_all.pkl
2026-07-31T11:18:07.931855Z INFO  main Computing stats for '10366' data
2026-07-31T11:18:07.999608Z INFO  main   Uniq dts [ns] = [10000000000]
2026-07-31T11:18:08.000609Z INFO  main   Uniq dts [#]  = 1
2026-07-31T11:18:08.001609Z INFO  main   Stats for GIC/measured/NERC:
2026-07-31T11:18:08.001609Z INFO  main 
    std: : [0.3437293811538653]
    ave: : [-0.19782992682311393]
    min: : [-1.2500000000000002]
    max: : [0.5]
    n: 1321
    n_valid: : [1321]
    dt_original: : [10000000000]
2026-07-31T11:18:08.005131Z INFO  main Plotting '10366' data
2026-07-31T11:18:08.022735Z INFO  main   Plotting '10366/GIC/measured/NERC' original vs. modified data
2026-07-31T11:18:09.821581Z INFO  main     Writing C:\Users\lwilker\Documents\GitHub\SWERVE-data\data_processed/2021-05-12/sites/10366/figures\original\GIC_measured_NERC.png
2026-07-31T11:18:11.967896Z INFO  main     Writing C:\Users\lwilker\Documents\GitHub\SWERVE-data\data_processed/2021-05-12/sites/10366/figures\original\GIC_measured_NERC.pdf
2026-07-31T11:18:12.601834Z INFO  main Reading '10367' data
2026-07-31T11:18:12.638566Z INFO  main   Reading 'GIC/measured/NERC' data
2026-07-31T11:18:12.656874Z INFO  main     Reading C:\Users\lwilker\Documents\GitHub\SWERVE-data\data_original\nerc\2021-05-12\gic\2021E01_10367.csv
2026-07-31T11:18:13.240835Z INFO  main     Running automated error checks on GIC measured data
2026-07-31T11:18:16.160436Z INFO  main     
Resample to 1m aves and NaN pad or trim to start/stop.
2026-07-31T11:18:16.266243Z INFO  main     Writing C:\Users\lwilker\Documents\GitHub\SWERVE-data\data_processed\2021-05-12\sites\10367\data\GIC_measured_NERC.pkl
2026-07-31T11:18:16.327700Z INFO  main   Writing C:\Users\lwilker\Documents\GitHub\SWERVE-data\data_processed\2021-05-12\sites\10367\data\_all.pkl
2026-07-31T11:18:16.386661Z INFO  main Computing stats for '10367' data
2026-07-31T11:18:16.447568Z INFO  main   Uniq dts [ns] = [ 8000000000  9000000000 10000000000 11000000000 12000000000]
2026-07-31T11:18:16.448588Z INFO  main   Uniq dts [#]  = 5
2026-07-31T11:18:16.449620Z INFO  main   Stats for GIC/measured/NERC:
2026-07-31T11:18:16.450613Z INFO  main 
    std: : [0.18598626831783766]
    ave: : [-0.9843691148775895]
    min: : [-1.7]
    max: : [-0.3]
    n: 1321
    n_valid: : [1062]
    dt_original: : [8000000000 nanoseconds, 9000000000 nanoseconds, ..., 11000000000 nanoseconds, 12000000000 nanoseconds] (5 elements)
2026-07-31T11:18:16.453624Z INFO  main Plotting '10367' data
2026-07-31T11:18:16.465363Z INFO  main   Plotting '10367/GIC/measured/NERC' original vs. modified data
2026-07-31T11:18:18.561627Z INFO  main     Writing C:\Users\lwilker\Documents\GitHub\SWERVE-data\data_processed/2021-05-12/sites/10367/figures\original\GIC_measured_NERC.png
2026-07-31T11:18:20.670002Z INFO  main     Writing C:\Users\lwilker\Documents\GitHub\SWERVE-data\data_processed/2021-05-12/sites/10367/figures\original\GIC_measured_NERC.pdf
2026-07-31T11:18:21.372901Z INFO  main Reading '10368' data
2026-07-31T11:18:21.412858Z INFO  main   Reading 'GIC/measured/NERC' data
2026-07-31T11:18:21.431711Z INFO  main     Reading C:\Users\lwilker\Documents\GitHub\SWERVE-data\data_original\nerc\2021-05-12\gic\2021E01_10368.csv
2026-07-31T11:18:21.960703Z INFO  main     Running automated error checks on GIC measured data
2026-07-31T11:18:24.792051Z INFO  main     Baseline offset of -4.50 A corrected. 
Resample to 1m aves and NaN pad or trim to start/stop.
2026-07-31T11:18:24.885188Z INFO  main     Writing C:\Users\lwilker\Documents\GitHub\SWERVE-data\data_processed\2021-05-12\sites\10368\data\GIC_measured_NERC.pkl
2026-07-31T11:18:24.945550Z INFO  main   Writing C:\Users\lwilker\Documents\GitHub\SWERVE-data\data_processed\2021-05-12\sites\10368\data\_all.pkl
2026-07-31T11:18:25.004483Z INFO  main Computing stats for '10368' data
2026-07-31T11:18:25.061894Z INFO  main   Uniq dts [ns] = [ 8000000000  9000000000 10000000000 11000000000 12000000000]
2026-07-31T11:18:25.063404Z INFO  main   Uniq dts [#]  = 5
2026-07-31T11:18:25.063404Z INFO  main   Stats for GIC/measured/NERC:
2026-07-31T11:18:25.064421Z INFO  main 
    std: : [0.14291000480029054]
    ave: : [-0.03969610636277307]
    min: : [-0.9000000000000004]
    max: : [0.2999999999999998]
    n: 1321
    n_valid: : [1053]
    dt_original: : [8000000000 nanoseconds, 9000000000 nanoseconds, ..., 11000000000 nanoseconds, 12000000000 nanoseconds] (5 elements)
2026-07-31T11:18:25.095651Z INFO  main Plotting '10368' data
2026-07-31T11:18:25.105079Z INFO  main   Plotting '10368/GIC/measured/NERC' original vs. modified data
2026-07-31T11:18:26.782033Z INFO  main     Writing C:\Users\lwilker\Documents\GitHub\SWERVE-data\data_processed/2021-05-12/sites/10368/figures\original\GIC_measured_NERC.png
2026-07-31T11:18:28.800880Z INFO  main     Writing C:\Users\lwilker\Documents\GitHub\SWERVE-data\data_processed/2021-05-12/sites/10368/figures\original\GIC_measured_NERC.pdf
2026-07-31T11:18:29.327887Z INFO  main Reading '10369' data
2026-07-31T11:18:29.356563Z INFO  main   Reading 'GIC/measured/NERC' data
2026-07-31T11:18:29.365133Z INFO  main     Reading C:\Users\lwilker\Documents\GitHub\SWERVE-data\data_original\nerc\2021-05-12\gic\2021E01_10369.csv
2026-07-31T11:18:29.875280Z INFO  main     Running automated error checks on GIC measured data
2026-07-31T11:18:33.237720Z INFO  main     Baseline offset of 101.00 A corrected. 
Resample to 1m aves and NaN pad or trim to start/stop.
2026-07-31T11:18:33.341591Z INFO  main     Writing C:\Users\lwilker\Documents\GitHub\SWERVE-data\data_processed\2021-05-12\sites\10369\data\GIC_measured_NERC.pkl
2026-07-31T11:18:33.410072Z INFO  main   Writing C:\Users\lwilker\Documents\GitHub\SWERVE-data\data_processed\2021-05-12\sites\10369\data\_all.pkl
2026-07-31T11:18:33.464745Z INFO  main Computing stats for '10369' data
2026-07-31T11:18:33.526254Z INFO  main   Uniq dts [ns] = [10000000000]
2026-07-31T11:18:33.526254Z INFO  main   Uniq dts [#]  = 1
2026-07-31T11:18:33.527769Z INFO  main   Stats for GIC/measured/NERC:
2026-07-31T11:18:33.528781Z INFO  main 
    std: : [0.30988501276040775]
    ave: : [0.1572041382790815]
    min: : [-1.0]
    max: : [1.0]
    n: 1321
    n_valid: : [1321]
    dt_original: : [10000000000]
2026-07-31T11:18:33.531803Z INFO  main Plotting '10369' data
2026-07-31T11:18:33.551994Z INFO  main   Plotting '10369/GIC/measured/NERC' original vs. modified data
2026-07-31T11:18:35.803332Z INFO  main     Writing C:\Users\lwilker\Documents\GitHub\SWERVE-data\data_processed/2021-05-12/sites/10369/figures\original\GIC_measured_NERC.png
2026-07-31T11:18:38.530396Z INFO  main     Writing C:\Users\lwilker\Documents\GitHub\SWERVE-data\data_processed/2021-05-12/sites/10369/figures\original\GIC_measured_NERC.pdf
2026-07-31T11:18:39.105369Z INFO  main Reading '10370' data
2026-07-31T11:18:39.131632Z INFO  main   Reading 'GIC/measured/NERC' data
2026-07-31T11:18:39.142215Z INFO  main     Reading C:\Users\lwilker\Documents\GitHub\SWERVE-data\data_original\nerc\2021-05-12\gic\2021E01_10370.csv
2026-07-31T11:18:39.645416Z INFO  main     Running automated error checks on GIC measured data
2026-07-31T11:18:42.769713Z INFO  main     Baseline offset of -3.10 A corrected. 
Resample to 1m aves and NaN pad or trim to start/stop.
2026-07-31T11:18:42.884431Z INFO  main     Writing C:\Users\lwilker\Documents\GitHub\SWERVE-data\data_processed\2021-05-12\sites\10370\data\GIC_measured_NERC.pkl
2026-07-31T11:18:42.952637Z INFO  main   Writing C:\Users\lwilker\Documents\GitHub\SWERVE-data\data_processed\2021-05-12\sites\10370\data\_all.pkl
2026-07-31T11:18:43.006284Z INFO  main Computing stats for '10370' data
2026-07-31T11:18:43.074178Z INFO  main   Uniq dts [ns] = [ 8000000000  9000000000 10000000000 11000000000 12000000000]
2026-07-31T11:18:43.074693Z INFO  main   Uniq dts [#]  = 5
2026-07-31T11:18:43.075716Z INFO  main   Stats for GIC/measured/NERC:
2026-07-31T11:18:43.076715Z INFO  main 
    std: : [0.4225061401796468]
    ave: : [0.09989094874591065]
    min: : [-1.8000000000000003]
    max: : [3.3000000000000003]
    n: 1321
    n_valid: : [917]
    dt_original: : [8000000000 nanoseconds, 9000000000 nanoseconds, ..., 11000000000 nanoseconds, 12000000000 nanoseconds] (5 elements)
2026-07-31T11:18:43.080263Z INFO  main Plotting '10370' data
2026-07-31T11:18:43.093761Z INFO  main   Plotting '10370/GIC/measured/NERC' original vs. modified data
2026-07-31T11:18:44.762010Z INFO  main     Writing C:\Users\lwilker\Documents\GitHub\SWERVE-data\data_processed/2021-05-12/sites/10370/figures\original\GIC_measured_NERC.png
2026-07-31T11:18:46.828551Z INFO  main     Writing C:\Users\lwilker\Documents\GitHub\SWERVE-data\data_processed/2021-05-12/sites/10370/figures\original\GIC_measured_NERC.pdf
2026-07-31T11:18:47.334065Z INFO  main Reading '10371' data
2026-07-31T11:18:47.364326Z INFO  main   Reading 'GIC/measured/NERC' data
2026-07-31T11:18:47.378764Z INFO  main     Reading C:\Users\lwilker\Documents\GitHub\SWERVE-data\data_original\nerc\2021-05-12\gic\2021E01_10371.csv
2026-07-31T11:18:48.226368Z INFO  main     Running automated error checks on GIC measured data
2026-07-31T11:18:51.149680Z INFO  main     Baseline offset of -2.40 A corrected. 
Resample to 1m aves and NaN pad or trim to start/stop.
2026-07-31T11:18:51.242326Z INFO  main     Writing C:\Users\lwilker\Documents\GitHub\SWERVE-data\data_processed\2021-05-12\sites\10371\data\GIC_measured_NERC.pkl
2026-07-31T11:18:51.336300Z INFO  main   Writing C:\Users\lwilker\Documents\GitHub\SWERVE-data\data_processed\2021-05-12\sites\10371\data\_all.pkl
2026-07-31T11:18:51.394210Z INFO  main Computing stats for '10371' data
2026-07-31T11:18:51.454196Z INFO  main   Uniq dts [ns] = [10000000000]
2026-07-31T11:18:51.455195Z INFO  main   Uniq dts [#]  = 1
2026-07-31T11:18:51.456197Z INFO  main   Stats for GIC/measured/NERC:
2026-07-31T11:18:51.456197Z INFO  main 
    std: : [0.5223062022314878]
    ave: : [0.038468332071662774]
    min: : [-1.9666666666666668]
    max: : [4.883333333333333]
    n: 1321
    n_valid: : [1321]
    dt_original: : [10000000000]
2026-07-31T11:18:51.459751Z INFO  main Plotting '10371' data
2026-07-31T11:18:51.469826Z INFO  main   Plotting '10371/GIC/measured/NERC' original vs. modified data
2026-07-31T11:18:53.036267Z INFO  main     Writing C:\Users\lwilker\Documents\GitHub\SWERVE-data\data_processed/2021-05-12/sites/10371/figures\original\GIC_measured_NERC.png
2026-07-31T11:18:55.080603Z INFO  main     Writing C:\Users\lwilker\Documents\GitHub\SWERVE-data\data_processed/2021-05-12/sites/10371/figures\original\GIC_measured_NERC.pdf
2026-07-31T11:18:55.632146Z INFO  main Reading '10372' data
2026-07-31T11:18:55.659873Z INFO  main   Reading 'GIC/measured/NERC' data
2026-07-31T11:18:55.673679Z INFO  main     Reading C:\Users\lwilker\Documents\GitHub\SWERVE-data\data_original\nerc\2021-05-12\gic\2021E01_10372.csv
2026-07-31T11:18:56.154357Z INFO  main     Running automated error checks on GIC measured data
2026-07-31T11:18:59.218729Z INFO  main     Baseline offset of -4.30 A corrected. 
Resample to 1m aves and NaN pad or trim to start/stop.
2026-07-31T11:18:59.307960Z INFO  main     Writing C:\Users\lwilker\Documents\GitHub\SWERVE-data\data_processed\2021-05-12\sites\10372\data\GIC_measured_NERC.pkl
2026-07-31T11:18:59.640466Z INFO  main   Writing C:\Users\lwilker\Documents\GitHub\SWERVE-data\data_processed\2021-05-12\sites\10372\data\_all.pkl
2026-07-31T11:18:59.687851Z INFO  main Computing stats for '10372' data
2026-07-31T11:18:59.744386Z INFO  main   Uniq dts [ns] = [ 8000000000  9000000000 10000000000 11000000000 12000000000]
2026-07-31T11:18:59.744386Z INFO  main   Uniq dts [#]  = 5
2026-07-31T11:18:59.745389Z INFO  main   Stats for GIC/measured/NERC:
2026-07-31T11:18:59.746387Z INFO  main 
    std: : [0.590866013790629]
    ave: : [-0.19286372007366495]
    min: : [-5.2]
    max: : [2.4]
    n: 1321
    n_valid: : [1086]
    dt_original: : [8000000000 nanoseconds, 9000000000 nanoseconds, ..., 11000000000 nanoseconds, 12000000000 nanoseconds] (5 elements)
2026-07-31T11:18:59.748726Z INFO  main Plotting '10372' data
2026-07-31T11:18:59.756277Z INFO  main   Plotting '10372/GIC/measured/NERC' original vs. modified data
2026-07-31T11:19:01.436169Z INFO  main     Writing C:\Users\lwilker\Documents\GitHub\SWERVE-data\data_processed/2021-05-12/sites/10372/figures\original\GIC_measured_NERC.png
2026-07-31T11:19:03.760789Z INFO  main     Writing C:\Users\lwilker\Documents\GitHub\SWERVE-data\data_processed/2021-05-12/sites/10372/figures\original\GIC_measured_NERC.pdf
2026-07-31T11:19:04.323790Z INFO  main Reading '10373' data
2026-07-31T11:19:04.347905Z INFO  main   Reading 'GIC/measured/NERC' data
2026-07-31T11:19:04.356284Z INFO  main     Reading C:\Users\lwilker\Documents\GitHub\SWERVE-data\data_original\nerc\2021-05-12\gic\2021E01_10373.csv
2026-07-31T11:19:09.108913Z ERROR main     Not computing modified due to error: Duplicate time stamps found
2026-07-31T11:19:09.128865Z INFO  main   Writing C:\Users\lwilker\Documents\GitHub\SWERVE-data\data_processed\2021-05-12\sites\10373\data\_all.pkl
2026-07-31T11:19:09.561927Z INFO  main Computing stats for '10373' data
2026-07-31T11:19:09.564496Z INFO  main Plotting '10373' data
2026-07-31T11:19:09.581671Z INFO  main   Plotting '10373/GIC/measured/NERC' original vs. modified data
2026-07-31T11:19:12.744013Z INFO  main     Writing C:\Users\lwilker\Documents\GitHub\SWERVE-data\data_processed/2021-05-12/sites/10373/figures\original\GIC_measured_NERC.png
2026-07-31T11:19:14.371738Z INFO  main     Writing C:\Users\lwilker\Documents\GitHub\SWERVE-data\data_processed/2021-05-12/sites/10373/figures\original\GIC_measured_NERC.pdf
2026-07-31T11:19:14.957904Z INFO  main Reading '10376' data
2026-07-31T11:19:14.993683Z INFO  main   Reading 'GIC/measured/NERC' data
2026-07-31T11:19:15.007795Z INFO  main     Reading C:\Users\lwilker\Documents\GitHub\SWERVE-data\data_original\nerc\2021-05-12\gic\2021E01_10376.csv
2026-07-31T11:19:15.544112Z INFO  main     Running automated error checks on GIC measured data
2026-07-31T11:19:18.609457Z INFO  main     
Resample to 1m aves and NaN pad or trim to start/stop.
2026-07-31T11:19:18.721593Z INFO  main     Writing C:\Users\lwilker\Documents\GitHub\SWERVE-data\data_processed\2021-05-12\sites\10376\data\GIC_measured_NERC.pkl
2026-07-31T11:19:18.800184Z INFO  main   Writing C:\Users\lwilker\Documents\GitHub\SWERVE-data\data_processed\2021-05-12\sites\10376\data\_all.pkl
2026-07-31T11:19:18.851768Z INFO  main Computing stats for '10376' data
2026-07-31T11:19:18.913815Z INFO  main   Uniq dts [ns] = [10000000000]
2026-07-31T11:19:18.914819Z INFO  main   Uniq dts [#]  = 1
2026-07-31T11:19:18.915816Z INFO  main   Stats for GIC/measured/NERC:
2026-07-31T11:19:18.915816Z INFO  main 
    std: : [0.0]
    ave: : [0.0]
    min: : [0.0]
    max: : [0.0]
    n: 1321
    n_valid: : [1321]
    dt_original: : [10000000000]
2026-07-31T11:19:18.918401Z INFO  main Plotting '10376' data
2026-07-31T11:19:18.932992Z INFO  main   Plotting '10376/GIC/measured/NERC' original vs. modified data
2026-07-31T11:19:20.545922Z INFO  main     Writing C:\Users\lwilker\Documents\GitHub\SWERVE-data\data_processed/2021-05-12/sites/10376/figures\original\GIC_measured_NERC.png
2026-07-31T11:19:22.189170Z INFO  main     Writing C:\Users\lwilker\Documents\GitHub\SWERVE-data\data_processed/2021-05-12/sites/10376/figures\original\GIC_measured_NERC.pdf
2026-07-31T11:19:22.768321Z INFO  main Reading '10377' data
2026-07-31T11:19:22.796062Z INFO  main   Reading 'GIC/measured/NERC' data
2026-07-31T11:19:22.807158Z INFO  main     Reading C:\Users\lwilker\Documents\GitHub\SWERVE-data\data_original\nerc\2021-05-12\gic\2021E01_10377.csv
2026-07-31T11:19:23.333862Z INFO  main     Running automated error checks on GIC measured data
2026-07-31T11:19:26.578071Z INFO  main     Baseline offset of -79.00 A corrected. 
Resample to 1m aves and NaN pad or trim to start/stop.
2026-07-31T11:19:26.679857Z INFO  main     Writing C:\Users\lwilker\Documents\GitHub\SWERVE-data\data_processed\2021-05-12\sites\10377\data\GIC_measured_NERC.pkl
2026-07-31T11:19:26.749379Z INFO  main   Writing C:\Users\lwilker\Documents\GitHub\SWERVE-data\data_processed\2021-05-12\sites\10377\data\_all.pkl
2026-07-31T11:19:26.812790Z INFO  main Computing stats for '10377' data
2026-07-31T11:19:26.886726Z INFO  main   Uniq dts [ns] = [10000000000]
2026-07-31T11:19:26.887767Z INFO  main   Uniq dts [#]  = 1
2026-07-31T11:19:26.888786Z INFO  main   Stats for GIC/measured/NERC:
2026-07-31T11:19:26.888786Z INFO  main 
    std: : [0.0]
    ave: : [0.0]
    min: : [0.0]
    max: : [0.0]
    n: 1321
    n_valid: : [1321]
    dt_original: : [10000000000]
2026-07-31T11:19:26.892303Z INFO  main Plotting '10377' data
2026-07-31T11:19:26.903915Z INFO  main   Plotting '10377/GIC/measured/NERC' original vs. modified data
2026-07-31T11:19:28.601218Z INFO  main     Writing C:\Users\lwilker\Documents\GitHub\SWERVE-data\data_processed/2021-05-12/sites/10377/figures\original\GIC_measured_NERC.png
2026-07-31T11:19:30.134939Z INFO  main     Writing C:\Users\lwilker\Documents\GitHub\SWERVE-data\data_processed/2021-05-12/sites/10377/figures\original\GIC_measured_NERC.pdf
2026-07-31T11:19:30.679306Z INFO  main Reading '10378' data
2026-07-31T11:19:30.709707Z INFO  main   Reading 'GIC/measured/NERC' data
2026-07-31T11:19:30.725412Z INFO  main     Reading C:\Users\lwilker\Documents\GitHub\SWERVE-data\data_original\nerc\2021-05-12\gic\2021E01_10378.csv
2026-07-31T11:19:31.297469Z INFO  main     Running automated error checks on GIC measured data
2026-07-31T11:19:34.273183Z INFO  main     Baseline offset of 3.50 A corrected. 
Resample to 1m aves and NaN pad or trim to start/stop.
2026-07-31T11:19:34.365300Z INFO  main     Writing C:\Users\lwilker\Documents\GitHub\SWERVE-data\data_processed\2021-05-12\sites\10378\data\GIC_measured_NERC.pkl
2026-07-31T11:19:34.464065Z INFO  main   Writing C:\Users\lwilker\Documents\GitHub\SWERVE-data\data_processed\2021-05-12\sites\10378\data\_all.pkl
2026-07-31T11:19:34.514869Z INFO  main Computing stats for '10378' data
2026-07-31T11:19:34.592577Z INFO  main   Uniq dts [ns] = [10000000000]
2026-07-31T11:19:34.594576Z INFO  main   Uniq dts [#]  = 1
2026-07-31T11:19:34.597590Z INFO  main   Stats for GIC/measured/NERC:
2026-07-31T11:19:34.599747Z INFO  main 
    std: : [0.2881357709966782]
    ave: : [0.010661115316679253]
    min: : [-0.7000000000000002]
    max: : [2.0333333333333337]
    n: 1321
    n_valid: : [1321]
    dt_original: : [10000000000]
2026-07-31T11:19:34.606331Z INFO  main Plotting '10378' data
2026-07-31T11:19:34.624974Z INFO  main   Plotting '10378/GIC/measured/NERC' original vs. modified data
2026-07-31T11:19:36.479405Z INFO  main     Writing C:\Users\lwilker\Documents\GitHub\SWERVE-data\data_processed/2021-05-12/sites/10378/figures\original\GIC_measured_NERC.png
2026-07-31T11:19:39.145039Z INFO  main     Writing C:\Users\lwilker\Documents\GitHub\SWERVE-data\data_processed/2021-05-12/sites/10378/figures\original\GIC_measured_NERC.pdf
2026-07-31T11:19:39.747386Z INFO  main Reading '10379' data
2026-07-31T11:19:39.768036Z INFO  main   Reading 'GIC/measured/NERC' data
2026-07-31T11:19:39.782741Z INFO  main     Reading C:\Users\lwilker\Documents\GitHub\SWERVE-data\data_original\nerc\2021-05-12\gic\2021E01_10379.csv
2026-07-31T11:19:40.717015Z INFO  main     Running automated error checks on GIC measured data
2026-07-31T11:19:43.750442Z INFO  main     
Resample to 1m aves and NaN pad or trim to start/stop.
2026-07-31T11:19:43.851165Z INFO  main     Writing C:\Users\lwilker\Documents\GitHub\SWERVE-data\data_processed\2021-05-12\sites\10379\data\GIC_measured_NERC.pkl
2026-07-31T11:19:43.923182Z INFO  main   Writing C:\Users\lwilker\Documents\GitHub\SWERVE-data\data_processed\2021-05-12\sites\10379\data\_all.pkl
2026-07-31T11:19:43.994024Z INFO  main Computing stats for '10379' data
2026-07-31T11:19:44.068977Z INFO  main   Uniq dts [ns] = [10000000000]
2026-07-31T11:19:44.069976Z INFO  main   Uniq dts [#]  = 1
2026-07-31T11:19:44.069976Z INFO  main   Stats for GIC/measured/NERC:
2026-07-31T11:19:44.070981Z INFO  main 
    std: : [0.34453378041232213]
    ave: : [-0.9592228110017664]
    min: : [-2.033333333333333]
    max: : [0.55]
    n: 1321
    n_valid: : [1321]
    dt_original: : [10000000000]
2026-07-31T11:19:44.074066Z INFO  main Plotting '10379' data
2026-07-31T11:19:44.083648Z INFO  main   Plotting '10379/GIC/measured/NERC' original vs. modified data
2026-07-31T11:19:46.807966Z INFO  main     Writing C:\Users\lwilker\Documents\GitHub\SWERVE-data\data_processed/2021-05-12/sites/10379/figures\original\GIC_measured_NERC.png
2026-07-31T11:19:51.059592Z INFO  main     Writing C:\Users\lwilker\Documents\GitHub\SWERVE-data\data_processed/2021-05-12/sites/10379/figures\original\GIC_measured_NERC.pdf
2026-07-31T11:19:51.662672Z INFO  main Reading '10380' data
2026-07-31T11:19:51.704764Z INFO  main   Reading 'GIC/measured/NERC' data
2026-07-31T11:19:51.721481Z INFO  main     Reading C:\Users\lwilker\Documents\GitHub\SWERVE-data\data_original\nerc\2021-05-12\gic\2021E01_10380.csv
2026-07-31T11:19:52.245428Z INFO  main     Running automated error checks on GIC measured data
2026-07-31T11:19:55.256103Z INFO  main     
Resample to 1m aves and NaN pad or trim to start/stop.
2026-07-31T11:19:55.359426Z INFO  main     Writing C:\Users\lwilker\Documents\GitHub\SWERVE-data\data_processed\2021-05-12\sites\10380\data\GIC_measured_NERC.pkl
2026-07-31T11:19:55.427747Z INFO  main   Writing C:\Users\lwilker\Documents\GitHub\SWERVE-data\data_processed\2021-05-12\sites\10380\data\_all.pkl
2026-07-31T11:19:55.846185Z INFO  main Computing stats for '10380' data
2026-07-31T11:19:55.907158Z INFO  main   Uniq dts [ns] = [10000000000]
2026-07-31T11:19:55.907158Z INFO  main   Uniq dts [#]  = 1
2026-07-31T11:19:55.908165Z INFO  main   Stats for GIC/measured/NERC:
2026-07-31T11:19:55.909160Z INFO  main 
    std: : [1.8646539089112062]
    ave: : [0.42240726722180166]
    min: : [-4.4]
    max: : [7.716666666666668]
    n: 1321
    n_valid: : [1321]
    dt_original: : [10000000000]
2026-07-31T11:19:55.911687Z INFO  main Plotting '10380' data
2026-07-31T11:19:55.923283Z INFO  main   Plotting '10380/GIC/measured/NERC' original vs. modified data
2026-07-31T11:19:57.803957Z INFO  main     Writing C:\Users\lwilker\Documents\GitHub\SWERVE-data\data_processed/2021-05-12/sites/10380/figures\original\GIC_measured_NERC.png
2026-07-31T11:20:00.351942Z INFO  main     Writing C:\Users\lwilker\Documents\GitHub\SWERVE-data\data_processed/2021-05-12/sites/10380/figures\original\GIC_measured_NERC.pdf
2026-07-31T11:20:00.949947Z INFO  main Reading '10381' data
2026-07-31T11:20:00.981525Z INFO  main   Reading 'GIC/measured/NERC' data
2026-07-31T11:20:01.000639Z INFO  main     Reading C:\Users\lwilker\Documents\GitHub\SWERVE-data\data_original\nerc\2021-05-12\gic\2021E01_10381.csv
2026-07-31T11:20:01.555743Z INFO  main     Running automated error checks on GIC measured data
2026-07-31T11:20:04.450068Z INFO  main     Baseline offset of 6.20 A corrected. 
Resample to 1m aves and NaN pad or trim to start/stop.
2026-07-31T11:20:04.562276Z INFO  main     Writing C:\Users\lwilker\Documents\GitHub\SWERVE-data\data_processed\2021-05-12\sites\10381\data\GIC_measured_NERC.pkl
2026-07-31T11:20:04.628888Z INFO  main   Writing C:\Users\lwilker\Documents\GitHub\SWERVE-data\data_processed\2021-05-12\sites\10381\data\_all.pkl
2026-07-31T11:20:04.692708Z INFO  main Computing stats for '10381' data
2026-07-31T11:20:04.762343Z INFO  main   Uniq dts [ns] = [10000000000]
2026-07-31T11:20:04.763341Z INFO  main   Uniq dts [#]  = 1
2026-07-31T11:20:04.764857Z INFO  main   Stats for GIC/measured/NERC:
2026-07-31T11:20:04.764857Z INFO  main 
    std: : [0.7304820032204505]
    ave: : [0.07858945243502387]
    min: : [-2.3666666666666667]
    max: : [2.9]
    n: 1321
    n_valid: : [1321]
    dt_original: : [10000000000]
2026-07-31T11:20:04.770416Z INFO  main Plotting '10381' data
2026-07-31T11:20:04.789573Z INFO  main   Plotting '10381/GIC/measured/NERC' original vs. modified data
2026-07-31T11:20:07.206581Z INFO  main     Writing C:\Users\lwilker\Documents\GitHub\SWERVE-data\data_processed/2021-05-12/sites/10381/figures\original\GIC_measured_NERC.png
2026-07-31T11:20:10.644488Z INFO  main     Writing C:\Users\lwilker\Documents\GitHub\SWERVE-data\data_processed/2021-05-12/sites/10381/figures\original\GIC_measured_NERC.pdf
2026-07-31T11:20:11.300027Z INFO  main Reading '10382' data
2026-07-31T11:20:11.337799Z INFO  main   Reading 'GIC/measured/NERC' data
2026-07-31T11:20:11.347411Z INFO  main     Reading C:\Users\lwilker\Documents\GitHub\SWERVE-data\data_original\nerc\2021-05-12\gic\2021E01_10382.csv
2026-07-31T11:20:11.858451Z INFO  main     Running automated error checks on GIC measured data
2026-07-31T11:20:15.219304Z INFO  main     Baseline offset of -3.40 A corrected. 
Resample to 1m aves and NaN pad or trim to start/stop.
2026-07-31T11:20:15.321800Z INFO  main     Writing C:\Users\lwilker\Documents\GitHub\SWERVE-data\data_processed\2021-05-12\sites\10382\data\GIC_measured_NERC.pkl
2026-07-31T11:20:15.399478Z INFO  main   Writing C:\Users\lwilker\Documents\GitHub\SWERVE-data\data_processed\2021-05-12\sites\10382\data\_all.pkl
2026-07-31T11:20:15.458355Z INFO  main Computing stats for '10382' data
2026-07-31T11:20:15.524359Z INFO  main   Uniq dts [ns] = [10000000000]
2026-07-31T11:20:15.524359Z INFO  main   Uniq dts [#]  = 1
2026-07-31T11:20:15.526398Z INFO  main   Stats for GIC/measured/NERC:
2026-07-31T11:20:15.527391Z INFO  main 
    std: : [0.5369339340548511]
    ave: : [0.07889225334342664]
    min: : [-4.566666666666666]
    max: : [2.6]
    n: 1321
    n_valid: : [1321]
    dt_original: : [10000000000]
2026-07-31T11:20:15.530931Z INFO  main Plotting '10382' data
2026-07-31T11:20:15.550641Z INFO  main   Plotting '10382/GIC/measured/NERC' original vs. modified data
2026-07-31T11:20:17.496904Z INFO  main     Writing C:\Users\lwilker\Documents\GitHub\SWERVE-data\data_processed/2021-05-12/sites/10382/figures\original\GIC_measured_NERC.png
2026-07-31T11:20:20.325083Z INFO  main     Writing C:\Users\lwilker\Documents\GitHub\SWERVE-data\data_processed/2021-05-12/sites/10382/figures\original\GIC_measured_NERC.pdf
2026-07-31T11:20:20.950899Z INFO  main Reading '10383' data
2026-07-31T11:20:20.984901Z INFO  main   Reading 'GIC/measured/NERC' data
2026-07-31T11:20:21.001774Z INFO  main     Reading C:\Users\lwilker\Documents\GitHub\SWERVE-data\data_original\nerc\2021-05-12\gic\2021E01_10383.csv
2026-07-31T11:20:21.559548Z INFO  main     Running automated error checks on GIC measured data
2026-07-31T11:20:24.710230Z INFO  main     Baseline offset of -2.50 A corrected. 
Resample to 1m aves and NaN pad or trim to start/stop.
2026-07-31T11:20:24.797935Z INFO  main     Writing C:\Users\lwilker\Documents\GitHub\SWERVE-data\data_processed\2021-05-12\sites\10383\data\GIC_measured_NERC.pkl
2026-07-31T11:20:24.854853Z INFO  main   Writing C:\Users\lwilker\Documents\GitHub\SWERVE-data\data_processed\2021-05-12\sites\10383\data\_all.pkl
2026-07-31T11:20:24.910491Z INFO  main Computing stats for '10383' data
2026-07-31T11:20:24.972317Z INFO  main   Uniq dts [ns] = [10000000000]
2026-07-31T11:20:24.972317Z INFO  main   Uniq dts [#]  = 1
2026-07-31T11:20:24.973831Z INFO  main   Stats for GIC/measured/NERC:
2026-07-31T11:20:24.974843Z INFO  main 
    std: : [1.6805627609075566]
    ave: : [0.07279838506182186]
    min: : [-3.1333333333333333]
    max: : [11.183333333333332]
    n: 1321
    n_valid: : [1321]
    dt_original: : [10000000000]
2026-07-31T11:20:24.976862Z INFO  main Plotting '10383' data
2026-07-31T11:20:24.990638Z INFO  main   Plotting '10383/GIC/measured/NERC' original vs. modified data
2026-07-31T11:20:27.168929Z INFO  main     Writing C:\Users\lwilker\Documents\GitHub\SWERVE-data\data_processed/2021-05-12/sites/10383/figures\original\GIC_measured_NERC.png
2026-07-31T11:20:29.704460Z INFO  main     Writing C:\Users\lwilker\Documents\GitHub\SWERVE-data\data_processed/2021-05-12/sites/10383/figures\original\GIC_measured_NERC.pdf
2026-07-31T11:20:30.291193Z INFO  main Reading '10384' data
2026-07-31T11:20:30.323618Z INFO  main   Reading 'GIC/measured/NERC' data
2026-07-31T11:20:30.337433Z INFO  main     Reading C:\Users\lwilker\Documents\GitHub\SWERVE-data\data_original\nerc\2021-05-12\gic\2021E01_10384.csv
2026-07-31T11:20:30.984410Z INFO  main     Running automated error checks on GIC measured data
2026-07-31T11:20:33.918428Z INFO  main     Baseline offset of -2.50 A corrected. 
Resample to 1m aves and NaN pad or trim to start/stop.
2026-07-31T11:20:34.025411Z INFO  main     Writing C:\Users\lwilker\Documents\GitHub\SWERVE-data\data_processed\2021-05-12\sites\10384\data\GIC_measured_NERC.pkl
2026-07-31T11:20:34.090800Z INFO  main   Writing C:\Users\lwilker\Documents\GitHub\SWERVE-data\data_processed\2021-05-12\sites\10384\data\_all.pkl
2026-07-31T11:20:34.150805Z INFO  main Computing stats for '10384' data
2026-07-31T11:20:34.213067Z INFO  main   Uniq dts [ns] = [10000000000]
2026-07-31T11:20:34.214075Z INFO  main   Uniq dts [#]  = 1
2026-07-31T11:20:34.215085Z INFO  main   Stats for GIC/measured/NERC:
2026-07-31T11:20:34.215085Z INFO  main 
    std: : [1.6805627609075566]
    ave: : [0.07279838506182186]
    min: : [-3.1333333333333333]
    max: : [11.183333333333332]
    n: 1321
    n_valid: : [1321]
    dt_original: : [10000000000]
2026-07-31T11:20:34.218086Z INFO  main Plotting '10384' data
2026-07-31T11:20:34.230139Z INFO  main   Plotting '10384/GIC/measured/NERC' original vs. modified data
2026-07-31T11:20:36.161567Z INFO  main     Writing C:\Users\lwilker\Documents\GitHub\SWERVE-data\data_processed/2021-05-12/sites/10384/figures\original\GIC_measured_NERC.png
2026-07-31T11:20:38.765903Z INFO  main     Writing C:\Users\lwilker\Documents\GitHub\SWERVE-data\data_processed/2021-05-12/sites/10384/figures\original\GIC_measured_NERC.pdf
2026-07-31T11:20:39.390559Z INFO  main Reading '10386' data
2026-07-31T11:20:39.411457Z INFO  main   Reading 'GIC/measured/NERC' data
2026-07-31T11:20:39.421544Z INFO  main     Reading C:\Users\lwilker\Documents\GitHub\SWERVE-data\data_original\nerc\2021-05-12\gic\2021E01_10386.csv
2026-07-31T11:20:39.958764Z INFO  main     Running automated error checks on GIC measured data
2026-07-31T11:20:43.283447Z INFO  main     
Resample to 1m aves and NaN pad or trim to start/stop.
2026-07-31T11:20:43.377358Z INFO  main     Writing C:\Users\lwilker\Documents\GitHub\SWERVE-data\data_processed\2021-05-12\sites\10386\data\GIC_measured_NERC.pkl
2026-07-31T11:20:43.435432Z INFO  main   Writing C:\Users\lwilker\Documents\GitHub\SWERVE-data\data_processed\2021-05-12\sites\10386\data\_all.pkl
2026-07-31T11:20:43.489423Z INFO  main Computing stats for '10386' data
2026-07-31T11:20:43.548188Z INFO  main   Uniq dts [ns] = [10000000000]
2026-07-31T11:20:43.549201Z INFO  main   Uniq dts [#]  = 1
2026-07-31T11:20:43.550202Z INFO  main   Stats for GIC/measured/NERC:
2026-07-31T11:20:43.551205Z INFO  main 
    std: : [0.5238187715972837]
    ave: : [-0.4807216754983598]
    min: : [-1.95]
    max: : [1.4333333333333333]
    n: 1321
    n_valid: : [1321]
    dt_original: : [10000000000]
2026-07-31T11:20:43.553781Z INFO  main Plotting '10386' data
2026-07-31T11:20:43.564652Z INFO  main   Plotting '10386/GIC/measured/NERC' original vs. modified data
2026-07-31T11:20:45.809637Z INFO  main     Writing C:\Users\lwilker\Documents\GitHub\SWERVE-data\data_processed/2021-05-12/sites/10386/figures\original\GIC_measured_NERC.png
2026-07-31T11:20:49.659120Z INFO  main     Writing C:\Users\lwilker\Documents\GitHub\SWERVE-data\data_processed/2021-05-12/sites/10386/figures\original\GIC_measured_NERC.pdf
2026-07-31T11:20:50.286602Z INFO  main Reading '10387' data
2026-07-31T11:20:50.321123Z INFO  main   Reading 'GIC/measured/NERC' data
2026-07-31T11:20:50.330701Z INFO  main     Reading C:\Users\lwilker\Documents\GitHub\SWERVE-data\data_original\nerc\2021-05-12\gic\2021E01_10387.csv
2026-07-31T11:20:50.876277Z INFO  main     Running automated error checks on GIC measured data
2026-07-31T11:20:54.098548Z INFO  main     Baseline offset of -3.10 A corrected. 
Resample to 1m aves and NaN pad or trim to start/stop.
2026-07-31T11:20:54.189148Z INFO  main     Writing C:\Users\lwilker\Documents\GitHub\SWERVE-data\data_processed\2021-05-12\sites\10387\data\GIC_measured_NERC.pkl
2026-07-31T11:20:54.261987Z INFO  main   Writing C:\Users\lwilker\Documents\GitHub\SWERVE-data\data_processed\2021-05-12\sites\10387\data\_all.pkl
2026-07-31T11:20:54.304448Z INFO  main Computing stats for '10387' data
2026-07-31T11:20:54.366226Z INFO  main   Uniq dts [ns] = [10000000000]
2026-07-31T11:20:54.366226Z INFO  main   Uniq dts [#]  = 1
2026-07-31T11:20:54.367767Z INFO  main   Stats for GIC/measured/NERC:
2026-07-31T11:20:54.367767Z INFO  main 
    std: : [0.9166052046453337]
    ave: : [-0.2676760030280089]
    min: : [-3.3333333333333335]
    max: : [1.9000000000000001]
    n: 1321
    n_valid: : [1321]
    dt_original: : [10000000000]
2026-07-31T11:20:54.369469Z INFO  main Plotting '10387' data
2026-07-31T11:20:54.379401Z INFO  main   Plotting '10387/GIC/measured/NERC' original vs. modified data
2026-07-31T11:20:56.261827Z INFO  main     Writing C:\Users\lwilker\Documents\GitHub\SWERVE-data\data_processed/2021-05-12/sites/10387/figures\original\GIC_measured_NERC.png
2026-07-31T11:20:58.769631Z INFO  main     Writing C:\Users\lwilker\Documents\GitHub\SWERVE-data\data_processed/2021-05-12/sites/10387/figures\original\GIC_measured_NERC.pdf
2026-07-31T11:20:59.345912Z INFO  main Reading '10388' data
2026-07-31T11:20:59.372630Z INFO  main   Reading 'GIC/measured/NERC' data
2026-07-31T11:20:59.384988Z INFO  main     Reading C:\Users\lwilker\Documents\GitHub\SWERVE-data\data_original\nerc\2021-05-12\gic\2021E01_10388.csv
2026-07-31T11:21:00.254596Z INFO  main     Running automated error checks on GIC measured data
2026-07-31T11:21:03.234185Z INFO  main     Baseline offset of 2.40 A corrected. 
Resample to 1m aves and NaN pad or trim to start/stop.
2026-07-31T11:21:03.340024Z INFO  main     Writing C:\Users\lwilker\Documents\GitHub\SWERVE-data\data_processed\2021-05-12\sites\10388\data\GIC_measured_NERC.pkl
2026-07-31T11:21:03.430106Z INFO  main   Writing C:\Users\lwilker\Documents\GitHub\SWERVE-data\data_processed\2021-05-12\sites\10388\data\_all.pkl
2026-07-31T11:21:03.496977Z INFO  main Computing stats for '10388' data
2026-07-31T11:21:03.559950Z INFO  main   Uniq dts [ns] = [10000000000]
2026-07-31T11:21:03.561459Z INFO  main   Uniq dts [#]  = 1
2026-07-31T11:21:03.562468Z INFO  main   Stats for GIC/measured/NERC:
2026-07-31T11:21:03.563481Z INFO  main 
    std: : [0.87799603981596]
    ave: : [-0.3883800151400454]
    min: : [-3.35]
    max: : [1.9333333333333336]
    n: 1321
    n_valid: : [1321]
    dt_original: : [10000000000]
2026-07-31T11:21:03.565485Z INFO  main Plotting '10388' data
2026-07-31T11:21:03.577607Z INFO  main   Plotting '10388/GIC/measured/NERC' original vs. modified data
2026-07-31T11:21:06.384514Z INFO  main     Writing C:\Users\lwilker\Documents\GitHub\SWERVE-data\data_processed/2021-05-12/sites/10388/figures\original\GIC_measured_NERC.png
2026-07-31T11:21:11.139066Z INFO  main     Writing C:\Users\lwilker\Documents\GitHub\SWERVE-data\data_processed/2021-05-12/sites/10388/figures\original\GIC_measured_NERC.pdf
2026-07-31T11:21:11.771118Z INFO  main Reading '10430' data
2026-07-31T11:21:11.798431Z INFO  main   Reading 'GIC/measured/NERC' data
2026-07-31T11:21:11.809567Z INFO  main     Reading C:\Users\lwilker\Documents\GitHub\SWERVE-data\data_original\nerc\2021-05-12\gic\2021E01_10430.csv
2026-07-31T11:21:12.390267Z INFO  main     Running automated error checks on GIC measured data
2026-07-31T11:21:15.264078Z INFO  main     
Resample to 1m aves and NaN pad or trim to start/stop.
2026-07-31T11:21:15.412840Z INFO  main     Writing C:\Users\lwilker\Documents\GitHub\SWERVE-data\data_processed\2021-05-12\sites\10430\data\GIC_measured_NERC.pkl
2026-07-31T11:21:15.481032Z INFO  main   Writing C:\Users\lwilker\Documents\GitHub\SWERVE-data\data_processed\2021-05-12\sites\10430\data\_all.pkl
2026-07-31T11:21:15.529507Z INFO  main Computing stats for '10430' data
2026-07-31T11:21:15.590739Z INFO  main   Uniq dts [ns] = [10000000000]
2026-07-31T11:21:15.590739Z INFO  main   Uniq dts [#]  = 1
2026-07-31T11:21:15.591757Z INFO  main   Stats for GIC/measured/NERC:
2026-07-31T11:21:15.591757Z INFO  main 
    std: : [0.31470104277270683]
    ave: : [0.08021953065859197]
    min: : [-1.37]
    max: : [1.05]
    n: 1321
    n_valid: : [1321]
    dt_original: : [10000000000]
2026-07-31T11:21:15.595166Z INFO  main Plotting '10430' data
2026-07-31T11:21:15.606251Z INFO  main   Plotting '10430/GIC/measured/NERC' original vs. modified data
2026-07-31T11:21:19.594836Z INFO  main     Writing C:\Users\lwilker\Documents\GitHub\SWERVE-data\data_processed/2021-05-12/sites/10430/figures\original\GIC_measured_NERC.png
2026-07-31T11:21:21.309783Z INFO  main     Writing C:\Users\lwilker\Documents\GitHub\SWERVE-data\data_processed/2021-05-12/sites/10430/figures\original\GIC_measured_NERC.pdf
2026-07-31T11:21:21.918647Z INFO  main Reading '10431' data
2026-07-31T11:21:22.013557Z INFO  main   Reading 'GIC/measured/NERC' data
2026-07-31T11:21:22.026021Z INFO  main     Reading C:\Users\lwilker\Documents\GitHub\SWERVE-data\data_original\nerc\2021-05-12\gic\2021E01_10431.csv
2026-07-31T11:21:22.524546Z INFO  main     Running automated error checks on GIC measured data
2026-07-31T11:21:25.626857Z INFO  main     Baseline offset of 1.50 A corrected. 
Resample to 1m aves and NaN pad or trim to start/stop.
2026-07-31T11:21:25.741015Z INFO  main     Writing C:\Users\lwilker\Documents\GitHub\SWERVE-data\data_processed\2021-05-12\sites\10431\data\GIC_measured_NERC.pkl
2026-07-31T11:21:25.821471Z INFO  main   Writing C:\Users\lwilker\Documents\GitHub\SWERVE-data\data_processed\2021-05-12\sites\10431\data\_all.pkl
2026-07-31T11:21:25.873449Z INFO  main Computing stats for '10431' data
2026-07-31T11:21:25.942893Z INFO  main   Uniq dts [ns] = [10000000000]
2026-07-31T11:21:25.944947Z INFO  main   Uniq dts [#]  = 1
2026-07-31T11:21:25.945460Z INFO  main   Stats for GIC/measured/NERC:
2026-07-31T11:21:25.946476Z INFO  main 
    std: : [0.9426065413239916]
    ave: : [-0.006888720666161995]
    min: : [-5.3]
    max: : [13.1]
    n: 1321
    n_valid: : [1321]
    dt_original: : [10000000000]
2026-07-31T11:21:25.949015Z INFO  main Plotting '10431' data
2026-07-31T11:21:25.959019Z INFO  main   Plotting '10431/GIC/measured/NERC' original vs. modified data
2026-07-31T11:21:27.626723Z INFO  main     Writing C:\Users\lwilker\Documents\GitHub\SWERVE-data\data_processed/2021-05-12/sites/10431/figures\original\GIC_measured_NERC.png
2026-07-31T11:21:29.768468Z INFO  main     Writing C:\Users\lwilker\Documents\GitHub\SWERVE-data\data_processed/2021-05-12/sites/10431/figures\original\GIC_measured_NERC.pdf
2026-07-31T11:21:30.353602Z INFO  main Reading '10432' data
2026-07-31T11:21:30.386475Z INFO  main   Reading 'GIC/measured/NERC' data
2026-07-31T11:21:30.400084Z INFO  main     Reading C:\Users\lwilker\Documents\GitHub\SWERVE-data\data_original\nerc\2021-05-12\gic\2021E01_10432.csv
2026-07-31T11:21:30.922587Z INFO  main     Running automated error checks on GIC measured data
2026-07-31T11:21:34.316344Z INFO  main     
Resample to 1m aves and NaN pad or trim to start/stop.
2026-07-31T11:21:34.411295Z INFO  main     Writing C:\Users\lwilker\Documents\GitHub\SWERVE-data\data_processed\2021-05-12\sites\10432\data\GIC_measured_NERC.pkl
2026-07-31T11:21:34.488899Z INFO  main   Writing C:\Users\lwilker\Documents\GitHub\SWERVE-data\data_processed\2021-05-12\sites\10432\data\_all.pkl
2026-07-31T11:21:34.537573Z INFO  main Computing stats for '10432' data
2026-07-31T11:21:34.598519Z INFO  main   Uniq dts [ns] = [10000000000]
2026-07-31T11:21:34.600033Z INFO  main   Uniq dts [#]  = 1
2026-07-31T11:21:34.600548Z INFO  main   Stats for GIC/measured/NERC:
2026-07-31T11:21:34.601610Z INFO  main 
    std: : [0.3780177338012666]
    ave: : [0.285709058793843]
    min: : [-2.6350000000000002]
    max: : [1.3166666666666667]
    n: 1321
    n_valid: : [1321]
    dt_original: : [10000000000]
2026-07-31T11:21:34.602565Z INFO  main Plotting '10432' data
2026-07-31T11:21:34.614655Z INFO  main   Plotting '10432/GIC/measured/NERC' original vs. modified data
2026-07-31T11:21:36.440449Z INFO  main     Writing C:\Users\lwilker\Documents\GitHub\SWERVE-data\data_processed/2021-05-12/sites/10432/figures\original\GIC_measured_NERC.png
2026-07-31T11:21:38.576219Z INFO  main     Writing C:\Users\lwilker\Documents\GitHub\SWERVE-data\data_processed/2021-05-12/sites/10432/figures\original\GIC_measured_NERC.pdf
2026-07-31T11:21:39.145389Z INFO  main Reading '10433' data
2026-07-31T11:21:39.181508Z INFO  main   Reading 'GIC/measured/NERC' data
2026-07-31T11:21:39.197427Z INFO  main     Reading C:\Users\lwilker\Documents\GitHub\SWERVE-data\data_original\nerc\2021-05-12\gic\2021E01_10433.csv
2026-07-31T11:21:39.673640Z INFO  main     Running automated error checks on GIC measured data
2026-07-31T11:21:42.713195Z INFO  main     Baseline offset of -6.40 A corrected. 
Resample to 1m aves and NaN pad or trim to start/stop.
2026-07-31T11:21:42.828202Z INFO  main     Writing C:\Users\lwilker\Documents\GitHub\SWERVE-data\data_processed\2021-05-12\sites\10433\data\GIC_measured_NERC.pkl
2026-07-31T11:21:42.894912Z INFO  main   Writing C:\Users\lwilker\Documents\GitHub\SWERVE-data\data_processed\2021-05-12\sites\10433\data\_all.pkl
2026-07-31T11:21:42.956984Z INFO  main Computing stats for '10433' data
2026-07-31T11:21:43.026573Z INFO  main   Uniq dts [ns] = [10000000000]
2026-07-31T11:21:43.027568Z INFO  main   Uniq dts [#]  = 1
2026-07-31T11:21:43.028570Z INFO  main   Stats for GIC/measured/NERC:
2026-07-31T11:21:43.030100Z INFO  main 
    std: : [1.347683205957287]
    ave: : [-0.34603330809992394]
    min: : [-11.065]
    max: : [3.1983333333333337]
    n: 1321
    n_valid: : [1321]
    dt_original: : [10000000000]
2026-07-31T11:21:43.033659Z INFO  main Plotting '10433' data
2026-07-31T11:21:43.056026Z INFO  main   Plotting '10433/GIC/measured/NERC' original vs. modified data
2026-07-31T11:21:45.143238Z INFO  main     Writing C:\Users\lwilker\Documents\GitHub\SWERVE-data\data_processed/2021-05-12/sites/10433/figures\original\GIC_measured_NERC.png
2026-07-31T11:21:47.007800Z INFO  main     Writing C:\Users\lwilker\Documents\GitHub\SWERVE-data\data_processed/2021-05-12/sites/10433/figures\original\GIC_measured_NERC.pdf
2026-07-31T11:21:47.583048Z INFO  main Reading '10434' data
2026-07-31T11:21:47.622144Z INFO  main   Reading 'GIC/measured/NERC' data
2026-07-31T11:21:47.635592Z INFO  main     Reading C:\Users\lwilker\Documents\GitHub\SWERVE-data\data_original\nerc\2021-05-12\gic\2021E01_10434.csv
2026-07-31T11:21:48.169960Z INFO  main     Running automated error checks on GIC measured data
2026-07-31T11:21:50.980725Z INFO  main     Baseline offset of -23.00 A corrected. 
Resample to 1m aves and NaN pad or trim to start/stop.
2026-07-31T11:21:51.071235Z INFO  main     Writing C:\Users\lwilker\Documents\GitHub\SWERVE-data\data_processed\2021-05-12\sites\10434\data\GIC_measured_NERC.pkl
2026-07-31T11:21:51.129633Z INFO  main   Writing C:\Users\lwilker\Documents\GitHub\SWERVE-data\data_processed\2021-05-12\sites\10434\data\_all.pkl
2026-07-31T11:21:51.186568Z INFO  main Computing stats for '10434' data
2026-07-31T11:21:51.244528Z INFO  main   Uniq dts [ns] = [10000000000]
2026-07-31T11:21:51.245553Z INFO  main   Uniq dts [#]  = 1
2026-07-31T11:21:51.246553Z INFO  main   Stats for GIC/measured/NERC:
2026-07-31T11:21:51.246553Z INFO  main 
    std: : [0.4349508560361252]
    ave: : [0.2556144335099672]
    min: : [0.0]
    max: : [1.0]
    n: 1321
    n_valid: : [1321]
    dt_original: : [10000000000]
2026-07-31T11:21:51.249074Z INFO  main Plotting '10434' data
2026-07-31T11:21:51.265344Z INFO  main   Plotting '10434/GIC/measured/NERC' original vs. modified data
2026-07-31T11:21:52.918724Z INFO  main     Writing C:\Users\lwilker\Documents\GitHub\SWERVE-data\data_processed/2021-05-12/sites/10434/figures\original\GIC_measured_NERC.png
2026-07-31T11:21:54.526436Z INFO  main     Writing C:\Users\lwilker\Documents\GitHub\SWERVE-data\data_processed/2021-05-12/sites/10434/figures\original\GIC_measured_NERC.pdf
2026-07-31T11:21:55.059696Z INFO  main Reading '10435' data
2026-07-31T11:21:55.081640Z INFO  main   Reading 'GIC/measured/NERC' data
2026-07-31T11:21:55.089664Z INFO  main     Reading C:\Users\lwilker\Documents\GitHub\SWERVE-data\data_original\nerc\2021-05-12\gic\2021E01_10435.csv
2026-07-31T11:21:55.532553Z INFO  main     Running automated error checks on GIC measured data
2026-07-31T11:21:58.413857Z INFO  main     Baseline offset of 1.08 A corrected. 
Resample to 1m aves and NaN pad or trim to start/stop.
2026-07-31T11:21:58.508534Z INFO  main     Writing C:\Users\lwilker\Documents\GitHub\SWERVE-data\data_processed\2021-05-12\sites\10435\data\GIC_measured_NERC.pkl
2026-07-31T11:21:58.567308Z INFO  main   Writing C:\Users\lwilker\Documents\GitHub\SWERVE-data\data_processed\2021-05-12\sites\10435\data\_all.pkl
2026-07-31T11:21:58.632318Z INFO  main Computing stats for '10435' data
2026-07-31T11:21:58.691312Z INFO  main   Uniq dts [ns] = [10000000000]
2026-07-31T11:21:58.692318Z INFO  main   Uniq dts [#]  = 1
2026-07-31T11:21:58.692318Z INFO  main   Stats for GIC/measured/NERC:
2026-07-31T11:21:58.693848Z INFO  main 
    std: : [0.13829352229492747]
    ave: : [-0.002013626040878198]
    min: : [-0.93]
    max: : [0.29000000000000004]
    n: 1321
    n_valid: : [1321]
    dt_original: : [10000000000]
2026-07-31T11:21:58.695893Z INFO  main Plotting '10435' data
2026-07-31T11:21:58.706988Z INFO  main   Plotting '10435/GIC/measured/NERC' original vs. modified data
2026-07-31T11:22:00.281042Z INFO  main     Writing C:\Users\lwilker\Documents\GitHub\SWERVE-data\data_processed/2021-05-12/sites/10435/figures\original\GIC_measured_NERC.png
2026-07-31T11:22:02.184648Z INFO  main     Writing C:\Users\lwilker\Documents\GitHub\SWERVE-data\data_processed/2021-05-12/sites/10435/figures\original\GIC_measured_NERC.pdf
2026-07-31T11:22:02.770624Z INFO  main Reading '10436' data
2026-07-31T11:22:02.804787Z INFO  main   Reading 'GIC/measured/NERC' data
2026-07-31T11:22:02.814868Z INFO  main     Reading C:\Users\lwilker\Documents\GitHub\SWERVE-data\data_original\nerc\2021-05-12\gic\2021E01_10436.csv
2026-07-31T11:22:03.353645Z INFO  main     Running automated error checks on GIC measured data
2026-07-31T11:22:06.389130Z INFO  main     
Resample to 1m aves and NaN pad or trim to start/stop.
2026-07-31T11:22:06.507817Z INFO  main     Writing C:\Users\lwilker\Documents\GitHub\SWERVE-data\data_processed\2021-05-12\sites\10436\data\GIC_measured_NERC.pkl
2026-07-31T11:22:06.568734Z INFO  main   Writing C:\Users\lwilker\Documents\GitHub\SWERVE-data\data_processed\2021-05-12\sites\10436\data\_all.pkl
2026-07-31T11:22:06.631032Z INFO  main Computing stats for '10436' data
2026-07-31T11:22:06.698718Z INFO  main   Uniq dts [ns] = [10000000000]
2026-07-31T11:22:06.699733Z INFO  main   Uniq dts [#]  = 1
2026-07-31T11:22:06.700736Z INFO  main   Stats for GIC/measured/NERC:
2026-07-31T11:22:06.702253Z INFO  main 
    std: : [0.14273131611185547]
    ave: : [0.1953040625788544]
    min: : [-0.7600000000000001]
    max: : [0.44]
    n: 1321
    n_valid: : [1321]
    dt_original: : [10000000000]
2026-07-31T11:22:06.704823Z INFO  main Plotting '10436' data
2026-07-31T11:22:06.714483Z INFO  main   Plotting '10436/GIC/measured/NERC' original vs. modified data
2026-07-31T11:22:08.459949Z INFO  main     Writing C:\Users\lwilker\Documents\GitHub\SWERVE-data\data_processed/2021-05-12/sites/10436/figures\original\GIC_measured_NERC.png
2026-07-31T11:22:10.259934Z INFO  main     Writing C:\Users\lwilker\Documents\GitHub\SWERVE-data\data_processed/2021-05-12/sites/10436/figures\original\GIC_measured_NERC.pdf
2026-07-31T11:22:10.881837Z INFO  main Reading '10456' data
2026-07-31T11:22:10.915089Z INFO  main   Reading 'GIC/measured/NERC' data
2026-07-31T11:22:10.933651Z INFO  main     Reading C:\Users\lwilker\Documents\GitHub\SWERVE-data\data_original\nerc\2021-05-12\gic\2021E01_10456.csv
2026-07-31T11:22:11.058809Z INFO  main     Running automated error checks on GIC measured data
2026-07-31T11:22:11.584431Z INFO  main     Baseline offset of 9.60 A corrected. 
Resample to 1m aves and NaN pad or trim to start/stop.
2026-07-31T11:22:11.633044Z INFO  main     Writing C:\Users\lwilker\Documents\GitHub\SWERVE-data\data_processed\2021-05-12\sites\10456\data\GIC_measured_NERC.pkl
2026-07-31T11:22:11.671631Z INFO  main   Writing C:\Users\lwilker\Documents\GitHub\SWERVE-data\data_processed\2021-05-12\sites\10456\data\_all.pkl
2026-07-31T11:22:12.037769Z INFO  main Computing stats for '10456' data
2026-07-31T11:22:12.050448Z INFO  main   Uniq dts [ns] = [60000000000]
2026-07-31T11:22:12.051987Z INFO  main   Uniq dts [#]  = 1
2026-07-31T11:22:12.053509Z INFO  main   Stats for GIC/measured/NERC:
2026-07-31T11:22:12.055553Z INFO  main 
    std: : [0.61955325540065]
    ave: : [0.169871309613929]
    min: : [-4.3]
    max: : [2.4000000000000004]
    n: 1321
    n_valid: : [1321]
    dt_original: : [60000000000]
2026-07-31T11:22:12.059638Z INFO  main Plotting '10456' data
2026-07-31T11:22:12.072293Z INFO  main   Plotting '10456/GIC/measured/NERC' original vs. modified data
2026-07-31T11:22:13.711624Z INFO  main     Writing C:\Users\lwilker\Documents\GitHub\SWERVE-data\data_processed/2021-05-12/sites/10456/figures\original\GIC_measured_NERC.png
2026-07-31T11:22:15.681840Z INFO  main     Writing C:\Users\lwilker\Documents\GitHub\SWERVE-data\data_processed/2021-05-12/sites/10456/figures\original\GIC_measured_NERC.pdf
2026-07-31T11:22:16.206093Z INFO  main Reading '10457' data
2026-07-31T11:22:16.230329Z INFO  main   Reading 'GIC/measured/NERC' data
2026-07-31T11:22:16.243927Z INFO  main     Reading C:\Users\lwilker\Documents\GitHub\SWERVE-data\data_original\nerc\2021-05-12\gic\2021E01_10457.csv
2026-07-31T11:22:16.359299Z INFO  main     Running automated error checks on GIC measured data
2026-07-31T11:22:16.778363Z INFO  main     
Resample to 1m aves and NaN pad or trim to start/stop.
2026-07-31T11:22:16.814748Z INFO  main     Writing C:\Users\lwilker\Documents\GitHub\SWERVE-data\data_processed\2021-05-12\sites\10457\data\GIC_measured_NERC.pkl
2026-07-31T11:22:16.841589Z INFO  main   Writing C:\Users\lwilker\Documents\GitHub\SWERVE-data\data_processed\2021-05-12\sites\10457\data\_all.pkl
2026-07-31T11:22:16.855741Z INFO  main Computing stats for '10457' data
2026-07-31T11:22:16.868329Z INFO  main   Uniq dts [ns] = [60000000000]
2026-07-31T11:22:16.868329Z INFO  main   Uniq dts [#]  = 1
2026-07-31T11:22:16.871341Z INFO  main   Stats for GIC/measured/NERC:
2026-07-31T11:22:16.871341Z INFO  main 
    std: : [0.0]
    ave: : [0.0]
    min: : [0.0]
    max: : [0.0]
    n: 1321
    n_valid: : [1321]
    dt_original: : [60000000000]
2026-07-31T11:22:16.875332Z INFO  main Plotting '10457' data
2026-07-31T11:22:16.885386Z INFO  main   Plotting '10457/GIC/measured/NERC' original vs. modified data
2026-07-31T11:22:18.238090Z INFO  main     Writing C:\Users\lwilker\Documents\GitHub\SWERVE-data\data_processed/2021-05-12/sites/10457/figures\original\GIC_measured_NERC.png
2026-07-31T11:22:19.655527Z INFO  main     Writing C:\Users\lwilker\Documents\GitHub\SWERVE-data\data_processed/2021-05-12/sites/10457/figures\original\GIC_measured_NERC.pdf
2026-07-31T11:22:20.149390Z INFO  main Reading '10458' data
2026-07-31T11:22:20.174031Z INFO  main   Reading 'GIC/measured/NERC' data
2026-07-31T11:22:20.184131Z INFO  main     Reading C:\Users\lwilker\Documents\GitHub\SWERVE-data\data_original\nerc\2021-05-12\gic\2021E01_10458.csv
2026-07-31T11:22:20.326214Z INFO  main     Running automated error checks on GIC measured data
2026-07-31T11:22:20.771137Z INFO  main     Baseline offset of 7.20 A corrected. 
Resample to 1m aves and NaN pad or trim to start/stop.
2026-07-31T11:22:20.809203Z INFO  main     Writing C:\Users\lwilker\Documents\GitHub\SWERVE-data\data_processed\2021-05-12\sites\10458\data\GIC_measured_NERC.pkl
2026-07-31T11:22:20.837160Z INFO  main   Writing C:\Users\lwilker\Documents\GitHub\SWERVE-data\data_processed\2021-05-12\sites\10458\data\_all.pkl
2026-07-31T11:22:20.852810Z INFO  main Computing stats for '10458' data
2026-07-31T11:22:20.864908Z INFO  main   Uniq dts [ns] = [60000000000]
2026-07-31T11:22:20.865906Z INFO  main   Uniq dts [#]  = 1
2026-07-31T11:22:20.867420Z INFO  main   Stats for GIC/measured/NERC:
2026-07-31T11:22:20.868942Z INFO  main 
    std: : [0.3175312236803189]
    ave: : [0.20257380772142322]
    min: : [-0.20000000000000018]
    max: : [0.7000000000000002]
    n: 1321
    n_valid: : [1321]
    dt_original: : [60000000000]
2026-07-31T11:22:20.872463Z INFO  main Plotting '10458' data
2026-07-31T11:22:20.884080Z INFO  main   Plotting '10458/GIC/measured/NERC' original vs. modified data
2026-07-31T11:22:22.223107Z INFO  main     Writing C:\Users\lwilker\Documents\GitHub\SWERVE-data\data_processed/2021-05-12/sites/10458/figures\original\GIC_measured_NERC.png
2026-07-31T11:22:24.132165Z INFO  main     Writing C:\Users\lwilker\Documents\GitHub\SWERVE-data\data_processed/2021-05-12/sites/10458/figures\original\GIC_measured_NERC.pdf
2026-07-31T11:22:24.691071Z INFO  main Reading '10460' data
2026-07-31T11:22:24.719518Z INFO  main   Reading 'GIC/measured/NERC' data
2026-07-31T11:22:24.736752Z INFO  main     Reading C:\Users\lwilker\Documents\GitHub\SWERVE-data\data_original\nerc\2021-05-12\gic\2021E01_10460.csv
2026-07-31T11:22:24.874663Z INFO  main     Running automated error checks on GIC measured data
2026-07-31T11:22:25.390874Z INFO  main     Baseline offset of 1.80 A corrected. 
Resample to 1m aves and NaN pad or trim to start/stop.
2026-07-31T11:22:25.437977Z INFO  main     Writing C:\Users\lwilker\Documents\GitHub\SWERVE-data\data_processed\2021-05-12\sites\10460\data\GIC_measured_NERC.pkl
2026-07-31T11:22:25.467653Z INFO  main   Writing C:\Users\lwilker\Documents\GitHub\SWERVE-data\data_processed\2021-05-12\sites\10460\data\_all.pkl
2026-07-31T11:22:25.486999Z INFO  main Computing stats for '10460' data
2026-07-31T11:22:25.504219Z INFO  main   Uniq dts [ns] = [60000000000]
2026-07-31T11:22:25.505220Z INFO  main   Uniq dts [#]  = 1
2026-07-31T11:22:25.505220Z INFO  main   Stats for GIC/measured/NERC:
2026-07-31T11:22:25.506736Z INFO  main 
    std: : [0.04270646946726918]
    ave: : [-0.023996971990915994]
    min: : [-0.10000000000000009]
    max: : [0.0]
    n: 1321
    n_valid: : [1321]
    dt_original: : [60000000000]
2026-07-31T11:22:25.509766Z INFO  main Plotting '10460' data
2026-07-31T11:22:25.524986Z INFO  main   Plotting '10460/GIC/measured/NERC' original vs. modified data
2026-07-31T11:22:27.212186Z INFO  main     Writing C:\Users\lwilker\Documents\GitHub\SWERVE-data\data_processed/2021-05-12/sites/10460/figures\original\GIC_measured_NERC.png
2026-07-31T11:22:28.999710Z INFO  main     Writing C:\Users\lwilker\Documents\GitHub\SWERVE-data\data_processed/2021-05-12/sites/10460/figures\original\GIC_measured_NERC.pdf
2026-07-31T11:22:29.568681Z INFO  main Reading '10461' data
2026-07-31T11:22:30.048430Z INFO  main   Reading 'GIC/measured/NERC' data
2026-07-31T11:22:30.058636Z INFO  main     Reading C:\Users\lwilker\Documents\GitHub\SWERVE-data\data_original\nerc\2021-05-12\gic\2021E01_10461.csv
2026-07-31T11:22:30.204326Z INFO  main     Running automated error checks on GIC measured data
2026-07-31T11:22:30.688607Z INFO  main     
Resample to 1m aves and NaN pad or trim to start/stop.
2026-07-31T11:22:30.763242Z INFO  main     Writing C:\Users\lwilker\Documents\GitHub\SWERVE-data\data_processed\2021-05-12\sites\10461\data\GIC_measured_NERC.pkl
2026-07-31T11:22:30.798975Z INFO  main   Writing C:\Users\lwilker\Documents\GitHub\SWERVE-data\data_processed\2021-05-12\sites\10461\data\_all.pkl
2026-07-31T11:22:30.814444Z INFO  main Computing stats for '10461' data
2026-07-31T11:22:30.829956Z INFO  main   Uniq dts [ns] = [60000000000]
2026-07-31T11:22:30.830976Z INFO  main   Uniq dts [#]  = 1
2026-07-31T11:22:30.831984Z INFO  main   Stats for GIC/measured/NERC:
2026-07-31T11:22:30.831984Z INFO  main 
    std: : [0.24744270229815726]
    ave: : [0.3733535200605601]
    min: : [-0.5]
    max: : [0.6]
    n: 1321
    n_valid: : [1321]
    dt_original: : [60000000000]
2026-07-31T11:22:30.835111Z INFO  main Plotting '10461' data
2026-07-31T11:22:30.853285Z INFO  main   Plotting '10461/GIC/measured/NERC' original vs. modified data
2026-07-31T11:22:32.475237Z INFO  main     Writing C:\Users\lwilker\Documents\GitHub\SWERVE-data\data_processed/2021-05-12/sites/10461/figures\original\GIC_measured_NERC.png
2026-07-31T11:22:34.284901Z INFO  main     Writing C:\Users\lwilker\Documents\GitHub\SWERVE-data\data_processed/2021-05-12/sites/10461/figures\original\GIC_measured_NERC.pdf
2026-07-31T11:22:34.830591Z INFO  main Reading '10463' data
2026-07-31T11:22:34.869379Z INFO  main   Reading 'GIC/measured/NERC' data
2026-07-31T11:22:34.884955Z INFO  main     Reading C:\Users\lwilker\Documents\GitHub\SWERVE-data\data_original\nerc\2021-05-12\gic\2021E01_10463.csv
2026-07-31T11:22:35.057837Z INFO  main     Running automated error checks on GIC measured data
2026-07-31T11:22:35.625830Z INFO  main     
Resample to 1m aves and NaN pad or trim to start/stop.
2026-07-31T11:22:35.676361Z INFO  main     Writing C:\Users\lwilker\Documents\GitHub\SWERVE-data\data_processed\2021-05-12\sites\10463\data\GIC_measured_NERC.pkl
2026-07-31T11:22:35.708311Z INFO  main   Writing C:\Users\lwilker\Documents\GitHub\SWERVE-data\data_processed\2021-05-12\sites\10463\data\_all.pkl
2026-07-31T11:22:35.729064Z INFO  main Computing stats for '10463' data
2026-07-31T11:22:35.744676Z INFO  main   Uniq dts [ns] = [60000000000]
2026-07-31T11:22:35.744676Z INFO  main   Uniq dts [#]  = 1
2026-07-31T11:22:35.746186Z INFO  main   Stats for GIC/measured/NERC:
2026-07-31T11:22:35.747195Z INFO  main 
    std: : [0.450600971075633]
    ave: : [-0.7543527630582891]
    min: : [-4.2]
    max: : [1.8]
    n: 1321
    n_valid: : [1321]
    dt_original: : [60000000000]
2026-07-31T11:22:35.750208Z INFO  main Plotting '10463' data
2026-07-31T11:22:35.761864Z INFO  main   Plotting '10463/GIC/measured/NERC' original vs. modified data
2026-07-31T11:22:37.340302Z INFO  main     Writing C:\Users\lwilker\Documents\GitHub\SWERVE-data\data_processed/2021-05-12/sites/10463/figures\original\GIC_measured_NERC.png
2026-07-31T11:22:39.262532Z INFO  main     Writing C:\Users\lwilker\Documents\GitHub\SWERVE-data\data_processed/2021-05-12/sites/10463/figures\original\GIC_measured_NERC.pdf
2026-07-31T11:22:39.814795Z INFO  main Reading '10464' data
2026-07-31T11:22:39.844589Z INFO  main   Reading 'GIC/measured/NERC' data
2026-07-31T11:22:39.860229Z INFO  main     Reading C:\Users\lwilker\Documents\GitHub\SWERVE-data\data_original\nerc\2021-05-12\gic\2021E01_10464.csv
2026-07-31T11:22:40.019136Z INFO  main     Running automated error checks on GIC measured data
2026-07-31T11:22:40.560631Z INFO  main     Baseline offset of -4.20 A corrected. 
Resample to 1m aves and NaN pad or trim to start/stop.
2026-07-31T11:22:40.607580Z INFO  main     Writing C:\Users\lwilker\Documents\GitHub\SWERVE-data\data_processed\2021-05-12\sites\10464\data\GIC_measured_NERC.pkl
2026-07-31T11:22:40.640328Z INFO  main   Writing C:\Users\lwilker\Documents\GitHub\SWERVE-data\data_processed\2021-05-12\sites\10464\data\_all.pkl
2026-07-31T11:22:40.653439Z INFO  main Computing stats for '10464' data
2026-07-31T11:22:40.665100Z INFO  main   Uniq dts [ns] = [60000000000]
2026-07-31T11:22:40.666106Z INFO  main   Uniq dts [#]  = 1
2026-07-31T11:22:40.667109Z INFO  main   Stats for GIC/measured/NERC:
2026-07-31T11:22:40.668649Z INFO  main 
    std: : [0.42019534335060205]
    ave: : [0.06510219530658609]
    min: : [-0.7000000000000002]
    max: : [0.7000000000000002]
    n: 1321
    n_valid: : [1321]
    dt_original: : [60000000000]
2026-07-31T11:22:40.672789Z INFO  main Plotting '10464' data
2026-07-31T11:22:40.684788Z INFO  main   Plotting '10464/GIC/measured/NERC' original vs. modified data
2026-07-31T11:22:42.261355Z INFO  main     Writing C:\Users\lwilker\Documents\GitHub\SWERVE-data\data_processed/2021-05-12/sites/10464/figures\original\GIC_measured_NERC.png
2026-07-31T11:22:44.074512Z INFO  main     Writing C:\Users\lwilker\Documents\GitHub\SWERVE-data\data_processed/2021-05-12/sites/10464/figures\original\GIC_measured_NERC.pdf
2026-07-31T11:22:44.621742Z INFO  main Reading '10465' data
2026-07-31T11:22:44.652676Z INFO  main   Reading 'GIC/measured/NERC' data
2026-07-31T11:22:44.660758Z INFO  main     Reading C:\Users\lwilker\Documents\GitHub\SWERVE-data\data_original\nerc\2021-05-12\gic\2021E01_10465.csv
2026-07-31T11:22:44.792455Z INFO  main     Running automated error checks on GIC measured data
2026-07-31T11:22:45.280155Z INFO  main     
Resample to 1m aves and NaN pad or trim to start/stop.
2026-07-31T11:22:45.329680Z INFO  main     Writing C:\Users\lwilker\Documents\GitHub\SWERVE-data\data_processed\2021-05-12\sites\10465\data\GIC_measured_NERC.pkl
2026-07-31T11:22:45.359939Z INFO  main   Writing C:\Users\lwilker\Documents\GitHub\SWERVE-data\data_processed\2021-05-12\sites\10465\data\_all.pkl
2026-07-31T11:22:45.373562Z INFO  main Computing stats for '10465' data
2026-07-31T11:22:45.388204Z INFO  main   Uniq dts [ns] = [60000000000]
2026-07-31T11:22:45.388204Z INFO  main   Uniq dts [#]  = 1
2026-07-31T11:22:45.389724Z INFO  main   Stats for GIC/measured/NERC:
2026-07-31T11:22:45.389724Z INFO  main 
    std: : [0.29074140406609356]
    ave: : [0.44466313398940194]
    min: : [-0.7]
    max: : [2.1]
    n: 1321
    n_valid: : [1321]
    dt_original: : [60000000000]
2026-07-31T11:22:45.394249Z INFO  main Plotting '10465' data
2026-07-31T11:22:45.406866Z INFO  main   Plotting '10465/GIC/measured/NERC' original vs. modified data
2026-07-31T11:22:47.013939Z INFO  main     Writing C:\Users\lwilker\Documents\GitHub\SWERVE-data\data_processed/2021-05-12/sites/10465/figures\original\GIC_measured_NERC.png
2026-07-31T11:22:48.762480Z INFO  main     Writing C:\Users\lwilker\Documents\GitHub\SWERVE-data\data_processed/2021-05-12/sites/10465/figures\original\GIC_measured_NERC.pdf
2026-07-31T11:22:49.249644Z INFO  main Reading '10467' data
2026-07-31T11:22:49.278678Z INFO  main   Reading 'GIC/measured/NERC' data
2026-07-31T11:22:49.288575Z INFO  main     Reading C:\Users\lwilker\Documents\GitHub\SWERVE-data\data_original\nerc\2021-05-12\gic\2021E01_10467.csv
2026-07-31T11:22:49.873804Z INFO  main     Running automated error checks on GIC measured data
2026-07-31T11:22:50.381915Z INFO  main     Baseline offset of -3.30 A corrected. 
Resample to 1m aves and NaN pad or trim to start/stop.
2026-07-31T11:22:50.422158Z INFO  main     Writing C:\Users\lwilker\Documents\GitHub\SWERVE-data\data_processed\2021-05-12\sites\10467\data\GIC_measured_NERC.pkl
2026-07-31T11:22:50.454367Z INFO  main   Writing C:\Users\lwilker\Documents\GitHub\SWERVE-data\data_processed\2021-05-12\sites\10467\data\_all.pkl
2026-07-31T11:22:50.472350Z INFO  main Computing stats for '10467' data
2026-07-31T11:22:50.486136Z INFO  main   Uniq dts [ns] = [60000000000]
2026-07-31T11:22:50.486662Z INFO  main   Uniq dts [#]  = 1
2026-07-31T11:22:50.488182Z INFO  main   Stats for GIC/measured/NERC:
2026-07-31T11:22:50.488182Z INFO  main 
    std: : [0.8363807619057229]
    ave: : [-0.19099167297501907]
    min: : [-6.8]
    max: : [4.6]
    n: 1321
    n_valid: : [1321]
    dt_original: : [60000000000]
2026-07-31T11:22:50.491253Z INFO  main Plotting '10467' data
2026-07-31T11:22:50.504506Z INFO  main   Plotting '10467/GIC/measured/NERC' original vs. modified data
2026-07-31T11:22:52.007452Z INFO  main     Writing C:\Users\lwilker\Documents\GitHub\SWERVE-data\data_processed/2021-05-12/sites/10467/figures\original\GIC_measured_NERC.png
2026-07-31T11:22:53.901646Z INFO  main     Writing C:\Users\lwilker\Documents\GitHub\SWERVE-data\data_processed/2021-05-12/sites/10467/figures\original\GIC_measured_NERC.pdf
2026-07-31T11:22:54.437824Z INFO  main Reading '10468' data
2026-07-31T11:22:54.471301Z INFO  main   Reading 'GIC/measured/NERC' data
2026-07-31T11:22:54.482808Z INFO  main     Reading C:\Users\lwilker\Documents\GitHub\SWERVE-data\data_original\nerc\2021-05-12\gic\2021E01_10468.csv
2026-07-31T11:22:54.611247Z INFO  main     Running automated error checks on GIC measured data
2026-07-31T11:22:55.114142Z INFO  main     Baseline offset of 4.60 A corrected. 
Resample to 1m aves and NaN pad or trim to start/stop.
2026-07-31T11:22:55.161346Z INFO  main     Writing C:\Users\lwilker\Documents\GitHub\SWERVE-data\data_processed\2021-05-12\sites\10468\data\GIC_measured_NERC.pkl
2026-07-31T11:22:55.192432Z INFO  main   Writing C:\Users\lwilker\Documents\GitHub\SWERVE-data\data_processed\2021-05-12\sites\10468\data\_all.pkl
2026-07-31T11:22:55.209447Z INFO  main Computing stats for '10468' data
2026-07-31T11:22:55.221036Z INFO  main   Uniq dts [ns] = [60000000000]
2026-07-31T11:22:55.221036Z INFO  main   Uniq dts [#]  = 1
2026-07-31T11:22:55.222052Z INFO  main   Stats for GIC/measured/NERC:
2026-07-31T11:22:55.222052Z INFO  main 
    std: : [0.2630974216477931]
    ave: : [0.09523088569265747]
    min: : [-0.2999999999999998]
    max: : [0.6000000000000005]
    n: 1321
    n_valid: : [1321]
    dt_original: : [60000000000]
2026-07-31T11:22:55.225572Z INFO  main Plotting '10468' data
2026-07-31T11:22:55.243656Z INFO  main   Plotting '10468/GIC/measured/NERC' original vs. modified data
2026-07-31T11:22:56.861887Z INFO  main     Writing C:\Users\lwilker\Documents\GitHub\SWERVE-data\data_processed/2021-05-12/sites/10468/figures\original\GIC_measured_NERC.png
2026-07-31T11:22:58.913517Z INFO  main     Writing C:\Users\lwilker\Documents\GitHub\SWERVE-data\data_processed/2021-05-12/sites/10468/figures\original\GIC_measured_NERC.pdf
2026-07-31T11:22:59.509310Z INFO  main Reading '10469' data
2026-07-31T11:22:59.540648Z INFO  main   Reading 'GIC/measured/NERC' data
2026-07-31T11:22:59.555263Z INFO  main     Reading C:\Users\lwilker\Documents\GitHub\SWERVE-data\data_original\nerc\2021-05-12\gic\2021E01_10469.csv
2026-07-31T11:22:59.679568Z INFO  main     Running automated error checks on GIC measured data
2026-07-31T11:23:00.179372Z INFO  main     Baseline offset of -4.10 A corrected. 
Resample to 1m aves and NaN pad or trim to start/stop.
2026-07-31T11:23:00.228992Z INFO  main     Writing C:\Users\lwilker\Documents\GitHub\SWERVE-data\data_processed\2021-05-12\sites\10469\data\GIC_measured_NERC.pkl
2026-07-31T11:23:00.263421Z INFO  main   Writing C:\Users\lwilker\Documents\GitHub\SWERVE-data\data_processed\2021-05-12\sites\10469\data\_all.pkl
2026-07-31T11:23:00.279147Z INFO  main Computing stats for '10469' data
2026-07-31T11:23:00.292773Z INFO  main   Uniq dts [ns] = [60000000000]
2026-07-31T11:23:00.293772Z INFO  main   Uniq dts [#]  = 1
2026-07-31T11:23:00.296815Z INFO  main   Stats for GIC/measured/NERC:
2026-07-31T11:23:00.297817Z INFO  main 
    std: : [0.2825771757611767]
    ave: : [-0.0492051476154431]
    min: : [-0.9000000000000004]
    max: : [1.1999999999999997]
    n: 1321
    n_valid: : [1321]
    dt_original: : [60000000000]
2026-07-31T11:23:00.303733Z INFO  main Plotting '10469' data
2026-07-31T11:23:00.322185Z INFO  main   Plotting '10469/GIC/measured/NERC' original vs. modified data
2026-07-31T11:23:01.822252Z INFO  main     Writing C:\Users\lwilker\Documents\GitHub\SWERVE-data\data_processed/2021-05-12/sites/10469/figures\original\GIC_measured_NERC.png
2026-07-31T11:23:03.860368Z INFO  main     Writing C:\Users\lwilker\Documents\GitHub\SWERVE-data\data_processed/2021-05-12/sites/10469/figures\original\GIC_measured_NERC.pdf
2026-07-31T11:23:04.427776Z INFO  main Reading '10470' data
2026-07-31T11:23:04.448940Z INFO  main   Reading 'GIC/measured/NERC' data
2026-07-31T11:23:04.457510Z INFO  main     Reading C:\Users\lwilker\Documents\GitHub\SWERVE-data\data_original\nerc\2021-05-12\gic\2021E01_10470.csv
2026-07-31T11:23:04.672033Z INFO  main     Running automated error checks on GIC measured data
2026-07-31T11:23:05.133958Z INFO  main     Baseline offset of 6.30 A corrected. 
Resample to 1m aves and NaN pad or trim to start/stop.
2026-07-31T11:23:05.173364Z INFO  main     Writing C:\Users\lwilker\Documents\GitHub\SWERVE-data\data_processed\2021-05-12\sites\10470\data\GIC_measured_NERC.pkl
2026-07-31T11:23:05.193558Z INFO  main   Writing C:\Users\lwilker\Documents\GitHub\SWERVE-data\data_processed\2021-05-12\sites\10470\data\_all.pkl
2026-07-31T11:23:05.205677Z INFO  main Computing stats for '10470' data
2026-07-31T11:23:05.217628Z INFO  main   Uniq dts [ns] = [60000000000]
2026-07-31T11:23:05.218626Z INFO  main   Uniq dts [#]  = 1
2026-07-31T11:23:05.219629Z INFO  main   Stats for GIC/measured/NERC:
2026-07-31T11:23:05.219629Z INFO  main 
    std: : [0.03606335301716819]
    ave: : [0.015367146101438389]
    min: : [0.0]
    max: : [0.10000000000000053]
    n: 1321
    n_valid: : [1321]
    dt_original: : [60000000000]
2026-07-31T11:23:05.222723Z INFO  main Plotting '10470' data
2026-07-31T11:23:05.233956Z INFO  main   Plotting '10470/GIC/measured/NERC' original vs. modified data
2026-07-31T11:23:06.784451Z INFO  main     Writing C:\Users\lwilker\Documents\GitHub\SWERVE-data\data_processed/2021-05-12/sites/10470/figures\original\GIC_measured_NERC.png
2026-07-31T11:23:08.465414Z INFO  main     Writing C:\Users\lwilker\Documents\GitHub\SWERVE-data\data_processed/2021-05-12/sites/10470/figures\original\GIC_measured_NERC.pdf
2026-07-31T11:23:08.983187Z INFO  main Reading '10471' data
2026-07-31T11:23:09.006380Z INFO  main   Reading 'GIC/measured/NERC' data
2026-07-31T11:23:09.018464Z INFO  main     Reading C:\Users\lwilker\Documents\GitHub\SWERVE-data\data_original\nerc\2021-05-12\gic\2021E01_10471.csv
2026-07-31T11:23:09.149866Z INFO  main     Running automated error checks on GIC measured data
2026-07-31T11:23:10.107287Z INFO  main     
Resample to 1m aves and NaN pad or trim to start/stop.
2026-07-31T11:23:10.145425Z INFO  main     Writing C:\Users\lwilker\Documents\GitHub\SWERVE-data\data_processed\2021-05-12\sites\10471\data\GIC_measured_NERC.pkl
2026-07-31T11:23:10.170201Z INFO  main   Writing C:\Users\lwilker\Documents\GitHub\SWERVE-data\data_processed\2021-05-12\sites\10471\data\_all.pkl
2026-07-31T11:23:10.184294Z INFO  main Computing stats for '10471' data
2026-07-31T11:23:10.197414Z INFO  main   Uniq dts [ns] = [60000000000]
2026-07-31T11:23:10.198411Z INFO  main   Uniq dts [#]  = 1
2026-07-31T11:23:10.198411Z INFO  main   Stats for GIC/measured/NERC:
2026-07-31T11:23:10.199927Z INFO  main 
    std: : [0.3514425744014049]
    ave: : [-1.035881907645723]
    min: : [-2.5]
    max: : [1.2]
    n: 1321
    n_valid: : [1321]
    dt_original: : [60000000000]
2026-07-31T11:23:10.201943Z INFO  main Plotting '10471' data
2026-07-31T11:23:10.211505Z INFO  main   Plotting '10471/GIC/measured/NERC' original vs. modified data
2026-07-31T11:23:11.812239Z INFO  main     Writing C:\Users\lwilker\Documents\GitHub\SWERVE-data\data_processed/2021-05-12/sites/10471/figures\original\GIC_measured_NERC.png
2026-07-31T11:23:13.864415Z INFO  main     Writing C:\Users\lwilker\Documents\GitHub\SWERVE-data\data_processed/2021-05-12/sites/10471/figures\original\GIC_measured_NERC.pdf
2026-07-31T11:23:14.477282Z INFO  main Reading '10472' data
2026-07-31T11:23:14.500614Z INFO  main   Reading 'GIC/measured/NERC' data
2026-07-31T11:23:14.515210Z INFO  main     Reading C:\Users\lwilker\Documents\GitHub\SWERVE-data\data_original\nerc\2021-05-12\gic\2021E01_10472.csv
2026-07-31T11:23:14.634241Z INFO  main     Running automated error checks on GIC measured data
2026-07-31T11:23:15.137223Z INFO  main     Baseline offset of -4.30 A corrected. 
Resample to 1m aves and NaN pad or trim to start/stop.
2026-07-31T11:23:15.177394Z INFO  main     Writing C:\Users\lwilker\Documents\GitHub\SWERVE-data\data_processed\2021-05-12\sites\10472\data\GIC_measured_NERC.pkl
2026-07-31T11:23:15.208385Z INFO  main   Writing C:\Users\lwilker\Documents\GitHub\SWERVE-data\data_processed\2021-05-12\sites\10472\data\_all.pkl
2026-07-31T11:23:15.219978Z INFO  main Computing stats for '10472' data
2026-07-31T11:23:15.234171Z INFO  main   Uniq dts [ns] = [60000000000]
2026-07-31T11:23:15.236199Z INFO  main   Uniq dts [#]  = 1
2026-07-31T11:23:15.237197Z INFO  main   Stats for GIC/measured/NERC:
2026-07-31T11:23:15.238203Z INFO  main 
    std: : [0.8734842714740252]
    ave: : [-0.5886449659348978]
    min: : [-2.4000000000000004]
    max: : [0.5]
    n: 1321
    n_valid: : [1321]
    dt_original: : [60000000000]
2026-07-31T11:23:15.242748Z INFO  main Plotting '10472' data
2026-07-31T11:23:15.256649Z INFO  main   Plotting '10472/GIC/measured/NERC' original vs. modified data
2026-07-31T11:23:16.910871Z INFO  main     Writing C:\Users\lwilker\Documents\GitHub\SWERVE-data\data_processed/2021-05-12/sites/10472/figures\original\GIC_measured_NERC.png
2026-07-31T11:23:18.856053Z INFO  main     Writing C:\Users\lwilker\Documents\GitHub\SWERVE-data\data_processed/2021-05-12/sites/10472/figures\original\GIC_measured_NERC.pdf
2026-07-31T11:23:19.460778Z INFO  main Reading '10473' data
2026-07-31T11:23:19.484629Z INFO  main   Reading 'GIC/measured/NERC' data
2026-07-31T11:23:19.495793Z INFO  main     Reading C:\Users\lwilker\Documents\GitHub\SWERVE-data\data_original\nerc\2021-05-12\gic\2021E01_10473.csv
2026-07-31T11:23:19.616821Z INFO  main     Running automated error checks on GIC measured data
2026-07-31T11:23:20.111353Z INFO  main     
Resample to 1m aves and NaN pad or trim to start/stop.
2026-07-31T11:23:20.157864Z INFO  main     Writing C:\Users\lwilker\Documents\GitHub\SWERVE-data\data_processed\2021-05-12\sites\10473\data\GIC_measured_NERC.pkl
2026-07-31T11:23:20.187880Z INFO  main   Writing C:\Users\lwilker\Documents\GitHub\SWERVE-data\data_processed\2021-05-12\sites\10473\data\_all.pkl
2026-07-31T11:23:20.201351Z INFO  main Computing stats for '10473' data
2026-07-31T11:23:20.212417Z INFO  main   Uniq dts [ns] = [60000000000]
2026-07-31T11:23:20.213924Z INFO  main   Uniq dts [#]  = 1
2026-07-31T11:23:20.214939Z INFO  main   Stats for GIC/measured/NERC:
2026-07-31T11:23:20.215964Z INFO  main 
    std: : [0.24445404925133754]
    ave: : [-0.1610900832702498]
    min: : [-0.5]
    max: : [0.2]
    n: 1321
    n_valid: : [1321]
    dt_original: : [60000000000]
2026-07-31T11:23:20.220507Z INFO  main Plotting '10473' data
2026-07-31T11:23:20.230652Z INFO  main   Plotting '10473/GIC/measured/NERC' original vs. modified data
2026-07-31T11:23:21.821460Z INFO  main     Writing C:\Users\lwilker\Documents\GitHub\SWERVE-data\data_processed/2021-05-12/sites/10473/figures\original\GIC_measured_NERC.png
2026-07-31T11:23:23.792298Z INFO  main     Writing C:\Users\lwilker\Documents\GitHub\SWERVE-data\data_processed/2021-05-12/sites/10473/figures\original\GIC_measured_NERC.pdf
2026-07-31T11:23:24.382324Z INFO  main Reading '10474' data
2026-07-31T11:23:24.417562Z INFO  main   Reading 'GIC/measured/NERC' data
2026-07-31T11:23:24.433703Z INFO  main     Reading C:\Users\lwilker\Documents\GitHub\SWERVE-data\data_original\nerc\2021-05-12\gic\2021E01_10474.csv
2026-07-31T11:23:24.570255Z INFO  main     Running automated error checks on GIC measured data
2026-07-31T11:23:25.041546Z INFO  main     Baseline offset of -2.70 A corrected. 
Resample to 1m aves and NaN pad or trim to start/stop.
2026-07-31T11:23:25.075377Z INFO  main     Writing C:\Users\lwilker\Documents\GitHub\SWERVE-data\data_processed\2021-05-12\sites\10474\data\GIC_measured_NERC.pkl
2026-07-31T11:23:25.100170Z INFO  main   Writing C:\Users\lwilker\Documents\GitHub\SWERVE-data\data_processed\2021-05-12\sites\10474\data\_all.pkl
2026-07-31T11:23:25.110060Z INFO  main Computing stats for '10474' data
2026-07-31T11:23:25.123015Z INFO  main   Uniq dts [ns] = [60000000000]
2026-07-31T11:23:25.124648Z INFO  main   Uniq dts [#]  = 1
2026-07-31T11:23:25.126235Z INFO  main   Stats for GIC/measured/NERC:
2026-07-31T11:23:25.126765Z INFO  main 
    std: : [0.0]
    ave: : [0.0]
    min: : [0.0]
    max: : [0.0]
    n: 1321
    n_valid: : [1321]
    dt_original: : [60000000000]
2026-07-31T11:23:25.129632Z INFO  main Plotting '10474' data
2026-07-31T11:23:25.142776Z INFO  main   Plotting '10474/GIC/measured/NERC' original vs. modified data
2026-07-31T11:23:26.721247Z INFO  main     Writing C:\Users\lwilker\Documents\GitHub\SWERVE-data\data_processed/2021-05-12/sites/10474/figures\original\GIC_measured_NERC.png
2026-07-31T11:23:28.359972Z INFO  main     Writing C:\Users\lwilker\Documents\GitHub\SWERVE-data\data_processed/2021-05-12/sites/10474/figures\original\GIC_measured_NERC.pdf
2026-07-31T11:23:28.899037Z INFO  main Reading '10475' data
2026-07-31T11:23:28.923311Z INFO  main   Reading 'GIC/measured/NERC' data
2026-07-31T11:23:28.933440Z INFO  main     Reading C:\Users\lwilker\Documents\GitHub\SWERVE-data\data_original\nerc\2021-05-12\gic\2021E01_10475.csv
2026-07-31T11:23:29.052014Z INFO  main     Running automated error checks on GIC measured data
2026-07-31T11:23:29.989122Z INFO  main     Baseline offset of -2.10 A corrected. 
Resample to 1m aves and NaN pad or trim to start/stop.
2026-07-31T11:23:30.023361Z INFO  main     Writing C:\Users\lwilker\Documents\GitHub\SWERVE-data\data_processed\2021-05-12\sites\10475\data\GIC_measured_NERC.pkl
2026-07-31T11:23:30.048858Z INFO  main   Writing C:\Users\lwilker\Documents\GitHub\SWERVE-data\data_processed\2021-05-12\sites\10475\data\_all.pkl
2026-07-31T11:23:30.063454Z INFO  main Computing stats for '10475' data
2026-07-31T11:23:30.074045Z INFO  main   Uniq dts [ns] = [60000000000]
2026-07-31T11:23:30.075062Z INFO  main   Uniq dts [#]  = 1
2026-07-31T11:23:30.076063Z INFO  main   Stats for GIC/measured/NERC:
2026-07-31T11:23:30.077580Z INFO  main 
    std: : [2.2549606571260057]
    ave: : [0.1978046934140803]
    min: : [-14.299999999999999]
    max: : [19.1]
    n: 1321
    n_valid: : [1321]
    dt_original: : [60000000000]
2026-07-31T11:23:30.080119Z INFO  main Plotting '10475' data
2026-07-31T11:23:30.089165Z INFO  main   Plotting '10475/GIC/measured/NERC' original vs. modified data
2026-07-31T11:23:31.669609Z INFO  main     Writing C:\Users\lwilker\Documents\GitHub\SWERVE-data\data_processed/2021-05-12/sites/10475/figures\original\GIC_measured_NERC.png
2026-07-31T11:23:33.594976Z INFO  main     Writing C:\Users\lwilker\Documents\GitHub\SWERVE-data\data_processed/2021-05-12/sites/10475/figures\original\GIC_measured_NERC.pdf
2026-07-31T11:23:34.184119Z INFO  main Reading '10478' data
2026-07-31T11:23:34.211864Z INFO  main   Reading 'GIC/measured/NERC' data
2026-07-31T11:23:34.227094Z INFO  main     Reading C:\Users\lwilker\Documents\GitHub\SWERVE-data\data_original\nerc\2021-05-12\gic\2021E01_10478.csv
2026-07-31T11:23:34.396161Z INFO  main     Running automated error checks on GIC measured data
2026-07-31T11:23:34.932996Z INFO  main     Baseline offset of 4.80 A corrected. 
Resample to 1m aves and NaN pad or trim to start/stop.
2026-07-31T11:23:34.974016Z INFO  main     Writing C:\Users\lwilker\Documents\GitHub\SWERVE-data\data_processed\2021-05-12\sites\10478\data\GIC_measured_NERC.pkl
2026-07-31T11:23:34.999781Z INFO  main   Writing C:\Users\lwilker\Documents\GitHub\SWERVE-data\data_processed\2021-05-12\sites\10478\data\_all.pkl
2026-07-31T11:23:35.016980Z INFO  main Computing stats for '10478' data
2026-07-31T11:23:35.038763Z INFO  main   Uniq dts [ns] = [60000000000]
2026-07-31T11:23:35.040043Z INFO  main   Uniq dts [#]  = 1
2026-07-31T11:23:35.041301Z INFO  main   Stats for GIC/measured/NERC:
2026-07-31T11:23:35.042323Z INFO  main 
    std: : [0.6050597593021363]
    ave: : [-0.37789553368660106]
    min: : [-1.4]
    max: : [0.9000000000000004]
    n: 1321
    n_valid: : [1321]
    dt_original: : [60000000000]
2026-07-31T11:23:35.045672Z INFO  main Plotting '10478' data
2026-07-31T11:23:35.057282Z INFO  main   Plotting '10478/GIC/measured/NERC' original vs. modified data
2026-07-31T11:23:36.607403Z INFO  main     Writing C:\Users\lwilker\Documents\GitHub\SWERVE-data\data_processed/2021-05-12/sites/10478/figures\original\GIC_measured_NERC.png
2026-07-31T11:23:38.514885Z INFO  main     Writing C:\Users\lwilker\Documents\GitHub\SWERVE-data\data_processed/2021-05-12/sites/10478/figures\original\GIC_measured_NERC.pdf
2026-07-31T11:23:39.076979Z INFO  main Reading '10483' data
2026-07-31T11:23:39.111777Z INFO  main   Reading 'GIC/measured/NERC' data
2026-07-31T11:23:39.128375Z INFO  main     Reading C:\Users\lwilker\Documents\GitHub\SWERVE-data\data_original\nerc\2021-05-12\gic\2021E01_10483.csv
2026-07-31T11:23:39.275348Z INFO  main     Running automated error checks on GIC measured data
2026-07-31T11:23:39.743674Z INFO  main     Baseline offset of 2.20 A corrected. 
Resample to 1m aves and NaN pad or trim to start/stop.
2026-07-31T11:23:39.784484Z INFO  main     Writing C:\Users\lwilker\Documents\GitHub\SWERVE-data\data_processed\2021-05-12\sites\10483\data\GIC_measured_NERC.pkl
2026-07-31T11:23:39.810078Z INFO  main   Writing C:\Users\lwilker\Documents\GitHub\SWERVE-data\data_processed\2021-05-12\sites\10483\data\_all.pkl
2026-07-31T11:23:39.826763Z INFO  main Computing stats for '10483' data
2026-07-31T11:23:39.841508Z INFO  main   Uniq dts [ns] = [60000000000]
2026-07-31T11:23:39.841508Z INFO  main   Uniq dts [#]  = 1
2026-07-31T11:23:39.843067Z INFO  main   Stats for GIC/measured/NERC:
2026-07-31T11:23:39.843574Z INFO  main 
    std: : [0.5910486126662435]
    ave: : [0.08046934140802406]
    min: : [-4.800000000000001]
    max: : [2.2]
    n: 1321
    n_valid: : [1321]
    dt_original: : [60000000000]
2026-07-31T11:23:39.845585Z INFO  main Plotting '10483' data
2026-07-31T11:23:39.859191Z INFO  main   Plotting '10483/GIC/measured/NERC' original vs. modified data
2026-07-31T11:23:41.343488Z INFO  main     Writing C:\Users\lwilker\Documents\GitHub\SWERVE-data\data_processed/2021-05-12/sites/10483/figures\original\GIC_measured_NERC.png
2026-07-31T11:23:43.507989Z INFO  main     Writing C:\Users\lwilker\Documents\GitHub\SWERVE-data\data_processed/2021-05-12/sites/10483/figures\original\GIC_measured_NERC.pdf
2026-07-31T11:23:44.085394Z INFO  main Reading '10484' data
2026-07-31T11:23:44.120548Z INFO  main   Reading 'GIC/measured/NERC' data
2026-07-31T11:23:44.136720Z INFO  main     Reading C:\Users\lwilker\Documents\GitHub\SWERVE-data\data_original\nerc\2021-05-12\gic\2021E01_10484.csv
2026-07-31T11:23:44.323364Z INFO  main     Running automated error checks on GIC measured data
2026-07-31T11:23:44.811180Z INFO  main     Baseline offset of 6.00 A corrected. 
Resample to 1m aves and NaN pad or trim to start/stop.
2026-07-31T11:23:44.852202Z INFO  main     Writing C:\Users\lwilker\Documents\GitHub\SWERVE-data\data_processed\2021-05-12\sites\10484\data\GIC_measured_NERC.pkl
2026-07-31T11:23:44.874428Z INFO  main   Writing C:\Users\lwilker\Documents\GitHub\SWERVE-data\data_processed\2021-05-12\sites\10484\data\_all.pkl
2026-07-31T11:23:44.888021Z INFO  main Computing stats for '10484' data
2026-07-31T11:23:44.900105Z INFO  main   Uniq dts [ns] = [60000000000]
2026-07-31T11:23:44.901116Z INFO  main   Uniq dts [#]  = 1
2026-07-31T11:23:44.901116Z INFO  main   Stats for GIC/measured/NERC:
2026-07-31T11:23:44.902627Z INFO  main 
    std: : [0.05652217160129757]
    ave: : [0.016729750189250537]
    min: : [-0.09999999999999964]
    max: : [0.20000000000000018]
    n: 1321
    n_valid: : [1321]
    dt_original: : [60000000000]
2026-07-31T11:23:44.904658Z INFO  main Plotting '10484' data
2026-07-31T11:23:44.916744Z INFO  main   Plotting '10484/GIC/measured/NERC' original vs. modified data
2026-07-31T11:23:46.510017Z INFO  main     Writing C:\Users\lwilker\Documents\GitHub\SWERVE-data\data_processed/2021-05-12/sites/10484/figures\original\GIC_measured_NERC.png
2026-07-31T11:23:48.353719Z INFO  main     Writing C:\Users\lwilker\Documents\GitHub\SWERVE-data\data_processed/2021-05-12/sites/10484/figures\original\GIC_measured_NERC.pdf
2026-07-31T11:23:48.884481Z INFO  main Reading '10485' data
2026-07-31T11:23:48.909994Z INFO  main   Reading 'GIC/measured/NERC' data
2026-07-31T11:23:48.927438Z INFO  main     Reading C:\Users\lwilker\Documents\GitHub\SWERVE-data\data_original\nerc\2021-05-12\gic\2021E01_10485.csv
2026-07-31T11:23:49.043946Z INFO  main     Running automated error checks on GIC measured data
2026-07-31T11:23:50.085238Z INFO  main     Baseline offset of 6.40 A corrected. 
Resample to 1m aves and NaN pad or trim to start/stop.
2026-07-31T11:23:50.127825Z INFO  main     Writing C:\Users\lwilker\Documents\GitHub\SWERVE-data\data_processed\2021-05-12\sites\10485\data\GIC_measured_NERC.pkl
2026-07-31T11:23:50.153472Z INFO  main   Writing C:\Users\lwilker\Documents\GitHub\SWERVE-data\data_processed\2021-05-12\sites\10485\data\_all.pkl
2026-07-31T11:23:50.168751Z INFO  main Computing stats for '10485' data
2026-07-31T11:23:50.183217Z INFO  main   Uniq dts [ns] = [60000000000]
2026-07-31T11:23:50.184238Z INFO  main   Uniq dts [#]  = 1
2026-07-31T11:23:50.185233Z INFO  main   Stats for GIC/measured/NERC:
2026-07-31T11:23:50.186273Z INFO  main 
    std: : [0.4135170065423782]
    ave: : [-0.2464799394398187]
    min: : [-1.0]
    max: : [0.1999999999999993]
    n: 1321
    n_valid: : [1321]
    dt_original: : [60000000000]
2026-07-31T11:23:50.190843Z INFO  main Plotting '10485' data
2026-07-31T11:23:50.206074Z INFO  main   Plotting '10485/GIC/measured/NERC' original vs. modified data
2026-07-31T11:23:51.808279Z INFO  main     Writing C:\Users\lwilker\Documents\GitHub\SWERVE-data\data_processed/2021-05-12/sites/10485/figures\original\GIC_measured_NERC.png
2026-07-31T11:23:53.772903Z INFO  main     Writing C:\Users\lwilker\Documents\GitHub\SWERVE-data\data_processed/2021-05-12/sites/10485/figures\original\GIC_measured_NERC.pdf
2026-07-31T11:23:54.348681Z INFO  main Reading '10487' data
2026-07-31T11:23:54.389037Z INFO  main   Reading 'GIC/measured/NERC' data
2026-07-31T11:23:54.405050Z INFO  main     Reading C:\Users\lwilker\Documents\GitHub\SWERVE-data\data_original\nerc\2021-05-12\gic\2021E01_10487.csv
2026-07-31T11:23:54.538399Z INFO  main     Running automated error checks on GIC measured data
2026-07-31T11:23:55.026278Z INFO  main     
Resample to 1m aves and NaN pad or trim to start/stop.
2026-07-31T11:23:55.079657Z INFO  main     Writing C:\Users\lwilker\Documents\GitHub\SWERVE-data\data_processed\2021-05-12\sites\10487\data\GIC_measured_NERC.pkl
2026-07-31T11:23:55.114010Z INFO  main   Writing C:\Users\lwilker\Documents\GitHub\SWERVE-data\data_processed\2021-05-12\sites\10487\data\_all.pkl
2026-07-31T11:23:55.132658Z INFO  main Computing stats for '10487' data
2026-07-31T11:23:55.147248Z INFO  main   Uniq dts [ns] = [60000000000]
2026-07-31T11:23:55.148260Z INFO  main   Uniq dts [#]  = 1
2026-07-31T11:23:55.150265Z INFO  main   Stats for GIC/measured/NERC:
2026-07-31T11:23:55.150265Z INFO  main 
    std: : [0.5303985341491982]
    ave: : [0.8564723694171084]
    min: : [-2.5]
    max: : [5.0]
    n: 1321
    n_valid: : [1321]
    dt_original: : [60000000000]
2026-07-31T11:23:55.157022Z INFO  main Plotting '10487' data
2026-07-31T11:23:55.175713Z INFO  main   Plotting '10487/GIC/measured/NERC' original vs. modified data
2026-07-31T11:23:56.654684Z INFO  main     Writing C:\Users\lwilker\Documents\GitHub\SWERVE-data\data_processed/2021-05-12/sites/10487/figures\original\GIC_measured_NERC.png
2026-07-31T11:23:58.445725Z INFO  main     Writing C:\Users\lwilker\Documents\GitHub\SWERVE-data\data_processed/2021-05-12/sites/10487/figures\original\GIC_measured_NERC.pdf
2026-07-31T11:23:58.998632Z INFO  main Reading '10491' data
2026-07-31T11:23:59.027678Z INFO  main   Reading 'GIC/measured/NERC' data
2026-07-31T11:23:59.042494Z INFO  main     Reading C:\Users\lwilker\Documents\GitHub\SWERVE-data\data_original\nerc\2021-05-12\gic\2021E01_10491.csv
2026-07-31T11:23:59.161696Z INFO  main     Running automated error checks on GIC measured data
2026-07-31T11:23:59.678457Z INFO  main     Baseline offset of -5.50 A corrected. 
Resample to 1m aves and NaN pad or trim to start/stop.
2026-07-31T11:23:59.719208Z INFO  main     Writing C:\Users\lwilker\Documents\GitHub\SWERVE-data\data_processed\2021-05-12\sites\10491\data\GIC_measured_NERC.pkl
2026-07-31T11:23:59.744226Z INFO  main   Writing C:\Users\lwilker\Documents\GitHub\SWERVE-data\data_processed\2021-05-12\sites\10491\data\_all.pkl
2026-07-31T11:23:59.757447Z INFO  main Computing stats for '10491' data
2026-07-31T11:23:59.769816Z INFO  main   Uniq dts [ns] = [60000000000]
2026-07-31T11:23:59.770815Z INFO  main   Uniq dts [#]  = 1
2026-07-31T11:23:59.771797Z INFO  main   Stats for GIC/measured/NERC:
2026-07-31T11:23:59.772305Z INFO  main 
    std: : [0.4443601912236515]
    ave: : [-0.3557153671461014]
    min: : [-1.0]
    max: : [0.0]
    n: 1321
    n_valid: : [1321]
    dt_original: : [60000000000]
2026-07-31T11:23:59.775834Z INFO  main Plotting '10491' data
2026-07-31T11:23:59.787000Z INFO  main   Plotting '10491/GIC/measured/NERC' original vs. modified data
2026-07-31T11:24:01.302375Z INFO  main     Writing C:\Users\lwilker\Documents\GitHub\SWERVE-data\data_processed/2021-05-12/sites/10491/figures\original\GIC_measured_NERC.png
2026-07-31T11:24:03.117019Z INFO  main     Writing C:\Users\lwilker\Documents\GitHub\SWERVE-data\data_processed/2021-05-12/sites/10491/figures\original\GIC_measured_NERC.pdf
2026-07-31T11:24:03.691374Z INFO  main Reading '10492' data
2026-07-31T11:24:03.720143Z INFO  main   Reading 'GIC/measured/NERC' data
2026-07-31T11:24:03.735772Z INFO  main     Reading C:\Users\lwilker\Documents\GitHub\SWERVE-data\data_original\nerc\2021-05-12\gic\2021E01_10492.csv
2026-07-31T11:24:03.884433Z INFO  main     Running automated error checks on GIC measured data
2026-07-31T11:24:04.464699Z INFO  main     Baseline offset of 11.20 A corrected. 
Resample to 1m aves and NaN pad or trim to start/stop.
2026-07-31T11:24:04.514100Z INFO  main     Writing C:\Users\lwilker\Documents\GitHub\SWERVE-data\data_processed\2021-05-12\sites\10492\data\GIC_measured_NERC.pkl
2026-07-31T11:24:04.538073Z INFO  main   Writing C:\Users\lwilker\Documents\GitHub\SWERVE-data\data_processed\2021-05-12\sites\10492\data\_all.pkl
2026-07-31T11:24:04.550245Z INFO  main Computing stats for '10492' data
2026-07-31T11:24:04.563822Z INFO  main   Uniq dts [ns] = [60000000000]
2026-07-31T11:24:04.565339Z INFO  main   Uniq dts [#]  = 1
2026-07-31T11:24:04.565339Z INFO  main   Stats for GIC/measured/NERC:
2026-07-31T11:24:04.566860Z INFO  main 
    std: : [0.49105203336818243]
    ave: : [0.13202119606358903]
    min: : [-0.5]
    max: : [1.1000000000000014]
    n: 1321
    n_valid: : [1321]
    dt_original: : [60000000000]
2026-07-31T11:24:04.569876Z INFO  main Plotting '10492' data
2026-07-31T11:24:04.579994Z INFO  main   Plotting '10492/GIC/measured/NERC' original vs. modified data
2026-07-31T11:24:06.082131Z INFO  main     Writing C:\Users\lwilker\Documents\GitHub\SWERVE-data\data_processed/2021-05-12/sites/10492/figures\original\GIC_measured_NERC.png
2026-07-31T11:24:08.086666Z INFO  main     Writing C:\Users\lwilker\Documents\GitHub\SWERVE-data\data_processed/2021-05-12/sites/10492/figures\original\GIC_measured_NERC.pdf
2026-07-31T11:24:08.714246Z INFO  main Reading '10493' data
2026-07-31T11:24:08.750632Z INFO  main   Reading 'GIC/measured/NERC' data
2026-07-31T11:24:08.766770Z INFO  main     Reading C:\Users\lwilker\Documents\GitHub\SWERVE-data\data_original\nerc\2021-05-12\gic\2021E01_10493.csv
2026-07-31T11:24:09.431920Z INFO  main     Running automated error checks on GIC measured data
2026-07-31T11:24:09.879843Z INFO  main     Baseline offset of -6.00 A corrected. 
Resample to 1m aves and NaN pad or trim to start/stop.
2026-07-31T11:24:09.917834Z INFO  main     Writing C:\Users\lwilker\Documents\GitHub\SWERVE-data\data_processed\2021-05-12\sites\10493\data\GIC_measured_NERC.pkl
2026-07-31T11:24:09.942112Z INFO  main   Writing C:\Users\lwilker\Documents\GitHub\SWERVE-data\data_processed\2021-05-12\sites\10493\data\_all.pkl
2026-07-31T11:24:09.956751Z INFO  main Computing stats for '10493' data
2026-07-31T11:24:09.967845Z INFO  main   Uniq dts [ns] = [60000000000]
2026-07-31T11:24:09.968852Z INFO  main   Uniq dts [#]  = 1
2026-07-31T11:24:09.968852Z INFO  main   Stats for GIC/measured/NERC:
2026-07-31T11:24:09.969846Z INFO  main 
    std: : [0.11241914468332685]
    ave: : [-0.0019682059046177147]
    min: : [-0.20000000000000018]
    max: : [0.20000000000000018]
    n: 1321
    n_valid: : [1321]
    dt_original: : [60000000000]
2026-07-31T11:24:09.975349Z INFO  main Plotting '10493' data
2026-07-31T11:24:09.983938Z INFO  main   Plotting '10493/GIC/measured/NERC' original vs. modified data
2026-07-31T11:24:11.565276Z INFO  main     Writing C:\Users\lwilker\Documents\GitHub\SWERVE-data\data_processed/2021-05-12/sites/10493/figures\original\GIC_measured_NERC.png
2026-07-31T11:24:13.560993Z INFO  main     Writing C:\Users\lwilker\Documents\GitHub\SWERVE-data\data_processed/2021-05-12/sites/10493/figures\original\GIC_measured_NERC.pdf
2026-07-31T11:24:14.169629Z INFO  main Reading '10494' data
2026-07-31T11:24:14.209483Z INFO  main   Reading 'GIC/measured/NERC' data
2026-07-31T11:24:14.224835Z INFO  main     Reading C:\Users\lwilker\Documents\GitHub\SWERVE-data\data_original\nerc\2021-05-12\gic\2021E01_10494.csv
2026-07-31T11:24:14.361008Z INFO  main     Running automated error checks on GIC measured data
2026-07-31T11:24:14.822695Z INFO  main     Baseline offset of -5.60 A corrected. 
Resample to 1m aves and NaN pad or trim to start/stop.
2026-07-31T11:24:14.863302Z INFO  main     Writing C:\Users\lwilker\Documents\GitHub\SWERVE-data\data_processed\2021-05-12\sites\10494\data\GIC_measured_NERC.pkl
2026-07-31T11:24:14.893327Z INFO  main   Writing C:\Users\lwilker\Documents\GitHub\SWERVE-data\data_processed\2021-05-12\sites\10494\data\_all.pkl
2026-07-31T11:24:14.908604Z INFO  main Computing stats for '10494' data
2026-07-31T11:24:14.920303Z INFO  main   Uniq dts [ns] = [60000000000]
2026-07-31T11:24:14.920303Z INFO  main   Uniq dts [#]  = 1
2026-07-31T11:24:14.921822Z INFO  main   Stats for GIC/measured/NERC:
2026-07-31T11:24:14.922842Z INFO  main 
    std: : [0.21120135445198088]
    ave: : [0.056623769871309244]
    min: : [-0.3000000000000007]
    max: : [0.39999999999999947]
    n: 1321
    n_valid: : [1321]
    dt_original: : [60000000000]
2026-07-31T11:24:14.924862Z INFO  main Plotting '10494' data
2026-07-31T11:24:14.939540Z INFO  main   Plotting '10494/GIC/measured/NERC' original vs. modified data
2026-07-31T11:24:16.529142Z INFO  main     Writing C:\Users\lwilker\Documents\GitHub\SWERVE-data\data_processed/2021-05-12/sites/10494/figures\original\GIC_measured_NERC.png
2026-07-31T11:24:18.518319Z INFO  main     Writing C:\Users\lwilker\Documents\GitHub\SWERVE-data\data_processed/2021-05-12/sites/10494/figures\original\GIC_measured_NERC.pdf
2026-07-31T11:24:19.104846Z INFO  main Reading '10495' data
2026-07-31T11:24:19.157386Z INFO  main   Reading 'GIC/measured/NERC' data
2026-07-31T11:24:19.174155Z INFO  main     Reading C:\Users\lwilker\Documents\GitHub\SWERVE-data\data_original\nerc\2021-05-12\gic\2021E01_10495.csv
2026-07-31T11:24:19.297560Z INFO  main     Running automated error checks on GIC measured data
2026-07-31T11:24:19.779536Z INFO  main     Baseline offset of -3.50 A corrected. 
Resample to 1m aves and NaN pad or trim to start/stop.
2026-07-31T11:24:19.817765Z INFO  main     Writing C:\Users\lwilker\Documents\GitHub\SWERVE-data\data_processed\2021-05-12\sites\10495\data\GIC_measured_NERC.pkl
2026-07-31T11:24:19.841657Z INFO  main   Writing C:\Users\lwilker\Documents\GitHub\SWERVE-data\data_processed\2021-05-12\sites\10495\data\_all.pkl
2026-07-31T11:24:19.856431Z INFO  main Computing stats for '10495' data
2026-07-31T11:24:19.868649Z INFO  main   Uniq dts [ns] = [60000000000]
2026-07-31T11:24:19.869661Z INFO  main   Uniq dts [#]  = 1
2026-07-31T11:24:19.871710Z INFO  main   Stats for GIC/measured/NERC:
2026-07-31T11:24:19.871710Z INFO  main 
    std: : [0.0]
    ave: : [0.0]
    min: : [0.0]
    max: : [0.0]
    n: 1321
    n_valid: : [1321]
    dt_original: : [60000000000]
2026-07-31T11:24:19.874729Z INFO  main Plotting '10495' data
2026-07-31T11:24:19.886567Z INFO  main   Plotting '10495/GIC/measured/NERC' original vs. modified data
2026-07-31T11:24:21.428431Z INFO  main     Writing C:\Users\lwilker\Documents\GitHub\SWERVE-data\data_processed/2021-05-12/sites/10495/figures\original\GIC_measured_NERC.png
2026-07-31T11:24:23.032632Z INFO  main     Writing C:\Users\lwilker\Documents\GitHub\SWERVE-data\data_processed/2021-05-12/sites/10495/figures\original\GIC_measured_NERC.pdf
2026-07-31T11:24:23.582743Z INFO  main Reading '10496' data
2026-07-31T11:24:23.621965Z INFO  main   Reading 'GIC/measured/NERC' data
2026-07-31T11:24:23.637878Z INFO  main     Reading C:\Users\lwilker\Documents\GitHub\SWERVE-data\data_original\nerc\2021-05-12\gic\2021E01_10496.csv
2026-07-31T11:24:23.793904Z INFO  main     Running automated error checks on GIC measured data
2026-07-31T11:24:24.359581Z INFO  main     
Resample to 1m aves and NaN pad or trim to start/stop.
2026-07-31T11:24:24.408240Z INFO  main     Writing C:\Users\lwilker\Documents\GitHub\SWERVE-data\data_processed\2021-05-12\sites\10496\data\GIC_measured_NERC.pkl
2026-07-31T11:24:24.437317Z INFO  main   Writing C:\Users\lwilker\Documents\GitHub\SWERVE-data\data_processed\2021-05-12\sites\10496\data\_all.pkl
2026-07-31T11:24:24.452697Z INFO  main Computing stats for '10496' data
2026-07-31T11:24:24.464909Z INFO  main   Uniq dts [ns] = [60000000000]
2026-07-31T11:24:24.464909Z INFO  main   Uniq dts [#]  = 1
2026-07-31T11:24:24.466444Z INFO  main   Stats for GIC/measured/NERC:
2026-07-31T11:24:24.467474Z INFO  main 
    std: : [0.5700020906824783]
    ave: : [0.9130204390613171]
    min: : [-0.8]
    max: : [2.8]
    n: 1321
    n_valid: : [1321]
    dt_original: : [60000000000]
2026-07-31T11:24:24.469477Z INFO  main Plotting '10496' data
2026-07-31T11:24:24.480573Z INFO  main   Plotting '10496/GIC/measured/NERC' original vs. modified data
2026-07-31T11:24:25.965079Z INFO  main     Writing C:\Users\lwilker\Documents\GitHub\SWERVE-data\data_processed/2021-05-12/sites/10496/figures\original\GIC_measured_NERC.png
2026-07-31T11:24:27.721096Z INFO  main     Writing C:\Users\lwilker\Documents\GitHub\SWERVE-data\data_processed/2021-05-12/sites/10496/figures\original\GIC_measured_NERC.pdf
2026-07-31T11:24:28.253588Z INFO  main Reading '10497' data
2026-07-31T11:24:28.282794Z INFO  main   Reading 'GIC/measured/NERC' data
2026-07-31T11:24:28.295886Z INFO  main     Reading C:\Users\lwilker\Documents\GitHub\SWERVE-data\data_original\nerc\2021-05-12\gic\2021E01_10497.csv
2026-07-31T11:24:28.930707Z INFO  main     Running automated error checks on GIC measured data
2026-07-31T11:24:29.428567Z INFO  main     
Resample to 1m aves and NaN pad or trim to start/stop.
2026-07-31T11:24:29.468130Z INFO  main     Writing C:\Users\lwilker\Documents\GitHub\SWERVE-data\data_processed\2021-05-12\sites\10497\data\GIC_measured_NERC.pkl
2026-07-31T11:24:29.497884Z INFO  main   Writing C:\Users\lwilker\Documents\GitHub\SWERVE-data\data_processed\2021-05-12\sites\10497\data\_all.pkl
2026-07-31T11:24:29.514695Z INFO  main Computing stats for '10497' data
2026-07-31T11:24:29.524842Z INFO  main   Uniq dts [ns] = [60000000000]
2026-07-31T11:24:29.526352Z INFO  main   Uniq dts [#]  = 1
2026-07-31T11:24:29.527369Z INFO  main   Stats for GIC/measured/NERC:
2026-07-31T11:24:29.528366Z INFO  main 
    std: : [0.3532965364410364]
    ave: : [-0.4594246782740348]
    min: : [-2.7]
    max: : [0.9]
    n: 1321
    n_valid: : [1321]
    dt_original: : [60000000000]
2026-07-31T11:24:29.530873Z INFO  main Plotting '10497' data
2026-07-31T11:24:29.543494Z INFO  main   Plotting '10497/GIC/measured/NERC' original vs. modified data
2026-07-31T11:24:31.112797Z INFO  main     Writing C:\Users\lwilker\Documents\GitHub\SWERVE-data\data_processed/2021-05-12/sites/10497/figures\original\GIC_measured_NERC.png
2026-07-31T11:24:33.066426Z INFO  main     Writing C:\Users\lwilker\Documents\GitHub\SWERVE-data\data_processed/2021-05-12/sites/10497/figures\original\GIC_measured_NERC.pdf
2026-07-31T11:24:33.683718Z INFO  main Reading '10498' data
2026-07-31T11:24:33.707749Z INFO  main   Reading 'GIC/measured/NERC' data
2026-07-31T11:24:33.719789Z INFO  main     Reading C:\Users\lwilker\Documents\GitHub\SWERVE-data\data_original\nerc\2021-05-12\gic\2021E01_10498.csv
2026-07-31T11:24:33.841997Z INFO  main     Running automated error checks on GIC measured data
2026-07-31T11:24:34.371945Z INFO  main     Baseline offset of -21.90 A corrected. 
Resample to 1m aves and NaN pad or trim to start/stop.
2026-07-31T11:24:34.411552Z INFO  main     Writing C:\Users\lwilker\Documents\GitHub\SWERVE-data\data_processed\2021-05-12\sites\10498\data\GIC_measured_NERC.pkl
2026-07-31T11:24:34.443705Z INFO  main   Writing C:\Users\lwilker\Documents\GitHub\SWERVE-data\data_processed\2021-05-12\sites\10498\data\_all.pkl
2026-07-31T11:24:34.457855Z INFO  main Computing stats for '10498' data
2026-07-31T11:24:34.471940Z INFO  main   Uniq dts [ns] = [60000000000]
2026-07-31T11:24:34.474309Z INFO  main   Uniq dts [#]  = 1
2026-07-31T11:24:34.474309Z INFO  main   Stats for GIC/measured/NERC:
2026-07-31T11:24:34.475826Z INFO  main 
    std: : [0.41823537624211704]
    ave: : [0.1246025738077209]
    min: : [-3.3000000000000007]
    max: : [2.0]
    n: 1321
    n_valid: : [1321]
    dt_original: : [60000000000]
2026-07-31T11:24:34.478848Z INFO  main Plotting '10498' data
2026-07-31T11:24:34.492194Z INFO  main   Plotting '10498/GIC/measured/NERC' original vs. modified data
2026-07-31T11:24:35.966996Z INFO  main     Writing C:\Users\lwilker\Documents\GitHub\SWERVE-data\data_processed/2021-05-12/sites/10498/figures\original\GIC_measured_NERC.png
2026-07-31T11:24:37.881717Z INFO  main     Writing C:\Users\lwilker\Documents\GitHub\SWERVE-data\data_processed/2021-05-12/sites/10498/figures\original\GIC_measured_NERC.pdf
2026-07-31T11:24:38.473558Z INFO  main Reading '10499' data
2026-07-31T11:24:38.503935Z INFO  main   Reading 'GIC/measured/NERC' data
2026-07-31T11:24:38.518615Z INFO  main     Reading C:\Users\lwilker\Documents\GitHub\SWERVE-data\data_original\nerc\2021-05-12\gic\2021E01_10499.csv
2026-07-31T11:24:38.646413Z INFO  main     Running automated error checks on GIC measured data
2026-07-31T11:24:39.149575Z INFO  main     Baseline offset of -56.70 A corrected. 
Resample to 1m aves and NaN pad or trim to start/stop.
2026-07-31T11:24:39.194826Z INFO  main     Writing C:\Users\lwilker\Documents\GitHub\SWERVE-data\data_processed\2021-05-12\sites\10499\data\GIC_measured_NERC.pkl
2026-07-31T11:24:39.224035Z INFO  main   Writing C:\Users\lwilker\Documents\GitHub\SWERVE-data\data_processed\2021-05-12\sites\10499\data\_all.pkl
2026-07-31T11:24:39.246364Z INFO  main Computing stats for '10499' data
2026-07-31T11:24:39.267496Z INFO  main   Uniq dts [ns] = [60000000000]
2026-07-31T11:24:39.268494Z INFO  main   Uniq dts [#]  = 1
2026-07-31T11:24:39.269492Z INFO  main   Stats for GIC/measured/NERC:
2026-07-31T11:24:39.269492Z INFO  main 
    std: : [0.951986221822345]
    ave: : [0.4452687358062102]
    min: : [-1.5999999999999943]
    max: : [4.700000000000003]
    n: 1321
    n_valid: : [1321]
    dt_original: : [60000000000]
2026-07-31T11:24:39.274030Z INFO  main Plotting '10499' data
2026-07-31T11:24:39.286683Z INFO  main   Plotting '10499/GIC/measured/NERC' original vs. modified data
2026-07-31T11:24:40.830827Z INFO  main     Writing C:\Users\lwilker\Documents\GitHub\SWERVE-data\data_processed/2021-05-12/sites/10499/figures\original\GIC_measured_NERC.png
2026-07-31T11:24:43.032642Z INFO  main     Writing C:\Users\lwilker\Documents\GitHub\SWERVE-data\data_processed/2021-05-12/sites/10499/figures\original\GIC_measured_NERC.pdf
2026-07-31T11:24:43.621627Z INFO  main Reading '10502' data
2026-07-31T11:24:43.643295Z INFO  main   Reading 'GIC/measured/NERC' data
2026-07-31T11:24:43.652871Z INFO  main     Reading C:\Users\lwilker\Documents\GitHub\SWERVE-data\data_original\nerc\2021-05-12\gic\2021E01_10502.csv
2026-07-31T11:24:43.777203Z INFO  main     Running automated error checks on GIC measured data
2026-07-31T11:24:44.202911Z INFO  main     
Resample to 1m aves and NaN pad or trim to start/stop.
2026-07-31T11:24:44.239034Z INFO  main     Writing C:\Users\lwilker\Documents\GitHub\SWERVE-data\data_processed\2021-05-12\sites\10502\data\GIC_measured_NERC.pkl
2026-07-31T11:24:44.263033Z INFO  main   Writing C:\Users\lwilker\Documents\GitHub\SWERVE-data\data_processed\2021-05-12\sites\10502\data\_all.pkl
2026-07-31T11:24:44.274664Z INFO  main Computing stats for '10502' data
2026-07-31T11:24:44.287300Z INFO  main   Uniq dts [ns] = [60000000000]
2026-07-31T11:24:44.288319Z INFO  main   Uniq dts [#]  = 1
2026-07-31T11:24:44.289310Z INFO  main   Stats for GIC/measured/NERC:
2026-07-31T11:24:44.289310Z INFO  main 
    std: : [1.1258293785432987]
    ave: : [0.33043149129447386]
    min: : [-5.6]
    max: : [11.1]
    n: 1321
    n_valid: : [1321]
    dt_original: : [60000000000]
2026-07-31T11:24:44.292852Z INFO  main Plotting '10502' data
2026-07-31T11:24:44.303503Z INFO  main   Plotting '10502/GIC/measured/NERC' original vs. modified data
2026-07-31T11:24:46.269995Z INFO  main     Writing C:\Users\lwilker\Documents\GitHub\SWERVE-data\data_processed/2021-05-12/sites/10502/figures\original\GIC_measured_NERC.png
2026-07-31T11:24:48.198424Z INFO  main     Writing C:\Users\lwilker\Documents\GitHub\SWERVE-data\data_processed/2021-05-12/sites/10502/figures\original\GIC_measured_NERC.pdf
2026-07-31T11:24:48.779669Z INFO  main Reading '10506' data
2026-07-31T11:24:48.816599Z INFO  main   Reading 'GIC/measured/NERC' data
2026-07-31T11:24:48.832704Z INFO  main     Reading C:\Users\lwilker\Documents\GitHub\SWERVE-data\data_original\nerc\2021-05-12\gic\2021E01_10506.csv
2026-07-31T11:24:48.982018Z INFO  main     Running automated error checks on GIC measured data
2026-07-31T11:24:49.546154Z INFO  main     
Resample to 1m aves and NaN pad or trim to start/stop.
2026-07-31T11:24:49.593011Z INFO  main     Writing C:\Users\lwilker\Documents\GitHub\SWERVE-data\data_processed\2021-05-12\sites\10506\data\GIC_measured_NERC.pkl
2026-07-31T11:24:49.622830Z INFO  main   Writing C:\Users\lwilker\Documents\GitHub\SWERVE-data\data_processed\2021-05-12\sites\10506\data\_all.pkl
2026-07-31T11:24:49.639852Z INFO  main Computing stats for '10506' data
2026-07-31T11:24:49.654979Z INFO  main   Uniq dts [ns] = [60000000000]
2026-07-31T11:24:49.655981Z INFO  main   Uniq dts [#]  = 1
2026-07-31T11:24:49.656493Z INFO  main   Stats for GIC/measured/NERC:
2026-07-31T11:24:49.657511Z INFO  main 
    std: : [0.20506944215908465]
    ave: : [0.2373959121877366]
    min: : [-0.2]
    max: : [0.9]
    n: 1321
    n_valid: : [1321]
    dt_original: : [60000000000]
2026-07-31T11:24:49.662040Z INFO  main Plotting '10506' data
2026-07-31T11:24:49.672621Z INFO  main   Plotting '10506/GIC/measured/NERC' original vs. modified data
2026-07-31T11:24:51.117752Z INFO  main     Writing C:\Users\lwilker\Documents\GitHub\SWERVE-data\data_processed/2021-05-12/sites/10506/figures\original\GIC_measured_NERC.png
2026-07-31T11:24:53.021030Z INFO  main     Writing C:\Users\lwilker\Documents\GitHub\SWERVE-data\data_processed/2021-05-12/sites/10506/figures\original\GIC_measured_NERC.pdf
2026-07-31T11:24:53.617353Z INFO  main Reading '10507' data
2026-07-31T11:24:53.655867Z INFO  main   Reading 'GIC/measured/NERC' data
2026-07-31T11:24:53.669565Z INFO  main     Reading C:\Users\lwilker\Documents\GitHub\SWERVE-data\data_original\nerc\2021-05-12\gic\2021E01_10507.csv
2026-07-31T11:24:53.819825Z INFO  main     Running automated error checks on GIC measured data
2026-07-31T11:24:54.291692Z INFO  main     
Resample to 1m aves and NaN pad or trim to start/stop.
2026-07-31T11:24:54.338285Z INFO  main     Writing C:\Users\lwilker\Documents\GitHub\SWERVE-data\data_processed\2021-05-12\sites\10507\data\GIC_measured_NERC.pkl
2026-07-31T11:24:54.365105Z INFO  main   Writing C:\Users\lwilker\Documents\GitHub\SWERVE-data\data_processed\2021-05-12\sites\10507\data\_all.pkl
2026-07-31T11:24:54.382880Z INFO  main Computing stats for '10507' data
2026-07-31T11:24:54.397621Z INFO  main   Uniq dts [ns] = [60000000000]
2026-07-31T11:24:54.398626Z INFO  main   Uniq dts [#]  = 1
2026-07-31T11:24:54.401168Z INFO  main   Stats for GIC/measured/NERC:
2026-07-31T11:24:54.402723Z INFO  main 
    std: : [0.006140590398387052]
    ave: : [0.9996214988644966]
    min: : [0.9]
    max: : [1.0]
    n: 1321
    n_valid: : [1321]
    dt_original: : [60000000000]
2026-07-31T11:24:54.407823Z INFO  main Plotting '10507' data
2026-07-31T11:24:54.422979Z INFO  main   Plotting '10507/GIC/measured/NERC' original vs. modified data
2026-07-31T11:24:55.954072Z INFO  main     Writing C:\Users\lwilker\Documents\GitHub\SWERVE-data\data_processed/2021-05-12/sites/10507/figures\original\GIC_measured_NERC.png
2026-07-31T11:24:57.715280Z INFO  main     Writing C:\Users\lwilker\Documents\GitHub\SWERVE-data\data_processed/2021-05-12/sites/10507/figures\original\GIC_measured_NERC.pdf
2026-07-31T11:24:58.306561Z INFO  main Reading '10509' data
2026-07-31T11:24:58.327264Z INFO  main   Reading 'GIC/measured/NERC' data
2026-07-31T11:24:58.338742Z INFO  main     Reading C:\Users\lwilker\Documents\GitHub\SWERVE-data\data_original\nerc\2021-05-12\gic\2021E01_10509.csv
2026-07-31T11:24:58.460059Z INFO  main     Running automated error checks on GIC measured data
2026-07-31T11:24:59.039757Z INFO  main     
Resample to 1m aves and NaN pad or trim to start/stop.
2026-07-31T11:24:59.081602Z INFO  main     Writing C:\Users\lwilker\Documents\GitHub\SWERVE-data\data_processed\2021-05-12\sites\10509\data\GIC_measured_NERC.pkl
2026-07-31T11:24:59.108746Z INFO  main   Writing C:\Users\lwilker\Documents\GitHub\SWERVE-data\data_processed\2021-05-12\sites\10509\data\_all.pkl
2026-07-31T11:24:59.121859Z INFO  main Computing stats for '10509' data
2026-07-31T11:24:59.136580Z INFO  main   Uniq dts [ns] = [60000000000]
2026-07-31T11:24:59.136580Z INFO  main   Uniq dts [#]  = 1
2026-07-31T11:24:59.138599Z INFO  main   Stats for GIC/measured/NERC:
2026-07-31T11:24:59.138599Z INFO  main 
    std: : [1.1102230246251565e-16]
    ave: : [0.7999999999999999]
    min: : [0.8]
    max: : [0.8]
    n: 1321
    n_valid: : [1321]
    dt_original: : [60000000000]
2026-07-31T11:24:59.142409Z INFO  main Plotting '10509' data
2026-07-31T11:24:59.155274Z INFO  main   Plotting '10509/GIC/measured/NERC' original vs. modified data
2026-07-31T11:25:00.634321Z INFO  main     Writing C:\Users\lwilker\Documents\GitHub\SWERVE-data\data_processed/2021-05-12/sites/10509/figures\original\GIC_measured_NERC.png
2026-07-31T11:25:02.396835Z INFO  main     Writing C:\Users\lwilker\Documents\GitHub\SWERVE-data\data_processed/2021-05-12/sites/10509/figures\original\GIC_measured_NERC.pdf
2026-07-31T11:25:02.988612Z INFO  main Reading '10510' data
2026-07-31T11:25:03.035146Z INFO  main   Reading 'GIC/measured/NERC' data
2026-07-31T11:25:03.060837Z INFO  main     Reading C:\Users\lwilker\Documents\GitHub\SWERVE-data\data_original\nerc\2021-05-12\gic\2021E01_10510.csv
2026-07-31T11:25:03.173692Z INFO  main     Running automated error checks on GIC measured data
2026-07-31T11:25:03.698302Z INFO  main     Baseline offset of 1.10 A corrected. 
Resample to 1m aves and NaN pad or trim to start/stop.
2026-07-31T11:25:03.748291Z INFO  main     Writing C:\Users\lwilker\Documents\GitHub\SWERVE-data\data_processed\2021-05-12\sites\10510\data\GIC_measured_NERC.pkl
2026-07-31T11:25:03.779720Z INFO  main   Writing C:\Users\lwilker\Documents\GitHub\SWERVE-data\data_processed\2021-05-12\sites\10510\data\_all.pkl
2026-07-31T11:25:03.789416Z INFO  main Computing stats for '10510' data
2026-07-31T11:25:03.804121Z INFO  main   Uniq dts [ns] = [60000000000]
2026-07-31T11:25:03.805135Z INFO  main   Uniq dts [#]  = 1
2026-07-31T11:25:03.806126Z INFO  main   Stats for GIC/measured/NERC:
2026-07-31T11:25:03.806126Z INFO  main 
    std: : [0.3241698867186262]
    ave: : [-0.08440575321725971]
    min: : [-0.6000000000000001]
    max: : [1.2999999999999998]
    n: 1321
    n_valid: : [1321]
    dt_original: : [60000000000]
2026-07-31T11:25:03.809303Z INFO  main Plotting '10510' data
2026-07-31T11:25:03.823134Z INFO  main   Plotting '10510/GIC/measured/NERC' original vs. modified data
2026-07-31T11:25:05.806040Z INFO  main     Writing C:\Users\lwilker\Documents\GitHub\SWERVE-data\data_processed/2021-05-12/sites/10510/figures\original\GIC_measured_NERC.png
2026-07-31T11:25:07.678750Z INFO  main     Writing C:\Users\lwilker\Documents\GitHub\SWERVE-data\data_processed/2021-05-12/sites/10510/figures\original\GIC_measured_NERC.pdf
2026-07-31T11:25:08.233572Z INFO  main Reading '10512' data
2026-07-31T11:25:08.265088Z INFO  main   Reading 'GIC/measured/NERC' data
2026-07-31T11:25:08.279255Z INFO  main     Reading C:\Users\lwilker\Documents\GitHub\SWERVE-data\data_original\nerc\2021-05-12\gic\2021E01_10512.csv
2026-07-31T11:25:08.419107Z INFO  main     Running automated error checks on GIC measured data
2026-07-31T11:25:08.905317Z INFO  main     
Resample to 1m aves and NaN pad or trim to start/stop.
2026-07-31T11:25:08.983608Z INFO  main     Writing C:\Users\lwilker\Documents\GitHub\SWERVE-data\data_processed\2021-05-12\sites\10512\data\GIC_measured_NERC.pkl
2026-07-31T11:25:09.017548Z INFO  main   Writing C:\Users\lwilker\Documents\GitHub\SWERVE-data\data_processed\2021-05-12\sites\10512\data\_all.pkl
2026-07-31T11:25:09.036388Z INFO  main Computing stats for '10512' data
2026-07-31T11:25:09.050774Z INFO  main   Uniq dts [ns] = [60000000000]
2026-07-31T11:25:09.051784Z INFO  main   Uniq dts [#]  = 1
2026-07-31T11:25:09.052806Z INFO  main   Stats for GIC/measured/NERC:
2026-07-31T11:25:09.053840Z INFO  main 
    std: : [0.6961445567912904]
    ave: : [0.9604087812263435]
    min: : [-4.1]
    max: : [5.3]
    n: 1321
    n_valid: : [1321]
    dt_original: : [60000000000]
2026-07-31T11:25:09.060886Z INFO  main Plotting '10512' data
2026-07-31T11:25:09.074003Z INFO  main   Plotting '10512/GIC/measured/NERC' original vs. modified data
2026-07-31T11:25:10.433888Z INFO  main     Writing C:\Users\lwilker\Documents\GitHub\SWERVE-data\data_processed/2021-05-12/sites/10512/figures\original\GIC_measured_NERC.png
2026-07-31T11:25:12.258506Z INFO  main     Writing C:\Users\lwilker\Documents\GitHub\SWERVE-data\data_processed/2021-05-12/sites/10512/figures\original\GIC_measured_NERC.pdf
2026-07-31T11:25:12.797691Z INFO  main Reading '10513' data
2026-07-31T11:25:12.831048Z INFO  main   Reading 'GIC/measured/NERC' data
2026-07-31T11:25:12.848371Z INFO  main     Reading C:\Users\lwilker\Documents\GitHub\SWERVE-data\data_original\nerc\2021-05-12\gic\2021E01_10513.csv
2026-07-31T11:25:12.993859Z INFO  main     Running automated error checks on GIC measured data
2026-07-31T11:25:13.507591Z INFO  main     
Resample to 1m aves and NaN pad or trim to start/stop.
2026-07-31T11:25:13.560053Z INFO  main     Writing C:\Users\lwilker\Documents\GitHub\SWERVE-data\data_processed\2021-05-12\sites\10513\data\GIC_measured_NERC.pkl
2026-07-31T11:25:13.599539Z INFO  main   Writing C:\Users\lwilker\Documents\GitHub\SWERVE-data\data_processed\2021-05-12\sites\10513\data\_all.pkl
2026-07-31T11:25:13.617798Z INFO  main Computing stats for '10513' data
2026-07-31T11:25:13.634936Z INFO  main   Uniq dts [ns] = [60000000000]
2026-07-31T11:25:13.636452Z INFO  main   Uniq dts [#]  = 1
2026-07-31T11:25:13.640985Z INFO  main   Stats for GIC/measured/NERC:
2026-07-31T11:25:13.643782Z INFO  main 
    std: : [0.35482520662454414]
    ave: : [-0.8215745647236943]
    min: : [-2.3]
    max: : [0.8]
    n: 1321
    n_valid: : [1321]
    dt_original: : [60000000000]
2026-07-31T11:25:13.648323Z INFO  main Plotting '10513' data
2026-07-31T11:25:13.664877Z INFO  main   Plotting '10513/GIC/measured/NERC' original vs. modified data
2026-07-31T11:25:15.153977Z INFO  main     Writing C:\Users\lwilker\Documents\GitHub\SWERVE-data\data_processed/2021-05-12/sites/10513/figures\original\GIC_measured_NERC.png
2026-07-31T11:25:17.033667Z INFO  main     Writing C:\Users\lwilker\Documents\GitHub\SWERVE-data\data_processed/2021-05-12/sites/10513/figures\original\GIC_measured_NERC.pdf
2026-07-31T11:25:17.613804Z INFO  main Reading '10515' data
2026-07-31T11:25:17.652587Z INFO  main   Reading 'GIC/measured/NERC' data
2026-07-31T11:25:17.665191Z INFO  main     Reading C:\Users\lwilker\Documents\GitHub\SWERVE-data\data_original\nerc\2021-05-12\gic\2021E01_10515.csv
2026-07-31T11:25:17.815055Z INFO  main     Running automated error checks on GIC measured data
2026-07-31T11:25:18.353697Z INFO  main     Baseline offset of 2.10 A corrected. 
Resample to 1m aves and NaN pad or trim to start/stop.
2026-07-31T11:25:18.399347Z INFO  main     Writing C:\Users\lwilker\Documents\GitHub\SWERVE-data\data_processed\2021-05-12\sites\10515\data\GIC_measured_NERC.pkl
2026-07-31T11:25:18.426769Z INFO  main   Writing C:\Users\lwilker\Documents\GitHub\SWERVE-data\data_processed\2021-05-12\sites\10515\data\_all.pkl
2026-07-31T11:25:18.441744Z INFO  main Computing stats for '10515' data
2026-07-31T11:25:18.454313Z INFO  main   Uniq dts [ns] = [60000000000]
2026-07-31T11:25:18.455334Z INFO  main   Uniq dts [#]  = 1
2026-07-31T11:25:18.456340Z INFO  main   Stats for GIC/measured/NERC:
2026-07-31T11:25:18.456864Z INFO  main 
    std: : [0.719717949470665]
    ave: : [0.9242997728993188]
    min: : [-0.7000000000000002]
    max: : [4.4]
    n: 1321
    n_valid: : [1321]
    dt_original: : [60000000000]
2026-07-31T11:25:18.458866Z INFO  main Plotting '10515' data
2026-07-31T11:25:18.468422Z INFO  main   Plotting '10515/GIC/measured/NERC' original vs. modified data
2026-07-31T11:25:19.909484Z INFO  main     Writing C:\Users\lwilker\Documents\GitHub\SWERVE-data\data_processed/2021-05-12/sites/10515/figures\original\GIC_measured_NERC.png
2026-07-31T11:25:21.618391Z INFO  main     Writing C:\Users\lwilker\Documents\GitHub\SWERVE-data\data_processed/2021-05-12/sites/10515/figures\original\GIC_measured_NERC.pdf
2026-07-31T11:25:22.080899Z INFO  main Reading '10516' data
2026-07-31T11:25:22.106738Z INFO  main   Reading 'GIC/measured/NERC' data
2026-07-31T11:25:22.118389Z INFO  main     Reading C:\Users\lwilker\Documents\GitHub\SWERVE-data\data_original\nerc\2021-05-12\gic\2021E01_10516.csv
2026-07-31T11:25:22.270979Z INFO  main     Running automated error checks on GIC measured data
2026-07-31T11:25:22.782741Z INFO  main     Baseline offset of -2.10 A corrected. 
Resample to 1m aves and NaN pad or trim to start/stop.
2026-07-31T11:25:22.830016Z INFO  main     Writing C:\Users\lwilker\Documents\GitHub\SWERVE-data\data_processed\2021-05-12\sites\10516\data\GIC_measured_NERC.pkl
2026-07-31T11:25:22.854971Z INFO  main   Writing C:\Users\lwilker\Documents\GitHub\SWERVE-data\data_processed\2021-05-12\sites\10516\data\_all.pkl
2026-07-31T11:25:22.868716Z INFO  main Computing stats for '10516' data
2026-07-31T11:25:22.881908Z INFO  main   Uniq dts [ns] = [60000000000]
2026-07-31T11:25:22.882949Z INFO  main   Uniq dts [#]  = 1
2026-07-31T11:25:22.883940Z INFO  main   Stats for GIC/measured/NERC:
2026-07-31T11:25:22.884956Z INFO  main 
    std: : [0.24318923877512114]
    ave: : [0.09810749432248296]
    min: : [-0.6000000000000001]
    max: : [1.4000000000000001]
    n: 1321
    n_valid: : [1321]
    dt_original: : [60000000000]
2026-07-31T11:25:22.886940Z INFO  main Plotting '10516' data
2026-07-31T11:25:22.903811Z INFO  main   Plotting '10516/GIC/measured/NERC' original vs. modified data
2026-07-31T11:25:24.918268Z INFO  main     Writing C:\Users\lwilker\Documents\GitHub\SWERVE-data\data_processed/2021-05-12/sites/10516/figures\original\GIC_measured_NERC.png
2026-07-31T11:25:26.598427Z INFO  main     Writing C:\Users\lwilker\Documents\GitHub\SWERVE-data\data_processed/2021-05-12/sites/10516/figures\original\GIC_measured_NERC.pdf
2026-07-31T11:25:27.159018Z INFO  main Reading '10518' data
2026-07-31T11:25:27.197113Z INFO  main   Reading 'GIC/measured/NERC' data
2026-07-31T11:25:27.206297Z INFO  main     Reading C:\Users\lwilker\Documents\GitHub\SWERVE-data\data_original\nerc\2021-05-12\gic\2021E01_10518.csv
2026-07-31T11:25:27.378969Z INFO  main     Running automated error checks on GIC measured data
2026-07-31T11:25:27.936543Z INFO  main     Baseline offset of 4.80 A corrected. 
Resample to 1m aves and NaN pad or trim to start/stop.
2026-07-31T11:25:28.018670Z INFO  main     Writing C:\Users\lwilker\Documents\GitHub\SWERVE-data\data_processed\2021-05-12\sites\10518\data\GIC_measured_NERC.pkl
2026-07-31T11:25:28.062338Z INFO  main   Writing C:\Users\lwilker\Documents\GitHub\SWERVE-data\data_processed\2021-05-12\sites\10518\data\_all.pkl
2026-07-31T11:25:28.090792Z INFO  main Computing stats for '10518' data
2026-07-31T11:25:28.103995Z INFO  main   Uniq dts [ns] = [60000000000]
2026-07-31T11:25:28.107521Z INFO  main   Uniq dts [#]  = 1
2026-07-31T11:25:28.108556Z INFO  main   Stats for GIC/measured/NERC:
2026-07-31T11:25:28.109560Z INFO  main 
    std: : [0.07591770426188513]
    ave: : [-0.05987887963663884]
    min: : [-0.20000000000000018]
    max: : [0.0]
    n: 1321
    n_valid: : [1321]
    dt_original: : [60000000000]
2026-07-31T11:25:28.113602Z INFO  main Plotting '10518' data
2026-07-31T11:25:28.123259Z INFO  main   Plotting '10518/GIC/measured/NERC' original vs. modified data
2026-07-31T11:25:29.693690Z INFO  main     Writing C:\Users\lwilker\Documents\GitHub\SWERVE-data\data_processed/2021-05-12/sites/10518/figures\original\GIC_measured_NERC.png
2026-07-31T11:25:31.382734Z INFO  main     Writing C:\Users\lwilker\Documents\GitHub\SWERVE-data\data_processed/2021-05-12/sites/10518/figures\original\GIC_measured_NERC.pdf
2026-07-31T11:25:31.906675Z INFO  main Reading '10519' data
2026-07-31T11:25:31.931739Z INFO  main   Reading 'GIC/measured/NERC' data
2026-07-31T11:25:31.943409Z INFO  main     Reading C:\Users\lwilker\Documents\GitHub\SWERVE-data\data_original\nerc\2021-05-12\gic\2021E01_10519.csv
2026-07-31T11:25:32.069487Z INFO  main     Running automated error checks on GIC measured data
2026-07-31T11:25:32.543056Z INFO  main     Baseline offset of -2.70 A corrected. 
Resample to 1m aves and NaN pad or trim to start/stop.
2026-07-31T11:25:32.582836Z INFO  main     Writing C:\Users\lwilker\Documents\GitHub\SWERVE-data\data_processed\2021-05-12\sites\10519\data\GIC_measured_NERC.pkl
2026-07-31T11:25:32.607621Z INFO  main   Writing C:\Users\lwilker\Documents\GitHub\SWERVE-data\data_processed\2021-05-12\sites\10519\data\_all.pkl
2026-07-31T11:25:32.618733Z INFO  main Computing stats for '10519' data
2026-07-31T11:25:32.634984Z INFO  main   Uniq dts [ns] = [60000000000]
2026-07-31T11:25:32.634984Z INFO  main   Uniq dts [#]  = 1
2026-07-31T11:25:32.636495Z INFO  main   Stats for GIC/measured/NERC:
2026-07-31T11:25:32.637509Z INFO  main 
    std: : [0.32177300275106985]
    ave: : [0.26426949280847845]
    min: : [-0.09999999999999964]
    max: : [0.8000000000000003]
    n: 1321
    n_valid: : [1321]
    dt_original: : [60000000000]
2026-07-31T11:25:32.639533Z INFO  main Plotting '10519' data
2026-07-31T11:25:32.649693Z INFO  main   Plotting '10519/GIC/measured/NERC' original vs. modified data
2026-07-31T11:25:34.164795Z INFO  main     Writing C:\Users\lwilker\Documents\GitHub\SWERVE-data\data_processed/2021-05-12/sites/10519/figures\original\GIC_measured_NERC.png
2026-07-31T11:25:35.988441Z INFO  main     Writing C:\Users\lwilker\Documents\GitHub\SWERVE-data\data_processed/2021-05-12/sites/10519/figures\original\GIC_measured_NERC.pdf
2026-07-31T11:25:36.586935Z INFO  main Reading '10520' data
2026-07-31T11:25:36.623844Z INFO  main   Reading 'GIC/measured/NERC' data
2026-07-31T11:25:36.645025Z INFO  main     Reading C:\Users\lwilker\Documents\GitHub\SWERVE-data\data_original\nerc\2021-05-12\gic\2021E01_10520.csv
2026-07-31T11:25:36.779242Z INFO  main     Running automated error checks on GIC measured data
2026-07-31T11:25:37.326461Z INFO  main     Baseline offset of 4.80 A corrected. 
Resample to 1m aves and NaN pad or trim to start/stop.
2026-07-31T11:25:37.368098Z INFO  main     Writing C:\Users\lwilker\Documents\GitHub\SWERVE-data\data_processed\2021-05-12\sites\10520\data\GIC_measured_NERC.pkl
2026-07-31T11:25:37.394944Z INFO  main   Writing C:\Users\lwilker\Documents\GitHub\SWERVE-data\data_processed\2021-05-12\sites\10520\data\_all.pkl
2026-07-31T11:25:37.408565Z INFO  main Computing stats for '10520' data
2026-07-31T11:25:37.420071Z INFO  main   Uniq dts [ns] = [60000000000]
2026-07-31T11:25:37.421586Z INFO  main   Uniq dts [#]  = 1
2026-07-31T11:25:37.421586Z INFO  main   Stats for GIC/measured/NERC:
2026-07-31T11:25:37.422599Z INFO  main 
    std: : [0.08378869642780412]
    ave: : [-0.0671461014383043]
    min: : [-0.20000000000000018]
    max: : [0.0]
    n: 1321
    n_valid: : [1321]
    dt_original: : [60000000000]
2026-07-31T11:25:37.426176Z INFO  main Plotting '10520' data
2026-07-31T11:25:37.439282Z INFO  main   Plotting '10520/GIC/measured/NERC' original vs. modified data
2026-07-31T11:25:39.001754Z INFO  main     Writing C:\Users\lwilker\Documents\GitHub\SWERVE-data\data_processed/2021-05-12/sites/10520/figures\original\GIC_measured_NERC.png
2026-07-31T11:25:40.605074Z INFO  main     Writing C:\Users\lwilker\Documents\GitHub\SWERVE-data\data_processed/2021-05-12/sites/10520/figures\original\GIC_measured_NERC.pdf
2026-07-31T11:25:41.088769Z INFO  main Reading '10521' data
2026-07-31T11:25:41.121684Z INFO  main   Reading 'GIC/measured/NERC' data
2026-07-31T11:25:41.133773Z INFO  main     Reading C:\Users\lwilker\Documents\GitHub\SWERVE-data\data_original\nerc\2021-05-12\gic\2021E01_10521.csv
2026-07-31T11:25:41.290022Z INFO  main     Running automated error checks on GIC measured data
2026-07-31T11:25:42.158253Z INFO  main     
Resample to 1m aves and NaN pad or trim to start/stop.
2026-07-31T11:25:42.197685Z INFO  main     Writing C:\Users\lwilker\Documents\GitHub\SWERVE-data\data_processed\2021-05-12\sites\10521\data\GIC_measured_NERC.pkl
2026-07-31T11:25:42.223903Z INFO  main   Writing C:\Users\lwilker\Documents\GitHub\SWERVE-data\data_processed\2021-05-12\sites\10521\data\_all.pkl
2026-07-31T11:25:42.238527Z INFO  main Computing stats for '10521' data
2026-07-31T11:25:42.250148Z INFO  main   Uniq dts [ns] = [60000000000]
2026-07-31T11:25:42.252018Z INFO  main   Uniq dts [#]  = 1
2026-07-31T11:25:42.253030Z INFO  main   Stats for GIC/measured/NERC:
2026-07-31T11:25:42.253030Z INFO  main 
    std: : [0.393523405778375]
    ave: : [0.3336866010598032]
    min: : [-0.2]
    max: : [0.8]
    n: 1321
    n_valid: : [1321]
    dt_original: : [60000000000]
2026-07-31T11:25:42.255051Z INFO  main Plotting '10521' data
2026-07-31T11:25:42.268690Z INFO  main   Plotting '10521/GIC/measured/NERC' original vs. modified data
2026-07-31T11:25:43.875223Z INFO  main     Writing C:\Users\lwilker\Documents\GitHub\SWERVE-data\data_processed/2021-05-12/sites/10521/figures\original\GIC_measured_NERC.png
2026-07-31T11:25:45.795212Z INFO  main     Writing C:\Users\lwilker\Documents\GitHub\SWERVE-data\data_processed/2021-05-12/sites/10521/figures\original\GIC_measured_NERC.pdf
2026-07-31T11:25:46.409600Z INFO  main Reading '10524' data
2026-07-31T11:25:46.448075Z INFO  main   Reading 'GIC/measured/NERC' data
2026-07-31T11:25:46.457638Z INFO  main     Reading C:\Users\lwilker\Documents\GitHub\SWERVE-data\data_original\nerc\2021-05-12\gic\2021E01_10524.csv
2026-07-31T11:25:46.612780Z INFO  main     Running automated error checks on GIC measured data
2026-07-31T11:25:47.193280Z INFO  main     
Resample to 1m aves and NaN pad or trim to start/stop.
2026-07-31T11:25:47.241607Z INFO  main     Writing C:\Users\lwilker\Documents\GitHub\SWERVE-data\data_processed\2021-05-12\sites\10524\data\GIC_measured_NERC.pkl
2026-07-31T11:25:47.269670Z INFO  main   Writing C:\Users\lwilker\Documents\GitHub\SWERVE-data\data_processed\2021-05-12\sites\10524\data\_all.pkl
2026-07-31T11:25:47.285880Z INFO  main Computing stats for '10524' data
2026-07-31T11:25:47.302053Z INFO  main   Uniq dts [ns] = [60000000000]
2026-07-31T11:25:47.302053Z INFO  main   Uniq dts [#]  = 1
2026-07-31T11:25:47.303071Z INFO  main   Stats for GIC/measured/NERC:
2026-07-31T11:25:47.303071Z INFO  main 
    std: : [0.2683923982140854]
    ave: : [-0.4013626040878122]
    min: : [-1.4]
    max: : [1.1]
    n: 1321
    n_valid: : [1321]
    dt_original: : [60000000000]
2026-07-31T11:25:47.307117Z INFO  main Plotting '10524' data
2026-07-31T11:25:47.317813Z INFO  main   Plotting '10524/GIC/measured/NERC' original vs. modified data
2026-07-31T11:25:48.953927Z INFO  main     Writing C:\Users\lwilker\Documents\GitHub\SWERVE-data\data_processed/2021-05-12/sites/10524/figures\original\GIC_measured_NERC.png
2026-07-31T11:25:51.115146Z INFO  main     Writing C:\Users\lwilker\Documents\GitHub\SWERVE-data\data_processed/2021-05-12/sites/10524/figures\original\GIC_measured_NERC.pdf
2026-07-31T11:25:51.749372Z INFO  main Reading '10525' data
2026-07-31T11:25:51.785291Z INFO  main   Reading 'GIC/measured/NERC' data
2026-07-31T11:25:51.799492Z INFO  main     Reading C:\Users\lwilker\Documents\GitHub\SWERVE-data\data_original\nerc\2021-05-12\gic\2021E01_10525.csv
2026-07-31T11:25:51.939632Z INFO  main     Running automated error checks on GIC measured data
2026-07-31T11:25:52.478280Z INFO  main     
Resample to 1m aves and NaN pad or trim to start/stop.
2026-07-31T11:25:52.528408Z INFO  main     Writing C:\Users\lwilker\Documents\GitHub\SWERVE-data\data_processed\2021-05-12\sites\10525\data\GIC_measured_NERC.pkl
2026-07-31T11:25:52.559805Z INFO  main   Writing C:\Users\lwilker\Documents\GitHub\SWERVE-data\data_processed\2021-05-12\sites\10525\data\_all.pkl
2026-07-31T11:25:52.577820Z INFO  main Computing stats for '10525' data
2026-07-31T11:25:52.593971Z INFO  main   Uniq dts [ns] = [60000000000]
2026-07-31T11:25:52.599047Z INFO  main   Uniq dts [#]  = 1
2026-07-31T11:25:52.600066Z INFO  main   Stats for GIC/measured/NERC:
2026-07-31T11:25:52.601066Z INFO  main 
    std: : [0.30955419578561416]
    ave: : [-0.6736563209689629]
    min: : [-2.2]
    max: : [0.5]
    n: 1321
    n_valid: : [1321]
    dt_original: : [60000000000]
2026-07-31T11:25:52.609498Z INFO  main Plotting '10525' data
2026-07-31T11:25:52.639386Z INFO  main   Plotting '10525/GIC/measured/NERC' original vs. modified data
2026-07-31T11:25:54.258413Z INFO  main     Writing C:\Users\lwilker\Documents\GitHub\SWERVE-data\data_processed/2021-05-12/sites/10525/figures\original\GIC_measured_NERC.png
2026-07-31T11:25:56.332044Z INFO  main     Writing C:\Users\lwilker\Documents\GitHub\SWERVE-data\data_processed/2021-05-12/sites/10525/figures\original\GIC_measured_NERC.pdf
2026-07-31T11:25:57.059412Z INFO  main Reading '10528' data
2026-07-31T11:25:57.134016Z INFO  main   Reading 'GIC/measured/NERC' data
2026-07-31T11:25:57.159547Z INFO  main     Reading C:\Users\lwilker\Documents\GitHub\SWERVE-data\data_original\nerc\2021-05-12\gic\2021E01_10528.csv
2026-07-31T11:25:57.292938Z INFO  main     Running automated error checks on GIC measured data
2026-07-31T11:25:57.893807Z INFO  main     
Resample to 1m aves and NaN pad or trim to start/stop.
2026-07-31T11:25:57.971901Z INFO  main     Writing C:\Users\lwilker\Documents\GitHub\SWERVE-data\data_processed\2021-05-12\sites\10528\data\GIC_measured_NERC.pkl
2026-07-31T11:25:58.004965Z INFO  main   Writing C:\Users\lwilker\Documents\GitHub\SWERVE-data\data_processed\2021-05-12\sites\10528\data\_all.pkl
2026-07-31T11:25:58.016658Z INFO  main Computing stats for '10528' data
2026-07-31T11:25:58.030842Z INFO  main   Uniq dts [ns] = [60000000000]
2026-07-31T11:25:58.031852Z INFO  main   Uniq dts [#]  = 1
2026-07-31T11:25:58.032867Z INFO  main   Stats for GIC/measured/NERC:
2026-07-31T11:25:58.033865Z INFO  main 
    std: : [0.04436963315791963]
    ave: : [0.6269492808478425]
    min: : [0.6]
    max: : [0.7]
    n: 1321
    n_valid: : [1321]
    dt_original: : [60000000000]
2026-07-31T11:25:58.038114Z INFO  main Plotting '10528' data
2026-07-31T11:25:58.050799Z INFO  main   Plotting '10528/GIC/measured/NERC' original vs. modified data
2026-07-31T11:26:00.086625Z INFO  main     Writing C:\Users\lwilker\Documents\GitHub\SWERVE-data\data_processed/2021-05-12/sites/10528/figures\original\GIC_measured_NERC.png
2026-07-31T11:26:01.854924Z INFO  main     Writing C:\Users\lwilker\Documents\GitHub\SWERVE-data\data_processed/2021-05-12/sites/10528/figures\original\GIC_measured_NERC.pdf
2026-07-31T11:26:02.436492Z INFO  main Reading '10529' data
2026-07-31T11:26:02.473022Z INFO  main   Reading 'GIC/measured/NERC' data
2026-07-31T11:26:02.487557Z INFO  main     Reading C:\Users\lwilker\Documents\GitHub\SWERVE-data\data_original\nerc\2021-05-12\gic\2021E01_10529.csv
2026-07-31T11:26:02.625031Z INFO  main     Running automated error checks on GIC measured data
2026-07-31T11:26:03.150933Z INFO  main     
Resample to 1m aves and NaN pad or trim to start/stop.
2026-07-31T11:26:03.206674Z INFO  main     Writing C:\Users\lwilker\Documents\GitHub\SWERVE-data\data_processed\2021-05-12\sites\10529\data\GIC_measured_NERC.pkl
2026-07-31T11:26:03.239536Z INFO  main   Writing C:\Users\lwilker\Documents\GitHub\SWERVE-data\data_processed\2021-05-12\sites\10529\data\_all.pkl
2026-07-31T11:26:03.265762Z INFO  main Computing stats for '10529' data
2026-07-31T11:26:03.279614Z INFO  main   Uniq dts [ns] = [60000000000]
2026-07-31T11:26:03.281147Z INFO  main   Uniq dts [#]  = 1
2026-07-31T11:26:03.281681Z INFO  main   Stats for GIC/measured/NERC:
2026-07-31T11:26:03.281681Z INFO  main 
    std: : [0.4174285285428757]
    ave: : [0.7995457986373959]
    min: : [0.1]
    max: : [1.7]
    n: 1321
    n_valid: : [1321]
    dt_original: : [60000000000]
2026-07-31T11:26:03.285238Z INFO  main Plotting '10529' data
2026-07-31T11:26:03.296479Z INFO  main   Plotting '10529/GIC/measured/NERC' original vs. modified data
2026-07-31T11:26:04.929699Z INFO  main     Writing C:\Users\lwilker\Documents\GitHub\SWERVE-data\data_processed/2021-05-12/sites/10529/figures\original\GIC_measured_NERC.png
2026-07-31T11:26:06.869170Z INFO  main     Writing C:\Users\lwilker\Documents\GitHub\SWERVE-data\data_processed/2021-05-12/sites/10529/figures\original\GIC_measured_NERC.pdf
2026-07-31T11:26:07.464634Z INFO  main Reading '10530' data
2026-07-31T11:26:07.496427Z INFO  main   Reading 'GIC/measured/NERC' data
2026-07-31T11:26:07.506174Z INFO  main     Reading C:\Users\lwilker\Documents\GitHub\SWERVE-data\data_original\nerc\2021-05-12\gic\2021E01_10530.csv
2026-07-31T11:26:07.657277Z INFO  main     Running automated error checks on GIC measured data
2026-07-31T11:26:08.196454Z INFO  main     
Resample to 1m aves and NaN pad or trim to start/stop.
2026-07-31T11:26:08.255056Z INFO  main     Writing C:\Users\lwilker\Documents\GitHub\SWERVE-data\data_processed\2021-05-12\sites\10530\data\GIC_measured_NERC.pkl
2026-07-31T11:26:08.284894Z INFO  main   Writing C:\Users\lwilker\Documents\GitHub\SWERVE-data\data_processed\2021-05-12\sites\10530\data\_all.pkl
2026-07-31T11:26:08.305028Z INFO  main Computing stats for '10530' data
2026-07-31T11:26:08.321684Z INFO  main   Uniq dts [ns] = [60000000000]
2026-07-31T11:26:08.323700Z INFO  main   Uniq dts [#]  = 1
2026-07-31T11:26:08.325221Z INFO  main   Stats for GIC/measured/NERC:
2026-07-31T11:26:08.328740Z INFO  main 
    std: : [1.1102230246251565e-16]
    ave: : [0.7000000000000001]
    min: : [0.7]
    max: : [0.7]
    n: 1321
    n_valid: : [1321]
    dt_original: : [60000000000]
2026-07-31T11:26:08.332763Z INFO  main Plotting '10530' data
2026-07-31T11:26:08.363937Z INFO  main   Plotting '10530/GIC/measured/NERC' original vs. modified data
2026-07-31T11:26:09.973672Z INFO  main     Writing C:\Users\lwilker\Documents\GitHub\SWERVE-data\data_processed/2021-05-12/sites/10530/figures\original\GIC_measured_NERC.png
2026-07-31T11:26:11.665038Z INFO  main     Writing C:\Users\lwilker\Documents\GitHub\SWERVE-data\data_processed/2021-05-12/sites/10530/figures\original\GIC_measured_NERC.pdf
2026-07-31T11:26:12.306603Z INFO  main Reading '10531' data
2026-07-31T11:26:12.354594Z INFO  main   Reading 'GIC/measured/NERC' data
2026-07-31T11:26:12.379432Z INFO  main     Reading C:\Users\lwilker\Documents\GitHub\SWERVE-data\data_original\nerc\2021-05-12\gic\2021E01_10531.csv
2026-07-31T11:26:12.553906Z INFO  main     Running automated error checks on GIC measured data
2026-07-31T11:26:13.053764Z INFO  main     Baseline offset of 2.40 A corrected. 
Resample to 1m aves and NaN pad or trim to start/stop.
2026-07-31T11:26:13.104314Z INFO  main     Writing C:\Users\lwilker\Documents\GitHub\SWERVE-data\data_processed\2021-05-12\sites\10531\data\GIC_measured_NERC.pkl
2026-07-31T11:26:13.140161Z INFO  main   Writing C:\Users\lwilker\Documents\GitHub\SWERVE-data\data_processed\2021-05-12\sites\10531\data\_all.pkl
2026-07-31T11:26:13.164993Z INFO  main Computing stats for '10531' data
2026-07-31T11:26:13.177645Z INFO  main   Uniq dts [ns] = [60000000000]
2026-07-31T11:26:13.177645Z INFO  main   Uniq dts [#]  = 1
2026-07-31T11:26:13.178647Z INFO  main   Stats for GIC/measured/NERC:
2026-07-31T11:26:13.180648Z INFO  main 
    std: : [0.15007168605670765]
    ave: : [-0.08599545798637385]
    min: : [-0.2999999999999998]
    max: : [0.3999999999999999]
    n: 1321
    n_valid: : [1321]
    dt_original: : [60000000000]
2026-07-31T11:26:13.182749Z INFO  main Plotting '10531' data
2026-07-31T11:26:13.196682Z INFO  main   Plotting '10531/GIC/measured/NERC' original vs. modified data
2026-07-31T11:26:14.771698Z INFO  main     Writing C:\Users\lwilker\Documents\GitHub\SWERVE-data\data_processed/2021-05-12/sites/10531/figures\original\GIC_measured_NERC.png
2026-07-31T11:26:16.591918Z INFO  main     Writing C:\Users\lwilker\Documents\GitHub\SWERVE-data\data_processed/2021-05-12/sites/10531/figures\original\GIC_measured_NERC.pdf
2026-07-31T11:26:17.139506Z INFO  main Reading '10532' data
2026-07-31T11:26:17.167321Z INFO  main   Reading 'GIC/measured/NERC' data
2026-07-31T11:26:17.176977Z INFO  main     Reading C:\Users\lwilker\Documents\GitHub\SWERVE-data\data_original\nerc\2021-05-12\gic\2021E01_10532.csv
2026-07-31T11:26:17.308664Z INFO  main     Running automated error checks on GIC measured data
2026-07-31T11:26:17.801870Z INFO  main     
Resample to 1m aves and NaN pad or trim to start/stop.
2026-07-31T11:26:17.851582Z INFO  main     Writing C:\Users\lwilker\Documents\GitHub\SWERVE-data\data_processed\2021-05-12\sites\10532\data\GIC_measured_NERC.pkl
2026-07-31T11:26:17.880880Z INFO  main   Writing C:\Users\lwilker\Documents\GitHub\SWERVE-data\data_processed\2021-05-12\sites\10532\data\_all.pkl
2026-07-31T11:26:17.897455Z INFO  main Computing stats for '10532' data
2026-07-31T11:26:17.909199Z INFO  main   Uniq dts [ns] = [60000000000]
2026-07-31T11:26:17.910772Z INFO  main   Uniq dts [#]  = 1
2026-07-31T11:26:17.911779Z INFO  main   Stats for GIC/measured/NERC:
2026-07-31T11:26:17.912791Z INFO  main 
    std: : [1.4665954518848745]
    ave: : [1.5953822861468585]
    min: : [-0.1]
    max: : [4.7]
    n: 1321
    n_valid: : [1321]
    dt_original: : [60000000000]
2026-07-31T11:26:17.917313Z INFO  main Plotting '10532' data
2026-07-31T11:26:17.929442Z INFO  main   Plotting '10532/GIC/measured/NERC' original vs. modified data
2026-07-31T11:26:19.884915Z INFO  main     Writing C:\Users\lwilker\Documents\GitHub\SWERVE-data\data_processed/2021-05-12/sites/10532/figures\original\GIC_measured_NERC.png
2026-07-31T11:26:21.689516Z INFO  main     Writing C:\Users\lwilker\Documents\GitHub\SWERVE-data\data_processed/2021-05-12/sites/10532/figures\original\GIC_measured_NERC.pdf
2026-07-31T11:26:22.218864Z INFO  main Reading '10534' data
2026-07-31T11:26:22.243611Z INFO  main   Reading 'GIC/measured/NERC' data
2026-07-31T11:26:22.256756Z INFO  main     Reading C:\Users\lwilker\Documents\GitHub\SWERVE-data\data_original\nerc\2021-05-12\gic\2021E01_10534.csv
2026-07-31T11:26:22.423280Z INFO  main     Running automated error checks on GIC measured data
2026-07-31T11:26:22.949540Z INFO  main     Baseline offset of 2.00 A corrected. 
Resample to 1m aves and NaN pad or trim to start/stop.
2026-07-31T11:26:23.006100Z INFO  main     Writing C:\Users\lwilker\Documents\GitHub\SWERVE-data\data_processed\2021-05-12\sites\10534\data\GIC_measured_NERC.pkl
2026-07-31T11:26:23.042724Z INFO  main   Writing C:\Users\lwilker\Documents\GitHub\SWERVE-data\data_processed\2021-05-12\sites\10534\data\_all.pkl
2026-07-31T11:26:23.062898Z INFO  main Computing stats for '10534' data
2026-07-31T11:26:23.078541Z INFO  main   Uniq dts [ns] = [60000000000]
2026-07-31T11:26:23.079540Z INFO  main   Uniq dts [#]  = 1
2026-07-31T11:26:23.081056Z INFO  main   Stats for GIC/measured/NERC:
2026-07-31T11:26:23.082594Z INFO  main 
    std: : [0.3491738930013927]
    ave: : [-0.11067373202119603]
    min: : [-3.1]
    max: : [1.4]
    n: 1321
    n_valid: : [1321]
    dt_original: : [60000000000]
2026-07-31T11:26:23.091607Z INFO  main Plotting '10534' data
2026-07-31T11:26:23.137677Z INFO  main   Plotting '10534/GIC/measured/NERC' original vs. modified data
2026-07-31T11:26:24.729889Z INFO  main     Writing C:\Users\lwilker\Documents\GitHub\SWERVE-data\data_processed/2021-05-12/sites/10534/figures\original\GIC_measured_NERC.png
2026-07-31T11:26:26.696458Z INFO  main     Writing C:\Users\lwilker\Documents\GitHub\SWERVE-data\data_processed/2021-05-12/sites/10534/figures\original\GIC_measured_NERC.pdf
2026-07-31T11:26:27.333851Z INFO  main Reading '10537' data
2026-07-31T11:26:27.363796Z INFO  main   Reading 'GIC/measured/NERC' data
2026-07-31T11:26:27.373347Z INFO  main     Reading C:\Users\lwilker\Documents\GitHub\SWERVE-data\data_original\nerc\2021-05-12\gic\2021E01_10537.csv
2026-07-31T11:26:27.534889Z INFO  main     Running automated error checks on GIC measured data
2026-07-31T11:26:27.999351Z INFO  main     
Resample to 1m aves and NaN pad or trim to start/stop.
2026-07-31T11:26:28.039846Z INFO  main     Writing C:\Users\lwilker\Documents\GitHub\SWERVE-data\data_processed\2021-05-12\sites\10537\data\GIC_measured_NERC.pkl
2026-07-31T11:26:28.070845Z INFO  main   Writing C:\Users\lwilker\Documents\GitHub\SWERVE-data\data_processed\2021-05-12\sites\10537\data\_all.pkl
2026-07-31T11:26:28.087545Z INFO  main Computing stats for '10537' data
2026-07-31T11:26:28.100163Z INFO  main   Uniq dts [ns] = [60000000000]
2026-07-31T11:26:28.100163Z INFO  main   Uniq dts [#]  = 1
2026-07-31T11:26:28.101674Z INFO  main   Stats for GIC/measured/NERC:
2026-07-31T11:26:28.101674Z INFO  main 
    std: : [1.1102230246251565e-16]
    ave: : [0.7999999999999999]
    min: : [0.8]
    max: : [0.8]
    n: 1321
    n_valid: : [1321]
    dt_original: : [60000000000]
2026-07-31T11:26:28.104752Z INFO  main Plotting '10537' data
2026-07-31T11:26:28.119360Z INFO  main   Plotting '10537/GIC/measured/NERC' original vs. modified data
2026-07-31T11:26:29.557905Z INFO  main     Writing C:\Users\lwilker\Documents\GitHub\SWERVE-data\data_processed/2021-05-12/sites/10537/figures\original\GIC_measured_NERC.png
2026-07-31T11:26:31.409476Z INFO  main     Writing C:\Users\lwilker\Documents\GitHub\SWERVE-data\data_processed/2021-05-12/sites/10537/figures\original\GIC_measured_NERC.pdf
2026-07-31T11:26:31.930923Z INFO  main Reading '10538' data
2026-07-31T11:26:31.963989Z INFO  main   Reading 'GIC/measured/NERC' data
2026-07-31T11:26:31.978974Z INFO  main     Reading C:\Users\lwilker\Documents\GitHub\SWERVE-data\data_original\nerc\2021-05-12\gic\2021E01_10538.csv
2026-07-31T11:26:32.098142Z INFO  main     Running automated error checks on GIC measured data
2026-07-31T11:26:32.583149Z INFO  main     
Resample to 1m aves and NaN pad or trim to start/stop.
2026-07-31T11:26:32.634814Z INFO  main     Writing C:\Users\lwilker\Documents\GitHub\SWERVE-data\data_processed\2021-05-12\sites\10538\data\GIC_measured_NERC.pkl
2026-07-31T11:26:32.669539Z INFO  main   Writing C:\Users\lwilker\Documents\GitHub\SWERVE-data\data_processed\2021-05-12\sites\10538\data\_all.pkl
2026-07-31T11:26:32.683800Z INFO  main Computing stats for '10538' data
2026-07-31T11:26:32.698466Z INFO  main   Uniq dts [ns] = [60000000000]
2026-07-31T11:26:32.704032Z INFO  main   Uniq dts [#]  = 1
2026-07-31T11:26:32.705065Z INFO  main   Stats for GIC/measured/NERC:
2026-07-31T11:26:32.705065Z INFO  main 
    std: : [1.1102230246251565e-16]
    ave: : [-0.7000000000000001]
    min: : [-0.7]
    max: : [-0.7]
    n: 1321
    n_valid: : [1321]
    dt_original: : [60000000000]
2026-07-31T11:26:32.715152Z INFO  main Plotting '10538' data
2026-07-31T11:26:32.741047Z INFO  main   Plotting '10538/GIC/measured/NERC' original vs. modified data
2026-07-31T11:26:34.248830Z INFO  main     Writing C:\Users\lwilker\Documents\GitHub\SWERVE-data\data_processed/2021-05-12/sites/10538/figures\original\GIC_measured_NERC.png
2026-07-31T11:26:35.909841Z INFO  main     Writing C:\Users\lwilker\Documents\GitHub\SWERVE-data\data_processed/2021-05-12/sites/10538/figures\original\GIC_measured_NERC.pdf
2026-07-31T11:26:36.420799Z INFO  main Reading '10539' data
2026-07-31T11:26:36.446740Z INFO  main   Reading 'GIC/measured/NERC' data
2026-07-31T11:26:36.461607Z INFO  main     Reading C:\Users\lwilker\Documents\GitHub\SWERVE-data\data_original\nerc\2021-05-12\gic\2021E01_10539.csv
2026-07-31T11:26:36.582983Z INFO  main     Running automated error checks on GIC measured data
2026-07-31T11:26:37.116786Z INFO  main     Baseline offset of -1.30 A corrected. 
Resample to 1m aves and NaN pad or trim to start/stop.
2026-07-31T11:26:37.156492Z INFO  main     Writing C:\Users\lwilker\Documents\GitHub\SWERVE-data\data_processed\2021-05-12\sites\10539\data\GIC_measured_NERC.pkl
2026-07-31T11:26:37.633078Z INFO  main   Writing C:\Users\lwilker\Documents\GitHub\SWERVE-data\data_processed\2021-05-12\sites\10539\data\_all.pkl
2026-07-31T11:26:37.655805Z INFO  main Computing stats for '10539' data
2026-07-31T11:26:37.670101Z INFO  main   Uniq dts [ns] = [60000000000]
2026-07-31T11:26:37.672894Z INFO  main   Uniq dts [#]  = 1
2026-07-31T11:26:37.673904Z INFO  main   Stats for GIC/measured/NERC:
2026-07-31T11:26:37.675967Z INFO  main 
    std: : [0.3020780357093787]
    ave: : [-0.10598031794095376]
    min: : [-0.8]
    max: : [0.5]
    n: 1321
    n_valid: : [1321]
    dt_original: : [60000000000]
2026-07-31T11:26:37.678555Z INFO  main Plotting '10539' data
2026-07-31T11:26:37.703089Z INFO  main   Plotting '10539/GIC/measured/NERC' original vs. modified data
2026-07-31T11:26:39.288216Z INFO  main     Writing C:\Users\lwilker\Documents\GitHub\SWERVE-data\data_processed/2021-05-12/sites/10539/figures\original\GIC_measured_NERC.png
2026-07-31T11:26:41.214758Z INFO  main     Writing C:\Users\lwilker\Documents\GitHub\SWERVE-data\data_processed/2021-05-12/sites/10539/figures\original\GIC_measured_NERC.pdf
2026-07-31T11:26:41.856489Z INFO  main Reading '10542' data
2026-07-31T11:26:41.886411Z INFO  main   Reading 'GIC/measured/NERC' data
2026-07-31T11:26:41.896485Z INFO  main     Reading C:\Users\lwilker\Documents\GitHub\SWERVE-data\data_original\nerc\2021-05-12\gic\2021E01_10542.csv
2026-07-31T11:26:42.016283Z INFO  main     Running automated error checks on GIC measured data
2026-07-31T11:26:42.556278Z INFO  main     
Resample to 1m aves and NaN pad or trim to start/stop.
2026-07-31T11:26:42.611676Z INFO  main     Writing C:\Users\lwilker\Documents\GitHub\SWERVE-data\data_processed\2021-05-12\sites\10542\data\GIC_measured_NERC.pkl
2026-07-31T11:26:42.645643Z INFO  main   Writing C:\Users\lwilker\Documents\GitHub\SWERVE-data\data_processed\2021-05-12\sites\10542\data\_all.pkl
2026-07-31T11:26:42.662920Z INFO  main Computing stats for '10542' data
2026-07-31T11:26:42.678740Z INFO  main   Uniq dts [ns] = [60000000000]
2026-07-31T11:26:42.679748Z INFO  main   Uniq dts [#]  = 1
2026-07-31T11:26:42.680763Z INFO  main   Stats for GIC/measured/NERC:
2026-07-31T11:26:42.682301Z INFO  main 
    std: : [0.9890180930060006]
    ave: : [-0.5941710825132476]
    min: : [-4.0]
    max: : [6.7]
    n: 1321
    n_valid: : [1321]
    dt_original: : [60000000000]
2026-07-31T11:26:42.686376Z INFO  main Plotting '10542' data
2026-07-31T11:26:42.699498Z INFO  main   Plotting '10542/GIC/measured/NERC' original vs. modified data
2026-07-31T11:26:44.283447Z INFO  main     Writing C:\Users\lwilker\Documents\GitHub\SWERVE-data\data_processed/2021-05-12/sites/10542/figures\original\GIC_measured_NERC.png
2026-07-31T11:26:46.428376Z INFO  main     Writing C:\Users\lwilker\Documents\GitHub\SWERVE-data\data_processed/2021-05-12/sites/10542/figures\original\GIC_measured_NERC.pdf
2026-07-31T11:26:46.947568Z INFO  main Reading '10543' data
2026-07-31T11:26:46.970804Z INFO  main   Reading 'GIC/measured/NERC' data
2026-07-31T11:26:46.982669Z INFO  main     Reading C:\Users\lwilker\Documents\GitHub\SWERVE-data\data_original\nerc\2021-05-12\gic\2021E01_10543.csv
2026-07-31T11:26:47.133533Z INFO  main     Running automated error checks on GIC measured data
2026-07-31T11:26:47.560802Z INFO  main     Baseline offset of 7.90 A corrected. 
Resample to 1m aves and NaN pad or trim to start/stop.
2026-07-31T11:26:47.598554Z INFO  main     Writing C:\Users\lwilker\Documents\GitHub\SWERVE-data\data_processed\2021-05-12\sites\10543\data\GIC_measured_NERC.pkl
2026-07-31T11:26:47.623746Z INFO  main   Writing C:\Users\lwilker\Documents\GitHub\SWERVE-data\data_processed\2021-05-12\sites\10543\data\_all.pkl
2026-07-31T11:26:47.637343Z INFO  main Computing stats for '10543' data
2026-07-31T11:26:47.649431Z INFO  main   Uniq dts [ns] = [60000000000]
2026-07-31T11:26:47.649431Z INFO  main   Uniq dts [#]  = 1
2026-07-31T11:26:47.650944Z INFO  main   Stats for GIC/measured/NERC:
2026-07-31T11:26:47.651960Z INFO  main 
    std: : [0.9208934213608916]
    ave: : [-0.3406510219530662]
    min: : [-7.7]
    max: : [2.299999999999999]
    n: 1321
    n_valid: : [1321]
    dt_original: : [60000000000]
2026-07-31T11:26:47.654486Z INFO  main Plotting '10543' data
2026-07-31T11:26:47.669328Z INFO  main   Plotting '10543/GIC/measured/NERC' original vs. modified data
2026-07-31T11:26:49.081867Z INFO  main     Writing C:\Users\lwilker\Documents\GitHub\SWERVE-data\data_processed/2021-05-12/sites/10543/figures\original\GIC_measured_NERC.png
2026-07-31T11:26:51.418949Z INFO  main     Writing C:\Users\lwilker\Documents\GitHub\SWERVE-data\data_processed/2021-05-12/sites/10543/figures\original\GIC_measured_NERC.pdf
2026-07-31T11:26:52.017669Z INFO  main Reading '10545' data
2026-07-31T11:26:52.046502Z INFO  main   Reading 'GIC/measured/NERC' data
2026-07-31T11:26:52.063660Z INFO  main     Reading C:\Users\lwilker\Documents\GitHub\SWERVE-data\data_original\nerc\2021-05-12\gic\2021E01_10545.csv
2026-07-31T11:26:52.209296Z INFO  main     Running automated error checks on GIC measured data
2026-07-31T11:26:52.844936Z INFO  main     Baseline offset of -2.60 A corrected. 
Resample to 1m aves and NaN pad or trim to start/stop.
2026-07-31T11:26:52.899151Z INFO  main     Writing C:\Users\lwilker\Documents\GitHub\SWERVE-data\data_processed\2021-05-12\sites\10545\data\GIC_measured_NERC.pkl
2026-07-31T11:26:52.927496Z INFO  main   Writing C:\Users\lwilker\Documents\GitHub\SWERVE-data\data_processed\2021-05-12\sites\10545\data\_all.pkl
2026-07-31T11:26:52.936594Z INFO  main Computing stats for '10545' data
2026-07-31T11:26:52.950852Z INFO  main   Uniq dts [ns] = [60000000000]
2026-07-31T11:26:52.950852Z INFO  main   Uniq dts [#]  = 1
2026-07-31T11:26:52.951862Z INFO  main   Stats for GIC/measured/NERC:
2026-07-31T11:26:52.951862Z INFO  main 
    std: : [0.029888650790569963]
    ave: : [-0.00991672975018926]
    min: : [-0.10000000000000009]
    max: : [0.0]
    n: 1321
    n_valid: : [1321]
    dt_original: : [60000000000]
2026-07-31T11:26:52.956964Z INFO  main Plotting '10545' data
2026-07-31T11:26:52.967611Z INFO  main   Plotting '10545/GIC/measured/NERC' original vs. modified data
2026-07-31T11:26:55.053564Z INFO  main     Writing C:\Users\lwilker\Documents\GitHub\SWERVE-data\data_processed/2021-05-12/sites/10545/figures\original\GIC_measured_NERC.png
2026-07-31T11:26:56.737284Z INFO  main     Writing C:\Users\lwilker\Documents\GitHub\SWERVE-data\data_processed/2021-05-12/sites/10545/figures\original\GIC_measured_NERC.pdf
2026-07-31T11:26:57.276685Z INFO  main Reading '10546' data
2026-07-31T11:26:57.314788Z INFO  main   Reading 'GIC/measured/NERC' data
2026-07-31T11:26:57.331652Z INFO  main     Reading C:\Users\lwilker\Documents\GitHub\SWERVE-data\data_original\nerc\2021-05-12\gic\2021E01_10546.csv
2026-07-31T11:26:57.460890Z INFO  main     Running automated error checks on GIC measured data
2026-07-31T11:26:58.001200Z INFO  main     Baseline offset of 1.10 A corrected. 
Resample to 1m aves and NaN pad or trim to start/stop.
2026-07-31T11:26:58.053012Z INFO  main     Writing C:\Users\lwilker\Documents\GitHub\SWERVE-data\data_processed\2021-05-12\sites\10546\data\GIC_measured_NERC.pkl
2026-07-31T11:26:58.080988Z INFO  main   Writing C:\Users\lwilker\Documents\GitHub\SWERVE-data\data_processed\2021-05-12\sites\10546\data\_all.pkl
2026-07-31T11:26:58.096518Z INFO  main Computing stats for '10546' data
2026-07-31T11:26:58.110504Z INFO  main   Uniq dts [ns] = [60000000000]
2026-07-31T11:26:58.111072Z INFO  main   Uniq dts [#]  = 1
2026-07-31T11:26:58.112163Z INFO  main   Stats for GIC/measured/NERC:
2026-07-31T11:26:58.112675Z INFO  main 
    std: : [0.5423811127607426]
    ave: : [0.24670704012112027]
    min: : [-0.10000000000000009]
    max: : [1.1]
    n: 1321
    n_valid: : [1321]
    dt_original: : [60000000000]
2026-07-31T11:26:58.115243Z INFO  main Plotting '10546' data
2026-07-31T11:26:58.126705Z INFO  main   Plotting '10546/GIC/measured/NERC' original vs. modified data
2026-07-31T11:26:59.706520Z INFO  main     Writing C:\Users\lwilker\Documents\GitHub\SWERVE-data\data_processed/2021-05-12/sites/10546/figures\original\GIC_measured_NERC.png
2026-07-31T11:27:01.405135Z INFO  main     Writing C:\Users\lwilker\Documents\GitHub\SWERVE-data\data_processed/2021-05-12/sites/10546/figures\original\GIC_measured_NERC.pdf
2026-07-31T11:27:01.898634Z INFO  main Reading '10547' data
2026-07-31T11:27:01.919076Z INFO  main   Reading 'GIC/measured/NERC' data
2026-07-31T11:27:01.928617Z INFO  main     Reading C:\Users\lwilker\Documents\GitHub\SWERVE-data\data_original\nerc\2021-05-12\gic\2021E01_10547.csv
2026-07-31T11:27:02.051651Z INFO  main     Running automated error checks on GIC measured data
2026-07-31T11:27:02.543014Z INFO  main     
Resample to 1m aves and NaN pad or trim to start/stop.
2026-07-31T11:27:02.590742Z INFO  main     Writing C:\Users\lwilker\Documents\GitHub\SWERVE-data\data_processed\2021-05-12\sites\10547\data\GIC_measured_NERC.pkl
2026-07-31T11:27:02.619467Z INFO  main   Writing C:\Users\lwilker\Documents\GitHub\SWERVE-data\data_processed\2021-05-12\sites\10547\data\_all.pkl
2026-07-31T11:27:02.633663Z INFO  main Computing stats for '10547' data
2026-07-31T11:27:02.644958Z INFO  main   Uniq dts [ns] = [60000000000]
2026-07-31T11:27:02.644958Z INFO  main   Uniq dts [#]  = 1
2026-07-31T11:27:02.647514Z INFO  main   Stats for GIC/measured/NERC:
2026-07-31T11:27:02.648513Z INFO  main 
    std: : [0.3563967978224858]
    ave: : [-0.9792581377744133]
    min: : [-2.7]
    max: : [-0.4]
    n: 1321
    n_valid: : [1321]
    dt_original: : [60000000000]
2026-07-31T11:27:02.652055Z INFO  main Plotting '10547' data
2026-07-31T11:27:02.660807Z INFO  main   Plotting '10547/GIC/measured/NERC' original vs. modified data
2026-07-31T11:27:04.229332Z INFO  main     Writing C:\Users\lwilker\Documents\GitHub\SWERVE-data\data_processed/2021-05-12/sites/10547/figures\original\GIC_measured_NERC.png
2026-07-31T11:27:06.057754Z INFO  main     Writing C:\Users\lwilker\Documents\GitHub\SWERVE-data\data_processed/2021-05-12/sites/10547/figures\original\GIC_measured_NERC.pdf
2026-07-31T11:27:06.608648Z INFO  main Reading '10548' data
2026-07-31T11:27:06.644866Z INFO  main   Reading 'GIC/measured/NERC' data
2026-07-31T11:27:06.657248Z INFO  main     Reading C:\Users\lwilker\Documents\GitHub\SWERVE-data\data_original\nerc\2021-05-12\gic\2021E01_10548.csv
2026-07-31T11:27:06.808605Z INFO  main     Running automated error checks on GIC measured data
2026-07-31T11:27:07.304886Z INFO  main     Baseline offset of 10.60 A corrected. 
Resample to 1m aves and NaN pad or trim to start/stop.
2026-07-31T11:27:07.388412Z INFO  main     Writing C:\Users\lwilker\Documents\GitHub\SWERVE-data\data_processed\2021-05-12\sites\10548\data\GIC_measured_NERC.pkl
2026-07-31T11:27:07.431839Z INFO  main   Writing C:\Users\lwilker\Documents\GitHub\SWERVE-data\data_processed\2021-05-12\sites\10548\data\_all.pkl
2026-07-31T11:27:07.450965Z INFO  main Computing stats for '10548' data
2026-07-31T11:27:07.467641Z INFO  main   Uniq dts [ns] = [60000000000]
2026-07-31T11:27:07.468644Z INFO  main   Uniq dts [#]  = 1
2026-07-31T11:27:07.469642Z INFO  main   Stats for GIC/measured/NERC:
2026-07-31T11:27:07.469642Z INFO  main 
    std: : [0.1901678602241319]
    ave: : [0.1800151400454205]
    min: : [-1.0999999999999996]
    max: : [0.5999999999999996]
    n: 1321
    n_valid: : [1321]
    dt_original: : [60000000000]
2026-07-31T11:27:07.473682Z INFO  main Plotting '10548' data
2026-07-31T11:27:07.497513Z INFO  main   Plotting '10548/GIC/measured/NERC' original vs. modified data
2026-07-31T11:27:08.995736Z INFO  main     Writing C:\Users\lwilker\Documents\GitHub\SWERVE-data\data_processed/2021-05-12/sites/10548/figures\original\GIC_measured_NERC.png
2026-07-31T11:27:11.072921Z INFO  main     Writing C:\Users\lwilker\Documents\GitHub\SWERVE-data\data_processed/2021-05-12/sites/10548/figures\original\GIC_measured_NERC.pdf
2026-07-31T11:27:11.642624Z INFO  main Reading '10549' data
2026-07-31T11:27:11.679811Z INFO  main   Reading 'GIC/measured/NERC' data
2026-07-31T11:27:11.694071Z INFO  main     Reading C:\Users\lwilker\Documents\GitHub\SWERVE-data\data_original\nerc\2021-05-12\gic\2021E01_10549.csv
2026-07-31T11:27:11.826842Z INFO  main     Running automated error checks on GIC measured data
2026-07-31T11:27:12.389672Z INFO  main     Baseline offset of -6.00 A corrected. 
Resample to 1m aves and NaN pad or trim to start/stop.
2026-07-31T11:27:12.466102Z INFO  main     Writing C:\Users\lwilker\Documents\GitHub\SWERVE-data\data_processed\2021-05-12\sites\10549\data\GIC_measured_NERC.pkl
2026-07-31T11:27:12.504443Z INFO  main   Writing C:\Users\lwilker\Documents\GitHub\SWERVE-data\data_processed\2021-05-12\sites\10549\data\_all.pkl
2026-07-31T11:27:12.517244Z INFO  main Computing stats for '10549' data
2026-07-31T11:27:12.531903Z INFO  main   Uniq dts [ns] = [60000000000]
2026-07-31T11:27:12.534921Z INFO  main   Uniq dts [#]  = 1
2026-07-31T11:27:12.534921Z INFO  main   Stats for GIC/measured/NERC:
2026-07-31T11:27:12.535938Z INFO  main 
    std: : [0.12670241697714504]
    ave: : [-0.16336109008327018]
    min: : [-0.5999999999999996]
    max: : [0.40000000000000036]
    n: 1321
    n_valid: : [1321]
    dt_original: : [60000000000]
2026-07-31T11:27:12.546829Z INFO  main Plotting '10549' data
2026-07-31T11:27:12.560923Z INFO  main   Plotting '10549/GIC/measured/NERC' original vs. modified data
2026-07-31T11:27:14.607104Z INFO  main     Writing C:\Users\lwilker\Documents\GitHub\SWERVE-data\data_processed/2021-05-12/sites/10549/figures\original\GIC_measured_NERC.png
2026-07-31T11:27:16.519525Z INFO  main     Writing C:\Users\lwilker\Documents\GitHub\SWERVE-data\data_processed/2021-05-12/sites/10549/figures\original\GIC_measured_NERC.pdf
2026-07-31T11:27:17.032871Z INFO  main Reading '10550' data
2026-07-31T11:27:17.058426Z INFO  main   Reading 'GIC/measured/NERC' data
2026-07-31T11:27:17.067834Z INFO  main     Reading C:\Users\lwilker\Documents\GitHub\SWERVE-data\data_original\nerc\2021-05-12\gic\2021E01_10550.csv
2026-07-31T11:27:17.177470Z INFO  main     Running automated error checks on GIC measured data
2026-07-31T11:27:17.660797Z INFO  main     Baseline offset of -2.00 A corrected. 
Resample to 1m aves and NaN pad or trim to start/stop.
2026-07-31T11:27:17.698548Z INFO  main     Writing C:\Users\lwilker\Documents\GitHub\SWERVE-data\data_processed\2021-05-12\sites\10550\data\GIC_measured_NERC.pkl
2026-07-31T11:27:17.727349Z INFO  main   Writing C:\Users\lwilker\Documents\GitHub\SWERVE-data\data_processed\2021-05-12\sites\10550\data\_all.pkl
2026-07-31T11:27:17.743284Z INFO  main Computing stats for '10550' data
2026-07-31T11:27:17.758496Z INFO  main   Uniq dts [ns] = [60000000000]
2026-07-31T11:27:17.759493Z INFO  main   Uniq dts [#]  = 1
2026-07-31T11:27:17.759493Z INFO  main   Stats for GIC/measured/NERC:
2026-07-31T11:27:17.761009Z INFO  main 
    std: : [5.520916077743392]
    ave: : [-1.1596517789553367]
    min: : [-6.6]
    max: : [17.8]
    n: 1321
    n_valid: : [1321]
    dt_original: : [60000000000]
2026-07-31T11:27:17.764038Z INFO  main Plotting '10550' data
2026-07-31T11:27:17.777697Z INFO  main   Plotting '10550/GIC/measured/NERC' original vs. modified data
2026-07-31T11:27:19.253719Z INFO  main     Writing C:\Users\lwilker\Documents\GitHub\SWERVE-data\data_processed/2021-05-12/sites/10550/figures\original\GIC_measured_NERC.png
2026-07-31T11:27:21.021806Z INFO  main     Writing C:\Users\lwilker\Documents\GitHub\SWERVE-data\data_processed/2021-05-12/sites/10550/figures\original\GIC_measured_NERC.pdf
2026-07-31T11:27:21.576440Z INFO  main Reading '10551' data
2026-07-31T11:27:21.611943Z INFO  main   Reading 'GIC/measured/NERC' data
2026-07-31T11:27:21.626554Z INFO  main     Reading C:\Users\lwilker\Documents\GitHub\SWERVE-data\data_original\nerc\2021-05-12\gic\2021E01_10551.csv
2026-07-31T11:27:21.784921Z INFO  main     Running automated error checks on GIC measured data
2026-07-31T11:27:22.342702Z INFO  main     Baseline offset of -3.50 A corrected. 
Resample to 1m aves and NaN pad or trim to start/stop.
2026-07-31T11:27:22.393610Z INFO  main     Writing C:\Users\lwilker\Documents\GitHub\SWERVE-data\data_processed\2021-05-12\sites\10551\data\GIC_measured_NERC.pkl
2026-07-31T11:27:22.456372Z INFO  main   Writing C:\Users\lwilker\Documents\GitHub\SWERVE-data\data_processed\2021-05-12\sites\10551\data\_all.pkl
2026-07-31T11:27:22.479050Z INFO  main Computing stats for '10551' data
2026-07-31T11:27:22.496446Z INFO  main   Uniq dts [ns] = [60000000000]
2026-07-31T11:27:22.497463Z INFO  main   Uniq dts [#]  = 1
2026-07-31T11:27:22.498465Z INFO  main   Stats for GIC/measured/NERC:
2026-07-31T11:27:22.499474Z INFO  main 
    std: : [6.918366072593332]
    ave: : [-6.8535957607872815]
    min: : [-20.4]
    max: : [2.5]
    n: 1321
    n_valid: : [1321]
    dt_original: : [60000000000]
2026-07-31T11:27:22.503358Z INFO  main Plotting '10551' data
2026-07-31T11:27:22.521613Z INFO  main   Plotting '10551/GIC/measured/NERC' original vs. modified data
2026-07-31T11:27:24.299483Z INFO  main     Writing C:\Users\lwilker\Documents\GitHub\SWERVE-data\data_processed/2021-05-12/sites/10551/figures\original\GIC_measured_NERC.png
2026-07-31T11:27:26.068650Z INFO  main     Writing C:\Users\lwilker\Documents\GitHub\SWERVE-data\data_processed/2021-05-12/sites/10551/figures\original\GIC_measured_NERC.pdf
2026-07-31T11:27:26.539896Z INFO  main Reading '10552' data
2026-07-31T11:27:26.562734Z INFO  main   Reading 'GIC/measured/NERC' data
2026-07-31T11:27:26.571872Z INFO  main     Reading C:\Users\lwilker\Documents\GitHub\SWERVE-data\data_original\nerc\2021-05-12\gic\2021E01_10552.csv
2026-07-31T11:27:26.693896Z INFO  main     Running automated error checks on GIC measured data
2026-07-31T11:27:27.221733Z INFO  main     Baseline offset of 3.80 A corrected. 
Resample to 1m aves and NaN pad or trim to start/stop.
2026-07-31T11:27:27.271030Z INFO  main     Writing C:\Users\lwilker\Documents\GitHub\SWERVE-data\data_processed\2021-05-12\sites\10552\data\GIC_measured_NERC.pkl
2026-07-31T11:27:27.303567Z INFO  main   Writing C:\Users\lwilker\Documents\GitHub\SWERVE-data\data_processed\2021-05-12\sites\10552\data\_all.pkl
2026-07-31T11:27:27.317298Z INFO  main Computing stats for '10552' data
2026-07-31T11:27:27.329489Z INFO  main   Uniq dts [ns] = [60000000000]
2026-07-31T11:27:27.331006Z INFO  main   Uniq dts [#]  = 1
2026-07-31T11:27:27.334037Z INFO  main   Stats for GIC/measured/NERC:
2026-07-31T11:27:27.335039Z INFO  main 
    std: : [0.36766181188389807]
    ave: : [-0.038455715367146016]
    min: : [-1.9]
    max: : [1.5]
    n: 1321
    n_valid: : [1321]
    dt_original: : [60000000000]
2026-07-31T11:27:27.337614Z INFO  main Plotting '10552' data
2026-07-31T11:27:27.351776Z INFO  main   Plotting '10552/GIC/measured/NERC' original vs. modified data
2026-07-31T11:27:28.923776Z INFO  main     Writing C:\Users\lwilker\Documents\GitHub\SWERVE-data\data_processed/2021-05-12/sites/10552/figures\original\GIC_measured_NERC.png
2026-07-31T11:27:30.763569Z INFO  main     Writing C:\Users\lwilker\Documents\GitHub\SWERVE-data\data_processed/2021-05-12/sites/10552/figures\original\GIC_measured_NERC.pdf
2026-07-31T11:27:31.273880Z INFO  main Reading '10553' data
2026-07-31T11:27:31.299478Z INFO  main   Reading 'GIC/measured/NERC' data
2026-07-31T11:27:31.311585Z INFO  main     Reading C:\Users\lwilker\Documents\GitHub\SWERVE-data\data_original\nerc\2021-05-12\gic\2021E01_10553.csv
2026-07-31T11:27:31.433479Z INFO  main     Running automated error checks on GIC measured data
2026-07-31T11:27:31.959468Z INFO  main     Baseline offset of 1.10 A corrected. 
Resample to 1m aves and NaN pad or trim to start/stop.
2026-07-31T11:27:32.008068Z INFO  main     Writing C:\Users\lwilker\Documents\GitHub\SWERVE-data\data_processed\2021-05-12\sites\10553\data\GIC_measured_NERC.pkl
2026-07-31T11:27:32.035708Z INFO  main   Writing C:\Users\lwilker\Documents\GitHub\SWERVE-data\data_processed\2021-05-12\sites\10553\data\_all.pkl
2026-07-31T11:27:32.050850Z INFO  main Computing stats for '10553' data
2026-07-31T11:27:32.066506Z INFO  main   Uniq dts [ns] = [60000000000]
2026-07-31T11:27:32.067522Z INFO  main   Uniq dts [#]  = 1
2026-07-31T11:27:32.068522Z INFO  main   Stats for GIC/measured/NERC:
2026-07-31T11:27:32.068522Z INFO  main 
    std: : [0.568910087514304]
    ave: : [-0.1637395912187737]
    min: : [-4.0]
    max: : [2.6]
    n: 1321
    n_valid: : [1321]
    dt_original: : [60000000000]
2026-07-31T11:27:32.075864Z INFO  main Plotting '10553' data
2026-07-31T11:27:32.084934Z INFO  main   Plotting '10553/GIC/measured/NERC' original vs. modified data
2026-07-31T11:27:34.252943Z INFO  main     Writing C:\Users\lwilker\Documents\GitHub\SWERVE-data\data_processed/2021-05-12/sites/10553/figures\original\GIC_measured_NERC.png
2026-07-31T11:27:36.189555Z INFO  main     Writing C:\Users\lwilker\Documents\GitHub\SWERVE-data\data_processed/2021-05-12/sites/10553/figures\original\GIC_measured_NERC.pdf
2026-07-31T11:27:36.852981Z INFO  main Reading '10556' data
2026-07-31T11:27:36.886636Z INFO  main   Reading 'GIC/measured/NERC' data
2026-07-31T11:27:36.896455Z INFO  main     Reading C:\Users\lwilker\Documents\GitHub\SWERVE-data\data_original\nerc\2021-05-12\gic\2021E01_10556.csv
2026-07-31T11:27:37.058546Z INFO  main     Running automated error checks on GIC measured data
2026-07-31T11:27:37.612958Z INFO  main     Baseline offset of 2.40 A corrected. 
Resample to 1m aves and NaN pad or trim to start/stop.
2026-07-31T11:27:37.653986Z INFO  main     Writing C:\Users\lwilker\Documents\GitHub\SWERVE-data\data_processed\2021-05-12\sites\10556\data\GIC_measured_NERC.pkl
2026-07-31T11:27:37.687557Z INFO  main   Writing C:\Users\lwilker\Documents\GitHub\SWERVE-data\data_processed\2021-05-12\sites\10556\data\_all.pkl
2026-07-31T11:27:37.701834Z INFO  main Computing stats for '10556' data
2026-07-31T11:27:37.713461Z INFO  main   Uniq dts [ns] = [60000000000]
2026-07-31T11:27:37.714975Z INFO  main   Uniq dts [#]  = 1
2026-07-31T11:27:37.714975Z INFO  main   Stats for GIC/measured/NERC:
2026-07-31T11:27:37.716523Z INFO  main 
    std: : [0.11203449473700101]
    ave: : [0.054049962149886485]
    min: : [-0.10000000000000009]
    max: : [0.3999999999999999]
    n: 1321
    n_valid: : [1321]
    dt_original: : [60000000000]
2026-07-31T11:27:37.719566Z INFO  main Plotting '10556' data
2026-07-31T11:27:37.729270Z INFO  main   Plotting '10556/GIC/measured/NERC' original vs. modified data
2026-07-31T11:27:39.392010Z INFO  main     Writing C:\Users\lwilker\Documents\GitHub\SWERVE-data\data_processed/2021-05-12/sites/10556/figures\original\GIC_measured_NERC.png
2026-07-31T11:27:41.421064Z INFO  main     Writing C:\Users\lwilker\Documents\GitHub\SWERVE-data\data_processed/2021-05-12/sites/10556/figures\original\GIC_measured_NERC.pdf
2026-07-31T11:27:42.001837Z INFO  main Reading '10557' data
2026-07-31T11:27:42.029943Z INFO  main   Reading 'GIC/measured/NERC' data
2026-07-31T11:27:42.041692Z INFO  main     Reading C:\Users\lwilker\Documents\GitHub\SWERVE-data\data_original\nerc\2021-05-12\gic\2021E01_10557.csv
2026-07-31T11:27:42.172751Z INFO  main     Running automated error checks on GIC measured data
2026-07-31T11:27:42.717701Z INFO  main     Baseline offset of 9.40 A corrected. 
Resample to 1m aves and NaN pad or trim to start/stop.
2026-07-31T11:27:42.763883Z INFO  main     Writing C:\Users\lwilker\Documents\GitHub\SWERVE-data\data_processed\2021-05-12\sites\10557\data\GIC_measured_NERC.pkl
2026-07-31T11:27:42.795173Z INFO  main   Writing C:\Users\lwilker\Documents\GitHub\SWERVE-data\data_processed\2021-05-12\sites\10557\data\_all.pkl
2026-07-31T11:27:42.810865Z INFO  main Computing stats for '10557' data
2026-07-31T11:27:42.824816Z INFO  main   Uniq dts [ns] = [60000000000]
2026-07-31T11:27:42.826350Z INFO  main   Uniq dts [#]  = 1
2026-07-31T11:27:42.827386Z INFO  main   Stats for GIC/measured/NERC:
2026-07-31T11:27:42.827386Z INFO  main 
    std: : [0.29108195177542945]
    ave: : [-0.2391370174110524]
    min: : [-0.7000000000000011]
    max: : [0.09999999999999964]
    n: 1321
    n_valid: : [1321]
    dt_original: : [60000000000]
2026-07-31T11:27:42.833927Z INFO  main Plotting '10557' data
2026-07-31T11:27:42.846191Z INFO  main   Plotting '10557/GIC/measured/NERC' original vs. modified data
2026-07-31T11:27:44.406332Z INFO  main     Writing C:\Users\lwilker\Documents\GitHub\SWERVE-data\data_processed/2021-05-12/sites/10557/figures\original\GIC_measured_NERC.png
2026-07-31T11:27:46.135890Z INFO  main     Writing C:\Users\lwilker\Documents\GitHub\SWERVE-data\data_processed/2021-05-12/sites/10557/figures\original\GIC_measured_NERC.pdf
2026-07-31T11:27:46.655113Z INFO  main Reading '10561' data
2026-07-31T11:27:46.684005Z INFO  main   Reading 'GIC/measured/NERC' data
2026-07-31T11:27:46.692630Z INFO  main     Reading C:\Users\lwilker\Documents\GitHub\SWERVE-data\data_original\nerc\2021-05-12\gic\2021E01_10561.csv
2026-07-31T11:27:46.821971Z INFO  main     Running automated error checks on GIC measured data
2026-07-31T11:27:47.263926Z INFO  main     Baseline offset of 12.40 A corrected. 
Resample to 1m aves and NaN pad or trim to start/stop.
2026-07-31T11:27:47.305002Z INFO  main     Writing C:\Users\lwilker\Documents\GitHub\SWERVE-data\data_processed\2021-05-12\sites\10561\data\GIC_measured_NERC.pkl
2026-07-31T11:27:47.334001Z INFO  main   Writing C:\Users\lwilker\Documents\GitHub\SWERVE-data\data_processed\2021-05-12\sites\10561\data\_all.pkl
2026-07-31T11:27:47.349520Z INFO  main Computing stats for '10561' data
2026-07-31T11:27:47.362737Z INFO  main   Uniq dts [ns] = [60000000000]
2026-07-31T11:27:47.363737Z INFO  main   Uniq dts [#]  = 1
2026-07-31T11:27:47.364737Z INFO  main   Stats for GIC/measured/NERC:
2026-07-31T11:27:47.365774Z INFO  main 
    std: : [0.0]
    ave: : [0.0]
    min: : [0.0]
    max: : [0.0]
    n: 1321
    n_valid: : [1321]
    dt_original: : [60000000000]
2026-07-31T11:27:47.366759Z INFO  main Plotting '10561' data
2026-07-31T11:27:47.381981Z INFO  main   Plotting '10561/GIC/measured/NERC' original vs. modified data
2026-07-31T11:27:48.720155Z INFO  main     Writing C:\Users\lwilker\Documents\GitHub\SWERVE-data\data_processed/2021-05-12/sites/10561/figures\original\GIC_measured_NERC.png
2026-07-31T11:27:50.453548Z INFO  main     Writing C:\Users\lwilker\Documents\GitHub\SWERVE-data\data_processed/2021-05-12/sites/10561/figures\original\GIC_measured_NERC.pdf
2026-07-31T11:27:51.069638Z INFO  main Reading '10563' data
2026-07-31T11:27:51.106293Z INFO  main   Reading 'GIC/measured/NERC' data
2026-07-31T11:27:51.121667Z INFO  main     Reading C:\Users\lwilker\Documents\GitHub\SWERVE-data\data_original\nerc\2021-05-12\gic\2021E01_10563.csv
2026-07-31T11:27:51.288312Z INFO  main     Running automated error checks on GIC measured data
2026-07-31T11:27:51.838530Z INFO  main     
Resample to 1m aves and NaN pad or trim to start/stop.
2026-07-31T11:27:51.889376Z INFO  main     Writing C:\Users\lwilker\Documents\GitHub\SWERVE-data\data_processed\2021-05-12\sites\10563\data\GIC_measured_NERC.pkl
2026-07-31T11:27:51.919068Z INFO  main   Writing C:\Users\lwilker\Documents\GitHub\SWERVE-data\data_processed\2021-05-12\sites\10563\data\_all.pkl
2026-07-31T11:27:51.934801Z INFO  main Computing stats for '10563' data
2026-07-31T11:27:51.946686Z INFO  main   Uniq dts [ns] = [60000000000]
2026-07-31T11:27:51.947727Z INFO  main   Uniq dts [#]  = 1
2026-07-31T11:27:51.948717Z INFO  main   Stats for GIC/measured/NERC:
2026-07-31T11:27:51.949727Z INFO  main 
    std: : [0.0455805896631694]
    ave: : [0.670552611657835]
    min: : [0.6]
    max: : [0.7]
    n: 1321
    n_valid: : [1321]
    dt_original: : [60000000000]
2026-07-31T11:27:51.951720Z INFO  main Plotting '10563' data
2026-07-31T11:27:51.967578Z INFO  main   Plotting '10563/GIC/measured/NERC' original vs. modified data
2026-07-31T11:27:54.019321Z INFO  main     Writing C:\Users\lwilker\Documents\GitHub\SWERVE-data\data_processed/2021-05-12/sites/10563/figures\original\GIC_measured_NERC.png
2026-07-31T11:27:55.934097Z INFO  main     Writing C:\Users\lwilker\Documents\GitHub\SWERVE-data\data_processed/2021-05-12/sites/10563/figures\original\GIC_measured_NERC.pdf
2026-07-31T11:27:56.546161Z INFO  main Reading '10564' data
2026-07-31T11:27:56.581756Z INFO  main   Reading 'GIC/measured/NERC' data
2026-07-31T11:27:56.598606Z INFO  main     Reading C:\Users\lwilker\Documents\GitHub\SWERVE-data\data_original\nerc\2021-05-12\gic\2021E01_10564.csv
2026-07-31T11:27:56.745479Z INFO  main     Running automated error checks on GIC measured data
2026-07-31T11:27:57.301794Z INFO  main     
Resample to 1m aves and NaN pad or trim to start/stop.
2026-07-31T11:27:57.351902Z INFO  main     Writing C:\Users\lwilker\Documents\GitHub\SWERVE-data\data_processed\2021-05-12\sites\10564\data\GIC_measured_NERC.pkl
2026-07-31T11:27:57.380782Z INFO  main   Writing C:\Users\lwilker\Documents\GitHub\SWERVE-data\data_processed\2021-05-12\sites\10564\data\_all.pkl
2026-07-31T11:27:57.397947Z INFO  main Computing stats for '10564' data
2026-07-31T11:27:57.413067Z INFO  main   Uniq dts [ns] = [60000000000]
2026-07-31T11:27:57.414184Z INFO  main   Uniq dts [#]  = 1
2026-07-31T11:27:57.415200Z INFO  main   Stats for GIC/measured/NERC:
2026-07-31T11:27:57.416207Z INFO  main 
    std: : [0.47914066307342756]
    ave: : [-0.13996971990915974]
    min: : [-5.0]
    max: : [2.6]
    n: 1321
    n_valid: : [1321]
    dt_original: : [60000000000]
2026-07-31T11:27:57.421887Z INFO  main Plotting '10564' data
2026-07-31T11:27:57.438521Z INFO  main   Plotting '10564/GIC/measured/NERC' original vs. modified data
2026-07-31T11:27:59.053688Z INFO  main     Writing C:\Users\lwilker\Documents\GitHub\SWERVE-data\data_processed/2021-05-12/sites/10564/figures\original\GIC_measured_NERC.png
2026-07-31T11:28:00.966337Z INFO  main     Writing C:\Users\lwilker\Documents\GitHub\SWERVE-data\data_processed/2021-05-12/sites/10564/figures\original\GIC_measured_NERC.pdf
2026-07-31T11:28:01.575048Z INFO  main Reading '10567' data
2026-07-31T11:28:01.608010Z INFO  main   Reading 'GIC/measured/NERC' data
2026-07-31T11:28:01.626181Z INFO  main     Reading C:\Users\lwilker\Documents\GitHub\SWERVE-data\data_original\nerc\2021-05-12\gic\2021E01_10567.csv
2026-07-31T11:28:01.770891Z INFO  main     Running automated error checks on GIC measured data
2026-07-31T11:28:02.304922Z INFO  main     Baseline offset of 7.50 A corrected. 
Resample to 1m aves and NaN pad or trim to start/stop.
2026-07-31T11:28:02.350902Z INFO  main     Writing C:\Users\lwilker\Documents\GitHub\SWERVE-data\data_processed\2021-05-12\sites\10567\data\GIC_measured_NERC.pkl
2026-07-31T11:28:02.379643Z INFO  main   Writing C:\Users\lwilker\Documents\GitHub\SWERVE-data\data_processed\2021-05-12\sites\10567\data\_all.pkl
2026-07-31T11:28:02.393881Z INFO  main Computing stats for '10567' data
2026-07-31T11:28:02.411026Z INFO  main   Uniq dts [ns] = [60000000000]
2026-07-31T11:28:02.412038Z INFO  main   Uniq dts [#]  = 1
2026-07-31T11:28:02.413055Z INFO  main   Stats for GIC/measured/NERC:
2026-07-31T11:28:02.414053Z INFO  main 
    std: : [0.5551696213367738]
    ave: : [-0.07153671461014383]
    min: : [-3.6]
    max: : [2.6999999999999993]
    n: 1321
    n_valid: : [1321]
    dt_original: : [60000000000]
2026-07-31T11:28:02.417596Z INFO  main Plotting '10567' data
2026-07-31T11:28:02.428180Z INFO  main   Plotting '10567/GIC/measured/NERC' original vs. modified data
2026-07-31T11:28:04.047432Z INFO  main     Writing C:\Users\lwilker\Documents\GitHub\SWERVE-data\data_processed/2021-05-12/sites/10567/figures\original\GIC_measured_NERC.png
2026-07-31T11:28:05.878640Z INFO  main     Writing C:\Users\lwilker\Documents\GitHub\SWERVE-data\data_processed/2021-05-12/sites/10567/figures\original\GIC_measured_NERC.pdf
2026-07-31T11:28:06.378623Z INFO  main Reading '10568' data
2026-07-31T11:28:06.422664Z INFO  main   Reading 'GIC/measured/NERC' data
2026-07-31T11:28:06.434304Z INFO  main     Reading C:\Users\lwilker\Documents\GitHub\SWERVE-data\data_original\nerc\2021-05-12\gic\2021E01_10568.csv
2026-07-31T11:28:06.554013Z INFO  main     Multiplying GIC data by 3 to account for single-phase transformer.
2026-07-31T11:28:06.555027Z INFO  main     Running automated error checks on GIC measured data
2026-07-31T11:28:06.986273Z INFO  main     Baseline offset of 18.30 A corrected. 
Resample to 1m aves and NaN pad or trim to start/stop.
2026-07-31T11:28:07.027566Z INFO  main     Writing C:\Users\lwilker\Documents\GitHub\SWERVE-data\data_processed\2021-05-12\sites\10568\data\GIC_measured_NERC.pkl
2026-07-31T11:28:07.056660Z INFO  main   Writing C:\Users\lwilker\Documents\GitHub\SWERVE-data\data_processed\2021-05-12\sites\10568\data\_all.pkl
2026-07-31T11:28:07.070014Z INFO  main Computing stats for '10568' data
2026-07-31T11:28:07.084702Z INFO  main   Uniq dts [ns] = [60000000000]
2026-07-31T11:28:07.084702Z INFO  main   Uniq dts [#]  = 1
2026-07-31T11:28:07.085701Z INFO  main   Stats for GIC/measured/NERC:
2026-07-31T11:28:07.087212Z INFO  main 
    std: : [1.8601617872951186]
    ave: : [-0.8366389099167268]
    min: : [-4.199999999999996]
    max: : [0.6000000000000014]
    n: 1321
    n_valid: : [1321]
    dt_original: : [60000000000]
2026-07-31T11:28:07.095277Z INFO  main Plotting '10568' data
2026-07-31T11:28:07.113964Z INFO  main   Plotting '10568/GIC/measured/NERC' original vs. modified data
2026-07-31T11:28:08.553946Z INFO  main     Writing C:\Users\lwilker\Documents\GitHub\SWERVE-data\data_processed/2021-05-12/sites/10568/figures\original\GIC_measured_NERC.png
2026-07-31T11:28:10.466715Z INFO  main     Writing C:\Users\lwilker\Documents\GitHub\SWERVE-data\data_processed/2021-05-12/sites/10568/figures\original\GIC_measured_NERC.pdf
2026-07-31T11:28:11.055241Z INFO  main Reading '10569' data
2026-07-31T11:28:11.101949Z INFO  main   Reading 'GIC/measured/NERC' data
2026-07-31T11:28:11.116571Z INFO  main     Reading C:\Users\lwilker\Documents\GitHub\SWERVE-data\data_original\nerc\2021-05-12\gic\2021E01_10569.csv
2026-07-31T11:28:11.261127Z INFO  main     Running automated error checks on GIC measured data
2026-07-31T11:28:11.820714Z INFO  main     Baseline offset of 7.50 A corrected. 
Resample to 1m aves and NaN pad or trim to start/stop.
2026-07-31T11:28:11.867388Z INFO  main     Writing C:\Users\lwilker\Documents\GitHub\SWERVE-data\data_processed\2021-05-12\sites\10569\data\GIC_measured_NERC.pkl
2026-07-31T11:28:11.898624Z INFO  main   Writing C:\Users\lwilker\Documents\GitHub\SWERVE-data\data_processed\2021-05-12\sites\10569\data\_all.pkl
2026-07-31T11:28:11.911722Z INFO  main Computing stats for '10569' data
2026-07-31T11:28:11.925195Z INFO  main   Uniq dts [ns] = [60000000000]
2026-07-31T11:28:11.926210Z INFO  main   Uniq dts [#]  = 1
2026-07-31T11:28:11.928225Z INFO  main   Stats for GIC/measured/NERC:
2026-07-31T11:28:11.928225Z INFO  main 
    std: : [0.416421369086745]
    ave: : [-0.11824375473126417]
    min: : [-3.0]
    max: : [2.0]
    n: 1321
    n_valid: : [1321]
    dt_original: : [60000000000]
2026-07-31T11:28:11.932775Z INFO  main Plotting '10569' data
2026-07-31T11:28:11.950954Z INFO  main   Plotting '10569/GIC/measured/NERC' original vs. modified data
2026-07-31T11:28:14.039494Z INFO  main     Writing C:\Users\lwilker\Documents\GitHub\SWERVE-data\data_processed/2021-05-12/sites/10569/figures\original\GIC_measured_NERC.png
2026-07-31T11:28:15.906852Z INFO  main     Writing C:\Users\lwilker\Documents\GitHub\SWERVE-data\data_processed/2021-05-12/sites/10569/figures\original\GIC_measured_NERC.pdf
2026-07-31T11:28:16.460316Z INFO  main Reading '10570' data
2026-07-31T11:28:16.492967Z INFO  main   Reading 'GIC/measured/NERC' data
2026-07-31T11:28:16.507630Z INFO  main     Reading C:\Users\lwilker\Documents\GitHub\SWERVE-data\data_original\nerc\2021-05-12\gic\2021E01_10570.csv
2026-07-31T11:28:16.663639Z INFO  main     Running automated error checks on GIC measured data
2026-07-31T11:28:17.156428Z INFO  main     Baseline offset of 4.60 A corrected. 
Resample to 1m aves and NaN pad or trim to start/stop.
2026-07-31T11:28:17.223356Z INFO  main     Writing C:\Users\lwilker\Documents\GitHub\SWERVE-data\data_processed\2021-05-12\sites\10570\data\GIC_measured_NERC.pkl
2026-07-31T11:28:17.252904Z INFO  main   Writing C:\Users\lwilker\Documents\GitHub\SWERVE-data\data_processed\2021-05-12\sites\10570\data\_all.pkl
2026-07-31T11:28:17.264814Z INFO  main Computing stats for '10570' data
2026-07-31T11:28:17.280088Z INFO  main   Uniq dts [ns] = [60000000000]
2026-07-31T11:28:17.280088Z INFO  main   Uniq dts [#]  = 1
2026-07-31T11:28:17.281694Z INFO  main   Stats for GIC/measured/NERC:
2026-07-31T11:28:17.281694Z INFO  main 
    std: : [0.559135477823203]
    ave: : [0.3533686601059807]
    min: : [-0.1999999999999993]
    max: : [1.4000000000000004]
    n: 1321
    n_valid: : [1321]
    dt_original: : [60000000000]
2026-07-31T11:28:17.286259Z INFO  main Plotting '10570' data
2026-07-31T11:28:17.307083Z INFO  main   Plotting '10570/GIC/measured/NERC' original vs. modified data
2026-07-31T11:28:18.898682Z INFO  main     Writing C:\Users\lwilker\Documents\GitHub\SWERVE-data\data_processed/2021-05-12/sites/10570/figures\original\GIC_measured_NERC.png
2026-07-31T11:28:20.712411Z INFO  main     Writing C:\Users\lwilker\Documents\GitHub\SWERVE-data\data_processed/2021-05-12/sites/10570/figures\original\GIC_measured_NERC.pdf
2026-07-31T11:28:21.219436Z INFO  main Reading '10571' data
2026-07-31T11:28:21.253713Z INFO  main   Reading 'GIC/measured/NERC' data
2026-07-31T11:28:21.262624Z INFO  main     Reading C:\Users\lwilker\Documents\GitHub\SWERVE-data\data_original\nerc\2021-05-12\gic\2021E01_10571.csv
2026-07-31T11:28:21.395116Z INFO  main     Running automated error checks on GIC measured data
2026-07-31T11:28:21.909223Z INFO  main     Baseline offset of -3.00 A corrected. 
Resample to 1m aves and NaN pad or trim to start/stop.
2026-07-31T11:28:21.970976Z INFO  main     Writing C:\Users\lwilker\Documents\GitHub\SWERVE-data\data_processed\2021-05-12\sites\10571\data\GIC_measured_NERC.pkl
2026-07-31T11:28:21.994595Z INFO  main   Writing C:\Users\lwilker\Documents\GitHub\SWERVE-data\data_processed\2021-05-12\sites\10571\data\_all.pkl
2026-07-31T11:28:22.008096Z INFO  main Computing stats for '10571' data
2026-07-31T11:28:22.020990Z INFO  main   Uniq dts [ns] = [60000000000]
2026-07-31T11:28:22.021983Z INFO  main   Uniq dts [#]  = 1
2026-07-31T11:28:22.022491Z INFO  main   Stats for GIC/measured/NERC:
2026-07-31T11:28:22.023507Z INFO  main 
    std: : [0.3972150406959829]
    ave: : [0.19583648750946248]
    min: : [-0.5]
    max: : [1.7]
    n: 1321
    n_valid: : [1321]
    dt_original: : [60000000000]
2026-07-31T11:28:22.026594Z INFO  main Plotting '10571' data
2026-07-31T11:28:22.036731Z INFO  main   Plotting '10571/GIC/measured/NERC' original vs. modified data
2026-07-31T11:28:23.466872Z INFO  main     Writing C:\Users\lwilker\Documents\GitHub\SWERVE-data\data_processed/2021-05-12/sites/10571/figures\original\GIC_measured_NERC.png
2026-07-31T11:28:25.207323Z INFO  main     Writing C:\Users\lwilker\Documents\GitHub\SWERVE-data\data_processed/2021-05-12/sites/10571/figures\original\GIC_measured_NERC.pdf
2026-07-31T11:28:25.673004Z INFO  main Reading '10573' data
2026-07-31T11:28:25.703821Z INFO  main   Reading 'GIC/measured/NERC' data
2026-07-31T11:28:25.712894Z INFO  main     Reading C:\Users\lwilker\Documents\GitHub\SWERVE-data\data_original\nerc\2021-05-12\gic\2021E01_10573.csv
2026-07-31T11:28:25.819499Z INFO  main     Running automated error checks on GIC measured data
2026-07-31T11:28:26.230018Z INFO  main     Baseline offset of 2.00 A corrected. 
Resample to 1m aves and NaN pad or trim to start/stop.
2026-07-31T11:28:26.267358Z INFO  main     Writing C:\Users\lwilker\Documents\GitHub\SWERVE-data\data_processed\2021-05-12\sites\10573\data\GIC_measured_NERC.pkl
2026-07-31T11:28:26.289853Z INFO  main   Writing C:\Users\lwilker\Documents\GitHub\SWERVE-data\data_processed\2021-05-12\sites\10573\data\_all.pkl
2026-07-31T11:28:26.303000Z INFO  main Computing stats for '10573' data
2026-07-31T11:28:26.316624Z INFO  main   Uniq dts [ns] = [60000000000]
2026-07-31T11:28:26.317661Z INFO  main   Uniq dts [#]  = 1
2026-07-31T11:28:26.318646Z INFO  main   Stats for GIC/measured/NERC:
2026-07-31T11:28:26.318646Z INFO  main 
    std: : [0.0]
    ave: : [0.0]
    min: : [0.0]
    max: : [0.0]
    n: 1321
    n_valid: : [1321]
    dt_original: : [60000000000]
2026-07-31T11:28:26.321666Z INFO  main Plotting '10573' data
2026-07-31T11:28:26.330856Z INFO  main   Plotting '10573/GIC/measured/NERC' original vs. modified data
2026-07-31T11:28:27.642730Z INFO  main     Writing C:\Users\lwilker\Documents\GitHub\SWERVE-data\data_processed/2021-05-12/sites/10573/figures\original\GIC_measured_NERC.png
2026-07-31T11:28:29.234872Z INFO  main     Writing C:\Users\lwilker\Documents\GitHub\SWERVE-data\data_processed/2021-05-12/sites/10573/figures\original\GIC_measured_NERC.pdf
2026-07-31T11:28:29.756222Z INFO  main Reading '10574' data
2026-07-31T11:28:29.781766Z INFO  main   Reading 'GIC/measured/NERC' data
2026-07-31T11:28:29.795928Z INFO  main     Reading C:\Users\lwilker\Documents\GitHub\SWERVE-data\data_original\nerc\2021-05-12\gic\2021E01_10574.csv
2026-07-31T11:28:29.926120Z INFO  main     Running automated error checks on GIC measured data
2026-07-31T11:28:30.385205Z INFO  main     Baseline offset of 5.10 A corrected. 
Resample to 1m aves and NaN pad or trim to start/stop.
2026-07-31T11:28:30.422741Z INFO  main     Writing C:\Users\lwilker\Documents\GitHub\SWERVE-data\data_processed\2021-05-12\sites\10574\data\GIC_measured_NERC.pkl
2026-07-31T11:28:30.447653Z INFO  main   Writing C:\Users\lwilker\Documents\GitHub\SWERVE-data\data_processed\2021-05-12\sites\10574\data\_all.pkl
2026-07-31T11:28:30.459262Z INFO  main Computing stats for '10574' data
2026-07-31T11:28:30.470932Z INFO  main   Uniq dts [ns] = [60000000000]
2026-07-31T11:28:30.471941Z INFO  main   Uniq dts [#]  = 1
2026-07-31T11:28:30.472957Z INFO  main   Stats for GIC/measured/NERC:
2026-07-31T11:28:30.473957Z INFO  main 
    std: : [0.2794127274234494]
    ave: : [0.14723694171082552]
    min: : [-0.2999999999999998]
    max: : [0.9000000000000004]
    n: 1321
    n_valid: : [1321]
    dt_original: : [60000000000]
2026-07-31T11:28:30.477343Z INFO  main Plotting '10574' data
2026-07-31T11:28:30.487482Z INFO  main   Plotting '10574/GIC/measured/NERC' original vs. modified data
2026-07-31T11:28:32.330852Z INFO  main     Writing C:\Users\lwilker\Documents\GitHub\SWERVE-data\data_processed/2021-05-12/sites/10574/figures\original\GIC_measured_NERC.png
2026-07-31T11:28:34.104205Z INFO  main     Writing C:\Users\lwilker\Documents\GitHub\SWERVE-data\data_processed/2021-05-12/sites/10574/figures\original\GIC_measured_NERC.pdf
2026-07-31T11:28:34.650960Z INFO  main Reading '10575' data
2026-07-31T11:28:34.675171Z INFO  main   Reading 'GIC/measured/NERC' data
2026-07-31T11:28:34.683777Z INFO  main     Reading C:\Users\lwilker\Documents\GitHub\SWERVE-data\data_original\nerc\2021-05-12\gic\2021E01_10575.csv
2026-07-31T11:28:34.804650Z INFO  main     Running automated error checks on GIC measured data
2026-07-31T11:28:35.259379Z INFO  main     
Resample to 1m aves and NaN pad or trim to start/stop.
2026-07-31T11:28:35.302631Z INFO  main     Writing C:\Users\lwilker\Documents\GitHub\SWERVE-data\data_processed\2021-05-12\sites\10575\data\GIC_measured_NERC.pkl
2026-07-31T11:28:35.330961Z INFO  main   Writing C:\Users\lwilker\Documents\GitHub\SWERVE-data\data_processed\2021-05-12\sites\10575\data\_all.pkl
2026-07-31T11:28:35.346713Z INFO  main Computing stats for '10575' data
2026-07-31T11:28:35.359603Z INFO  main   Uniq dts [ns] = [60000000000]
2026-07-31T11:28:35.361136Z INFO  main   Uniq dts [#]  = 1
2026-07-31T11:28:35.361657Z INFO  main   Stats for GIC/measured/NERC:
2026-07-31T11:28:35.361657Z INFO  main 
    std: : [1.1102230246251565e-16]
    ave: : [-0.7999999999999999]
    min: : [-0.8]
    max: : [-0.8]
    n: 1321
    n_valid: : [1321]
    dt_original: : [60000000000]
2026-07-31T11:28:35.365675Z INFO  main Plotting '10575' data
2026-07-31T11:28:35.376721Z INFO  main   Plotting '10575/GIC/measured/NERC' original vs. modified data
2026-07-31T11:28:36.724830Z INFO  main     Writing C:\Users\lwilker\Documents\GitHub\SWERVE-data\data_processed/2021-05-12/sites/10575/figures\original\GIC_measured_NERC.png
2026-07-31T11:28:38.254979Z INFO  main     Writing C:\Users\lwilker\Documents\GitHub\SWERVE-data\data_processed/2021-05-12/sites/10575/figures\original\GIC_measured_NERC.pdf
2026-07-31T11:28:38.828185Z INFO  main Reading '10576' data
2026-07-31T11:28:38.858940Z INFO  main   Reading 'GIC/measured/NERC' data
2026-07-31T11:28:38.874435Z INFO  main     Reading C:\Users\lwilker\Documents\GitHub\SWERVE-data\data_original\nerc\2021-05-12\gic\2021E01_10576.csv
2026-07-31T11:28:38.998015Z INFO  main     Running automated error checks on GIC measured data
2026-07-31T11:28:39.517392Z INFO  main     Baseline offset of 1.40 A corrected. 
Resample to 1m aves and NaN pad or trim to start/stop.
2026-07-31T11:28:39.569755Z INFO  main     Writing C:\Users\lwilker\Documents\GitHub\SWERVE-data\data_processed\2021-05-12\sites\10576\data\GIC_measured_NERC.pkl
2026-07-31T11:28:39.599692Z INFO  main   Writing C:\Users\lwilker\Documents\GitHub\SWERVE-data\data_processed\2021-05-12\sites\10576\data\_all.pkl
2026-07-31T11:28:39.613684Z INFO  main Computing stats for '10576' data
2026-07-31T11:28:39.626138Z INFO  main   Uniq dts [ns] = [60000000000]
2026-07-31T11:28:39.627159Z INFO  main   Uniq dts [#]  = 1
2026-07-31T11:28:39.628157Z INFO  main   Stats for GIC/measured/NERC:
2026-07-31T11:28:39.628157Z INFO  main 
    std: : [0.03493743859667885]
    ave: : [-0.014231642694928066]
    min: : [-0.09999999999999987]
    max: : [0.0]
    n: 1321
    n_valid: : [1321]
    dt_original: : [60000000000]
2026-07-31T11:28:39.630168Z INFO  main Plotting '10576' data
2026-07-31T11:28:39.643806Z INFO  main   Plotting '10576/GIC/measured/NERC' original vs. modified data
2026-07-31T11:28:41.204525Z INFO  main     Writing C:\Users\lwilker\Documents\GitHub\SWERVE-data\data_processed/2021-05-12/sites/10576/figures\original\GIC_measured_NERC.png
2026-07-31T11:28:42.808912Z INFO  main     Writing C:\Users\lwilker\Documents\GitHub\SWERVE-data\data_processed/2021-05-12/sites/10576/figures\original\GIC_measured_NERC.pdf
2026-07-31T11:28:43.305147Z INFO  main Reading '10581' data
2026-07-31T11:28:43.326453Z INFO  main   Reading 'GIC/measured/NERC' data
2026-07-31T11:28:43.337555Z INFO  main     Reading C:\Users\lwilker\Documents\GitHub\SWERVE-data\data_original\nerc\2021-05-12\gic\2021E01_10581.csv
2026-07-31T11:28:43.461093Z INFO  main     Running automated error checks on GIC measured data
2026-07-31T11:28:43.896078Z INFO  main     Baseline offset of -6.10 A corrected. 
Resample to 1m aves and NaN pad or trim to start/stop.
2026-07-31T11:28:43.937669Z INFO  main     Writing C:\Users\lwilker\Documents\GitHub\SWERVE-data\data_processed\2021-05-12\sites\10581\data\GIC_measured_NERC.pkl
2026-07-31T11:28:43.970773Z INFO  main   Writing C:\Users\lwilker\Documents\GitHub\SWERVE-data\data_processed\2021-05-12\sites\10581\data\_all.pkl
2026-07-31T11:28:43.985918Z INFO  main Computing stats for '10581' data
2026-07-31T11:28:43.999619Z INFO  main   Uniq dts [ns] = [60000000000]
2026-07-31T11:28:44.001132Z INFO  main   Uniq dts [#]  = 1
2026-07-31T11:28:44.002208Z INFO  main   Stats for GIC/measured/NERC:
2026-07-31T11:28:44.003224Z INFO  main 
    std: : [0.0]
    ave: : [0.0]
    min: : [0.0]
    max: : [0.0]
    n: 1321
    n_valid: : [1321]
    dt_original: : [60000000000]
2026-07-31T11:28:44.005757Z INFO  main Plotting '10581' data
2026-07-31T11:28:44.023320Z INFO  main   Plotting '10581/GIC/measured/NERC' original vs. modified data
2026-07-31T11:28:45.506836Z INFO  main     Writing C:\Users\lwilker\Documents\GitHub\SWERVE-data\data_processed/2021-05-12/sites/10581/figures\original\GIC_measured_NERC.png
2026-07-31T11:28:47.152600Z INFO  main     Writing C:\Users\lwilker\Documents\GitHub\SWERVE-data\data_processed/2021-05-12/sites/10581/figures\original\GIC_measured_NERC.pdf
2026-07-31T11:28:47.737676Z INFO  main Reading '50100' data
2026-07-31T11:28:47.766994Z INFO  main   Reading 'B/measured/NERC' data
2026-07-31T11:28:47.780728Z INFO  main     Reading C:\Users\lwilker\Documents\GitHub\SWERVE-data\data_original\nerc\2021-05-12\mag\2021E01_50100.csv
2026-07-31T11:28:48.388594Z INFO  main     Remove baseline then Resample to 1m aves and NaN pad or trim to start/stop.
2026-07-31T11:28:48.440741Z INFO  main     Writing C:\Users\lwilker\Documents\GitHub\SWERVE-data\data_processed\2021-05-12\sites\50100\data\B_measured_NERC.pkl
2026-07-31T11:28:48.470689Z INFO  main   Writing C:\Users\lwilker\Documents\GitHub\SWERVE-data\data_processed\2021-05-12\sites\50100\data\_all.pkl
2026-07-31T11:28:48.485276Z INFO  main Computing stats for '50100' data
2026-07-31T11:28:48.499402Z INFO  main   Uniq dts [ns] = [60000000000]
2026-07-31T11:28:48.500917Z INFO  main   Uniq dts [#]  = 1
2026-07-31T11:28:48.501933Z INFO  main   Stats for B/measured/NERC:
2026-07-31T11:28:48.502959Z INFO  main 
    std: : [29.883101553645744, 26.747184922230286, 12.639872447005237, 17.025276404822684]
    ave: : [-18.773239969720898, -1.6998485995457997, -5.022535957605474, 40.91302539889931]
    min: : [-91.85000000000218, -60.75, -37.23999999999796, 1.038171469459308]
    max: : [56.70999999999913, 107.50999999999999, 20.840000000003783, 118.05958368552771]
    n: 1321
    n_valid: : [1321, 1321, 1321, 1321]
    dt_original: : [60000000000]
2026-07-31T11:28:48.505950Z INFO  main Plotting '50100' data
2026-07-31T11:28:48.518076Z INFO  main   Plotting '50100/B/measured/NERC' original vs. modified data
2026-07-31T11:28:52.642735Z INFO  main     Writing C:\Users\lwilker\Documents\GitHub\SWERVE-data\data_processed/2021-05-12/sites/50100/figures\original\B_measured_NERC.png
2026-07-31T11:28:54.084870Z INFO  main     Writing C:\Users\lwilker\Documents\GitHub\SWERVE-data\data_processed/2021-05-12/sites/50100/figures\original\B_measured_NERC.pdf
2026-07-31T11:28:54.921688Z INFO  main     Writing C:\Users\lwilker\Documents\GitHub\SWERVE-data\data_processed/2021-05-12/sites/50100/figures\original\B_measured_NERC.png
2026-07-31T11:28:56.497405Z INFO  main     Writing C:\Users\lwilker\Documents\GitHub\SWERVE-data\data_processed/2021-05-12/sites/50100/figures\original\B_measured_NERC.pdf
2026-07-31T11:28:57.375167Z INFO  main     Writing C:\Users\lwilker\Documents\GitHub\SWERVE-data\data_processed/2021-05-12/sites/50100/figures\original\B_measured_NERC.png
2026-07-31T11:28:58.931828Z INFO  main     Writing C:\Users\lwilker\Documents\GitHub\SWERVE-data\data_processed/2021-05-12/sites/50100/figures\original\B_measured_NERC.pdf
2026-07-31T11:28:59.502905Z INFO  main Reading '50078' data
2026-07-31T11:28:59.529467Z INFO  main   Reading 'B/measured/NERC' data
2026-07-31T11:28:59.541682Z INFO  main     Reading C:\Users\lwilker\Documents\GitHub\SWERVE-data\data_original\nerc\2021-05-12\mag\2021E01_50078.csv
2026-07-31T11:29:04.892567Z INFO  main     Remove baseline then Resample to 1m aves and NaN pad or trim to start/stop.
2026-07-31T11:29:05.539436Z INFO  main     Writing C:\Users\lwilker\Documents\GitHub\SWERVE-data\data_processed\2021-05-12\sites\50078\data\B_measured_NERC.pkl
2026-07-31T11:29:05.985158Z INFO  main   Writing C:\Users\lwilker\Documents\GitHub\SWERVE-data\data_processed\2021-05-12\sites\50078\data\_all.pkl
2026-07-31T11:29:06.424003Z INFO  main Computing stats for '50078' data
2026-07-31T11:29:07.004013Z INFO  main   Uniq dts [ns] = [1000000000]
2026-07-31T11:29:07.004989Z INFO  main   Uniq dts [#]  = 1
2026-07-31T11:29:07.004989Z INFO  main   Stats for B/measured/NERC:
2026-07-31T11:29:07.006509Z INFO  main 
    std: : [50.448478359218576, 49.13707771299185, 49.32320819795512, 52.305036563377584]
    ave: : [-61.89165695180505, 58.77408427958572, -49.38902258390084, 97.51623601827264]
    min: : [-164.54583333333431, -33.67300000000043, -128.04533333333288, 4.280109054015344]
    max: : [29.11899999999902, 144.3816666666662, 22.628833333333752, 193.56522582338772]
    n: 1321
    n_valid: : [1321, 1321, 1321, 1321]
    dt_original: : [1000000000]
2026-07-31T11:29:07.009530Z INFO  main Plotting '50078' data
2026-07-31T11:29:07.025193Z INFO  main   Plotting '50078/B/measured/NERC' original vs. modified data
2026-07-31T11:29:15.563297Z INFO  main     Writing C:\Users\lwilker\Documents\GitHub\SWERVE-data\data_processed/2021-05-12/sites/50078/figures\original\B_measured_NERC.png
2026-07-31T11:29:17.101738Z INFO  main     Writing C:\Users\lwilker\Documents\GitHub\SWERVE-data\data_processed/2021-05-12/sites/50078/figures\original\B_measured_NERC.pdf
2026-07-31T11:29:18.083733Z INFO  main     Writing C:\Users\lwilker\Documents\GitHub\SWERVE-data\data_processed/2021-05-12/sites/50078/figures\original\B_measured_NERC.png
2026-07-31T11:29:19.704770Z INFO  main     Writing C:\Users\lwilker\Documents\GitHub\SWERVE-data\data_processed/2021-05-12/sites/50078/figures\original\B_measured_NERC.pdf
2026-07-31T11:29:20.833378Z INFO  main     Writing C:\Users\lwilker\Documents\GitHub\SWERVE-data\data_processed/2021-05-12/sites/50078/figures\original\B_measured_NERC.png
2026-07-31T11:29:22.558095Z INFO  main     Writing C:\Users\lwilker\Documents\GitHub\SWERVE-data\data_processed/2021-05-12/sites/50078/figures\original\B_measured_NERC.pdf
2026-07-31T11:29:23.167639Z INFO  main Reading '50112' data
2026-07-31T11:29:23.198656Z INFO  main   Reading 'B/measured/NERC' data
2026-07-31T11:29:23.210822Z INFO  main     Reading C:\Users\lwilker\Documents\GitHub\SWERVE-data\data_original\nerc\2021-05-12\mag\2021E01_50112.csv
2026-07-31T11:29:23.344854Z INFO  main     Remove baseline then Resample to 1m aves and NaN pad or trim to start/stop.
2026-07-31T11:29:23.402037Z INFO  main     Writing C:\Users\lwilker\Documents\GitHub\SWERVE-data\data_processed\2021-05-12\sites\50112\data\B_measured_NERC.pkl
2026-07-31T11:29:23.429527Z INFO  main   Writing C:\Users\lwilker\Documents\GitHub\SWERVE-data\data_processed\2021-05-12\sites\50112\data\_all.pkl
2026-07-31T11:29:23.446500Z INFO  main Computing stats for '50112' data
2026-07-31T11:29:23.459641Z INFO  main   Uniq dts [ns] = [60000000000]
2026-07-31T11:29:23.461154Z INFO  main   Uniq dts [#]  = 1
2026-07-31T11:29:23.461661Z INFO  main   Stats for B/measured/NERC:
2026-07-31T11:29:23.463673Z INFO  main 
    std: : [30.813164775757027, 24.020054235029143, 30.400543447160295, 22.81012663630034]
    ave: : [-18.367146101438305, 12.635124905374717, -10.530658591975776, 38.76997148662399]
    min: : [-121.0, -70.0, -95.0, 0.0]
    max: : [70.0, 82.0, 30.0, 121.80722474467596]
    n: 1321
    n_valid: : [1321, 1321, 1321, 1321]
    dt_original: : [60000000000]
2026-07-31T11:29:23.471797Z INFO  main Plotting '50112' data
2026-07-31T11:29:23.480912Z INFO  main   Plotting '50112/B/measured/NERC' original vs. modified data
2026-07-31T11:29:28.197756Z INFO  main     Writing C:\Users\lwilker\Documents\GitHub\SWERVE-data\data_processed/2021-05-12/sites/50112/figures\original\B_measured_NERC.png
2026-07-31T11:29:29.678584Z INFO  main     Writing C:\Users\lwilker\Documents\GitHub\SWERVE-data\data_processed/2021-05-12/sites/50112/figures\original\B_measured_NERC.pdf
2026-07-31T11:29:30.498633Z INFO  main     Writing C:\Users\lwilker\Documents\GitHub\SWERVE-data\data_processed/2021-05-12/sites/50112/figures\original\B_measured_NERC.png
2026-07-31T11:29:31.842859Z INFO  main     Writing C:\Users\lwilker\Documents\GitHub\SWERVE-data\data_processed/2021-05-12/sites/50112/figures\original\B_measured_NERC.pdf
2026-07-31T11:29:32.647417Z INFO  main     Writing C:\Users\lwilker\Documents\GitHub\SWERVE-data\data_processed/2021-05-12/sites/50112/figures\original\B_measured_NERC.png
2026-07-31T11:29:34.143841Z INFO  main     Writing C:\Users\lwilker\Documents\GitHub\SWERVE-data\data_processed/2021-05-12/sites/50112/figures\original\B_measured_NERC.pdf
2026-07-31T11:29:34.711696Z INFO  main Reading '50129' data
2026-07-31T11:29:34.740135Z INFO  main   Reading 'B/measured/NERC' data
2026-07-31T11:29:34.748685Z INFO  main     Reading C:\Users\lwilker\Documents\GitHub\SWERVE-data\data_original\nerc\2021-05-12\mag\2021E01_50129.csv
2026-07-31T11:29:34.867909Z INFO  main     Remove baseline then Resample to 1m aves and NaN pad or trim to start/stop.
2026-07-31T11:29:34.926667Z INFO  main     Writing C:\Users\lwilker\Documents\GitHub\SWERVE-data\data_processed\2021-05-12\sites\50129\data\B_measured_NERC.pkl
2026-07-31T11:29:34.987528Z INFO  main   Writing C:\Users\lwilker\Documents\GitHub\SWERVE-data\data_processed\2021-05-12\sites\50129\data\_all.pkl
2026-07-31T11:29:35.009803Z INFO  main Computing stats for '50129' data
2026-07-31T11:29:35.023937Z INFO  main   Uniq dts [ns] = [60000000000]
2026-07-31T11:29:35.024937Z INFO  main   Uniq dts [#]  = 1
2026-07-31T11:29:35.026469Z INFO  main   Stats for B/measured/NERC:
2026-07-31T11:29:35.029514Z INFO  main 
    std: : [26.596723317870744, 22.61875624085879, 14.949561295233492, 24.954533502821768]
    ave: : [-18.99121877365703, -4.570174110522157, -7.2278576835759365, 31.270080983212882]
    min: : [-127.10000000000218, -81.39999999999964, -37.30000000000291, 0.7071067811865476]
    max: : [41.79999999999927, 75.10000000000036, 24.299999999995634, 141.90144467199974]
    n: 1321
    n_valid: : [1321, 1321, 1321, 1321]
    dt_original: : [60000000000]
2026-07-31T11:29:35.037585Z INFO  main Plotting '50129' data
2026-07-31T11:29:35.046647Z INFO  main   Plotting '50129/B/measured/NERC' original vs. modified data
2026-07-31T11:29:40.187142Z INFO  main     Writing C:\Users\lwilker\Documents\GitHub\SWERVE-data\data_processed/2021-05-12/sites/50129/figures\original\B_measured_NERC.png
2026-07-31T11:29:41.469879Z INFO  main     Writing C:\Users\lwilker\Documents\GitHub\SWERVE-data\data_processed/2021-05-12/sites/50129/figures\original\B_measured_NERC.pdf
2026-07-31T11:29:42.209582Z INFO  main     Writing C:\Users\lwilker\Documents\GitHub\SWERVE-data\data_processed/2021-05-12/sites/50129/figures\original\B_measured_NERC.png
2026-07-31T11:29:43.607374Z INFO  main     Writing C:\Users\lwilker\Documents\GitHub\SWERVE-data\data_processed/2021-05-12/sites/50129/figures\original\B_measured_NERC.pdf
2026-07-31T11:29:44.409433Z INFO  main     Writing C:\Users\lwilker\Documents\GitHub\SWERVE-data\data_processed/2021-05-12/sites/50129/figures\original\B_measured_NERC.png
2026-07-31T11:29:45.745823Z INFO  main     Writing C:\Users\lwilker\Documents\GitHub\SWERVE-data\data_processed/2021-05-12/sites/50129/figures\original\B_measured_NERC.pdf
2026-07-31T11:29:46.236372Z INFO  main Reading '50130' data
2026-07-31T11:29:46.259105Z INFO  main   Reading 'B/measured/NERC' data
2026-07-31T11:29:46.273049Z INFO  main     Reading C:\Users\lwilker\Documents\GitHub\SWERVE-data\data_original\nerc\2021-05-12\mag\2021E01_50130.csv
2026-07-31T11:29:46.389464Z INFO  main     Remove baseline then Resample to 1m aves and NaN pad or trim to start/stop.
2026-07-31T11:29:46.433913Z INFO  main     Writing C:\Users\lwilker\Documents\GitHub\SWERVE-data\data_processed\2021-05-12\sites\50130\data\B_measured_NERC.pkl
2026-07-31T11:29:46.463755Z INFO  main   Writing C:\Users\lwilker\Documents\GitHub\SWERVE-data\data_processed\2021-05-12\sites\50130\data\_all.pkl
2026-07-31T11:29:46.480727Z INFO  main Computing stats for '50130' data
2026-07-31T11:29:46.492762Z INFO  main   Uniq dts [ns] = [60000000000]
2026-07-31T11:29:46.494764Z INFO  main   Uniq dts [#]  = 1
2026-07-31T11:29:46.495770Z INFO  main   Stats for B/measured/NERC:
2026-07-31T11:29:46.496767Z INFO  main 
    std: : [26.664367491148376, 29.769746157006306, 12.166052302491513, 24.281729514466367]
    ave: : [-20.75132475397568, -10.098183194549447, -8.13913701740782, 39.24556885327996]
    min: : [-131.70000000000073, -101.0, -43.5, 4.002499219238316]
    max: : [39.5, 88.10000000000036, 9.700000000004366, 153.21807987310186]
    n: 1321
    n_valid: : [1321, 1321, 1321, 1321]
    dt_original: : [60000000000]
2026-07-31T11:29:46.500765Z INFO  main Plotting '50130' data
2026-07-31T11:29:46.511874Z INFO  main   Plotting '50130/B/measured/NERC' original vs. modified data
2026-07-31T11:29:50.848340Z INFO  main     Writing C:\Users\lwilker\Documents\GitHub\SWERVE-data\data_processed/2021-05-12/sites/50130/figures\original\B_measured_NERC.png
2026-07-31T11:29:52.337186Z INFO  main     Writing C:\Users\lwilker\Documents\GitHub\SWERVE-data\data_processed/2021-05-12/sites/50130/figures\original\B_measured_NERC.pdf
2026-07-31T11:29:53.783998Z INFO  main     Writing C:\Users\lwilker\Documents\GitHub\SWERVE-data\data_processed/2021-05-12/sites/50130/figures\original\B_measured_NERC.png
2026-07-31T11:29:55.303696Z INFO  main     Writing C:\Users\lwilker\Documents\GitHub\SWERVE-data\data_processed/2021-05-12/sites/50130/figures\original\B_measured_NERC.pdf
2026-07-31T11:29:56.182175Z INFO  main     Writing C:\Users\lwilker\Documents\GitHub\SWERVE-data\data_processed/2021-05-12/sites/50130/figures\original\B_measured_NERC.png
2026-07-31T11:29:57.747692Z INFO  main     Writing C:\Users\lwilker\Documents\GitHub\SWERVE-data\data_processed/2021-05-12/sites/50130/figures\original\B_measured_NERC.pdf
2026-07-31T11:29:58.304049Z INFO  main Reading '50102' data
2026-07-31T11:29:58.346981Z INFO  main   Reading 'B/measured/NERC' data
2026-07-31T11:29:58.364723Z INFO  main     Reading C:\Users\lwilker\Documents\GitHub\SWERVE-data\data_original\nerc\2021-05-12\mag\2021E01_50102.csv
2026-07-31T11:30:03.303697Z INFO  main     Remove baseline then Resample to 1m aves and NaN pad or trim to start/stop.
2026-07-31T11:30:04.078339Z INFO  main     Writing C:\Users\lwilker\Documents\GitHub\SWERVE-data\data_processed\2021-05-12\sites\50102\data\B_measured_NERC.pkl
2026-07-31T11:30:04.548613Z INFO  main   Writing C:\Users\lwilker\Documents\GitHub\SWERVE-data\data_processed\2021-05-12\sites\50102\data\_all.pkl
2026-07-31T11:30:05.017906Z INFO  main Computing stats for '50102' data
2026-07-31T11:30:05.567581Z INFO  main   Uniq dts [ns] = [1000000000]
2026-07-31T11:30:05.567581Z INFO  main   Uniq dts [#]  = 1
2026-07-31T11:30:05.568585Z INFO  main   Stats for B/measured/NERC:
2026-07-31T11:30:05.569577Z INFO  main 
    std: : [30.267827136122985, 39.3972753453945, 16.60674924946355, 27.07815272785207]
    ave: : [-12.599782488015277, -14.87935036588486, -4.726141180923262, 46.00240905339732]
    min: : [-206.75050000000107, -106.03766666666708, -66.5298333333331, 0.48211066642448347]
    max: : [73.78299999999867, 72.03899999999955, 34.20933333333402, 208.00239060487698]
    n: 1321
    n_valid: : [1321, 1321, 1321, 1321]
    dt_original: : [1000000000]
2026-07-31T11:30:05.572621Z INFO  main Plotting '50102' data
2026-07-31T11:30:05.585342Z INFO  main   Plotting '50102/B/measured/NERC' original vs. modified data
2026-07-31T11:30:13.981629Z INFO  main     Writing C:\Users\lwilker\Documents\GitHub\SWERVE-data\data_processed/2021-05-12/sites/50102/figures\original\B_measured_NERC.png
2026-07-31T11:30:15.402812Z INFO  main     Writing C:\Users\lwilker\Documents\GitHub\SWERVE-data\data_processed/2021-05-12/sites/50102/figures\original\B_measured_NERC.pdf
2026-07-31T11:30:16.393941Z INFO  main     Writing C:\Users\lwilker\Documents\GitHub\SWERVE-data\data_processed/2021-05-12/sites/50102/figures\original\B_measured_NERC.png
2026-07-31T11:30:18.121752Z INFO  main     Writing C:\Users\lwilker\Documents\GitHub\SWERVE-data\data_processed/2021-05-12/sites/50102/figures\original\B_measured_NERC.pdf
2026-07-31T11:30:19.107351Z INFO  main     Writing C:\Users\lwilker\Documents\GitHub\SWERVE-data\data_processed/2021-05-12/sites/50102/figures\original\B_measured_NERC.png
2026-07-31T11:30:20.481985Z INFO  main     Writing C:\Users\lwilker\Documents\GitHub\SWERVE-data\data_processed/2021-05-12/sites/50102/figures\original\B_measured_NERC.pdf
2026-07-31T11:30:20.978171Z INFO  main Reading '50103' data
2026-07-31T11:30:20.998572Z INFO  main   Reading 'B/measured/NERC' data
2026-07-31T11:30:21.008658Z INFO  main     Reading C:\Users\lwilker\Documents\GitHub\SWERVE-data\data_original\nerc\2021-05-12\mag\2021E01_50103.csv
2026-07-31T11:30:25.371753Z INFO  main     Remove baseline then Resample to 1m aves and NaN pad or trim to start/stop.
2026-07-31T11:30:26.039617Z INFO  main     Writing C:\Users\lwilker\Documents\GitHub\SWERVE-data\data_processed\2021-05-12\sites\50103\data\B_measured_NERC.pkl
2026-07-31T11:30:26.495157Z INFO  main   Writing C:\Users\lwilker\Documents\GitHub\SWERVE-data\data_processed\2021-05-12\sites\50103\data\_all.pkl
2026-07-31T11:30:27.001686Z INFO  main Computing stats for '50103' data
2026-07-31T11:30:27.545004Z INFO  main   Uniq dts [ns] = [1000000000 3000000000]
2026-07-31T11:30:27.546534Z INFO  main   Uniq dts [#]  = 2
2026-07-31T11:30:27.546534Z INFO  main   Stats for B/measured/NERC:
2026-07-31T11:30:27.547567Z INFO  main 
    std: : [29.620877966488145, 25.862536349760695, 10.98531058311195, 16.459603782254735]
    ave: : [-18.010362125522, 0.5006124931478673, -3.370031024043674, 40.00793740046822]
    min: : [-100.92683333333207, -61.49416666666663, -44.755333333335635, 2.378009796851364]
    max: : [57.02433333333447, 100.39383333333338, 31.109833333330972, 113.87536945844154]
    n: 1321
    n_valid: : [1321, 1321, 1321, 1321]
    dt_original: : [1000000000, 3000000000]
2026-07-31T11:30:27.551084Z INFO  main Plotting '50103' data
2026-07-31T11:30:27.566809Z INFO  main   Plotting '50103/B/measured/NERC' original vs. modified data
2026-07-31T11:30:35.133739Z INFO  main     Writing C:\Users\lwilker\Documents\GitHub\SWERVE-data\data_processed/2021-05-12/sites/50103/figures\original\B_measured_NERC.png
2026-07-31T11:30:36.527730Z INFO  main     Writing C:\Users\lwilker\Documents\GitHub\SWERVE-data\data_processed/2021-05-12/sites/50103/figures\original\B_measured_NERC.pdf
2026-07-31T11:30:37.438565Z INFO  main     Writing C:\Users\lwilker\Documents\GitHub\SWERVE-data\data_processed/2021-05-12/sites/50103/figures\original\B_measured_NERC.png
2026-07-31T11:30:38.958379Z INFO  main     Writing C:\Users\lwilker\Documents\GitHub\SWERVE-data\data_processed/2021-05-12/sites/50103/figures\original\B_measured_NERC.pdf
2026-07-31T11:30:40.298942Z INFO  main     Writing C:\Users\lwilker\Documents\GitHub\SWERVE-data\data_processed/2021-05-12/sites/50103/figures\original\B_measured_NERC.png
2026-07-31T11:30:41.592831Z INFO  main     Writing C:\Users\lwilker\Documents\GitHub\SWERVE-data\data_processed/2021-05-12/sites/50103/figures\original\B_measured_NERC.pdf
2026-07-31T11:30:42.104852Z INFO  main Reading '50105' data
2026-07-31T11:30:42.128762Z INFO  main   Reading 'B/measured/NERC' data
2026-07-31T11:30:42.139083Z INFO  main     Reading C:\Users\lwilker\Documents\GitHub\SWERVE-data\data_original\nerc\2021-05-12\mag\2021E01_50105.csv
2026-07-31T11:30:46.569572Z INFO  main     Remove baseline then Resample to 1m aves and NaN pad or trim to start/stop.
2026-07-31T11:30:47.253727Z INFO  main     Writing C:\Users\lwilker\Documents\GitHub\SWERVE-data\data_processed\2021-05-12\sites\50105\data\B_measured_NERC.pkl
2026-07-31T11:30:47.763987Z INFO  main   Writing C:\Users\lwilker\Documents\GitHub\SWERVE-data\data_processed\2021-05-12\sites\50105\data\_all.pkl
2026-07-31T11:30:48.229339Z INFO  main Computing stats for '50105' data
2026-07-31T11:30:48.752070Z INFO  main   Uniq dts [ns] = [1000000000]
2026-07-31T11:30:48.753078Z INFO  main   Uniq dts [#]  = 1
2026-07-31T11:30:48.754080Z INFO  main   Stats for B/measured/NERC:
2026-07-31T11:30:48.754080Z INFO  main 
    std: : [28.75123459456735, 27.908435888648103, 10.675700366299644, 16.4809823882132]
    ave: : [-20.416589326267818, -1.7640847842544345, -0.5211267978800999, 41.88655909682872]
    min: : [-106.97499999999975, -68.1605000000001, -36.98716666666587, 2.2507951409050224]
    max: : [53.947166666666575, 94.94566666666658, 21.74266666666675, 117.78708412400827]
    n: 1321
    n_valid: : [1321, 1321, 1321, 1321]
    dt_original: : [1000000000]
2026-07-31T11:30:48.757290Z INFO  main Plotting '50105' data
2026-07-31T11:30:48.769605Z INFO  main   Plotting '50105/B/measured/NERC' original vs. modified data
2026-07-31T11:30:56.524809Z INFO  main     Writing C:\Users\lwilker\Documents\GitHub\SWERVE-data\data_processed/2021-05-12/sites/50105/figures\original\B_measured_NERC.png
2026-07-31T11:30:57.889485Z INFO  main     Writing C:\Users\lwilker\Documents\GitHub\SWERVE-data\data_processed/2021-05-12/sites/50105/figures\original\B_measured_NERC.pdf
2026-07-31T11:30:58.982763Z INFO  main     Writing C:\Users\lwilker\Documents\GitHub\SWERVE-data\data_processed/2021-05-12/sites/50105/figures\original\B_measured_NERC.png
2026-07-31T11:31:00.636267Z INFO  main     Writing C:\Users\lwilker\Documents\GitHub\SWERVE-data\data_processed/2021-05-12/sites/50105/figures\original\B_measured_NERC.pdf
2026-07-31T11:31:02.317842Z INFO  main     Writing C:\Users\lwilker\Documents\GitHub\SWERVE-data\data_processed/2021-05-12/sites/50105/figures\original\B_measured_NERC.png
2026-07-31T11:31:03.705168Z INFO  main     Writing C:\Users\lwilker\Documents\GitHub\SWERVE-data\data_processed/2021-05-12/sites/50105/figures\original\B_measured_NERC.pdf
2026-07-31T11:31:04.195163Z INFO  main Reading '50106' data
2026-07-31T11:31:04.216404Z INFO  main   Reading 'B/measured/NERC' data
2026-07-31T11:31:04.226689Z INFO  main     Reading C:\Users\lwilker\Documents\GitHub\SWERVE-data\data_original\nerc\2021-05-12\mag\2021E01_50106.csv
2026-07-31T11:31:09.387310Z INFO  main     Remove baseline then Resample to 1m aves and NaN pad or trim to start/stop.
2026-07-31T11:31:10.144963Z INFO  main     Writing C:\Users\lwilker\Documents\GitHub\SWERVE-data\data_processed\2021-05-12\sites\50106\data\B_measured_NERC.pkl
2026-07-31T11:31:10.633918Z INFO  main   Writing C:\Users\lwilker\Documents\GitHub\SWERVE-data\data_processed\2021-05-12\sites\50106\data\_all.pkl
2026-07-31T11:31:11.138499Z INFO  main Computing stats for '50106' data
2026-07-31T11:31:11.653957Z INFO  main   Uniq dts [ns] = [1000000000]
2026-07-31T11:31:11.654956Z INFO  main   Uniq dts [#]  = 1
2026-07-31T11:31:11.654956Z INFO  main   Stats for B/measured/NERC:
2026-07-31T11:31:11.656488Z INFO  main 
    std: : [30.42022603495592, 26.814279209951355, 10.203540417492109, 18.066820568430778]
    ave: : [-19.233758263943074, 0.6351530406258267, -2.3388128942746365, 41.09675648266351]
    min: : [-109.22150000000147, -70.02233333333326, -33.923666666669064, 0.9296798558735163]
    max: : [49.564166666664825, 102.05416666666673, 17.55683333333036, 117.94556207922935]
    n: 1321
    n_valid: : [1321, 1321, 1321, 1321]
    dt_original: : [1000000000]
2026-07-31T11:31:11.659505Z INFO  main Plotting '50106' data
2026-07-31T11:31:11.668509Z INFO  main   Plotting '50106/B/measured/NERC' original vs. modified data
2026-07-31T11:31:19.370966Z INFO  main     Writing C:\Users\lwilker\Documents\GitHub\SWERVE-data\data_processed/2021-05-12/sites/50106/figures\original\B_measured_NERC.png
2026-07-31T11:31:20.698665Z INFO  main     Writing C:\Users\lwilker\Documents\GitHub\SWERVE-data\data_processed/2021-05-12/sites/50106/figures\original\B_measured_NERC.pdf
2026-07-31T11:31:21.690956Z INFO  main     Writing C:\Users\lwilker\Documents\GitHub\SWERVE-data\data_processed/2021-05-12/sites/50106/figures\original\B_measured_NERC.png
2026-07-31T11:31:23.227502Z INFO  main     Writing C:\Users\lwilker\Documents\GitHub\SWERVE-data\data_processed/2021-05-12/sites/50106/figures\original\B_measured_NERC.pdf
2026-07-31T11:31:24.721717Z INFO  main     Writing C:\Users\lwilker\Documents\GitHub\SWERVE-data\data_processed/2021-05-12/sites/50106/figures\original\B_measured_NERC.png
2026-07-31T11:31:26.052817Z INFO  main     Writing C:\Users\lwilker\Documents\GitHub\SWERVE-data\data_processed/2021-05-12/sites/50106/figures\original\B_measured_NERC.pdf
2026-07-31T11:31:26.565233Z INFO  main Reading '50109' data
2026-07-31T11:31:26.589420Z INFO  main   Reading 'B/measured/NERC' data
2026-07-31T11:31:26.600871Z INFO  main     Reading C:\Users\lwilker\Documents\GitHub\SWERVE-data\data_original\nerc\2021-05-12\mag\2021E01_50109.csv
2026-07-31T11:31:30.951583Z INFO  main     Remove baseline then Resample to 1m aves and NaN pad or trim to start/stop.
2026-07-31T11:31:31.620890Z INFO  main     Writing C:\Users\lwilker\Documents\GitHub\SWERVE-data\data_processed\2021-05-12\sites\50109\data\B_measured_NERC.pkl
2026-07-31T11:31:32.202695Z INFO  main   Writing C:\Users\lwilker\Documents\GitHub\SWERVE-data\data_processed\2021-05-12\sites\50109\data\_all.pkl
2026-07-31T11:31:32.749532Z INFO  main Computing stats for '50109' data
2026-07-31T11:31:33.264844Z INFO  main   Uniq dts [ns] = [1000000000]
2026-07-31T11:31:33.264844Z INFO  main   Uniq dts [#]  = 1
2026-07-31T11:31:33.266383Z INFO  main   Stats for B/measured/NERC:
2026-07-31T11:31:33.267425Z INFO  main 
    std: : [30.62860723217714, 33.666334007937834, 11.654060763921521, 21.955636394109224]
    ave: : [-19.130630078224304, -3.1390150138785384, -2.1078619732534793, 44.34509284567006]
    min: : [-119.7170000000005, -100.7578333333335, -49.665833333334255, 0.6029445849460217]
    max: : [64.17183333333263, 136.7201666666665, 36.933333333332364, 168.67514088295076]
    n: 1321
    n_valid: : [1321, 1321, 1321, 1321]
    dt_original: : [1000000000]
2026-07-31T11:31:33.269414Z INFO  main Plotting '50109' data
2026-07-31T11:31:33.279528Z INFO  main   Plotting '50109/B/measured/NERC' original vs. modified data
2026-07-31T11:31:40.703922Z INFO  main     Writing C:\Users\lwilker\Documents\GitHub\SWERVE-data\data_processed/2021-05-12/sites/50109/figures\original\B_measured_NERC.png
2026-07-31T11:31:42.014934Z INFO  main     Writing C:\Users\lwilker\Documents\GitHub\SWERVE-data\data_processed/2021-05-12/sites/50109/figures\original\B_measured_NERC.pdf
2026-07-31T11:31:42.989499Z INFO  main     Writing C:\Users\lwilker\Documents\GitHub\SWERVE-data\data_processed/2021-05-12/sites/50109/figures\original\B_measured_NERC.png
2026-07-31T11:31:44.489416Z INFO  main     Writing C:\Users\lwilker\Documents\GitHub\SWERVE-data\data_processed/2021-05-12/sites/50109/figures\original\B_measured_NERC.pdf
2026-07-31T11:31:45.558448Z INFO  main     Writing C:\Users\lwilker\Documents\GitHub\SWERVE-data\data_processed/2021-05-12/sites/50109/figures\original\B_measured_NERC.png
2026-07-31T11:31:47.329088Z INFO  main     Writing C:\Users\lwilker\Documents\GitHub\SWERVE-data\data_processed/2021-05-12/sites/50109/figures\original\B_measured_NERC.pdf
2026-07-31T11:31:47.840949Z INFO  main Reading '50115' data
2026-07-31T11:31:47.868704Z INFO  main   Reading 'B/measured/NERC' data
2026-07-31T11:31:47.879195Z INFO  main     Reading C:\Users\lwilker\Documents\GitHub\SWERVE-data\data_original\nerc\2021-05-12\mag\2021E01_50115.csv
2026-07-31T11:31:52.251750Z INFO  main     Remove baseline then Resample to 1m aves and NaN pad or trim to start/stop.
2026-07-31T11:31:52.962299Z INFO  main     Writing C:\Users\lwilker\Documents\GitHub\SWERVE-data\data_processed\2021-05-12\sites\50115\data\B_measured_NERC.pkl
2026-07-31T11:31:53.538676Z INFO  main   Writing C:\Users\lwilker\Documents\GitHub\SWERVE-data\data_processed\2021-05-12\sites\50115\data\_all.pkl
2026-07-31T11:31:54.087016Z INFO  main Computing stats for '50115' data
2026-07-31T11:31:54.590914Z INFO  main   Uniq dts [ns] = [1000000000 2000000000]
2026-07-31T11:31:54.591924Z INFO  main   Uniq dts [#]  = 2
2026-07-31T11:31:54.592937Z INFO  main   Stats for B/measured/NERC:
2026-07-31T11:31:54.594127Z INFO  main 
    std: : [36.991705523849014, 33.25480892773675, 45.42985244570365, 35.475608805498396]
    ave: : [-61.27732438830546, 18.773287434189967, 8.138972320233352, 72.97416314748315]
    min: : [-172.52666666666858, -63.54233333333334, -70.56083333333312, 6.4250819630743425]
    max: : [21.114666666664984, 79.89216666666667, 81.89149999999985, 180.64174855173573]
    n: 1321
    n_valid: : [1321, 1321, 1321, 1321]
    dt_original: : [1000000000, 2000000000]
2026-07-31T11:31:54.596677Z INFO  main Plotting '50115' data
2026-07-31T11:31:54.606548Z INFO  main   Plotting '50115/B/measured/NERC' original vs. modified data
2026-07-31T11:32:02.699478Z INFO  main     Writing C:\Users\lwilker\Documents\GitHub\SWERVE-data\data_processed/2021-05-12/sites/50115/figures\original\B_measured_NERC.png
2026-07-31T11:32:04.133806Z INFO  main     Writing C:\Users\lwilker\Documents\GitHub\SWERVE-data\data_processed/2021-05-12/sites/50115/figures\original\B_measured_NERC.pdf
2026-07-31T11:32:05.249459Z INFO  main     Writing C:\Users\lwilker\Documents\GitHub\SWERVE-data\data_processed/2021-05-12/sites/50115/figures\original\B_measured_NERC.png
2026-07-31T11:32:07.156661Z INFO  main     Writing C:\Users\lwilker\Documents\GitHub\SWERVE-data\data_processed/2021-05-12/sites/50115/figures\original\B_measured_NERC.pdf
2026-07-31T11:32:08.171671Z INFO  main     Writing C:\Users\lwilker\Documents\GitHub\SWERVE-data\data_processed/2021-05-12/sites/50115/figures\original\B_measured_NERC.png
2026-07-31T11:32:09.516271Z INFO  main     Writing C:\Users\lwilker\Documents\GitHub\SWERVE-data\data_processed/2021-05-12/sites/50115/figures\original\B_measured_NERC.pdf
2026-07-31T11:32:10.012878Z INFO  main Reading '50116' data
2026-07-31T11:32:10.034815Z INFO  main   Reading 'B/measured/NERC' data
2026-07-31T11:32:10.042570Z INFO  main     Reading C:\Users\lwilker\Documents\GitHub\SWERVE-data\data_original\nerc\2021-05-12\mag\2021E01_50116.csv
2026-07-31T11:32:14.938532Z INFO  main     Remove baseline then Resample to 1m aves and NaN pad or trim to start/stop.
2026-07-31T11:32:15.641668Z INFO  main     Writing C:\Users\lwilker\Documents\GitHub\SWERVE-data\data_processed\2021-05-12\sites\50116\data\B_measured_NERC.pkl
2026-07-31T11:32:16.216660Z INFO  main   Writing C:\Users\lwilker\Documents\GitHub\SWERVE-data\data_processed\2021-05-12\sites\50116\data\_all.pkl
2026-07-31T11:32:16.764849Z INFO  main Computing stats for '50116' data
2026-07-31T11:32:17.290108Z INFO  main   Uniq dts [ns] = [1000000000]
2026-07-31T11:32:17.290108Z INFO  main   Uniq dts [#]  = 1
2026-07-31T11:32:17.291618Z INFO  main   Stats for B/measured/NERC:
2026-07-31T11:32:17.293641Z INFO  main 
    std: : [25.69307729158447, 31.032630749546914, 17.23506419151842, 17.992743672440103]
    ave: : [-20.370655563967276, -6.236213600807286, -10.469048952811207, 41.879970704814596]
    min: : [-113.8978333333338, -62.192333333333096, -42.11866666666392, 7.325089301354333]
    max: : [38.01066666666605, 84.37866666666687, 22.204833333335653, 128.17395456056346]
    n: 1321
    n_valid: : [1321, 1321, 1321, 1321]
    dt_original: : [1000000000]
2026-07-31T11:32:17.295176Z INFO  main Plotting '50116' data
2026-07-31T11:32:17.307846Z INFO  main   Plotting '50116/B/measured/NERC' original vs. modified data
2026-07-31T11:32:25.491030Z INFO  main     Writing C:\Users\lwilker\Documents\GitHub\SWERVE-data\data_processed/2021-05-12/sites/50116/figures\original\B_measured_NERC.png
2026-07-31T11:32:26.821809Z INFO  main     Writing C:\Users\lwilker\Documents\GitHub\SWERVE-data\data_processed/2021-05-12/sites/50116/figures\original\B_measured_NERC.pdf
2026-07-31T11:32:27.855070Z INFO  main     Writing C:\Users\lwilker\Documents\GitHub\SWERVE-data\data_processed/2021-05-12/sites/50116/figures\original\B_measured_NERC.png
2026-07-31T11:32:29.362689Z INFO  main     Writing C:\Users\lwilker\Documents\GitHub\SWERVE-data\data_processed/2021-05-12/sites/50116/figures\original\B_measured_NERC.pdf
2026-07-31T11:32:30.390160Z INFO  main     Writing C:\Users\lwilker\Documents\GitHub\SWERVE-data\data_processed/2021-05-12/sites/50116/figures\original\B_measured_NERC.png
2026-07-31T11:32:31.767023Z INFO  main     Writing C:\Users\lwilker\Documents\GitHub\SWERVE-data\data_processed/2021-05-12/sites/50116/figures\original\B_measured_NERC.pdf
2026-07-31T11:32:32.251030Z INFO  main Reading '50119' data
2026-07-31T11:32:32.272952Z INFO  main   Reading 'B/measured/NERC' data
2026-07-31T11:32:32.285243Z INFO  main     Reading C:\Users\lwilker\Documents\GitHub\SWERVE-data\data_original\nerc\2021-05-12\mag\2021E01_50119.csv
2026-07-31T11:32:37.216834Z INFO  main     Remove baseline then Resample to 1m aves and NaN pad or trim to start/stop.
2026-07-31T11:32:37.902057Z INFO  main     Writing C:\Users\lwilker\Documents\GitHub\SWERVE-data\data_processed\2021-05-12\sites\50119\data\B_measured_NERC.pkl
2026-07-31T11:32:38.466524Z INFO  main   Writing C:\Users\lwilker\Documents\GitHub\SWERVE-data\data_processed\2021-05-12\sites\50119\data\_all.pkl
2026-07-31T11:32:39.037679Z INFO  main Computing stats for '50119' data
2026-07-31T11:32:39.596384Z INFO  main   Uniq dts [ns] = [1000000000]
2026-07-31T11:32:39.597418Z INFO  main   Uniq dts [#]  = 1
2026-07-31T11:32:39.598421Z INFO  main   Stats for B/measured/NERC:
2026-07-31T11:32:39.599418Z INFO  main 
    std: : [29.06566590129273, 39.89468785060104, 20.974859465850297, 26.393700816708225]
    ave: : [-27.441473504921984, 6.984612667171225, -13.549825889477358, 50.42195145071587]
    min: : [-119.30350000000156, -68.32750000000011, -84.0639999999997, 6.418829476718838]
    max: : [52.32099999999864, 167.42316666666656, 23.788166666667287, 196.400598412754]
    n: 1321
    n_valid: : [1321, 1321, 1321, 1321]
    dt_original: : [1000000000]
2026-07-31T11:32:39.603003Z INFO  main Plotting '50119' data
2026-07-31T11:32:39.613680Z INFO  main   Plotting '50119/B/measured/NERC' original vs. modified data
2026-07-31T11:32:47.561978Z INFO  main     Writing C:\Users\lwilker\Documents\GitHub\SWERVE-data\data_processed/2021-05-12/sites/50119/figures\original\B_measured_NERC.png
2026-07-31T11:32:48.916620Z INFO  main     Writing C:\Users\lwilker\Documents\GitHub\SWERVE-data\data_processed/2021-05-12/sites/50119/figures\original\B_measured_NERC.pdf
2026-07-31T11:32:49.914222Z INFO  main     Writing C:\Users\lwilker\Documents\GitHub\SWERVE-data\data_processed/2021-05-12/sites/50119/figures\original\B_measured_NERC.png
2026-07-31T11:32:51.632019Z INFO  main     Writing C:\Users\lwilker\Documents\GitHub\SWERVE-data\data_processed/2021-05-12/sites/50119/figures\original\B_measured_NERC.pdf
2026-07-31T11:32:52.732727Z INFO  main     Writing C:\Users\lwilker\Documents\GitHub\SWERVE-data\data_processed/2021-05-12/sites/50119/figures\original\B_measured_NERC.png
2026-07-31T11:32:54.077280Z INFO  main     Writing C:\Users\lwilker\Documents\GitHub\SWERVE-data\data_processed/2021-05-12/sites/50119/figures\original\B_measured_NERC.pdf
2026-07-31T11:32:54.543655Z INFO  main Reading '50120' data
2026-07-31T11:32:54.568405Z INFO  main   Reading 'B/measured/NERC' data
2026-07-31T11:32:54.579611Z INFO  main     Reading C:\Users\lwilker\Documents\GitHub\SWERVE-data\data_original\nerc\2021-05-12\mag\2021E01_50120.csv
2026-07-31T11:32:59.228931Z INFO  main     Remove baseline then Resample to 1m aves and NaN pad or trim to start/stop.
2026-07-31T11:32:59.920875Z INFO  main     Writing C:\Users\lwilker\Documents\GitHub\SWERVE-data\data_processed\2021-05-12\sites\50120\data\B_measured_NERC.pkl
2026-07-31T11:33:00.718337Z INFO  main   Writing C:\Users\lwilker\Documents\GitHub\SWERVE-data\data_processed\2021-05-12\sites\50120\data\_all.pkl
2026-07-31T11:33:01.239705Z INFO  main Computing stats for '50120' data
2026-07-31T11:33:01.775303Z INFO  main   Uniq dts [ns] = [1000000000 2000000000]
2026-07-31T11:33:01.775303Z INFO  main   Uniq dts [#]  = 2
2026-07-31T11:33:01.776840Z INFO  main   Stats for B/measured/NERC:
2026-07-31T11:33:01.777881Z INFO  main 
    std: : [24.94699177993314, 42.75446721557669, 20.27435326197573, 19.01408197608097]
    ave: : [-15.612037219277315, -2.930396669190061, -5.007233661368242, 48.390106641512325]
    min: : [-99.12533333333225, -62.238333333333365, -47.452666666667454, 6.643129307343002]
    max: : [34.470500000001024, 117.95716666666664, 29.842666666666386, 135.59732498969407]
    n: 1321
    n_valid: : [1321, 1321, 1321, 1321]
    dt_original: : [1000000000, 2000000000]
2026-07-31T11:33:01.780878Z INFO  main Plotting '50120' data
2026-07-31T11:33:01.792025Z INFO  main   Plotting '50120/B/measured/NERC' original vs. modified data
2026-07-31T11:33:09.750916Z INFO  main     Writing C:\Users\lwilker\Documents\GitHub\SWERVE-data\data_processed/2021-05-12/sites/50120/figures\original\B_measured_NERC.png
2026-07-31T11:33:11.096669Z INFO  main     Writing C:\Users\lwilker\Documents\GitHub\SWERVE-data\data_processed/2021-05-12/sites/50120/figures\original\B_measured_NERC.pdf
2026-07-31T11:33:12.135071Z INFO  main     Writing C:\Users\lwilker\Documents\GitHub\SWERVE-data\data_processed/2021-05-12/sites/50120/figures\original\B_measured_NERC.png
2026-07-31T11:33:13.748631Z INFO  main     Writing C:\Users\lwilker\Documents\GitHub\SWERVE-data\data_processed/2021-05-12/sites/50120/figures\original\B_measured_NERC.pdf
2026-07-31T11:33:14.821999Z INFO  main     Writing C:\Users\lwilker\Documents\GitHub\SWERVE-data\data_processed/2021-05-12/sites/50120/figures\original\B_measured_NERC.png
2026-07-31T11:33:16.114774Z INFO  main     Writing C:\Users\lwilker\Documents\GitHub\SWERVE-data\data_processed/2021-05-12/sites/50120/figures\original\B_measured_NERC.pdf
2026-07-31T11:33:16.603048Z INFO  main Reading '50121' data
2026-07-31T11:33:16.623629Z INFO  main   Reading 'B/measured/NERC' data
2026-07-31T11:33:16.633952Z INFO  main     Reading C:\Users\lwilker\Documents\GitHub\SWERVE-data\data_original\nerc\2021-05-12\mag\2021E01_50121.csv
2026-07-31T11:33:21.522072Z INFO  main     Remove baseline then Resample to 1m aves and NaN pad or trim to start/stop.
2026-07-31T11:33:22.213533Z INFO  main     Writing C:\Users\lwilker\Documents\GitHub\SWERVE-data\data_processed\2021-05-12\sites\50121\data\B_measured_NERC.pkl
2026-07-31T11:33:22.791606Z INFO  main   Writing C:\Users\lwilker\Documents\GitHub\SWERVE-data\data_processed\2021-05-12\sites\50121\data\_all.pkl
2026-07-31T11:33:23.305176Z INFO  main Computing stats for '50121' data
2026-07-31T11:33:23.822995Z INFO  main   Uniq dts [ns] = [1000000000 3000000000]
2026-07-31T11:33:23.823994Z INFO  main   Uniq dts [#]  = 2
2026-07-31T11:33:23.824999Z INFO  main   Stats for B/measured/NERC:
2026-07-31T11:33:23.824999Z INFO  main 
    std: : [30.317478071910777, 23.908121345934408, 10.040466422361511, 15.970563779551526]
    ave: : [-18.059969554587255, 2.0754345149529807, -2.646907380337372, 39.5829806645137]
    min: : [-100.88200000000052, -58.26766666666666, -32.85016666666682, 2.7622963138829117]
    max: : [51.58349999999967, 93.31116666666667, 15.516333333333144, 108.8758118261313]
    n: 1321
    n_valid: : [1321, 1321, 1321, 1321]
    dt_original: : [1000000000, 3000000000]
2026-07-31T11:33:23.828529Z INFO  main Plotting '50121' data
2026-07-31T11:33:23.839939Z INFO  main   Plotting '50121/B/measured/NERC' original vs. modified data
2026-07-31T11:33:31.566508Z INFO  main     Writing C:\Users\lwilker\Documents\GitHub\SWERVE-data\data_processed/2021-05-12/sites/50121/figures\original\B_measured_NERC.png
2026-07-31T11:33:32.866591Z INFO  main     Writing C:\Users\lwilker\Documents\GitHub\SWERVE-data\data_processed/2021-05-12/sites/50121/figures\original\B_measured_NERC.pdf
2026-07-31T11:33:33.857842Z INFO  main     Writing C:\Users\lwilker\Documents\GitHub\SWERVE-data\data_processed/2021-05-12/sites/50121/figures\original\B_measured_NERC.png
2026-07-31T11:33:35.413267Z INFO  main     Writing C:\Users\lwilker\Documents\GitHub\SWERVE-data\data_processed/2021-05-12/sites/50121/figures\original\B_measured_NERC.pdf
2026-07-31T11:33:36.428571Z INFO  main     Writing C:\Users\lwilker\Documents\GitHub\SWERVE-data\data_processed/2021-05-12/sites/50121/figures\original\B_measured_NERC.png
2026-07-31T11:33:37.784920Z INFO  main     Writing C:\Users\lwilker\Documents\GitHub\SWERVE-data\data_processed/2021-05-12/sites/50121/figures\original\B_measured_NERC.pdf
2026-07-31T11:33:38.276610Z INFO  main Reading '50123' data
2026-07-31T11:33:38.298585Z INFO  main   Reading 'B/measured/NERC' data
2026-07-31T11:33:38.311814Z INFO  main     Reading C:\Users\lwilker\Documents\GitHub\SWERVE-data\data_original\nerc\2021-05-12\mag\2021E01_50123.csv
2026-07-31T11:33:43.347668Z INFO  main     Remove baseline then Resample to 1m aves and NaN pad or trim to start/stop.
2026-07-31T11:33:44.049649Z INFO  main     Writing C:\Users\lwilker\Documents\GitHub\SWERVE-data\data_processed\2021-05-12\sites\50123\data\B_measured_NERC.pkl
2026-07-31T11:33:44.621073Z INFO  main   Writing C:\Users\lwilker\Documents\GitHub\SWERVE-data\data_processed\2021-05-12\sites\50123\data\_all.pkl
2026-07-31T11:33:45.175116Z INFO  main Computing stats for '50123' data
2026-07-31T11:33:45.726292Z INFO  main   Uniq dts [ns] = [1000000000]
2026-07-31T11:33:45.726804Z INFO  main   Uniq dts [#]  = 1
2026-07-31T11:33:45.727822Z INFO  main   Stats for B/measured/NERC:
2026-07-31T11:33:45.728823Z INFO  main 
    std: : [31.735555253520847, 27.43676124719393, 16.894665809217738, 18.760698156935273]
    ave: : [-19.96439629069046, -1.2697258390109705, -3.9991110269982886, 42.52755780372751]
    min: : [-90.86983333333488, -49.18133333333347, -51.97133333333247, 1.5277104829412342]
    max: : [62.613833333331606, 114.06033333333322, 36.65100000000154, 142.08863782868983]
    n: 1321
    n_valid: : [1321, 1321, 1321, 1321]
    dt_original: : [1000000000]
2026-07-31T11:33:45.732924Z INFO  main Plotting '50123' data
2026-07-31T11:33:45.743052Z INFO  main   Plotting '50123/B/measured/NERC' original vs. modified data
2026-07-31T11:33:53.694950Z INFO  main     Writing C:\Users\lwilker\Documents\GitHub\SWERVE-data\data_processed/2021-05-12/sites/50123/figures\original\B_measured_NERC.png
2026-07-31T11:33:55.030842Z INFO  main     Writing C:\Users\lwilker\Documents\GitHub\SWERVE-data\data_processed/2021-05-12/sites/50123/figures\original\B_measured_NERC.pdf
2026-07-31T11:33:55.986541Z INFO  main     Writing C:\Users\lwilker\Documents\GitHub\SWERVE-data\data_processed/2021-05-12/sites/50123/figures\original\B_measured_NERC.png
2026-07-31T11:33:57.439658Z INFO  main     Writing C:\Users\lwilker\Documents\GitHub\SWERVE-data\data_processed/2021-05-12/sites/50123/figures\original\B_measured_NERC.pdf
2026-07-31T11:33:58.445947Z INFO  main     Writing C:\Users\lwilker\Documents\GitHub\SWERVE-data\data_processed/2021-05-12/sites/50123/figures\original\B_measured_NERC.png
2026-07-31T11:33:59.924963Z INFO  main     Writing C:\Users\lwilker\Documents\GitHub\SWERVE-data\data_processed/2021-05-12/sites/50123/figures\original\B_measured_NERC.pdf
2026-07-31T11:34:00.537908Z INFO  main   Adding error for site '10052', GIC/'measured/NERC: Low signal: all GIC values within +/- 4 A;
Excessive pre-storm noise: std before (0.0852 A) > 1/4 * std after (0.1497 A);
Data is constant for at least 5 minutes starting at time 2021-05-12 06:27:27
2026-07-31T11:34:00.557631Z INFO  main   Adding error for site '10064', GIC/'measured/NERC: All GIC values are positive;
All GIC values are negative;
Low signal: all GIC values within +/- 4 A;
Data is constant for at least 5 minutes starting at time 2021-05-12 06:00:00
2026-07-31T11:34:00.565194Z INFO  main   Adding error for site '10065', GIC/'measured/NERC: Low signal: all GIC values within +/- 4 A;
Data is constant for at least 5 minutes starting at time 2021-05-12 06:04:10
2026-07-31T11:34:00.573270Z INFO  main   Adding error for site '10066', GIC/'measured/NERC: Low signal: all GIC values within +/- 4 A;
Excessive pre-storm noise: std before (0.3806 A) > 1/4 * std after (0.4710 A);
Data is constant for at least 5 minutes starting at time 2021-05-12 23:05:20
2026-07-31T11:34:00.576799Z INFO  main   Adding error for site '10067', GIC/'measured/NERC: All GIC values are negative;
Data is constant for at least 5 minutes starting at time 2021-05-12 06:00:00
2026-07-31T11:34:00.579816Z INFO  main   Adding error for site '10068', GIC/'measured/NERC: All GIC values are negative;
Low signal: all GIC values within +/- 4 A;
Excessive pre-storm noise: std before (0.1064 A) > 1/4 * std after (0.2809 A);
Data is constant for at least 5 minutes starting at time 2021-05-12 06:03:30
2026-07-31T11:34:00.584861Z INFO  main   Adding error for site '10069', GIC/'measured/NERC: Low signal: all GIC values within +/- 4 A;
Excessive pre-storm noise: std before (0.1002 A) > 1/4 * std after (0.1175 A);
Data is constant for at least 5 minutes starting at time 2021-05-12 06:56:10
2026-07-31T11:34:00.590899Z INFO  main   Adding error for site '10071', GIC/'measured/NERC: Excessive pre-storm noise: std before (0.9167 A) > 1/4 * std after (1.0014 A)
2026-07-31T11:34:00.594929Z INFO  main   Adding error for site '10072', GIC/'measured/NERC: Low signal: all GIC values within +/- 4 A;
Excessive pre-storm noise: std before (0.0996 A) > 1/4 * std after (0.3476 A);
Data is constant for at least 5 minutes starting at time 2021-05-12 08:04:30
2026-07-31T11:34:00.598973Z INFO  main   Adding error for site '10073', GIC/'measured/NERC: Excessive pre-storm noise: std before (0.8732 A) > 1/4 * std after (1.0255 A);
Data is constant for at least 5 minutes starting at time 2021-05-12 08:03:20
2026-07-31T11:34:00.601994Z INFO  main   Adding error for site '10074', GIC/'measured/NERC: Excessive pre-storm noise: std before (0.2054 A) > 1/4 * std after (0.5995 A);
Data is constant for at least 5 minutes starting at time 2021-05-12 06:04:50
2026-07-31T11:34:00.608731Z INFO  main   Adding error for site '10075', GIC/'measured/NERC: Excessive pre-storm noise: std before (1.2713 A) > 1/4 * std after (1.0802 A);
Data is constant for at least 5 minutes starting at time 2021-05-12 07:33:50
2026-07-31T11:34:00.614781Z INFO  main   Adding error for site '10076', GIC/'measured/NERC: Low signal: all GIC values within +/- 4 A;
Excessive pre-storm noise: std before (0.1223 A) > 1/4 * std after (0.3282 A);
Data is constant for at least 5 minutes starting at time 2021-05-12 06:00:00
2026-07-31T11:34:00.619258Z INFO  main   Adding error for site '10094', GIC/'measured/NERC: Duplicate time stamps found
2026-07-31T11:34:00.626347Z INFO  main   Adding error for site '10095', GIC/'measured/NERC: Duplicate time stamps found
2026-07-31T11:34:00.629360Z INFO  main   Adding error for site '10096', GIC/'measured/NERC: All GIC values are positive;
Low signal: all GIC values within +/- 4 A;
Data gap detected >= 10.0 minutes (3300.0 seconds);
Data gap detected >= 10.0 minutes (3300 seconds) due to NaN values;
Data is constant for at least 5 minutes starting at time 2021-05-12 06:00:00
2026-07-31T11:34:00.632947Z INFO  main   Adding error for site '10097', GIC/'measured/NERC: Low signal: all GIC values within +/- 4 A;
Excessive pre-storm noise: std before (0.3727 A) > 1/4 * std after (0.6360 A);
Data gap detected >= 10.0 minutes (3600.0 seconds);
Data gap detected >= 10.0 minutes (3600 seconds) due to NaN values;
Data is constant for at least 5 minutes starting at time 2021-05-12 07:38:00
2026-07-31T11:34:00.640174Z INFO  main   Adding error for site '10098', GIC/'measured/NERC: Low signal: all GIC values within +/- 4 A;
Excessive pre-storm noise: std before (0.5000 A) > 1/4 * std after (0.8498 A);
Data gap detected >= 10.0 minutes (3600.0 seconds);
Data gap detected >= 10.0 minutes (3600 seconds) due to NaN values;
Data is constant for at least 5 minutes starting at time 2021-05-12 07:38:00
2026-07-31T11:34:00.645248Z INFO  main   Adding error for site '10099', GIC/'measured/NERC: Duplicate time stamps found
2026-07-31T11:34:00.649782Z INFO  main   Adding error for site '10100', GIC/'measured/NERC: All GIC values are positive;
All GIC values are negative;
Low signal: all GIC values within +/- 4 A;
Data gap detected >= 10.0 minutes (3240.0 seconds);
Data gap detected >= 10.0 minutes (3240 seconds) due to NaN values;
Data is constant for at least 5 minutes starting at time 2021-05-12 06:08:00
2026-07-31T11:34:00.654828Z INFO  main   Adding error for site '10103', GIC/'measured/NERC: Low signal: all GIC values within +/- 4 A;
Excessive pre-storm noise: std before (0.5698 A) > 1/4 * std after (0.5739 A)
2026-07-31T11:34:00.660889Z INFO  main   Adding error for site '10222', GIC/'measured/NERC: Excessive pre-storm noise: std before (0.2981 A) > 1/4 * std after (1.0471 A);
Data is constant for at least 5 minutes starting at time 2021-05-12 06:01:00
2026-07-31T11:34:00.663922Z INFO  main   Adding error for site '10223', GIC/'measured/NERC: Duplicate time stamps found
2026-07-31T11:34:00.667459Z INFO  main   Adding error for site '10224', GIC/'measured/NERC: Excessive pre-storm noise: std before (0.5493 A) > 1/4 * std after (0.7925 A);
Data is constant for at least 5 minutes starting at time 2021-05-12 06:00:00
2026-07-31T11:34:00.671990Z INFO  main   Adding error for site '10227', GIC/'measured/NERC: Data is constant for at least 5 minutes starting at time 2021-05-12 06:00:00
2026-07-31T11:34:00.678515Z INFO  main   Adding error for site '10229', GIC/'measured/NERC: All GIC values are negative;
Low signal: all GIC values within +/- 4 A;
Excessive pre-storm noise: std before (0.2371 A) > 1/4 * std after (0.2460 A);
Cadence is >= 60 seconds (3600.0 seconds);
Data gap detected >= 10.0 minutes (3600.0 seconds);
Data gap detected >= 10.0 minutes (3600 seconds) due to NaN values;
Data is constant for at least 5 minutes starting at time 2021-05-12 11:00:00
2026-07-31T11:34:00.683064Z INFO  main   Adding error for site '10232', GIC/'measured/NERC: Low signal: all GIC values within +/- 4 A;
Cadence is >= 60 seconds (3600.0 seconds);
Data gap detected >= 10.0 minutes (3600.0 seconds);
Data gap detected >= 10.0 minutes (3600 seconds) due to NaN values;
Data is constant for at least 5 minutes starting at time 2021-05-12 06:00:00
2026-07-31T11:34:00.694361Z INFO  main   Adding error for site '10233', GIC/'measured/NERC: Low signal: all GIC values within +/- 4 A;
Excessive pre-storm noise: std before (0.0933 A) > 1/4 * std after (0.1389 A);
Data is constant for at least 5 minutes starting at time 2021-05-12 09:35:19
2026-07-31T11:34:00.703681Z INFO  main   Adding error for site '10237', GIC/'measured/NERC: Data is constant for at least 5 minutes starting at time 2021-05-12 06:13:29
2026-07-31T11:34:00.709732Z INFO  main   Adding error for site '10238', GIC/'measured/NERC: Low signal: all GIC values within +/- 4 A;
Data is constant for at least 5 minutes starting at time 2021-05-12 06:00:00
2026-07-31T11:34:00.715250Z INFO  main   Adding error for site '10239', GIC/'measured/NERC: Data is constant for at least 5 minutes starting at time 2021-05-12 06:00:00
2026-07-31T11:34:00.725165Z INFO  main   Adding error for site '10244', GIC/'measured/NERC: Low signal: all GIC values within +/- 4 A;
Excessive pre-storm noise: std before (0.3436 A) > 1/4 * std after (0.8944 A);
Cadence is >= 60 seconds (240.0 seconds);
Data is constant for at least 5 minutes starting at time 2021-05-12 06:30:00
2026-07-31T11:34:00.730201Z INFO  main   Adding error for site '10245', GIC/'measured/NERC: Low signal: all GIC values within +/- 4 A;
Excessive pre-storm noise: std before (0.4105 A) > 1/4 * std after (0.4812 A);
Cadence is >= 60 seconds (240.0 seconds);
Data is constant for at least 5 minutes starting at time 2021-05-12 06:30:00
2026-07-31T11:34:00.736002Z INFO  main   Adding error for site '10253', GIC/'measured/NERC: Data is constant for at least 5 minutes starting at time 2021-05-12 06:12:40
2026-07-31T11:34:00.744081Z INFO  main   Adding error for site '10254', GIC/'measured/NERC: Data is constant for at least 5 minutes starting at time 2021-05-12 06:00:00
2026-07-31T11:34:00.749549Z INFO  main   Adding error for site '10255', GIC/'measured/NERC: Excessive pre-storm noise: std before (0.5815 A) > 1/4 * std after (0.5597 A);
Data is constant for at least 5 minutes starting at time 2021-05-12 06:20:40
2026-07-31T11:34:00.755096Z INFO  main   Adding error for site '10265', GIC/'measured/NERC: Low signal: all GIC values within +/- 4 A;
Excessive pre-storm noise: std before (0.0804 A) > 1/4 * std after (0.1184 A);
Data is constant for at least 5 minutes starting at time 2021-05-12 06:01:30
2026-07-31T11:34:00.759633Z INFO  main   Adding error for site '10266', GIC/'measured/NERC: Low signal: all GIC values within +/- 4 A;
Excessive pre-storm noise: std before (0.1406 A) > 1/4 * std after (0.2861 A);
Data is constant for at least 5 minutes starting at time 2021-05-12 06:02:50
2026-07-31T11:34:00.763674Z INFO  main   Adding error for site '10297', GIC/'measured/NERC: Low signal: all GIC values within +/- 4 A;
Excessive pre-storm noise: std before (0.1943 A) > 1/4 * std after (0.6279 A);
Data is constant for at least 5 minutes starting at time 2021-05-12 06:00:00
2026-07-31T11:34:00.768726Z INFO  main   Adding error for site '10298', GIC/'measured/NERC: Low signal: all GIC values within +/- 4 A;
Data is constant for at least 5 minutes starting at time 2021-05-12 06:00:00
2026-07-31T11:34:00.775035Z INFO  main   Adding error for site '10299', GIC/'measured/NERC: All GIC values are positive;
Low signal: all GIC values within +/- 4 A;
Data is constant for at least 5 minutes starting at time 2021-05-12 06:00:00
2026-07-31T11:34:00.779567Z INFO  main   Adding error for site '10300', GIC/'measured/NERC: All GIC values are positive;
Low signal: all GIC values within +/- 4 A;
Excessive pre-storm noise: std before (0.1557 A) > 1/4 * std after (0.4081 A);
Data is constant for at least 5 minutes starting at time 2021-05-12 06:00:00
2026-07-31T11:34:00.784133Z INFO  main   Adding error for site '10301', GIC/'measured/NERC: Low signal: all GIC values within +/- 4 A;
Data is constant for at least 5 minutes starting at time 2021-05-12 17:26:00
2026-07-31T11:34:00.789689Z INFO  main   Adding error for site '10302', GIC/'measured/NERC: All GIC values are positive;
All GIC values are negative;
Low signal: all GIC values within +/- 4 A;
Data is constant for at least 5 minutes starting at time 2021-05-12 06:00:00
2026-07-31T11:34:00.793764Z INFO  main   Adding error for site '10303', GIC/'measured/NERC: Low signal: all GIC values within +/- 4 A;
Data is constant for at least 5 minutes starting at time 2021-05-12 06:00:00
2026-07-31T11:34:00.798856Z INFO  main   Adding error for site '10304', GIC/'measured/NERC: Low signal: all GIC values within +/- 4 A;
Data is constant for at least 5 minutes starting at time 2021-05-12 06:00:00
2026-07-31T11:34:00.802901Z INFO  main   Adding error for site '10305', GIC/'measured/NERC: Data is constant for at least 5 minutes starting at time 2021-05-12 06:03:10
2026-07-31T11:34:00.807415Z INFO  main   Adding error for site '10306', GIC/'measured/NERC: Low signal: all GIC values within +/- 4 A;
Excessive pre-storm noise: std before (0.0873 A) > 1/4 * std after (0.1990 A);
Data is constant for at least 5 minutes starting at time 2021-05-12 06:00:00
2026-07-31T11:34:00.810946Z INFO  main   Adding error for site '10307', GIC/'measured/NERC: Low signal: all GIC values within +/- 4 A;
Excessive pre-storm noise: std before (0.1336 A) > 1/4 * std after (0.3133 A);
Data is constant for at least 5 minutes starting at time 2021-05-12 06:00:00
2026-07-31T11:34:00.813973Z INFO  main   Adding error for site '10309', GIC/'measured/NERC: All GIC values are positive;
Data is constant for at least 5 minutes starting at time 2021-05-12 06:04:20
2026-07-31T11:34:00.818513Z INFO  main   Adding error for site '10310', GIC/'measured/NERC: Low signal: all GIC values within +/- 4 A;
Data is constant for at least 5 minutes starting at time 2021-05-12 06:04:10
2026-07-31T11:34:00.824051Z INFO  main   Adding error for site '10311', GIC/'measured/NERC: Data is constant for at least 5 minutes starting at time 2021-05-12 17:37:50
2026-07-31T11:34:00.829506Z INFO  main   Adding error for site '10312', GIC/'measured/NERC: Low signal: all GIC values within +/- 4 A;
Excessive pre-storm noise: std before (0.1126 A) > 1/4 * std after (0.2948 A);
Data is constant for at least 5 minutes starting at time 2021-05-12 06:05:20
2026-07-31T11:34:00.833051Z INFO  main   Adding error for site '10313', GIC/'measured/NERC: Low signal: all GIC values within +/- 4 A;
Data is constant for at least 5 minutes starting at time 2021-05-12 06:00:00
2026-07-31T11:34:00.836581Z INFO  main   Adding error for site '10314', GIC/'measured/NERC: Low signal: all GIC values within +/- 4 A;
Excessive pre-storm noise: std before (0.0901 A) > 1/4 * std after (0.1939 A);
Data is constant for at least 5 minutes starting at time 2021-05-12 06:00:00
2026-07-31T11:34:00.843246Z INFO  main   Adding error for site '10315', GIC/'measured/NERC: Low signal: all GIC values within +/- 4 A;
Excessive pre-storm noise: std before (0.0821 A) > 1/4 * std after (0.1603 A);
Data is constant for at least 5 minutes starting at time 2021-05-12 06:00:00
2026-07-31T11:34:00.847303Z INFO  main   Adding error for site '10316', GIC/'measured/NERC: Low signal: all GIC values within +/- 4 A;
Data is constant for at least 5 minutes starting at time 2021-05-12 06:03:40
2026-07-31T11:34:00.850855Z INFO  main   Adding error for site '10317', GIC/'measured/NERC: Low signal: all GIC values within +/- 4 A;
Excessive pre-storm noise: std before (0.0331 A) > 1/4 * std after (0.1201 A);
Data is constant for at least 5 minutes starting at time 2021-05-12 06:00:00
2026-07-31T11:34:00.856401Z INFO  main   Adding error for site '10318', GIC/'measured/NERC: Data is constant for at least 5 minutes starting at time 2021-05-12 17:01:10
2026-07-31T11:34:00.861946Z INFO  main   Adding error for site '10320', GIC/'measured/NERC: Low signal: all GIC values within +/- 4 A;
Excessive pre-storm noise: std before (0.2029 A) > 1/4 * std after (0.4090 A)
2026-07-31T11:34:00.867490Z INFO  main   Adding error for site '10322', GIC/'measured/NERC: Low signal: all GIC values within +/- 4 A;
Excessive pre-storm noise: std before (0.1386 A) > 1/4 * std after (0.5153 A);
Data is constant for at least 5 minutes starting at time 2021-05-12 17:30:50
2026-07-31T11:34:00.872017Z INFO  main   Adding error for site '10323', GIC/'measured/NERC: Low signal: all GIC values within +/- 4 A;
Data is constant for at least 5 minutes starting at time 2021-05-12 21:10:52
2026-07-31T11:34:00.876544Z INFO  main   Adding error for site '10329', GIC/'measured/NERC: All GIC values are positive;
All GIC values are negative;
Low signal: all GIC values within +/- 4 A;
Data is constant for at least 5 minutes starting at time 2021-05-12 06:00:00
2026-07-31T11:34:00.879555Z INFO  main   Adding error for site '10336', GIC/'measured/NERC: Low signal: all GIC values within +/- 4 A;
Excessive pre-storm noise: std before (0.1191 A) > 1/4 * std after (0.4720 A);
Cadence is >= 60 seconds (3600.0 seconds);
Data gap detected >= 10.0 minutes (3600.0 seconds);
Data gap detected >= 10.0 minutes (3600 seconds) due to NaN values;
Data is constant for at least 5 minutes starting at time 2021-05-13 03:00:00
2026-07-31T11:34:00.883093Z INFO  main   Adding error for site '10338', GIC/'measured/NERC: Low signal: all GIC values within +/- 4 A;
Excessive pre-storm noise: std before (0.0826 A) > 1/4 * std after (0.2807 A);
Cadence is >= 60 seconds (3600.0 seconds);
Data gap detected >= 10.0 minutes (3600.0 seconds);
Data gap detected >= 10.0 minutes (3600 seconds) due to NaN values;
Data is constant for at least 5 minutes starting at time 2021-05-12 06:00:00
2026-07-31T11:34:00.886508Z INFO  main   Adding error for site '10339', GIC/'measured/NERC: All GIC values are negative;
Cadence is >= 60 seconds (3600.0 seconds);
Data gap detected >= 10.0 minutes (3600.0 seconds);
Data gap detected >= 10.0 minutes (3600 seconds) due to NaN values;
Data is constant for at least 5 minutes starting at time 2021-05-12 06:00:00
2026-07-31T11:34:00.889236Z INFO  main   Adding error for site '10340', GIC/'measured/NERC: All GIC values are positive;
Low signal: all GIC values within +/- 4 A;
Cadence is >= 60 seconds (3600.0 seconds);
Data gap detected >= 10.0 minutes (3600.0 seconds);
Data gap detected >= 10.0 minutes (3600 seconds) due to NaN values;
Data is constant for at least 5 minutes starting at time 2021-05-12 06:00:00
2026-07-31T11:34:00.893676Z INFO  main   Adding error for site '10341', GIC/'measured/NERC: All GIC values are positive;
Low signal: all GIC values within +/- 4 A;
Cadence is >= 60 seconds (3600.0 seconds);
Data gap detected >= 10.0 minutes (3600.0 seconds);
Data gap detected >= 10.0 minutes (3600 seconds) due to NaN values;
Data is constant for at least 5 minutes starting at time 2021-05-12 06:00:00
2026-07-31T11:34:00.897708Z INFO  main   Adding error for site '10342', GIC/'measured/NERC: All GIC values are positive;
Low signal: all GIC values within +/- 4 A;
Cadence is >= 60 seconds (3600.0 seconds);
Data gap detected >= 10.0 minutes (3600.0 seconds);
Data gap detected >= 10.0 minutes (3600 seconds) due to NaN values;
Data is constant for at least 5 minutes starting at time 2021-05-12 06:00:00
2026-07-31T11:34:00.901823Z INFO  main   Adding error for site '10343', GIC/'measured/NERC: All GIC values are positive;
All GIC values are negative;
Low signal: all GIC values within +/- 4 A;
Cadence is >= 60 seconds (3600.0 seconds);
Data gap detected >= 10.0 minutes (3600.0 seconds);
Data gap detected >= 10.0 minutes (3600 seconds) due to NaN values;
Data is constant for at least 5 minutes starting at time 2021-05-12 06:00:00
2026-07-31T11:34:00.904839Z INFO  main   Adding error for site '10344', GIC/'measured/NERC: All GIC values are negative;
Low signal: all GIC values within +/- 4 A;
Cadence is >= 60 seconds (3600.0 seconds);
Data gap detected >= 10.0 minutes (3600.0 seconds);
Data gap detected >= 10.0 minutes (3600 seconds) due to NaN values;
Data is constant for at least 5 minutes starting at time 2021-05-12 06:00:00
2026-07-31T11:34:00.909372Z INFO  main   Adding error for site '10345', GIC/'measured/NERC: All GIC values are positive;
Low signal: all GIC values within +/- 4 A;
Excessive pre-storm noise: std before (0.1640 A) > 1/4 * std after (0.3395 A);
Cadence is >= 60 seconds (3600.0 seconds);
Data gap detected >= 10.0 minutes (3600.0 seconds);
Data gap detected >= 10.0 minutes (3600 seconds) due to NaN values;
Data is constant for at least 5 minutes starting at time 2021-05-12 06:00:00
2026-07-31T11:34:00.912912Z INFO  main   Adding error for site '10347', GIC/'measured/NERC: All GIC values are negative;
Low signal: all GIC values within +/- 4 A;
Cadence is >= 60 seconds (3600.0 seconds);
Data gap detected >= 10.0 minutes (3600.0 seconds);
Data gap detected >= 10.0 minutes (3600 seconds) due to NaN values;
Data is constant for at least 5 minutes starting at time 2021-05-12 09:00:00
2026-07-31T11:34:00.914912Z INFO  main   Adding error for site '10348', GIC/'measured/NERC: All GIC values are positive;
Low signal: all GIC values within +/- 4 A;
Cadence is >= 60 seconds (3600.0 seconds);
Data gap detected >= 10.0 minutes (3600.0 seconds);
Data gap detected >= 10.0 minutes (3600 seconds) due to NaN values;
Data is constant for at least 5 minutes starting at time 2021-05-12 11:00:00
2026-07-31T11:34:00.918438Z INFO  main   Adding error for site '10349', GIC/'measured/NERC: All GIC values are negative;
Low signal: all GIC values within +/- 4 A;
Cadence is >= 60 seconds (3600.0 seconds);
Data gap detected >= 10.0 minutes (3600.0 seconds);
Data gap detected >= 10.0 minutes (3600 seconds) due to NaN values;
Data is constant for at least 5 minutes starting at time 2021-05-12 11:00:00
2026-07-31T11:34:00.920955Z INFO  main   Adding error for site '10350', GIC/'measured/NERC: Low signal: all GIC values within +/- 4 A;
Excessive pre-storm noise: std before (0.4922 A) > 1/4 * std after (0.1690 A);
Cadence is >= 60 seconds (3600.0 seconds);
Data gap detected >= 10.0 minutes (3600.0 seconds);
Data gap detected >= 10.0 minutes (3600 seconds) due to NaN values;
Data is constant for at least 5 minutes starting at time 2021-05-12 12:00:00
2026-07-31T11:34:00.922986Z INFO  main   Adding error for site '10351', GIC/'measured/NERC: All GIC values are positive;
All GIC values are negative;
Low signal: all GIC values within +/- 4 A;
Cadence is >= 60 seconds (3600.0 seconds);
Data gap detected >= 10.0 minutes (3600.0 seconds);
Data gap detected >= 10.0 minutes (3600 seconds) due to NaN values;
Data is constant for at least 5 minutes starting at time 2021-05-12 06:00:00
2026-07-31T11:34:00.928513Z INFO  main   Adding error for site '10352', GIC/'measured/NERC: All GIC values are positive;
All GIC values are negative;
Low signal: all GIC values within +/- 4 A;
Cadence is >= 60 seconds (3600.0 seconds);
Data gap detected >= 10.0 minutes (3600.0 seconds);
Data gap detected >= 10.0 minutes (3600 seconds) due to NaN values;
Data is constant for at least 5 minutes starting at time 2021-05-12 06:00:00
2026-07-31T11:34:00.932034Z INFO  main   Adding error for site '10353', GIC/'measured/NERC: Low signal: all GIC values within +/- 4 A;
Excessive pre-storm noise: std before (0.0481 A) > 1/4 * std after (0.1186 A);
Cadence is >= 60 seconds (3600.0 seconds);
Data gap detected >= 10.0 minutes (3600.0 seconds);
Data gap detected >= 10.0 minutes (3600 seconds) due to NaN values;
Data is constant for at least 5 minutes starting at time 2021-05-12 10:00:00
2026-07-31T11:34:00.935053Z INFO  main   Adding error for site '10354', GIC/'measured/NERC: All GIC values are negative;
Low signal: all GIC values within +/- 4 A;
Excessive pre-storm noise: std before (0.2012 A) > 1/4 * std after (0.1543 A);
Cadence is >= 60 seconds (3600.0 seconds);
Data gap detected >= 10.0 minutes (3600.0 seconds);
Data gap detected >= 10.0 minutes (3600 seconds) due to NaN values;
Data is constant for at least 5 minutes starting at time 2021-05-12 12:00:00
2026-07-31T11:34:00.939582Z INFO  main   Adding error for site '10355', GIC/'measured/NERC: Low signal: all GIC values within +/- 4 A;
Cadence is >= 60 seconds (3600.0 seconds);
Data gap detected >= 10.0 minutes (3600.0 seconds);
Data gap detected >= 10.0 minutes (3600 seconds) due to NaN values
2026-07-31T11:34:00.942628Z INFO  main   Adding error for site '10356', GIC/'measured/NERC: Low signal: all GIC values within +/- 4 A;
Cadence is >= 60 seconds (3600.0 seconds);
Data gap detected >= 10.0 minutes (3600.0 seconds);
Data gap detected >= 10.0 minutes (3600 seconds) due to NaN values;
Data is constant for at least 5 minutes starting at time 2021-05-13 00:00:00
2026-07-31T11:34:00.945148Z INFO  main   Adding error for site '10357', GIC/'measured/NERC: Excessive pre-storm noise: std before (0.1735 A) > 1/4 * std after (0.2721 A);
Data is constant for at least 5 minutes starting at time 2021-05-12 06:00:00
2026-07-31T11:34:00.947190Z INFO  main   Adding error for site '10397', GIC/'measured/NERC: Excessive pre-storm noise: std before (1.2600 A) > 1/4 * std after (1.4235 A);
Data is constant for at least 5 minutes starting at time 2021-05-12 12:51:10
2026-07-31T11:34:00.950183Z INFO  main   Adding error for site '10398', GIC/'measured/NERC: Excessive pre-storm noise: std before (2.7436 A) > 1/4 * std after (3.9147 A);
Data is constant for at least 5 minutes starting at time 2021-05-13 02:31:50
2026-07-31T11:34:00.952945Z INFO  main   Adding error for site '10595', GIC/'measured/NERC: Data is constant for at least 5 minutes starting at time 2021-05-12 06:00:00
2026-07-31T11:34:00.956470Z INFO  main   Adding error for site '10596', GIC/'measured/NERC: Data is constant for at least 5 minutes starting at time 2021-05-12 06:00:00
2026-07-31T11:34:00.961000Z INFO  main   Adding error for site '10597', GIC/'measured/NERC: All GIC values are positive;
All GIC values are negative;
Low signal: all GIC values within +/- 4 A;
Data is constant for at least 5 minutes starting at time 2021-05-12 06:00:00
2026-07-31T11:34:00.963035Z INFO  main   Adding error for site '10598', GIC/'measured/NERC: All GIC values are positive;
All GIC values are negative;
Low signal: all GIC values within +/- 4 A;
Data is constant for at least 5 minutes starting at time 2021-05-12 06:00:00
2026-07-31T11:34:00.965034Z INFO  main   Adding error for site '10618', GIC/'measured/NERC: Low signal: all GIC values within +/- 4 A;
Data gap detected >= 10.0 minutes (900.0 seconds);
Data gap detected >= 10.0 minutes (900 seconds) due to NaN values
2026-07-31T11:34:00.969572Z INFO  main   Adding error for site '10619', GIC/'measured/NERC: Low signal: all GIC values within +/- 4 A;
Excessive pre-storm noise: std before (0.0772 A) > 1/4 * std after (0.3073 A);
Data gap detected >= 10.0 minutes (1200.0 seconds);
Data gap detected >= 10.0 minutes (1200 seconds) due to NaN values
2026-07-31T11:34:00.973119Z INFO  main   Adding error for site '10622', GIC/'measured/NERC: Low signal: all GIC values within +/- 4 A;
Excessive pre-storm noise: std before (0.0841 A) > 1/4 * std after (0.1266 A);
Data gap detected >= 10.0 minutes (2100.0 seconds);
Data gap detected >= 10.0 minutes (2100 seconds) due to NaN values
2026-07-31T11:34:00.975125Z INFO  main   Adding error for site '10623', GIC/'measured/NERC: Low signal: all GIC values within +/- 4 A;
Excessive pre-storm noise: std before (0.0777 A) > 1/4 * std after (0.1993 A);
Data gap detected >= 10.0 minutes (5700.0 seconds);
Data gap detected >= 10.0 minutes (5700 seconds) due to NaN values
2026-07-31T11:34:00.978656Z INFO  main   Adding error for site '10051', GIC/'measured/NERC: All GIC values are positive;
Low signal: all GIC values within +/- 4 A;
Excessive pre-storm noise: std before (0.0387 A) > 1/4 * std after (0.0830 A);
Data is constant for at least 5 minutes starting at time 2021-05-12 06:23:01
2026-07-31T11:34:00.981682Z INFO  main   Adding error for site '10063', GIC/'measured/NERC: Low signal: all GIC values within +/- 4 A;
Excessive pre-storm noise: std before (0.0492 A) > 1/4 * std after (0.0742 A);
Data is constant for at least 5 minutes starting at time 2021-05-12 16:36:25
2026-07-31T11:34:00.984210Z INFO  main   Adding error for site '10077', GIC/'measured/NERC: Data is constant for at least 5 minutes starting at time 2021-05-12 09:41:20
2026-07-31T11:34:00.987774Z INFO  main   Adding error for site '10078', GIC/'measured/NERC: Excessive pre-storm noise: std before (0.6341 A) > 1/4 * std after (0.5610 A)
2026-07-31T11:34:00.992287Z INFO  main   Adding error for site '10079', GIC/'measured/NERC: Low signal: all GIC values within +/- 4 A;
Excessive pre-storm noise: std before (0.3471 A) > 1/4 * std after (0.4304 A);
Data is constant for at least 5 minutes starting at time 2021-05-12 09:21:40
2026-07-31T11:34:00.996352Z INFO  main   Adding error for site '10080', GIC/'measured/NERC: Low signal: all GIC values within +/- 4 A;
Excessive pre-storm noise: std before (0.6868 A) > 1/4 * std after (0.9373 A)
2026-07-31T11:34:00.999369Z INFO  main   Adding error for site '10081', GIC/'measured/NERC: Excessive pre-storm noise: std before (0.9783 A) > 1/4 * std after (1.2439 A);
Data is constant for at least 5 minutes starting at time 2021-05-12 15:43:00
2026-07-31T11:34:01.001903Z INFO  main   Adding error for site '10082', GIC/'measured/NERC: All GIC values are positive;
All GIC values are negative;
Low signal: all GIC values within +/- 4 A;
Data is constant for at least 5 minutes starting at time 2021-05-12 06:00:00
2026-07-31T11:34:01.005127Z INFO  main   Adding error for site '10083', GIC/'measured/NERC: All GIC values are positive;
Low signal: all GIC values within +/- 4 A;
Data is constant for at least 5 minutes starting at time 2021-05-12 06:00:00
2026-07-31T11:34:01.009654Z INFO  main   Adding error for site '10084', GIC/'measured/NERC: All GIC values are positive;
All GIC values are negative;
Low signal: all GIC values within +/- 4 A;
Data is constant for at least 5 minutes starting at time 2021-05-12 06:00:00
2026-07-31T11:34:01.012695Z INFO  main   Adding error for site '10085', GIC/'measured/NERC: All GIC values are positive;
All GIC values are negative;
Low signal: all GIC values within +/- 4 A;
Data is constant for at least 5 minutes starting at time 2021-05-12 06:00:00
2026-07-31T11:34:01.017256Z INFO  main   Adding error for site '10102', GIC/'measured/NERC: Duplicate time stamps found
2026-07-31T11:34:01.020778Z INFO  main   Adding error for site '10110', GIC/'measured/NERC: Duplicate time stamps found
2026-07-31T11:34:01.024815Z INFO  main   Adding error for site '10111', GIC/'measured/NERC: Low signal: all GIC values within +/- 4 A;
Excessive pre-storm noise: std before (0.9068 A) > 1/4 * std after (0.7746 A);
Data is constant for at least 5 minutes starting at time 2021-05-12 06:01:10
2026-07-31T11:34:01.029342Z INFO  main   Adding error for site '10112', GIC/'measured/NERC: Excessive pre-storm noise: std before (0.5852 A) > 1/4 * std after (1.8999 A)
2026-07-31T11:34:01.032943Z INFO  main   Adding error for site '10113', GIC/'measured/NERC: Low signal: all GIC values within +/- 4 A;
Excessive pre-storm noise: std before (0.4191 A) > 1/4 * std after (0.4652 A);
Data is constant for at least 5 minutes starting at time 2021-05-12 07:35:10
2026-07-31T11:34:01.037413Z INFO  main   Adding error for site '10114', GIC/'measured/NERC: Low signal: all GIC values within +/- 4 A;
Excessive pre-storm noise: std before (0.3887 A) > 1/4 * std after (0.3447 A)
2026-07-31T11:34:01.039427Z INFO  main   Adding error for site '10115', GIC/'measured/NERC: Low signal: all GIC values within +/- 4 A;
Excessive pre-storm noise: std before (0.4048 A) > 1/4 * std after (0.4824 A);
Data is constant for at least 5 minutes starting at time 2021-05-12 10:24:50
2026-07-31T11:34:01.043967Z INFO  main   Adding error for site '10116', GIC/'measured/NERC: Excessive pre-storm noise: std before (0.9920 A) > 1/4 * std after (0.8563 A)
2026-07-31T11:34:01.046487Z INFO  main   Adding error for site '10117', GIC/'measured/NERC: Low signal: all GIC values within +/- 4 A;
Excessive pre-storm noise: std before (0.2883 A) > 1/4 * std after (0.2730 A)
2026-07-31T11:34:01.049505Z INFO  main   Adding error for site '10118', GIC/'measured/NERC: Low signal: all GIC values within +/- 4 A;
Excessive pre-storm noise: std before (0.1782 A) > 1/4 * std after (0.2120 A);
Data is constant for at least 5 minutes starting at time 2021-05-12 06:00:00
2026-07-31T11:34:01.055046Z INFO  main   Adding error for site '10119', GIC/'measured/NERC: Low signal: all GIC values within +/- 4 A;
Excessive pre-storm noise: std before (0.8552 A) > 1/4 * std after (0.6945 A)
2026-07-31T11:34:01.059585Z INFO  main   Adding error for site '10120', GIC/'measured/NERC: Excessive pre-storm noise: std before (0.9105 A) > 1/4 * std after (0.9847 A)
2026-07-31T11:34:01.065146Z INFO  main   Adding error for site '10121', GIC/'measured/NERC: All GIC values are positive;
Low signal: all GIC values within +/- 4 A;
Data is constant for at least 5 minutes starting at time 2021-05-12 06:00:00
2026-07-31T11:34:01.067716Z INFO  main   Adding error for site '10230', GIC/'measured/NERC: All GIC values are positive;
Low signal: all GIC values within +/- 4 A;
Excessive pre-storm noise: std before (0.3123 A) > 1/4 * std after (0.2070 A);
Cadence is >= 60 seconds (3600.0 seconds);
Data gap detected >= 10.0 minutes (3600.0 seconds);
Data gap detected >= 10.0 minutes (3600 seconds) due to NaN values;
Data is constant for at least 5 minutes starting at time 2021-05-12 09:00:00
2026-07-31T11:34:01.071737Z INFO  main   Adding error for site '10231', GIC/'measured/NERC: All GIC values are positive;
All GIC values are negative;
Low signal: all GIC values within +/- 4 A;
Cadence is >= 60 seconds (3600.0 seconds);
Data gap detected >= 10.0 minutes (3600.0 seconds);
Data gap detected >= 10.0 minutes (3600 seconds) due to NaN values;
Data is constant for at least 5 minutes starting at time 2021-05-12 06:00:00
2026-07-31T11:34:01.076797Z INFO  main   Adding error for site '10234', GIC/'measured/NERC: All GIC values are positive;
Low signal: all GIC values within +/- 4 A;
Excessive pre-storm noise: std before (0.0305 A) > 1/4 * std after (0.0697 A);
Data is constant for at least 5 minutes starting at time 2021-05-12 06:09:53
2026-07-31T11:34:01.080646Z INFO  main   Adding error for site '10235', GIC/'measured/NERC: All GIC values are positive;
Low signal: all GIC values within +/- 4 A;
Excessive pre-storm noise: std before (0.0177 A) > 1/4 * std after (0.0560 A);
Data is constant for at least 5 minutes starting at time 2021-05-12 06:00:00
2026-07-31T11:34:01.082679Z INFO  main   Adding error for site '10236', GIC/'measured/NERC: Low signal: all GIC values within +/- 4 A;
Data is constant for at least 5 minutes starting at time 2021-05-12 06:00:00
2026-07-31T11:34:01.086219Z INFO  main   Adding error for site '10240', GIC/'measured/NERC: Excessive pre-storm noise: std before (0.7035 A) > 1/4 * std after (1.4346 A)
2026-07-31T11:34:01.090838Z INFO  main   Adding error for site '10241', GIC/'measured/NERC: Low signal: all GIC values within +/- 4 A;
Excessive pre-storm noise: std before (0.2328 A) > 1/4 * std after (0.3892 A);
Cadence is >= 60 seconds (240.0 seconds);
Data is constant for at least 5 minutes starting at time 2021-05-12 07:34:00
2026-07-31T11:34:01.094865Z INFO  main   Adding error for site '10242', GIC/'measured/NERC: Low signal: all GIC values within +/- 4 A;
Excessive pre-storm noise: std before (0.1680 A) > 1/4 * std after (0.4307 A);
Cadence is >= 60 seconds (240.0 seconds);
Data is constant for at least 5 minutes starting at time 2021-05-12 06:34:00
2026-07-31T11:34:01.098398Z INFO  main   Adding error for site '10243', GIC/'measured/NERC: Low signal: all GIC values within +/- 4 A;
Excessive pre-storm noise: std before (0.1708 A) > 1/4 * std after (0.4881 A);
Cadence is >= 60 seconds (240.0 seconds);
Data is constant for at least 5 minutes starting at time 2021-05-12 06:38:00
2026-07-31T11:34:01.101984Z INFO  main   Adding error for site '10246', GIC/'measured/NERC: Low signal: all GIC values within +/- 4 A;
Excessive pre-storm noise: std before (0.3668 A) > 1/4 * std after (0.6229 A);
Cadence is >= 60 seconds (240.0 seconds);
Data is constant for at least 5 minutes starting at time 2021-05-12 09:38:00
2026-07-31T11:34:01.108706Z INFO  main   Adding error for site '10257', GIC/'measured/NERC: Low signal: all GIC values within +/- 4 A;
Data is constant for at least 5 minutes starting at time 2021-05-12 06:00:00
2026-07-31T11:34:01.111729Z INFO  main   Adding error for site '10258', GIC/'measured/NERC: Low signal: all GIC values within +/- 4 A;
Data is constant for at least 5 minutes starting at time 2021-05-12 06:00:00
2026-07-31T11:34:01.113742Z INFO  main   Adding error for site '10259', GIC/'measured/NERC: Low signal: all GIC values within +/- 4 A;
Data is constant for at least 5 minutes starting at time 2021-05-12 06:00:00
2026-07-31T11:34:01.116290Z INFO  main   Adding error for site '10260', GIC/'measured/NERC: Low signal: all GIC values within +/- 4 A;
Data is constant for at least 5 minutes starting at time 2021-05-12 06:00:00
2026-07-31T11:34:01.119312Z INFO  main   Adding error for site '10261', GIC/'measured/NERC: Excessive pre-storm noise: std before (0.0233 A) > 1/4 * std after (0.0333 A);
Data is constant for at least 5 minutes starting at time 2021-05-12 06:39:40
2026-07-31T11:34:01.125007Z INFO  main   Adding error for site '10262', GIC/'measured/NERC: Data is constant for at least 5 minutes starting at time 2021-05-12 06:39:40
2026-07-31T11:34:01.127539Z INFO  main   Adding error for site '10263', GIC/'measured/NERC: Excessive pre-storm noise: std before (0.1172 A) > 1/4 * std after (0.0981 A);
Data is constant for at least 5 minutes starting at time 2021-05-12 06:39:50
2026-07-31T11:34:01.129539Z INFO  main   Adding error for site '10264', GIC/'measured/NERC: Excessive pre-storm noise: std before (0.1133 A) > 1/4 * std after (0.0261 A);
Data is constant for at least 5 minutes starting at time 2021-05-12 06:39:40
2026-07-31T11:34:01.133083Z INFO  main   Adding error for site '10291', GIC/'measured/NERC: All GIC values are positive;
All GIC values are negative;
Low signal: all GIC values within +/- 4 A;
Data is constant for at least 5 minutes starting at time 2021-05-12 06:00:00
2026-07-31T11:34:01.136599Z INFO  main   Adding error for site '10292', GIC/'measured/NERC: All GIC values are positive;
Low signal: all GIC values within +/- 4 A;
Data is constant for at least 5 minutes starting at time 2021-05-12 06:00:00
2026-07-31T11:34:01.139617Z INFO  main   Adding error for site '10293', GIC/'measured/NERC: Low signal: all GIC values within +/- 4 A;
Excessive pre-storm noise: std before (0.0462 A) > 1/4 * std after (0.1589 A);
Data is constant for at least 5 minutes starting at time 2021-05-12 06:00:00
2026-07-31T11:34:01.143656Z INFO  main   Adding error for site '10294', GIC/'measured/NERC: Low signal: all GIC values within +/- 4 A;
Data is constant for at least 5 minutes starting at time 2021-05-12 06:00:00
2026-07-31T11:34:01.146689Z INFO  main   Adding error for site '10295', GIC/'measured/NERC: Low signal: all GIC values within +/- 4 A;
Data is constant for at least 5 minutes starting at time 2021-05-12 06:00:00
2026-07-31T11:34:01.148702Z INFO  main   Adding error for site '10296', GIC/'measured/NERC: Low signal: all GIC values within +/- 4 A;
Data is constant for at least 5 minutes starting at time 2021-05-12 06:00:00
2026-07-31T11:34:01.151724Z INFO  main   Adding error for site '10332', GIC/'measured/NERC: All GIC values are negative;
Low signal: all GIC values within +/- 4 A;
Excessive pre-storm noise: std before (0.2236 A) > 1/4 * std after (0.1228 A);
Cadence is >= 60 seconds (3600.0 seconds);
Data gap detected >= 10.0 minutes (3600.0 seconds);
Data gap detected >= 10.0 minutes (3600 seconds) due to NaN values;
Data is constant for at least 5 minutes starting at time 2021-05-12 06:00:00
2026-07-31T11:34:01.155851Z INFO  main   Adding error for site '10333', GIC/'measured/NERC: All GIC values are positive;
Low signal: all GIC values within +/- 4 A;
Cadence is >= 60 seconds (3600.0 seconds);
Data gap detected >= 10.0 minutes (3600.0 seconds);
Data gap detected >= 10.0 minutes (3600 seconds) due to NaN values;
Data is constant for at least 5 minutes starting at time 2021-05-12 06:00:00
2026-07-31T11:34:01.159217Z INFO  main   Adding error for site '10334', GIC/'measured/NERC: All GIC values are positive;
Low signal: all GIC values within +/- 4 A;
Cadence is >= 60 seconds (3600.0 seconds);
Data gap detected >= 10.0 minutes (3600.0 seconds);
Data gap detected >= 10.0 minutes (3600 seconds) due to NaN values;
Data is constant for at least 5 minutes starting at time 2021-05-12 06:00:00
2026-07-31T11:34:01.162751Z INFO  main   Adding error for site '10335', GIC/'measured/NERC: Low signal: all GIC values within +/- 4 A;
Excessive pre-storm noise: std before (0.3401 A) > 1/4 * std after (0.3178 A);
Cadence is >= 60 seconds (3600.0 seconds);
Data gap detected >= 10.0 minutes (3600.0 seconds);
Data gap detected >= 10.0 minutes (3600 seconds) due to NaN values;
Data is constant for at least 5 minutes starting at time 2021-05-12 11:00:00
2026-07-31T11:34:01.166271Z INFO  main   Adding error for site '10346', GIC/'measured/NERC: All GIC values are positive;
Low signal: all GIC values within +/- 4 A;
Cadence is >= 60 seconds (3600.0 seconds);
Data gap detected >= 10.0 minutes (3600.0 seconds);
Data gap detected >= 10.0 minutes (3600 seconds) due to NaN values;
Data is constant for at least 5 minutes starting at time 2021-05-12 06:00:00
2026-07-31T11:34:01.170806Z INFO  main   Adding error for site '10359', GIC/'measured/NERC: Low signal: all GIC values within +/- 4 A;
Excessive pre-storm noise: std before (0.0548 A) > 1/4 * std after (0.1380 A);
Data is constant for at least 5 minutes starting at time 2021-05-12 06:03:58
2026-07-31T11:34:01.174867Z INFO  main   Adding error for site '10360', GIC/'measured/NERC: All GIC values are negative;
Low signal: all GIC values within +/- 4 A;
Data is constant for at least 5 minutes starting at time 2021-05-12 06:00:00
2026-07-31T11:34:01.178446Z INFO  main   Adding error for site '10361', GIC/'measured/NERC: Low signal: all GIC values within +/- 4 A;
Data is constant for at least 5 minutes starting at time 2021-05-12 06:00:00
2026-07-31T11:34:01.181971Z INFO  main   Adding error for site '10362', GIC/'measured/NERC: Excessive pre-storm noise: std before (0.3740 A) > 1/4 * std after (0.7100 A);
Data is constant for at least 5 minutes starting at time 2021-05-12 06:00:00
2026-07-31T11:34:01.185522Z INFO  main   Adding error for site '10363', GIC/'measured/NERC: Excessive pre-storm noise: std before (0.8241 A) > 1/4 * std after (1.7679 A);
Data is constant for at least 5 minutes starting at time 2021-05-12 06:00:00
2026-07-31T11:34:01.189049Z INFO  main   Adding error for site '10364', GIC/'measured/NERC: Data is constant for at least 5 minutes starting at time 2021-05-12 06:00:00
2026-07-31T11:34:01.192570Z INFO  main   Adding error for site '10399', GIC/'measured/NERC: Low signal: all GIC values within +/- 4 A;
Excessive pre-storm noise: std before (0.2593 A) > 1/4 * std after (0.5106 A);
Data is constant for at least 5 minutes starting at time 2021-05-12 06:08:30
2026-07-31T11:34:01.195090Z INFO  main   Adding error for site '10400', GIC/'measured/NERC: Low signal: all GIC values within +/- 4 A;
Excessive pre-storm noise: std before (0.2773 A) > 1/4 * std after (0.4958 A);
Data is constant for at least 5 minutes starting at time 2021-05-12 06:05:30
2026-07-31T11:34:01.197622Z INFO  main   Adding error for site '10401', GIC/'measured/NERC: Low signal: all GIC values within +/- 4 A;
Excessive pre-storm noise: std before (0.2768 A) > 1/4 * std after (0.4955 A);
Data is constant for at least 5 minutes starting at time 2021-05-12 06:05:00
2026-07-31T11:34:01.201657Z INFO  main   Adding error for site '10402', GIC/'measured/NERC: Low signal: all GIC values within +/- 4 A;
Excessive pre-storm noise: std before (0.2368 A) > 1/4 * std after (0.3391 A);
Data is constant for at least 5 minutes starting at time 2021-05-12 06:31:20
2026-07-31T11:34:01.204224Z INFO  main   Adding error for site '10403', GIC/'measured/NERC: Low signal: all GIC values within +/- 4 A;
Excessive pre-storm noise: std before (0.5356 A) > 1/4 * std after (1.2597 A)
2026-07-31T11:34:01.207763Z INFO  main   Adding error for site '10404', GIC/'measured/NERC: Excessive pre-storm noise: std before (0.5614 A) > 1/4 * std after (0.8103 A);
Data is constant for at least 5 minutes starting at time 2021-05-12 12:53:00
2026-07-31T11:34:01.210765Z INFO  main   Adding error for site '10405', GIC/'measured/NERC: Excessive pre-storm noise: std before (0.4416 A) > 1/4 * std after (0.5452 A);
Data is constant for at least 5 minutes starting at time 2021-05-12 06:13:30
2026-07-31T11:34:01.212278Z INFO  main   Adding error for site '10406', GIC/'measured/NERC: Excessive pre-storm noise: std before (0.5193 A) > 1/4 * std after (0.7712 A);
Data is constant for at least 5 minutes starting at time 2021-05-12 12:53:30
2026-07-31T11:34:01.215281Z INFO  main   Adding error for site '10407', GIC/'measured/NERC: Excessive pre-storm noise: std before (0.4077 A) > 1/4 * std after (0.6202 A);
Data is constant for at least 5 minutes starting at time 2021-05-12 06:34:40
2026-07-31T11:34:01.219813Z INFO  main   Adding error for site '10408', GIC/'measured/NERC: All GIC values are positive;
Low signal: all GIC values within +/- 4 A;
Data is constant for at least 5 minutes starting at time 2021-05-12 06:00:00
2026-07-31T11:34:01.224374Z INFO  main   Adding error for site '10409', GIC/'measured/NERC: Low signal: all GIC values within +/- 4 A;
Excessive pre-storm noise: std before (0.2171 A) > 1/4 * std after (0.3950 A);
Data is constant for at least 5 minutes starting at time 2021-05-12 10:58:00
2026-07-31T11:34:01.227962Z INFO  main   Adding error for site '10410', GIC/'measured/NERC: Low signal: all GIC values within +/- 4 A;
Excessive pre-storm noise: std before (0.2142 A) > 1/4 * std after (0.3858 A);
Data is constant for at least 5 minutes starting at time 2021-05-12 07:25:30
2026-07-31T11:34:01.231960Z INFO  main   Adding error for site '10411', GIC/'measured/NERC: Low signal: all GIC values within +/- 4 A;
Excessive pre-storm noise: std before (0.2128 A) > 1/4 * std after (0.3871 A);
Data is constant for at least 5 minutes starting at time 2021-05-12 06:26:30
2026-07-31T11:34:01.233352Z INFO  main   Adding error for site '10412', GIC/'measured/NERC: Low signal: all GIC values within +/- 4 A;
Excessive pre-storm noise: std before (0.2238 A) > 1/4 * std after (0.4106 A);
Data is constant for at least 5 minutes starting at time 2021-05-12 06:41:00
2026-07-31T11:34:01.237398Z INFO  main   Adding error for site '10413', GIC/'measured/NERC: Excessive pre-storm noise: std before (0.4540 A) > 1/4 * std after (0.6271 A);
Data is constant for at least 5 minutes starting at time 2021-05-12 12:55:50
2026-07-31T11:34:01.240908Z INFO  main   Adding error for site '10414', GIC/'measured/NERC: All GIC values are positive;
All GIC values are negative;
Low signal: all GIC values within +/- 4 A;
Data is constant for at least 5 minutes starting at time 2021-05-12 06:00:00
2026-07-31T11:34:01.242936Z INFO  main   Adding error for site '10417', GIC/'measured/NERC: Data is constant for at least 5 minutes starting at time 2021-05-12 06:00:00
2026-07-31T11:34:01.246454Z INFO  main   Adding error for site '10420', GIC/'measured/NERC: Excessive pre-storm noise: std before (1.9750 A) > 1/4 * std after (7.0216 A);
Data is constant for at least 5 minutes starting at time 2021-05-12 08:14:18
2026-07-31T11:34:01.248473Z INFO  main   Adding error for site '10421', GIC/'measured/NERC: Data is constant for at least 5 minutes starting at time 2021-05-12 06:15:44
2026-07-31T11:34:01.250981Z INFO  main   Adding error for site '10422', GIC/'measured/NERC: All GIC values are positive;
Data is constant for at least 5 minutes starting at time 2021-05-12 06:00:00
2026-07-31T11:34:01.257482Z INFO  main   Adding error for site '10423', GIC/'measured/NERC: Excessive pre-storm noise: std before (0.5852 A) > 1/4 * std after (1.0456 A);
Data is constant for at least 5 minutes starting at time 2021-05-12 06:00:00
2026-07-31T11:34:01.260993Z INFO  main   Adding error for site '10424', GIC/'measured/NERC: Excessive pre-storm noise: std before (0.5687 A) > 1/4 * std after (1.3160 A);
Data is constant for at least 5 minutes starting at time 2021-05-12 06:00:00
2026-07-31T11:34:01.263026Z INFO  main   Adding error for site '10425', GIC/'measured/NERC: All GIC values are positive;
Low signal: all GIC values within +/- 4 A;
Data is constant for at least 5 minutes starting at time 2021-05-12 06:00:00
2026-07-31T11:34:01.267559Z INFO  main   Adding error for site '10428', GIC/'measured/NERC: Data is constant for at least 5 minutes starting at time 2021-05-12 17:44:55
2026-07-31T11:34:01.269559Z INFO  main   Adding error for site '10429', GIC/'measured/NERC: All GIC values are positive;
Data is constant for at least 5 minutes starting at time 2021-05-12 06:00:00
2026-07-31T11:34:01.275101Z INFO  main   Adding error for site '10441', GIC/'measured/NERC: Duplicate time stamps found
2026-07-31T11:34:01.278641Z INFO  main   Adding error for site '10442', GIC/'measured/NERC: Duplicate time stamps found
2026-07-31T11:34:01.281663Z INFO  main   Adding error for site '10086', GIC/'measured/NERC: Low signal: all GIC values within +/- 4 A;
Excessive pre-storm noise: std before (0.0835 A) > 1/4 * std after (0.1164 A);
Data is constant for at least 5 minutes starting at time 2021-05-12 06:00:00
2026-07-31T11:34:01.284681Z INFO  main   Adding error for site '10087', GIC/'measured/NERC: Low signal: all GIC values within +/- 4 A;
Excessive pre-storm noise: std before (0.2165 A) > 1/4 * std after (0.3134 A);
Data is constant for at least 5 minutes starting at time 2021-05-12 06:12:40
2026-07-31T11:34:01.287740Z INFO  main   Adding error for site '10088', GIC/'measured/NERC: Low signal: all GIC values within +/- 4 A;
Excessive pre-storm noise: std before (0.0233 A) > 1/4 * std after (0.0852 A);
Data is constant for at least 5 minutes starting at time 2021-05-12 06:00:00
2026-07-31T11:34:01.291761Z INFO  main   Adding error for site '10089', GIC/'measured/NERC: Low signal: all GIC values within +/- 4 A;
Excessive pre-storm noise: std before (0.0500 A) > 1/4 * std after (0.1074 A);
Data is constant for at least 5 minutes starting at time 2021-05-12 06:12:10
2026-07-31T11:34:01.295292Z INFO  main   Adding error for site '10090', GIC/'measured/NERC: Low signal: all GIC values within +/- 4 A;
Excessive pre-storm noise: std before (0.0454 A) > 1/4 * std after (0.1154 A);
Data is constant for at least 5 minutes starting at time 2021-05-12 06:00:00
2026-07-31T11:34:01.298836Z INFO  main   Adding error for site '10091', GIC/'measured/NERC: Low signal: all GIC values within +/- 4 A;
Data is constant for at least 5 minutes starting at time 2021-05-12 06:00:00
2026-07-31T11:34:01.301836Z INFO  main   Adding error for site '10182', GIC/'measured/NERC: Low signal: all GIC values within +/- 4 A;
Excessive pre-storm noise: std before (0.0613 A) > 1/4 * std after (0.2224 A);
Data is constant for at least 5 minutes starting at time 2021-05-12 21:09:13
2026-07-31T11:34:01.304854Z INFO  main   Adding error for site '10191', GIC/'measured/NERC: Low signal: all GIC values within +/- 4 A;
Excessive pre-storm noise: std before (0.0383 A) > 1/4 * std after (0.1311 A)
2026-07-31T11:34:01.308413Z INFO  main   Adding error for site '10192', GIC/'measured/NERC: Low signal: all GIC values within +/- 4 A;
Excessive pre-storm noise: std before (0.1105 A) > 1/4 * std after (0.3117 A)
2026-07-31T11:34:01.310926Z INFO  main   Adding error for site '10194', GIC/'measured/NERC: Low signal: all GIC values within +/- 4 A
2026-07-31T11:34:01.312960Z INFO  main   Adding error for site '10196', GIC/'measured/NERC: Excessive pre-storm noise: std before (0.0961 A) > 1/4 * std after (0.1746 A);
Data is constant for at least 5 minutes starting at time 2021-05-12 15:31:55
2026-07-31T11:34:01.314959Z INFO  main   Adding error for site '10201', GIC/'measured/NERC: Low signal: all GIC values within +/- 4 A;
Excessive pre-storm noise: std before (0.0300 A) > 1/4 * std after (0.0714 A);
Data is constant for at least 5 minutes starting at time 2021-05-12 12:09:47
2026-07-31T11:34:01.318500Z INFO  main   Adding error for site '10202', GIC/'measured/NERC: Low signal: all GIC values within +/- 4 A;
Excessive pre-storm noise: std before (0.0818 A) > 1/4 * std after (0.2868 A)
2026-07-31T11:34:01.321007Z INFO  main   Adding error for site '10203', GIC/'measured/NERC: All GIC values are positive;
All GIC values are negative;
Low signal: all GIC values within +/- 4 A;
Data is constant for at least 5 minutes starting at time 2021-05-12 06:00:00
2026-07-31T11:34:01.324043Z INFO  main   Adding error for site '10204', GIC/'measured/NERC: Excessive pre-storm noise: std before (0.0686 A) > 1/4 * std after (0.2644 A);
Data is constant for at least 5 minutes starting at time 2021-05-12 21:36:17
2026-07-31T11:34:01.326554Z INFO  main   Adding error for site '10205', GIC/'measured/NERC: Data is constant for at least 5 minutes starting at time 2021-05-12 23:39:01
2026-07-31T11:34:01.328568Z INFO  main   Adding error for site '10206', GIC/'measured/NERC: Low signal: all GIC values within +/- 4 A
2026-07-31T11:34:01.329568Z INFO  main   Adding error for site '10208', GIC/'measured/NERC: Low signal: all GIC values within +/- 4 A;
Excessive pre-storm noise: std before (0.1036 A) > 1/4 * std after (0.1841 A)
2026-07-31T11:34:01.333658Z INFO  main   Adding error for site '10209', GIC/'measured/NERC: Low signal: all GIC values within +/- 4 A;
Data is constant for at least 5 minutes starting at time 2021-05-12 18:40:56
2026-07-31T11:34:01.337723Z INFO  main   Adding error for site '10210', GIC/'measured/NERC: Low signal: all GIC values within +/- 4 A;
Data is constant for at least 5 minutes starting at time 2021-05-12 22:22:13
2026-07-31T11:34:01.340716Z INFO  main   Adding error for site '10211', GIC/'measured/NERC: Data is constant for at least 5 minutes starting at time 2021-05-13 00:01:28
2026-07-31T11:34:01.343879Z INFO  main   Adding error for site '10216', GIC/'measured/NERC: Low signal: all GIC values within +/- 4 A;
Excessive pre-storm noise: std before (0.7525 A) > 1/4 * std after (0.8960 A)
2026-07-31T11:34:01.344880Z INFO  main   Adding error for site '10219', GIC/'measured/NERC: Low signal: all GIC values within +/- 4 A
2026-07-31T11:34:01.348415Z INFO  main   Adding error for site '10220', GIC/'measured/NERC: Low signal: all GIC values within +/- 4 A;
Excessive pre-storm noise: std before (0.0812 A) > 1/4 * std after (0.2799 A);
Data is constant for at least 5 minutes starting at time 2021-05-13 01:10:29
2026-07-31T11:34:01.349413Z INFO  main   Adding error for site '10248', GIC/'measured/NERC: Low signal: all GIC values within +/- 4 A;
Excessive pre-storm noise: std before (0.0638 A) > 1/4 * std after (0.2023 A);
Data is constant for at least 5 minutes starting at time 2021-05-12 06:10:48
2026-07-31T11:34:01.354956Z INFO  main   Adding error for site '10249', GIC/'measured/NERC: Low signal: all GIC values within +/- 4 A;
Excessive pre-storm noise: std before (0.0943 A) > 1/4 * std after (0.0371 A);
Data is constant for at least 5 minutes starting at time 2021-05-12 06:00:00
2026-07-31T11:34:01.358489Z INFO  main   Adding error for site '10250', GIC/'measured/NERC: Low signal: all GIC values within +/- 4 A;
Data is constant for at least 5 minutes starting at time 2021-05-12 06:12:08
2026-07-31T11:34:01.361002Z INFO  main   Adding error for site '10251', GIC/'measured/NERC: Low signal: all GIC values within +/- 4 A;
Excessive pre-storm noise: std before (0.0617 A) > 1/4 * std after (0.1077 A)
2026-07-31T11:34:01.364033Z INFO  main   Adding error for site '10252', GIC/'measured/NERC: Low signal: all GIC values within +/- 4 A;
Excessive pre-storm noise: std before (0.0499 A) > 1/4 * std after (0.0480 A);
Data gap detected >= 10.0 minutes (5705.0 seconds);
Data gap detected >= 10.0 minutes (5705 seconds) due to NaN values;
Data is constant for at least 5 minutes starting at time 2021-05-12 13:58:01
2026-07-31T11:34:01.367269Z INFO  main   Adding error for site '10267', GIC/'measured/NERC: All GIC values are positive;
All GIC values are negative;
Low signal: all GIC values within +/- 4 A;
Data is constant for at least 5 minutes starting at time 2021-05-12 06:00:00
2026-07-31T11:34:01.374369Z INFO  main   Adding error for site '10268', GIC/'measured/NERC: Low signal: all GIC values within +/- 4 A;
Excessive pre-storm noise: std before (0.0744 A) > 1/4 * std after (0.2952 A);
Data is constant for at least 5 minutes starting at time 2021-05-12 06:00:00
2026-07-31T11:34:01.377471Z INFO  main   Adding error for site '10269', GIC/'measured/NERC: Low signal: all GIC values within +/- 4 A;
Excessive pre-storm noise: std before (0.6056 A) > 1/4 * std after (1.4582 A);
Data is constant for at least 5 minutes starting at time 2021-05-12 06:00:00
2026-07-31T11:34:01.380983Z INFO  main   Adding error for site '10271', GIC/'measured/NERC: Data is constant for at least 5 minutes starting at time 2021-05-12 06:00:30
2026-07-31T11:34:01.384019Z INFO  main   Adding error for site '10272', GIC/'measured/NERC: Low signal: all GIC values within +/- 4 A;
Data is constant for at least 5 minutes starting at time 2021-05-12 06:00:00
2026-07-31T11:34:01.387581Z INFO  main   Adding error for site '10273', GIC/'measured/NERC: Data is constant for at least 5 minutes starting at time 2021-05-12 06:00:00
2026-07-31T11:34:01.390811Z INFO  main   Adding error for site '10274', GIC/'measured/NERC: Data is constant for at least 5 minutes starting at time 2021-05-12 06:00:00
2026-07-31T11:34:01.394363Z INFO  main   Adding error for site '10275', GIC/'measured/NERC: Low signal: all GIC values within +/- 4 A;
Data is constant for at least 5 minutes starting at time 2021-05-12 06:00:00
2026-07-31T11:34:01.396909Z INFO  main   Adding error for site '10276', GIC/'measured/NERC: Data is constant for at least 5 minutes starting at time 2021-05-12 06:00:00
2026-07-31T11:34:01.398922Z INFO  main   Adding error for site '10280', GIC/'measured/NERC: All GIC values are positive;
All GIC values are negative;
Low signal: all GIC values within +/- 4 A;
Data is constant for at least 5 minutes starting at time 2021-05-12 06:00:00
2026-07-31T11:34:01.402960Z INFO  main   Adding error for site '10281', GIC/'measured/NERC: Low signal: all GIC values within +/- 4 A;
Data is constant for at least 5 minutes starting at time 2021-05-12 06:00:00
2026-07-31T11:34:01.404980Z INFO  main   Adding error for site '10282', GIC/'measured/NERC: All GIC values are positive;
Low signal: all GIC values within +/- 4 A;
Excessive pre-storm noise: std before (0.0493 A) > 1/4 * std after (0.1463 A);
Data is constant for at least 5 minutes starting at time 2021-05-12 06:00:00
2026-07-31T11:34:01.408517Z INFO  main   Adding error for site '10283', GIC/'measured/NERC: Low signal: all GIC values within +/- 4 A;
Excessive pre-storm noise: std before (0.0637 A) > 1/4 * std after (0.1950 A);
Data is constant for at least 5 minutes starting at time 2021-05-12 06:00:00
2026-07-31T11:34:01.411033Z INFO  main   Adding error for site '10284', GIC/'measured/NERC: Low signal: all GIC values within +/- 4 A;
Excessive pre-storm noise: std before (0.2940 A) > 1/4 * std after (0.4034 A);
Data is constant for at least 5 minutes starting at time 2021-05-12 06:08:50
2026-07-31T11:34:01.414058Z INFO  main   Adding error for site '10286', GIC/'measured/NERC: Data is constant for at least 5 minutes starting at time 2021-05-12 06:00:00
2026-07-31T11:34:01.415059Z INFO  main   Adding error for site '10290', GIC/'measured/NERC: Data is constant for at least 5 minutes starting at time 2021-05-12 06:00:00
2026-07-31T11:34:01.419112Z INFO  main   Adding error for site '10325', GIC/'measured/NERC: Low signal: all GIC values within +/- 4 A;
Excessive pre-storm noise: std before (0.1371 A) > 1/4 * std after (0.1495 A)
2026-07-31T11:34:01.422081Z INFO  main   Adding error for site '10366', GIC/'measured/NERC: Low signal: all GIC values within +/- 4 A;
Excessive pre-storm noise: std before (0.1506 A) > 1/4 * std after (0.3519 A);
Data is constant for at least 5 minutes starting at time 2021-05-12 06:00:00
2026-07-31T11:34:01.425113Z INFO  main   Adding error for site '10367', GIC/'measured/NERC: All GIC values are negative;
Low signal: all GIC values within +/- 4 A;
Excessive pre-storm noise: std before (0.0916 A) > 1/4 * std after (0.1836 A);
Data is constant for at least 5 minutes starting at time 2021-05-12 06:05:20
2026-07-31T11:34:01.427652Z INFO  main   Adding error for site '10368', GIC/'measured/NERC: Low signal: all GIC values within +/- 4 A;
Excessive pre-storm noise: std before (0.0815 A) > 1/4 * std after (0.1433 A);
Data is constant for at least 5 minutes starting at time 2021-05-12 06:00:01
2026-07-31T11:34:01.429698Z INFO  main   Adding error for site '10369', GIC/'measured/NERC: Low signal: all GIC values within +/- 4 A;
Excessive pre-storm noise: std before (0.3593 A) > 1/4 * std after (0.3814 A);
Data is constant for at least 5 minutes starting at time 2021-05-12 06:00:00
2026-07-31T11:34:01.431724Z INFO  main   Adding error for site '10370', GIC/'measured/NERC: Data is constant for at least 5 minutes starting at time 2021-05-12 06:09:01
2026-07-31T11:34:01.433739Z INFO  main   Adding error for site '10371', GIC/'measured/NERC: Data is constant for at least 5 minutes starting at time 2021-05-12 06:00:00
2026-07-31T11:34:01.437789Z INFO  main   Adding error for site '10372', GIC/'measured/NERC: Data is constant for at least 5 minutes starting at time 2021-05-12 17:50:41
2026-07-31T11:34:01.440786Z INFO  main   Adding error for site '10373', GIC/'measured/NERC: Duplicate time stamps found
2026-07-31T11:34:01.443319Z INFO  main   Adding error for site '10376', GIC/'measured/NERC: All GIC values are positive;
All GIC values are negative;
Low signal: all GIC values within +/- 4 A;
Data is constant for at least 5 minutes starting at time 2021-05-12 06:00:00
2026-07-31T11:34:01.446345Z INFO  main   Adding error for site '10377', GIC/'measured/NERC: All GIC values are positive;
All GIC values are negative;
Low signal: all GIC values within +/- 4 A;
Data is constant for at least 5 minutes starting at time 2021-05-12 06:00:00
2026-07-31T11:34:01.448363Z INFO  main   Adding error for site '10378', GIC/'measured/NERC: Low signal: all GIC values within +/- 4 A;
Excessive pre-storm noise: std before (0.8747 A) > 1/4 * std after (0.3420 A);
Data is constant for at least 5 minutes starting at time 2021-05-12 12:54:00
2026-07-31T11:34:01.450873Z INFO  main   Adding error for site '10379', GIC/'measured/NERC: Low signal: all GIC values within +/- 4 A;
Excessive pre-storm noise: std before (0.4667 A) > 1/4 * std after (0.5201 A)
2026-07-31T11:34:01.455930Z INFO  main   Adding error for site '10380', GIC/'measured/NERC: Excessive pre-storm noise: std before (1.9082 A) > 1/4 * std after (1.9468 A)
2026-07-31T11:34:01.459467Z INFO  main   Adding error for site '10381', GIC/'measured/NERC: Low signal: all GIC values within +/- 4 A;
Excessive pre-storm noise: std before (0.7840 A) > 1/4 * std after (0.8510 A)
2026-07-31T11:34:01.461989Z INFO  main   Adding error for site '10382', GIC/'measured/NERC: Excessive pre-storm noise: std before (0.3563 A) > 1/4 * std after (0.6020 A)
2026-07-31T11:34:01.465004Z INFO  main   Adding error for site '10383', GIC/'measured/NERC: Excessive pre-storm noise: std before (0.4383 A) > 1/4 * std after (1.7256 A)
2026-07-31T11:34:01.467062Z INFO  main   Adding error for site '10384', GIC/'measured/NERC: Excessive pre-storm noise: std before (0.4383 A) > 1/4 * std after (1.7256 A)
2026-07-31T11:34:01.469083Z INFO  main   Adding error for site '10386', GIC/'measured/NERC: Low signal: all GIC values within +/- 4 A;
Excessive pre-storm noise: std before (0.5769 A) > 1/4 * std after (0.6214 A)
2026-07-31T11:34:01.474112Z INFO  main   Adding error for site '10387', GIC/'measured/NERC: Excessive pre-storm noise: std before (0.7632 A) > 1/4 * std after (1.0975 A)
2026-07-31T11:34:01.475122Z INFO  main   Adding error for site '10388', GIC/'measured/NERC: Excessive pre-storm noise: std before (0.8462 A) > 1/4 * std after (1.1007 A)
2026-07-31T11:34:01.477650Z INFO  main   Adding error for site '10430', GIC/'measured/NERC: Low signal: all GIC values within +/- 4 A;
Data is constant for at least 5 minutes starting at time 2021-05-12 06:00:10
2026-07-31T11:34:01.479647Z INFO  main   Adding error for site '10431', GIC/'measured/NERC: Data is constant for at least 5 minutes starting at time 2021-05-12 06:05:10
2026-07-31T11:34:01.483691Z INFO  main   Adding error for site '10432', GIC/'measured/NERC: Low signal: all GIC values within +/- 4 A;
Excessive pre-storm noise: std before (0.1033 A) > 1/4 * std after (0.3843 A)
2026-07-31T11:34:01.485211Z INFO  main   Adding error for site '10434', GIC/'measured/NERC: Low signal: all GIC values within +/- 4 A;
Data is constant for at least 5 minutes starting at time 2021-05-12 06:00:00
2026-07-31T11:34:01.489780Z INFO  main   Adding error for site '10435', GIC/'measured/NERC: Low signal: all GIC values within +/- 4 A;
Data is constant for at least 5 minutes starting at time 2021-05-12 06:09:50
2026-07-31T11:34:01.492300Z INFO  main   Adding error for site '10436', GIC/'measured/NERC: Low signal: all GIC values within +/- 4 A;
Data is constant for at least 5 minutes starting at time 2021-05-12 06:05:50
2026-07-31T11:34:01.494306Z INFO  main   Adding error for site '10456', GIC/'measured/NERC: Cadence is >= 60 seconds (60.0 seconds);
Data is constant for at least 5 minutes starting at time 2021-05-12 06:00:00
2026-07-31T11:34:01.496335Z INFO  main   Adding error for site '10457', GIC/'measured/NERC: All GIC values are positive;
All GIC values are negative;
Low signal: all GIC values within +/- 4 A;
Cadence is >= 60 seconds (60.0 seconds);
Data is constant for at least 5 minutes starting at time 2021-05-12 06:00:00
2026-07-31T11:34:01.499899Z INFO  main   Adding error for site '10458', GIC/'measured/NERC: Low signal: all GIC values within +/- 4 A;
Cadence is >= 60 seconds (60.0 seconds);
Data is constant for at least 5 minutes starting at time 2021-05-12 06:00:00
2026-07-31T11:34:01.501902Z INFO  main   Adding error for site '10460', GIC/'measured/NERC: All GIC values are negative;
Low signal: all GIC values within +/- 4 A;
Cadence is >= 60 seconds (60.0 seconds);
Data is constant for at least 5 minutes starting at time 2021-05-12 06:00:00
2026-07-31T11:34:01.505955Z INFO  main   Adding error for site '10461', GIC/'measured/NERC: Low signal: all GIC values within +/- 4 A;
Cadence is >= 60 seconds (60.0 seconds);
Data is constant for at least 5 minutes starting at time 2021-05-12 06:00:00
2026-07-31T11:34:01.508247Z INFO  main   Adding error for site '10463', GIC/'measured/NERC: Cadence is >= 60 seconds (60.0 seconds);
Data is constant for at least 5 minutes starting at time 2021-05-12 06:00:00
2026-07-31T11:34:01.510756Z INFO  main   Adding error for site '10464', GIC/'measured/NERC: Low signal: all GIC values within +/- 4 A;
Cadence is >= 60 seconds (60.0 seconds);
Data is constant for at least 5 minutes starting at time 2021-05-12 06:00:00
2026-07-31T11:34:01.513788Z INFO  main   Adding error for site '10465', GIC/'measured/NERC: Low signal: all GIC values within +/- 4 A;
Cadence is >= 60 seconds (60.0 seconds);
Data is constant for at least 5 minutes starting at time 2021-05-12 06:00:00
2026-07-31T11:34:01.515303Z INFO  main   Adding error for site '10467', GIC/'measured/NERC: Cadence is >= 60 seconds (60.0 seconds);
Data is constant for at least 5 minutes starting at time 2021-05-12 06:00:00
2026-07-31T11:34:01.517834Z INFO  main   Adding error for site '10468', GIC/'measured/NERC: Low signal: all GIC values within +/- 4 A;
Excessive pre-storm noise: std before (0.1524 A) > 1/4 * std after (0.2631 A);
Cadence is >= 60 seconds (60.0 seconds);
Data is constant for at least 5 minutes starting at time 2021-05-12 06:00:00
2026-07-31T11:34:01.519838Z INFO  main   Adding error for site '10469', GIC/'measured/NERC: Low signal: all GIC values within +/- 4 A;
Excessive pre-storm noise: std before (0.2480 A) > 1/4 * std after (0.2827 A);
Cadence is >= 60 seconds (60.0 seconds);
Data is constant for at least 5 minutes starting at time 2021-05-12 06:00:00
2026-07-31T11:34:01.524940Z INFO  main   Adding error for site '10470', GIC/'measured/NERC: All GIC values are positive;
Low signal: all GIC values within +/- 4 A;
Cadence is >= 60 seconds (60.0 seconds);
Data is constant for at least 5 minutes starting at time 2021-05-12 06:00:00
2026-07-31T11:34:01.527474Z INFO  main   Adding error for site '10471', GIC/'measured/NERC: Low signal: all GIC values within +/- 4 A;
Excessive pre-storm noise: std before (0.2257 A) > 1/4 * std after (0.3504 A);
Cadence is >= 60 seconds (60.0 seconds);
Data is constant for at least 5 minutes starting at time 2021-05-12 07:11:00
2026-07-31T11:34:01.529481Z INFO  main   Adding error for site '10472', GIC/'measured/NERC: Low signal: all GIC values within +/- 4 A;
Cadence is >= 60 seconds (60.0 seconds);
Data is constant for at least 5 minutes starting at time 2021-05-12 06:00:00
2026-07-31T11:34:01.531002Z INFO  main   Adding error for site '10473', GIC/'measured/NERC: Low signal: all GIC values within +/- 4 A;
Excessive pre-storm noise: std before (0.1819 A) > 1/4 * std after (0.2444 A);
Cadence is >= 60 seconds (60.0 seconds);
Data is constant for at least 5 minutes starting at time 2021-05-12 06:00:00
2026-07-31T11:34:01.533033Z INFO  main   Adding error for site '10474', GIC/'measured/NERC: All GIC values are positive;
Low signal: all GIC values within +/- 4 A;
Excessive pre-storm noise: nonzero std before while std after is zero;
Cadence is >= 60 seconds (60.0 seconds);
Data is constant for at least 5 minutes starting at time 2021-05-12 06:00:00
2026-07-31T11:34:01.536545Z INFO  main   Adding error for site '10475', GIC/'measured/NERC: Cadence is >= 60 seconds (60.0 seconds);
Data is constant for at least 5 minutes starting at time 2021-05-12 17:47:00
2026-07-31T11:34:01.538559Z INFO  main   Adding error for site '10478', GIC/'measured/NERC: Low signal: all GIC values within +/- 4 A;
Cadence is >= 60 seconds (60.0 seconds);
Data is constant for at least 5 minutes starting at time 2021-05-12 06:00:00
2026-07-31T11:34:01.542105Z INFO  main   Adding error for site '10483', GIC/'measured/NERC: Excessive pre-storm noise: std before (0.6178 A) > 1/4 * std after (0.5913 A);
Cadence is >= 60 seconds (60.0 seconds);
Data is constant for at least 5 minutes starting at time 2021-05-12 06:00:00
2026-07-31T11:34:01.545140Z INFO  main   Adding error for site '10484', GIC/'measured/NERC: Low signal: all GIC values within +/- 4 A;
Excessive pre-storm noise: std before (0.0452 A) > 1/4 * std after (0.0565 A);
Cadence is >= 60 seconds (60.0 seconds);
Data is constant for at least 5 minutes starting at time 2021-05-12 06:00:00
2026-07-31T11:34:01.546654Z INFO  main   Adding error for site '10485', GIC/'measured/NERC: Low signal: all GIC values within +/- 4 A;
Cadence is >= 60 seconds (60.0 seconds);
Data is constant for at least 5 minutes starting at time 2021-05-12 06:00:00
2026-07-31T11:34:01.549673Z INFO  main   Adding error for site '10487', GIC/'measured/NERC: Cadence is >= 60 seconds (60.0 seconds);
Data is constant for at least 5 minutes starting at time 2021-05-12 06:00:00
2026-07-31T11:34:01.551702Z INFO  main   Adding error for site '10491', GIC/'measured/NERC: All GIC values are negative;
Low signal: all GIC values within +/- 4 A;
Cadence is >= 60 seconds (60.0 seconds);
Data is constant for at least 5 minutes starting at time 2021-05-12 06:00:00
2026-07-31T11:34:01.553719Z INFO  main   Adding error for site '10492', GIC/'measured/NERC: Low signal: all GIC values within +/- 4 A;
Excessive pre-storm noise: std before (0.1326 A) > 1/4 * std after (0.4911 A);
Cadence is >= 60 seconds (60.0 seconds);
Data is constant for at least 5 minutes starting at time 2021-05-12 06:00:00
2026-07-31T11:34:01.556757Z INFO  main   Adding error for site '10493', GIC/'measured/NERC: Low signal: all GIC values within +/- 4 A;
Excessive pre-storm noise: std before (0.0461 A) > 1/4 * std after (0.1123 A);
Cadence is >= 60 seconds (60.0 seconds);
Data is constant for at least 5 minutes starting at time 2021-05-12 06:00:00
2026-07-31T11:34:01.558776Z INFO  main   Adding error for site '10494', GIC/'measured/NERC: Low signal: all GIC values within +/- 4 A;
Excessive pre-storm noise: std before (0.0686 A) > 1/4 * std after (0.2111 A);
Cadence is >= 60 seconds (60.0 seconds);
Data is constant for at least 5 minutes starting at time 2021-05-12 06:00:00
2026-07-31T11:34:01.560776Z INFO  main   Adding error for site '10495', GIC/'measured/NERC: All GIC values are positive;
All GIC values are negative;
Low signal: all GIC values within +/- 4 A;
Cadence is >= 60 seconds (60.0 seconds);
Data is constant for at least 5 minutes starting at time 2021-05-12 06:00:00
2026-07-31T11:34:01.562805Z INFO  main   Adding error for site '10496', GIC/'measured/NERC: Low signal: all GIC values within +/- 4 A;
Cadence is >= 60 seconds (60.0 seconds);
Data is constant for at least 5 minutes starting at time 2021-05-12 06:03:00
2026-07-31T11:34:01.564805Z INFO  main   Adding error for site '10497', GIC/'measured/NERC: Low signal: all GIC values within +/- 4 A;
Cadence is >= 60 seconds (60.0 seconds);
Data is constant for at least 5 minutes starting at time 2021-05-12 06:00:00
2026-07-31T11:34:01.567337Z INFO  main   Adding error for site '10498', GIC/'measured/NERC: Low signal: all GIC values within +/- 4 A;
Cadence is >= 60 seconds (60.0 seconds);
Data is constant for at least 5 minutes starting at time 2021-05-12 06:00:00
2026-07-31T11:34:01.569340Z INFO  main   Adding error for site '10499', GIC/'measured/NERC: Excessive pre-storm noise: std before (0.5459 A) > 1/4 * std after (0.9521 A);
Cadence is >= 60 seconds (60.0 seconds);
Data is constant for at least 5 minutes starting at time 2021-05-12 06:00:00
2026-07-31T11:34:01.573878Z INFO  main   Adding error for site '10502', GIC/'measured/NERC: Cadence is >= 60 seconds (60.0 seconds);
Data is constant for at least 5 minutes starting at time 2021-05-12 06:00:00
2026-07-31T11:34:01.577425Z INFO  main   Adding error for site '10506', GIC/'measured/NERC: Low signal: all GIC values within +/- 4 A;
Cadence is >= 60 seconds (60.0 seconds);
Data is constant for at least 5 minutes starting at time 2021-05-12 06:00:00
2026-07-31T11:34:01.579422Z INFO  main   Adding error for site '10507', GIC/'measured/NERC: All GIC values are positive;
Low signal: all GIC values within +/- 4 A;
Cadence is >= 60 seconds (60.0 seconds);
Data is constant for at least 5 minutes starting at time 2021-05-12 06:00:00
2026-07-31T11:34:01.580936Z INFO  main   Adding error for site '10509', GIC/'measured/NERC: All GIC values are positive;
Low signal: all GIC values within +/- 4 A;
Cadence is >= 60 seconds (60.0 seconds);
Data is constant for at least 5 minutes starting at time 2021-05-12 06:00:00
2026-07-31T11:34:01.582971Z INFO  main   Adding error for site '10510', GIC/'measured/NERC: Low signal: all GIC values within +/- 4 A;
Cadence is >= 60 seconds (60.0 seconds);
Data is constant for at least 5 minutes starting at time 2021-05-12 06:00:00
2026-07-31T11:34:01.585491Z INFO  main   Adding error for site '10512', GIC/'measured/NERC: Cadence is >= 60 seconds (60.0 seconds);
Data is constant for at least 5 minutes starting at time 2021-05-12 06:00:00
2026-07-31T11:34:01.587706Z INFO  main   Adding error for site '10513', GIC/'measured/NERC: Low signal: all GIC values within +/- 4 A;
Cadence is >= 60 seconds (60.0 seconds);
Data is constant for at least 5 minutes starting at time 2021-05-12 06:00:00
2026-07-31T11:34:01.591222Z INFO  main   Adding error for site '10515', GIC/'measured/NERC: Cadence is >= 60 seconds (60.0 seconds);
Data is constant for at least 5 minutes starting at time 2021-05-12 06:00:00
2026-07-31T11:34:01.593751Z INFO  main   Adding error for site '10516', GIC/'measured/NERC: Low signal: all GIC values within +/- 4 A;
Cadence is >= 60 seconds (60.0 seconds);
Data is constant for at least 5 minutes starting at time 2021-05-12 06:00:00
2026-07-31T11:34:01.595271Z INFO  main   Adding error for site '10518', GIC/'measured/NERC: All GIC values are negative;
Low signal: all GIC values within +/- 4 A;
Cadence is >= 60 seconds (60.0 seconds);
Data is constant for at least 5 minutes starting at time 2021-05-12 06:00:00
2026-07-31T11:34:01.598804Z INFO  main   Adding error for site '10519', GIC/'measured/NERC: Low signal: all GIC values within +/- 4 A;
Cadence is >= 60 seconds (60.0 seconds);
Data is constant for at least 5 minutes starting at time 2021-05-12 06:00:00
2026-07-31T11:34:01.600802Z INFO  main   Adding error for site '10520', GIC/'measured/NERC: All GIC values are negative;
Low signal: all GIC values within +/- 4 A;
Cadence is >= 60 seconds (60.0 seconds);
Data is constant for at least 5 minutes starting at time 2021-05-12 06:00:00
2026-07-31T11:34:01.602839Z INFO  main   Adding error for site '10521', GIC/'measured/NERC: Low signal: all GIC values within +/- 4 A;
Excessive pre-storm noise: std before (0.3476 A) > 1/4 * std after (0.3934 A);
Cadence is >= 60 seconds (60.0 seconds);
Data is constant for at least 5 minutes starting at time 2021-05-12 06:00:00
2026-07-31T11:34:01.606872Z INFO  main   Adding error for site '10524', GIC/'measured/NERC: Low signal: all GIC values within +/- 4 A;
Excessive pre-storm noise: std before (0.4788 A) > 1/4 * std after (0.2684 A);
Cadence is >= 60 seconds (60.0 seconds);
Data is constant for at least 5 minutes starting at time 2021-05-12 06:27:00
2026-07-31T11:34:01.608891Z INFO  main   Adding error for site '10525', GIC/'measured/NERC: Low signal: all GIC values within +/- 4 A;
Excessive pre-storm noise: std before (0.3394 A) > 1/4 * std after (0.3097 A);
Cadence is >= 60 seconds (60.0 seconds);
Data is constant for at least 5 minutes starting at time 2021-05-12 08:09:00
2026-07-31T11:34:01.611886Z INFO  main   Adding error for site '10528', GIC/'measured/NERC: All GIC values are positive;
Low signal: all GIC values within +/- 4 A;
Cadence is >= 60 seconds (60.0 seconds);
Data is constant for at least 5 minutes starting at time 2021-05-12 06:00:00
2026-07-31T11:34:01.614238Z INFO  main   Adding error for site '10529', GIC/'measured/NERC: All GIC values are positive;
Low signal: all GIC values within +/- 4 A;
Excessive pre-storm noise: std before (0.1764 A) > 1/4 * std after (0.4176 A);
Cadence is >= 60 seconds (60.0 seconds);
Data is constant for at least 5 minutes starting at time 2021-05-12 06:00:00
2026-07-31T11:34:01.616744Z INFO  main   Adding error for site '10530', GIC/'measured/NERC: All GIC values are positive;
Low signal: all GIC values within +/- 4 A;
Excessive pre-storm noise: std before (0.0000 A) > 1/4 * std after (0.0000 A);
Cadence is >= 60 seconds (60.0 seconds);
Data is constant for at least 5 minutes starting at time 2021-05-12 06:00:00
2026-07-31T11:34:01.619761Z INFO  main   Adding error for site '10531', GIC/'measured/NERC: Low signal: all GIC values within +/- 4 A;
Excessive pre-storm noise: std before (0.0465 A) > 1/4 * std after (0.1500 A);
Cadence is >= 60 seconds (60.0 seconds);
Data is constant for at least 5 minutes starting at time 2021-05-12 06:00:00
2026-07-31T11:34:01.622794Z INFO  main   Adding error for site '10532', GIC/'measured/NERC: Cadence is >= 60 seconds (60.0 seconds);
Data is constant for at least 5 minutes starting at time 2021-05-12 06:00:00
2026-07-31T11:34:01.624799Z INFO  main   Adding error for site '10534', GIC/'measured/NERC: Low signal: all GIC values within +/- 4 A;
Excessive pre-storm noise: std before (0.1130 A) > 1/4 * std after (0.3493 A);
Cadence is >= 60 seconds (60.0 seconds);
Data is constant for at least 5 minutes starting at time 2021-05-12 06:00:00
2026-07-31T11:34:01.627340Z INFO  main   Adding error for site '10537', GIC/'measured/NERC: All GIC values are positive;
Low signal: all GIC values within +/- 4 A;
Excessive pre-storm noise: nonzero std before while std after is zero;
Cadence is >= 60 seconds (60.0 seconds);
Data is constant for at least 5 minutes starting at time 2021-05-12 06:00:00
2026-07-31T11:34:01.629337Z INFO  main   Adding error for site '10538', GIC/'measured/NERC: All GIC values are negative;
Low signal: all GIC values within +/- 4 A;
Excessive pre-storm noise: std before (0.0469 A) > 1/4 * std after (0.0000 A);
Cadence is >= 60 seconds (60.0 seconds);
Data is constant for at least 5 minutes starting at time 2021-05-12 06:00:00
2026-07-31T11:34:01.631865Z INFO  main   Adding error for site '10539', GIC/'measured/NERC: Low signal: all GIC values within +/- 4 A;
Excessive pre-storm noise: std before (0.0803 A) > 1/4 * std after (0.3019 A);
Cadence is >= 60 seconds (60.0 seconds);
Data is constant for at least 5 minutes starting at time 2021-05-12 06:00:00
2026-07-31T11:34:01.634882Z INFO  main   Adding error for site '10542', GIC/'measured/NERC: Excessive pre-storm noise: std before (0.6497 A) > 1/4 * std after (0.9891 A);
Cadence is >= 60 seconds (60.0 seconds);
Data is constant for at least 5 minutes starting at time 2021-05-12 06:00:00
2026-07-31T11:34:01.637413Z INFO  main   Adding error for site '10543', GIC/'measured/NERC: Excessive pre-storm noise: std before (0.4057 A) > 1/4 * std after (0.9212 A);
Cadence is >= 60 seconds (60.0 seconds);
Data is constant for at least 5 minutes starting at time 2021-05-12 06:00:00
2026-07-31T11:34:01.640945Z INFO  main   Adding error for site '10545', GIC/'measured/NERC: Low signal: all GIC values within +/- 4 A;
Cadence is >= 60 seconds (60.0 seconds);
Data is constant for at least 5 minutes starting at time 2021-05-12 06:00:00
2026-07-31T11:34:01.643979Z INFO  main   Adding error for site '10546', GIC/'measured/NERC: Low signal: all GIC values within +/- 4 A;
Cadence is >= 60 seconds (60.0 seconds);
Data is constant for at least 5 minutes starting at time 2021-05-12 06:00:00
2026-07-31T11:34:01.646495Z INFO  main   Adding error for site '10547', GIC/'measured/NERC: All GIC values are negative;
Low signal: all GIC values within +/- 4 A;
Cadence is >= 60 seconds (60.0 seconds);
Data is constant for at least 5 minutes starting at time 2021-05-12 06:00:00
2026-07-31T11:34:01.648508Z INFO  main   Adding error for site '10548', GIC/'measured/NERC: Excessive pre-storm noise: std before (0.8948 A) > 1/4 * std after (0.1901 A);
Cadence is >= 60 seconds (60.0 seconds);
Data is constant for at least 5 minutes starting at time 2021-05-12 06:37:00
2026-07-31T11:34:01.649512Z INFO  main   Adding error for site '10549', GIC/'measured/NERC: Low signal: all GIC values within +/- 4 A;
Excessive pre-storm noise: std before (0.5966 A) > 1/4 * std after (0.1258 A);
Cadence is >= 60 seconds (60.0 seconds);
Data is constant for at least 5 minutes starting at time 2021-05-12 06:00:00
2026-07-31T11:34:01.655057Z INFO  main   Adding error for site '10550', GIC/'measured/NERC: Cadence is >= 60 seconds (60.0 seconds);
Data is constant for at least 5 minutes starting at time 2021-05-12 06:01:00
2026-07-31T11:34:01.659600Z INFO  main   Adding error for site '10551', GIC/'measured/NERC: Cadence is >= 60 seconds (60.0 seconds);
Data is constant for at least 5 minutes starting at time 2021-05-12 06:00:00
2026-07-31T11:34:01.661622Z INFO  main   Adding error for site '10552', GIC/'measured/NERC: Low signal: all GIC values within +/- 4 A;
Excessive pre-storm noise: std before (0.3360 A) > 1/4 * std after (0.3678 A);
Cadence is >= 60 seconds (60.0 seconds);
Data is constant for at least 5 minutes starting at time 2021-05-12 06:00:00
2026-07-31T11:34:01.663637Z INFO  main   Adding error for site '10553', GIC/'measured/NERC: Low signal: all GIC values within +/- 4 A;
Excessive pre-storm noise: std before (0.3694 A) > 1/4 * std after (0.5691 A);
Cadence is >= 60 seconds (60.0 seconds);
Data is constant for at least 5 minutes starting at time 2021-05-12 06:05:00
2026-07-31T11:34:01.666164Z INFO  main   Adding error for site '10556', GIC/'measured/NERC: Low signal: all GIC values within +/- 4 A;
Cadence is >= 60 seconds (60.0 seconds);
Data is constant for at least 5 minutes starting at time 2021-05-12 06:00:00
2026-07-31T11:34:01.668185Z INFO  main   Adding error for site '10557', GIC/'measured/NERC: Low signal: all GIC values within +/- 4 A;
Cadence is >= 60 seconds (60.0 seconds);
Data is constant for at least 5 minutes starting at time 2021-05-12 06:00:00
2026-07-31T11:34:01.670879Z INFO  main   Adding error for site '10561', GIC/'measured/NERC: All GIC values are positive;
All GIC values are negative;
Low signal: all GIC values within +/- 4 A;
Cadence is >= 60 seconds (60.0 seconds);
Data is constant for at least 5 minutes starting at time 2021-05-12 06:00:00
2026-07-31T11:34:01.675366Z INFO  main   Adding error for site '10563', GIC/'measured/NERC: All GIC values are positive;
Low signal: all GIC values within +/- 4 A;
Excessive pre-storm noise: std before (0.0496 A) > 1/4 * std after (0.0456 A);
Cadence is >= 60 seconds (60.0 seconds);
Data is constant for at least 5 minutes starting at time 2021-05-12 06:00:00
2026-07-31T11:34:01.677900Z INFO  main   Adding error for site '10564', GIC/'measured/NERC: Cadence is >= 60 seconds (60.0 seconds);
Data is constant for at least 5 minutes starting at time 2021-05-12 06:00:00
2026-07-31T11:34:01.680894Z INFO  main   Adding error for site '10567', GIC/'measured/NERC: Low signal: all GIC values within +/- 4 A;
Cadence is >= 60 seconds (60.0 seconds);
Data is constant for at least 5 minutes starting at time 2021-05-12 06:00:00
2026-07-31T11:34:01.682925Z INFO  main   Adding error for site '10568', GIC/'measured/NERC: Cadence is >= 60 seconds (60.0 seconds);
Data is constant for at least 5 minutes starting at time 2021-05-12 06:00:00
2026-07-31T11:34:01.685436Z INFO  main   Adding error for site '10569', GIC/'measured/NERC: Low signal: all GIC values within +/- 4 A;
Cadence is >= 60 seconds (60.0 seconds);
Data is constant for at least 5 minutes starting at time 2021-05-12 06:00:00
2026-07-31T11:34:01.688538Z INFO  main   Adding error for site '10570', GIC/'measured/NERC: Low signal: all GIC values within +/- 4 A;
Cadence is >= 60 seconds (60.0 seconds);
Data is constant for at least 5 minutes starting at time 2021-05-12 06:00:00
2026-07-31T11:34:01.691057Z INFO  main   Adding error for site '10571', GIC/'measured/NERC: Low signal: all GIC values within +/- 4 A;
Cadence is >= 60 seconds (60.0 seconds);
Data is constant for at least 5 minutes starting at time 2021-05-12 06:00:00
2026-07-31T11:34:01.694080Z INFO  main   Adding error for site '10573', GIC/'measured/NERC: All GIC values are positive;
All GIC values are negative;
Low signal: all GIC values within +/- 4 A;
Cadence is >= 60 seconds (60.0 seconds);
Data is constant for at least 5 minutes starting at time 2021-05-12 06:00:00
2026-07-31T11:34:01.695083Z INFO  main   Adding error for site '10574', GIC/'measured/NERC: Low signal: all GIC values within +/- 4 A;
Cadence is >= 60 seconds (60.0 seconds);
Data is constant for at least 5 minutes starting at time 2021-05-12 06:00:00
2026-07-31T11:34:01.698612Z INFO  main   Adding error for site '10575', GIC/'measured/NERC: All GIC values are negative;
Low signal: all GIC values within +/- 4 A;
Cadence is >= 60 seconds (60.0 seconds);
Data is constant for at least 5 minutes starting at time 2021-05-12 06:00:00
2026-07-31T11:34:01.701125Z INFO  main   Adding error for site '10576', GIC/'measured/NERC: All GIC values are negative;
Low signal: all GIC values within +/- 4 A;
Cadence is >= 60 seconds (60.0 seconds);
Data is constant for at least 5 minutes starting at time 2021-05-12 06:00:00
2026-07-31T11:34:01.703659Z INFO  main   Adding error for site '10581', GIC/'measured/NERC: All GIC values are positive;
All GIC values are negative;
Low signal: all GIC values within +/- 4 A;
Cadence is >= 60 seconds (60.0 seconds);
Data is constant for at least 5 minutes starting at time 2021-05-12 06:00:00
2026-07-31T11:34:01.733963Z INFO  main Wrote C:\Users\lwilker\Documents\GitHub\SWERVE\info\nerc_config\info.extended.csv
2026-07-31T11:34:01.734970Z INFO  main Preparing C:\Users\lwilker\Documents\GitHub\SWERVE\info\nerc_config\info.extended.json
2026-07-31T11:34:01.803843Z INFO  main Writing C:\Users\lwilker\Documents\GitHub\SWERVE\info\nerc_config\info.extended.json
